,BALANCE,BALANCE_FREQUENCY,PURCHASES,ONEOFF_PURCHASES,INSTALLMENTS_PURCHASES,CASH_ADVANCE,ONEOFF_PURCHASES_FREQUENCY,PURCHASES_INSTALLMENTS_FREQUENCY,CASH_ADVANCE_TRX,PURCHASES_TRX,CREDIT_LIMIT,PAYMENTS,MINIMUM_PAYMENTS,PRC_FULL_PAYMENT,TENURE,KMC_clusters
1,8.07198906965229,0.909091,0.0,0.0,0.0,8.77089628414314,0.0,0.0,1.6094379124341003,0.0,8.853808274977197,8.319725329557853,6.978530763203816,0.222222,12,0
14,7.927963670337596,1.0,0.0,0.0,0.0,5.851660350090109,0.0,0.0,0.6931471805599453,0.0,8.006700845440367,6.692887357486858,6.898677062386753,0.0,12,0
16,7.636787979616954,0.875,0.0,0.0,0.0,7.932101784121888,0.0,0.0,1.3862943611198906,0.0,8.006700845440367,5.973744882038962,5.933781489490081,0.0,8,0
24,8.588503336828897,1.0,0.0,0.0,0.0,6.684549054454003,0.0,0.0,1.6094379124341003,0.0,8.699681400989514,7.261033154311494,7.413369070916895,0.0,11,0
35,7.412975691461382,1.0,0.0,0.0,0.0,4.6078103676392335,0.0,0.0,0.6931471805599453,0.0,7.496097345175956,5.865051186791171,6.454521149985232,0.0,12,0
36,8.913022280658046,1.0,0.0,0.0,0.0,9.090923194512087,0.0,0.0,2.4849066497880004,0.0,9.105090961257085,7.400841445464237,7.594805716113981,0.0,11,0
40,6.4989563348130215,0.727273,0.0,0.0,0.0,8.050085822835518,0.0,0.0,1.3862943611198906,0.0,7.496097345175956,8.028800011722797,5.650147651555028,0.166667,12,0
43,7.216520318304293,1.0,0.0,0.0,0.0,7.3015438765324925,0.0,0.0,0.6931471805599453,0.0,7.313886831633462,5.938312228436658,5.7756507455504975,0.0,12,0
52,7.356714711115268,1.0,0.0,0.0,0.0,5.775666250117309,0.0,0.0,1.3862943611198906,0.0,8.160803920954665,6.540777844746521,6.3672981411811636,0.0,12,0
58,8.287059960355426,1.0,0.0,0.0,0.0,5.418654989798585,0.0,0.0,1.3862943611198906,0.0,8.294299608857235,6.64110217698512,7.3785162732295815,0.0,11,0
62,6.6977537147139135,0.909091,0.0,0.0,0.0,8.248181724327607,0.0,0.0,2.0794415416798357,0.0,8.33110454805304,8.383238543060216,5.491601064749435,0.090909,11,0
66,6.698079941478827,0.875,0.0,0.0,0.0,6.812811001027565,0.0,0.0,0.6931471805599453,0.0,7.313886831633462,4.990941090122055,5.195245856893709,0.0,8,0
67,7.363472991848201,1.0,0.0,0.0,0.0,5.950404365369237,0.0,0.0,1.9459101490553132,0.0,7.824445930877619,6.293460359333536,5.868968621963989,0.0,12,0
72,6.487703820419449,1.0,0.0,0.0,0.0,7.296650461658413,0.0,0.0,1.3862943611198906,0.0,8.853808274977197,6.815045498706368,4.955708691441334,0.25,8,0
78,7.095658461149205,1.0,0.0,0.0,0.0,3.6718808174590887,0.0,0.0,0.6931471805599453,0.0,7.0909098220799835,3.410443537249367,9.017203056528027,0.0,12,0
81,4.413824566542096,0.272727,0.0,0.0,0.0,8.001790443916308,0.0,0.0,1.791759469228055,0.0,9.15915233520675,4.767025675958524,5.110131464042561,0.0,12,0
88,8.30358049140179,1.0,3.828641396489095,3.828641396489095,0.0,4.656225059955752,0.083333,0.0,0.6931471805599453,0.6931471805599453,8.412054873292933,6.979931637127268,6.877235518117718,0.0,12,0
89,8.717889111578424,1.0,0.0,0.0,0.0,7.9077450108774645,0.0,0.0,2.70805020110221,0.0,8.77971129020447,7.315355194100754,7.960456369727599,0.0,12,0
92,7.187261076612361,1.0,3.8426729272933526,3.8426729272933526,0.0,6.207901527566484,0.083333,0.0,0.6931471805599453,0.6931471805599453,7.496097345175956,6.0909488191647725,5.747992757638404,0.0,12,0
95,7.0394700442879845,1.0,0.0,0.0,0.0,4.800843148105448,0.0,0.0,0.6931471805599453,0.0,7.0909098220799835,5.029284648786022,7.9749150026881575,0.0,12,0
104,6.76049855778668,1.0,0.0,0.0,0.0,6.825796358628536,0.0,0.0,0.6931471805599453,0.0,8.294299608857235,7.7132888505828285,5.374482526239719,0.083333,12,0
107,8.514670172078025,1.0,0.0,0.0,0.0,8.60162028523746,0.0,0.0,3.713572066704308,0.0,8.987321812850125,7.1249113603194285,7.272558726243694,0.0,12,0
113,8.773316806553245,1.0,0.0,0.0,0.0,8.120061898600733,0.0,0.0,2.4849066497880004,0.0,8.853808274977197,7.153652221372497,7.923390128472868,0.0,12,0
117,7.48808473175405,1.0,0.0,0.0,0.0,6.358199883664646,0.0,0.0,2.3978952727983707,0.0,7.496097345175956,6.5347937616074345,7.799809100747771,0.0,12,0
119,7.887445077562162,1.0,0.0,0.0,0.0,6.234457393256876,0.0,0.0,1.6094379124341003,0.0,8.006700845440367,6.838854033654524,6.565556499367541,0.0,12,0
123,7.96464115176426,1.0,0.0,0.0,0.0,6.907603937530597,0.0,0.0,1.0986122886681098,0.0,8.071218539969863,6.972068998291171,7.253928939244064,0.0,12,0
124,9.56276437214264,1.0,0.0,0.0,0.0,8.437159754349729,0.0,0.0,2.302585092994046,0.0,9.852246888342531,8.028655428376947,8.133663434437013,0.0,12,0
126,4.068226451174745,0.75,0.0,0.0,0.0,5.612081215523314,0.0,0.0,0.6931471805599453,0.0,7.0909098220799835,5.958047035162719,4.450821226504721,0.166667,8,0
141,6.6399309381906155,0.818182,0.0,0.0,0.0,7.176332905092683,0.0,0.0,1.3862943611198906,0.0,8.922791623969637,7.357433040903001,5.158823824150382,0.0,12,0
147,5.582787768352519,1.0,3.3894621254437345,3.3894621254437345,0.0,5.953923051279789,0.083333,0.0,0.6931471805599453,0.6931471805599453,9.105090961257085,7.120145272694927,5.274662052777176,0.083333,12,0
157,7.459056599618273,1.0,0.0,0.0,0.0,4.208801346105614,0.0,0.0,1.0986122886681098,0.0,7.496097345175956,5.898456466688306,7.947677696433741,0.0,12,0
160,7.915117283903547,1.0,0.0,0.0,0.0,6.065391276409639,0.0,0.0,1.791759469228055,0.0,8.006700845440367,6.659073373570259,6.583130588599918,0.0,12,0
161,8.29799638320509,1.0,0.0,0.0,0.0,6.897054441699461,0.0,0.0,0.6931471805599453,0.0,9.04793908261736,6.917888796025987,7.071700634550349,0.0,12,0
165,8.665886838229138,1.0,0.0,0.0,0.0,5.91606942308344,0.0,0.0,0.6931471805599453,0.0,8.77971129020447,7.205906545673996,7.587577077179686,0.0,12,0
170,6.7355472983299745,0.666667,0.0,0.0,0.0,8.208703451280343,0.0,0.0,1.791759469228055,0.0,8.294299608857235,8.194855207520632,5.268741294757374,0.0,9,0
173,7.691077780768833,0.857143,0.0,0.0,0.0,8.27035263483017,0.0,0.0,2.302585092994046,0.0,8.006700845440367,7.261778732926054,6.13635597635965,0.2,7,0
175,7.3836489167711195,1.0,0.0,0.0,0.0,5.33144825217024,0.0,0.0,1.0986122886681098,0.0,7.496097345175956,6.156059037138984,6.015667154299461,0.0,12,0
177,7.984203917171097,1.0,0.0,0.0,0.0,7.6214077443284225,0.0,0.0,2.6390573296152584,0.0,8.006700845440367,7.796707102953051,7.462070661698346,0.0,12,0
199,8.648140727055551,1.0,3.882594194737334,0.0,3.882594194737334,7.6209638964814115,0.0,0.166667,2.70805020110221,1.0986122886681098,8.699681400989514,7.9988661240435235,8.150229777067315,0.0,12,0
212,7.807663042711101,0.818182,0.0,0.0,0.0,4.637404861196769,0.0,0.0,0.6931471805599453,0.0,8.922791623969637,8.421702653548374,6.4742126969736455,0.0,12,0
228,0.7156833232982355,0.333333,0.0,0.0,0.0,6.147707098160471,0.0,0.0,0.6931471805599453,0.0,7.0909098220799835,6.975022497586247,3.278539985589511,0.5,9,0
254,8.582288356036575,1.0,0.0,0.0,0.0,6.15264479296852,0.0,0.0,1.0986122886681098,0.0,8.699681400989514,7.20883613991247,7.131648217435651,0.0,12,0
259,7.420334462962329,1.0,0.0,0.0,0.0,7.448881896487702,0.0,0.0,1.791759469228055,0.0,7.496097345175956,7.681551673868654,6.343991294413439,0.083333,12,0
284,5.612074697733346,0.818182,0.0,0.0,0.0,6.526723312243623,0.0,0.0,1.0986122886681098,0.0,8.006700845440367,7.921853889539441,4.981011785427962,0.181818,12,0
285,8.354069426100974,1.0,0.0,0.0,0.0,9.134690546484972,0.0,0.0,2.833213344056216,0.0,8.853808274977197,8.701433848225868,7.492349438814224,0.083333,12,0
286,7.792250296210655,1.0,0.0,0.0,0.0,6.342532950227627,0.0,0.0,1.0986122886681098,0.0,8.006700845440367,6.7716071181756075,6.413797889887108,0.0,12,0
289,8.60718951603046,1.0,0.0,0.0,0.0,6.241819878658179,0.0,0.0,1.3862943611198906,0.0,8.699681400989514,7.218152496464916,7.61086659376533,0.0,12,0
293,8.292363690938096,1.0,0.0,0.0,0.0,5.857459788177591,0.0,0.0,2.302585092994046,0.0,8.294299608857235,6.964776483575994,7.11543594653241,0.0,12,0
297,8.62120947073309,1.0,0.0,0.0,0.0,8.101665070101488,0.0,0.0,1.0986122886681098,0.0,9.392745258631441,7.48837343138406,7.210078536522003,0.0,12,0
302,8.375539038198774,1.0,0.0,0.0,0.0,7.505805258206233,0.0,0.0,1.6094379124341003,0.0,8.987321812850125,8.989793534031676,6.87225101399217,0.0,12,0
304,9.133708830637033,1.0,0.0,0.0,0.0,9.05998782951795,0.0,0.0,2.3978952727983707,0.0,9.305741456739435,7.567559669660985,7.8545956843528275,0.0,12,0
308,7.386687101777634,0.909091,0.0,0.0,0.0,7.382325142717989,0.0,0.0,1.3862943611198906,0.0,8.412054873292933,5.747586772884619,6.475647576516831,0.0,11,0
313,6.833076948358789,1.0,0.0,0.0,0.0,6.00135092542118,0.0,0.0,1.791759469228055,0.0,6.90875477931522,6.580603414039392,5.830571040012843,0.0,12,0
314,7.535706469519202,1.0,0.0,0.0,0.0,8.130209078515541,0.0,0.0,1.3862943611198906,0.0,8.612685172875459,7.049880848397472,6.442565328572012,0.0,12,0
315,5.227875116648032,1.0,0.0,0.0,0.0,6.7375088348848475,0.0,0.0,2.0794415416798357,0.0,6.90875477931522,4.775273773111644,4.932252042097535,0.0,11,0
316,8.48152932771156,0.857143,0.0,0.0,0.0,8.776830811349415,0.0,0.0,1.6094379124341003,0.0,8.853808274977197,6.762293643170942,7.047196923110767,0.0,7,0
320,8.462393449251362,1.0,2.7694588292308535,0.0,2.7694588292308535,7.684487838998511,0.0,0.083333,2.4849066497880004,0.6931471805599453,8.648396877031582,7.162617680865488,7.067566930658172,0.0,12,0
322,8.812899459477475,1.0,0.0,0.0,0.0,7.801498686049672,0.0,0.0,2.0794415416798357,0.0,8.922791623969637,7.309272064713953,7.8200286195353375,0.0,12,0
324,7.532971437307903,1.0,0.0,0.0,0.0,8.091190628744455,0.0,0.0,2.302585092994046,0.0,8.412054873292933,6.167856703449735,5.9988628024026935,0.0,12,0
328,6.747152294066262,1.0,0.04879016416943204,0.04879016416943204,0.0,7.439344589255394,0.083333,0.0,2.0794415416798357,0.6931471805599453,6.90875477931522,6.989594335638922,5.909195188953852,0.0,12,0
330,7.8898939136294555,1.0,0.0,0.0,0.0,4.963832428939399,0.0,0.0,1.0986122886681098,0.0,8.006700845440367,6.467352487599292,7.023826750303139,0.0,12,0
334,7.751512415827948,0.909091,0.0,0.0,0.0,7.378857103740377,0.0,0.0,2.6390573296152584,0.0,7.741099090035366,7.672706952115451,7.63958147456111,0.0,11,0
350,8.345820982568885,1.0,0.0,0.0,0.0,6.123767317159801,0.0,0.0,0.6931471805599453,0.0,9.259225769705994,7.161844816748947,7.060629722480438,0.0,12,0
358,5.3747993207181075,0.636364,0.0,0.0,0.0,7.08423959971436,0.0,0.0,0.6931471805599453,0.0,8.006700845440367,7.740621877969632,5.371864029768799,0.2,12,0
359,7.342318197007068,1.0,0.0,0.0,0.0,3.6238563355780102,0.0,0.0,0.6931471805599453,0.0,7.496097345175956,6.309171437592283,6.2735192304649114,0.0,12,0
361,7.140498469961577,1.0,0.0,0.0,0.0,6.164219327461536,0.0,0.0,1.3862943611198906,0.0,7.313886831633462,6.766036193350948,5.873190461843972,0.0,12,0
368,8.956987651889207,1.0,0.0,0.0,0.0,8.138589834493423,0.0,0.0,2.3978952727983707,0.0,8.987321812850125,7.953673571685472,7.808217924589222,0.0,12,0
369,8.762350020736784,1.0,0.0,0.0,0.0,8.234749820441312,0.0,0.0,1.3862943611198906,0.0,8.987321812850125,9.303297359740101,7.777296966024786,0.083333,12,0
379,7.332742949681826,1.0,0.0,0.0,0.0,5.158659347272685,0.0,0.0,1.0986122886681098,0.0,7.3783837129967145,5.870940682872681,6.327990882265842,0.0,12,0
381,6.340618714522306,1.0,0.0,0.0,0.0,5.239481779391823,0.0,0.0,0.6931471805599453,0.0,7.601402334583733,7.072134816923993,5.254183403927994,0.0,12,0
385,6.706647802589526,0.3,3.768152635008444,3.768152635008444,0.0,8.286196377046835,0.1,0.0,1.791759469228055,0.6931471805599453,8.699681400989514,5.893999783353774,6.471295388551362,0.0,10,0
387,8.981935154593481,1.0,0.0,0.0,0.0,8.499220138204224,0.0,0.0,1.6094379124341003,0.0,9.105090961257085,6.519360894918311,10.2267461117763,0.0,12,0
395,7.8253509226883935,1.0,0.0,0.0,0.0,7.77059149513252,0.0,0.0,1.0986122886681098,0.0,9.210440366976517,6.295835914654011,6.587489900070282,0.0,12,0
398,8.530651072724726,1.0,0.0,0.0,0.0,7.58857866457005,0.0,0.0,1.9459101490553132,0.0,9.472781556562168,7.198195781215954,7.382723675225843,0.0,12,0
407,7.5368136474035925,1.0,0.0,0.0,0.0,4.797261554042203,0.0,0.0,0.6931471805599453,0.0,7.650168700845001,6.099832306721617,6.5108844956375895,0.0,12,0
408,8.014874300581514,1.0,0.0,0.0,0.0,7.683467757269778,0.0,0.0,2.3978952727983707,0.0,8.412054873292933,8.349384675750645,6.540586369776394,0.0,12,0
410,7.187700427729337,1.0,0.0,0.0,0.0,4.3471879543751335,0.0,0.0,0.6931471805599453,0.0,8.732465848349879,6.68840267294615,5.677806908516095,0.0,11,0
421,7.281686693961525,1.0,0.0,0.0,0.0,4.752889212719792,0.0,0.0,1.3862943611198906,0.0,7.313886831633462,5.807152859316373,6.175392675174919,0.0,12,0
426,6.485511866549244,1.0,0.0,0.0,0.0,7.944706974192116,0.0,0.0,1.3862943611198906,0.0,8.987321812850125,6.04944756295356,5.599084683792223,0.0,12,0
427,7.40836169445466,1.0,0.0,0.0,0.0,3.704920259721053,0.0,0.0,1.0986122886681098,0.0,7.496097345175956,5.882866674638639,6.4490578419840405,0.0,11,0
429,9.06509002453735,1.0,0.0,0.0,0.0,8.538221403846634,0.0,0.0,2.70805020110221,0.0,9.210440366976517,7.62731724103087,7.5428619066730604,0.0,12,0
430,8.52844620252184,1.0,0.0,0.0,0.0,8.142277991426354,0.0,0.0,0.6931471805599453,0.0,9.105090961257085,8.842065870537343,6.943160297584796,0.0,11,0
433,8.48804051087811,1.0,0.0,0.0,0.0,7.542992778218433,0.0,0.0,1.0986122886681098,0.0,8.699681400989514,8.005612407922232,7.526591665436763,0.0,12,0
434,6.89024629645058,0.818182,0.0,0.0,0.0,7.288465524895797,0.0,0.0,1.0986122886681098,0.0,7.313886831633462,7.605875943740387,5.629715390384507,0.125,12,0
438,6.877599578011986,1.0,0.0,0.0,0.0,5.8326139955825065,0.0,0.0,0.6931471805599453,0.0,7.0909098220799835,6.384947861021203,5.326305430972205,0.0,12,0
441,8.90757234065447,0.9,0.0,0.0,0.0,9.279388204619408,0.0,0.0,2.70805020110221,0.0,9.259225769705994,8.931628316759825,7.572724958324875,0.1,10,0
442,7.1442537565554725,0.818182,0.0,0.0,0.0,7.945034008951601,0.0,0.0,1.3862943611198906,0.0,7.824445930877619,7.223467469327854,5.926641081377556,0.0,12,0
448,6.94466171529988,1.0,0.0,0.0,0.0,5.271655768903227,0.0,0.0,0.6931471805599453,0.0,7.0909098220799835,5.619144772814835,5.793234971076737,0.0,12,0
464,6.768494871417367,1.0,0.0,0.0,0.0,5.63332882961603,0.0,0.0,0.6931471805599453,0.0,7.0909098220799835,6.295453834351446,5.660785508961102,0.0,12,0
465,8.402692174813357,1.0,0.0,0.0,0.0,7.940213393603685,0.0,0.0,2.9444389791664403,0.0,8.922791623969637,6.993708475713134,7.082291551442376,0.0,12,0
471,8.261940997531415,1.0,0.0,0.0,0.0,7.303124968739118,0.0,0.0,2.1972245773362196,0.0,8.294299608857235,6.973922592604247,6.8157336589328805,0.0,12,0
473,7.301439578400993,1.0,0.0,0.0,0.0,5.013035012467554,0.0,0.0,0.6931471805599453,0.0,7.496097345175956,6.375750721544702,6.20648445883219,0.0,12,0
478,8.06197182591583,0.909091,0.0,0.0,0.0,7.0579866701359215,0.0,0.0,1.0986122886681098,0.0,8.160803920954665,6.306711761022412,7.01414142679944,0.0,11,0
482,5.293483220871255,0.545455,0.0,0.0,0.0,9.573091967910855,0.0,0.0,1.3862943611198906,0.0,9.210440366976517,9.580693916639605,3.020035590866593,0.0,12,0
483,6.162978836024762,0.727273,0.0,0.0,0.0,6.708236067418977,0.0,0.0,2.5649493574615367,0.0,8.006700845440367,4.96484314239302,5.108315009786283,0.0,12,0
486,8.21370083218876,1.0,0.0,0.0,0.0,7.1926664748486235,0.0,0.0,2.4849066497880004,0.0,8.294299608857235,6.915087277071059,7.506889918040882,0.0,12,0
491,9.235102424106794,1.0,0.0,0.0,0.0,7.79948964377408,0.0,0.0,2.302585092994046,0.0,9.798182590890704,7.887345793448976,7.839997395156738,0.0,12,0
496,7.631567140365698,1.0,0.0,0.0,0.0,6.31917571381767,0.0,0.0,1.3862943611198906,0.0,8.412054873292933,6.3166482862875,6.374643904018011,0.0,12,0
497,7.350757734177624,1.0,0.0,0.0,0.0,6.48621823089183,0.0,0.0,2.833213344056216,0.0,7.438971592395862,6.982605042012394,7.096507484760199,0.0,12,0
508,7.981308742195463,1.0,0.0,0.0,0.0,5.642065374010358,0.0,0.0,1.3862943611198906,0.0,8.006700845440367,6.520104698208447,7.080836336899253,0.0,12,0
516,7.3368663409049155,1.0,0.0,0.0,0.0,7.8692588491615885,0.0,0.0,2.1972245773362196,0.0,8.006700845440367,5.723535430784148,6.060510172536753,0.0,12,0
522,6.8948212113904175,0.454545,0.0,0.0,0.0,7.991602545208931,0.0,0.0,1.9459101490553132,0.0,8.006700845440367,6.726107198951786,6.561796005198659,0.0,12,0
525,7.019865260363955,1.0,0.0,0.0,0.0,4.587015146074106,0.0,0.0,1.3862943611198906,0.0,7.0909098220799835,5.733632454566139,5.892335688170504,0.0,12,0
542,7.159006591937979,1.0,4.034240638152395,0.0,4.034240638152395,8.595534640092067,0.0,0.083333,4.820281565605037,0.6931471805599453,8.006700845440367,8.141410334822647,6.045918610124287,0.0,12,0
556,8.100276629984121,1.0,0.0,0.0,0.0,7.843021400399377,0.0,0.0,1.3862943611198906,0.0,8.294299608857235,6.989389862640817,7.114193332850288,0.0,12,0
558,8.60991830116791,1.0,0.0,0.0,0.0,7.123042436697594,0.0,0.0,2.1972245773362196,0.0,8.699681400989514,7.630956501268229,7.176223977269007,0.0,12,0
561,6.297510848886822,1.0,0.0,0.0,0.0,6.980765887609829,0.0,0.0,1.0986122886681098,0.0,7.313886831633462,7.192825294982801,5.249784731715078,0.0,12,0
564,6.999768599203313,1.0,0.0,0.0,0.0,5.648605318005857,0.0,0.0,1.3862943611198906,0.0,7.0909098220799835,6.070850453750321,5.550997805300557,0.0,12,0
571,7.874048710084071,1.0,0.0,0.0,0.0,8.076264310344738,0.0,0.0,2.0794415416798357,0.0,8.055475141757274,5.979608964089031,9.272107718516304,0.0,12,0
572,7.897514408697388,1.0,0.0,0.0,0.0,7.707820668365731,0.0,0.0,0.6931471805599453,0.0,8.853808274977197,6.698120841060621,6.498825358839221,0.0,12,0
576,8.895207656338505,1.0,0.0,0.0,0.0,6.582322004796082,0.0,0.0,1.6094379124341003,0.0,8.922791623969637,7.59355102131498,8.033918236818582,0.0,12,0
580,7.169497503099561,1.0,0.0,0.0,0.0,7.6274643264265976,0.0,0.0,2.302585092994046,0.0,8.160803920954665,8.010003212012062,6.228443788314536,0.083333,12,0
582,8.86635017848305,1.0,0.0,0.0,0.0,8.045283893456759,0.0,0.0,1.0986122886681098,0.0,8.922791623969637,8.420798165819448,7.6890596050132425,0.0,12,0
583,8.402690028392213,1.0,0.0,0.0,0.0,7.954033182392808,0.0,0.0,1.9459101490553132,0.0,8.517393171418904,6.894180457601773,7.44374346401727,0.0,12,0
593,7.916018534879276,0.909091,0.0,0.0,0.0,7.996751120145163,0.0,0.0,1.791759469228055,0.0,8.006700845440367,8.137123310470422,7.23409265381111,0.0,11,0
601,7.636625121256484,0.909091,0.0,0.0,0.0,5.299391654294262,0.0,0.0,1.6094379124341003,0.0,7.650168700845001,6.317172610903613,6.3477904969053425,0.0,11,0
602,8.851030737715627,1.0,0.0,0.0,0.0,9.354450390362016,0.0,0.0,2.772588722239781,0.0,9.581972891547895,7.312779275148065,7.337686464755281,0.0,12,0
614,8.137589283857878,1.0,2.4898941912990393,2.4898941912990393,0.0,7.1407285827911275,0.083333,0.0,0.6931471805599453,0.6931471805599453,8.294299608857235,6.61604507248076,7.126541165451344,0.0,12,0
615,9.093940716270863,1.0,0.0,0.0,0.0,8.486877015351531,0.0,0.0,3.970291913552122,0.0,9.392745258631441,7.7964133776275855,7.805426880854827,0.0,12,0
621,1.1555441398076307,0.454545,0.0,0.0,0.0,4.924807245787907,0.0,0.0,0.6931471805599453,0.0,8.006700845440367,5.633831687371518,4.055027597770145,0.2,12,0
631,7.268987854820082,1.0,0.0,0.0,0.0,7.532539005466141,0.0,0.0,1.0986122886681098,0.0,7.783640596221253,7.76765728647058,5.969224605322518,0.0,12,0
636,6.969557694456648,1.0,0.0,0.0,0.0,6.210125727590956,0.0,0.0,1.3862943611198906,0.0,7.0909098220799835,6.581116970399943,5.915031790505004,0.0,12,0
637,8.58454845106858,0.545455,0.0,0.0,0.0,9.17702520734201,0.0,0.0,0.6931471805599453,0.0,9.259225769705994,8.083422381858679,8.193068823710963,0.0,12,0
638,2.2571549974660976,1.0,0.0,0.0,0.0,4.338766683772382,0.0,0.0,0.6931471805599453,0.0,8.517393171418904,4.320402316452469,4.576149942697637,0.0,12,0
641,8.223261452284426,1.0,0.0,0.0,0.0,6.248099089562762,0.0,0.0,2.302585092994046,0.0,8.294299608857235,7.108468517993844,7.33840396791653,0.0,12,0
649,7.455344390933851,1.0,0.0,0.0,0.0,7.4168738772087055,0.0,0.0,1.6094379124341003,0.0,7.496097345175956,4.959379297258757,9.267999395101501,0.0,12,0
663,6.78013883962259,1.0,3.8426729272933526,3.8426729272933526,0.0,7.1286754387923175,0.083333,0.0,1.0986122886681098,0.6931471805599453,7.0909098220799835,7.372105471376485,6.088751217821194,0.1,12,0
671,7.982103170104391,0.9,0.0,0.0,0.0,8.29125137711346,0.0,0.0,1.791759469228055,0.0,8.294299608857235,6.761330349376544,7.0727831991288586,0.0,10,0
674,8.31762794891575,1.0,0.0,0.0,0.0,7.389765274980012,0.0,0.0,2.1972245773362196,0.0,8.922791623969637,6.976907253011608,7.27388961486741,0.0,12,0
676,8.68994365507731,1.0,0.0,0.0,0.0,6.613569642798128,0.0,0.0,1.0986122886681098,0.0,8.853808274977197,7.471835371635173,7.681193362105026,0.0,12,0
685,7.970097284122387,1.0,0.0,0.0,0.0,4.87046630989081,0.0,0.0,1.791759469228055,0.0,8.006700845440367,6.504223318140167,6.972662648024455,0.0,12,0
700,8.027482229930405,1.0,0.0,0.0,0.0,8.17504358386077,0.0,0.0,1.3862943611198906,0.0,8.612685172875459,6.631392254388315,6.793533313058776,0.0,12,0
701,7.34421256479448,0.833333,0.0,0.0,0.0,7.694897173591507,0.0,0.0,1.791759469228055,0.0,8.006700845440367,5.516274423221346,5.741667263808969,0.0,6,0
702,6.908147836921186,1.0,0.0,0.0,0.0,7.770328018842824,0.0,0.0,2.3978952727983707,0.0,7.313886831633462,7.453085637172514,5.711574722747432,0.1,12,0
707,7.862343193840684,1.0,0.0,0.0,0.0,7.439015199910648,0.0,0.0,2.302585092994046,0.0,8.006700845440367,7.49299491016828,6.8433432479776855,0.0,12,0
710,8.598488599302355,1.0,0.0,0.0,0.0,9.207660269808725,0.0,0.0,1.0986122886681098,0.0,9.546884034617925,7.416193902328036,7.576002120815631,0.0,12,0
716,8.963446267737769,1.0,0.0,0.0,0.0,8.759842741409257,0.0,0.0,2.1972245773362196,0.0,9.680406499268875,7.750640028619213,7.513177183787358,0.0,12,0
721,8.493478681462488,1.0,0.0,0.0,0.0,5.415891678200858,0.0,0.0,1.3862943611198906,0.0,9.04793908261736,7.113193341108041,7.097931760752751,0.0,12,0
724,5.530030529624723,0.363636,0.0,0.0,0.0,6.990084475569528,0.0,0.0,1.6094379124341003,0.0,7.0909098220799835,8.188172479617355,5.734634572915887,0.333333,12,0
727,7.78291672746098,1.0,0.0,0.0,0.0,6.583909094435547,0.0,0.0,2.1972245773362196,0.0,8.699681400989514,6.605721028989645,6.779968629108052,0.0,12,0
731,8.483757779425398,1.0,0.0,0.0,0.0,4.056077512853589,0.0,0.0,0.6931471805599453,0.0,8.612685172875459,6.774641883556041,7.367402373985278,0.0,10,0
732,7.852549754583368,1.0,0.0,0.0,0.0,5.563029806507629,0.0,0.0,2.0794415416798357,0.0,7.919719760924575,6.622117731064962,6.7847390681192286,0.0,12,0
735,8.951136783545568,1.0,0.0,0.0,0.0,8.729717684862003,0.0,0.0,4.143134726391533,0.0,9.350189267092581,7.483246556678983,7.788851496492076,0.0,12,0
739,8.631243996646164,1.0,0.0,0.0,0.0,7.9760770442193705,0.0,0.0,1.9459101490553132,0.0,8.922791623969637,8.721951290469587,7.732084872785934,0.0,12,0
740,0.9902257176380228,1.0,0.0,0.0,0.0,7.047360996111289,0.0,0.0,1.3862943611198906,0.0,7.313886831633462,1.504189612702054,2.257748801956162,0.0,6,0
742,7.05459504393697,1.0,0.0,0.0,0.0,7.131444475804757,0.0,0.0,2.3978952727983707,0.0,8.006700845440367,5.581797437946068,5.790927161926287,0.0,12,0
744,7.36296808505884,0.875,0.0,0.0,0.0,7.590263451465183,0.0,0.0,0.6931471805599453,0.0,7.824445930877619,5.567747134531928,5.787856801344235,0.0,8,0
753,6.820479600158763,0.857143,0.0,0.0,0.0,7.806061036835064,0.0,0.0,1.9459101490553132,0.0,7.0909098220799835,7.418196215765578,5.5142586476691875,0.0,7,0
755,9.249378365552644,1.0,0.0,0.0,0.0,8.305637286011166,0.0,0.0,1.9459101490553132,0.0,9.472781556562168,8.078120442022708,7.944388427700678,0.0,12,0
757,8.612666224322913,1.0,0.0,0.0,0.0,6.186763994345133,0.0,0.0,1.9459101490553132,0.0,8.699681400989514,7.276760042425337,7.9025677164847625,0.0,12,0
760,8.570243882447306,1.0,0.0,0.0,0.0,7.693848482382884,0.0,0.0,2.0794415416798357,0.0,8.77971129020447,7.299799759322866,7.187256010345324,0.0,12,0
763,8.57732947754562,1.0,0.0,0.0,0.0,8.508275230144164,0.0,0.0,3.091042453358316,0.0,9.15915233520675,7.1972478035759595,7.149194869925723,0.0,12,0
765,7.627216006488745,1.0,0.0,0.0,0.0,5.304631331453073,0.0,0.0,1.791759469228055,0.0,7.601402334583733,6.273260374560692,7.315135201994899,0.0,12,0
767,7.022928728628872,1.0,0.0,0.0,0.0,4.051109954829403,0.0,0.0,1.3862943611198906,0.0,7.0909098220799835,5.468450107282541,5.86415406443608,0.0,12,0
778,7.919213915085382,1.0,0.0,0.0,0.0,6.076080069662417,0.0,0.0,1.6094379124341003,0.0,8.006700845440367,6.696888022161241,7.417561893534547,0.0,12,0
780,9.064984341234677,1.0,0.0,0.0,0.0,9.230645112408148,0.0,0.0,2.302585092994046,0.0,9.210440366976517,9.323115761386095,8.139917631558793,0.0,12,0
781,4.515743144538151,0.454545,0.0,0.0,0.0,6.593490588070248,0.0,0.0,1.0986122886681098,0.0,8.160803920954665,4.385054196978452,4.4154208393374965,0.0,12,0
786,8.558762916172551,1.0,0.0,0.0,0.0,7.748117705608832,0.0,0.0,2.3978952727983707,0.0,8.612685172875459,6.918245383933033,7.646494223803124,0.0,12,0
789,7.486612062018096,0.909091,0.0,0.0,0.0,9.682736632844668,0.0,0.0,2.4849066497880004,0.0,9.210440366976517,9.67560072088294,6.251123619301624,0.0,12,0
792,7.330018096951312,1.0,4.2626798770413155,0.0,4.2626798770413155,6.464139525433969,0.0,0.166667,2.302585092994046,1.0986122886681098,7.313886831633462,6.88151142388701,7.14214705673635,0.0,12,0
800,8.586902235830125,1.0,0.0,0.0,0.0,7.0164918778522205,0.0,0.0,1.3862943611198906,0.0,8.699681400989514,6.460129829604608,9.46249435539869,0.0,12,0
802,4.436479935353279,0.181818,0.0,0.0,0.0,7.884522351373716,0.0,0.0,1.0986122886681098,0.0,8.006700845440367,9.46522970167571,7.49149433056062,0.5,12,0
803,7.884507595194604,1.0,0.0,0.0,0.0,8.152101383708175,0.0,0.0,3.332204510175204,0.0,8.294299608857235,8.07903917601294,7.433037482421748,0.0,12,0
817,7.244748759732023,1.0,0.0,0.0,0.0,7.585170431583482,0.0,0.0,1.791759469228055,0.0,8.006700845440367,6.570607138589425,5.760357861531918,0.0,12,0
819,7.786372902552613,1.0,0.0,0.0,0.0,4.561285245016266,0.0,0.0,1.6094379124341003,0.0,7.783640596221253,5.753438016659154,9.285052192919379,0.0,12,0
820,5.65706962836718,0.181818,0.0,0.0,0.0,7.880690474624304,0.0,0.0,2.0794415416798357,0.0,8.006700845440367,5.520431632329588,6.351566286121955,0.0,12,0
830,8.322816663678296,1.0,0.0,0.0,0.0,6.293884712105265,0.0,0.0,1.3862943611198906,0.0,9.04793908261736,6.9149906196618725,7.181235592913212,0.0,12,0
831,7.227550090813446,1.0,0.0,0.0,0.0,4.733387879636761,0.0,0.0,1.3862943611198906,0.0,7.313886831633462,5.728822714622052,6.60365871485486,0.0,12,0
832,7.1713447664035,1.0,0.0,0.0,0.0,6.243516063672564,0.0,0.0,1.3862943611198906,0.0,8.006700845440367,5.960128849948296,5.985535585500069,0.0,12,0
839,6.717776934057948,1.0,0.0,0.0,0.0,6.8084433901097485,0.0,0.0,1.6094379124341003,0.0,7.824445930877619,6.261335149169291,5.14398603290386,0.0,12,0
841,8.193674964737651,0.888889,0.0,0.0,0.0,8.506896716586155,0.0,0.0,2.0794415416798357,0.0,8.612685172875459,6.2742460161944935,7.166653340024424,0.0,9,0
845,7.74759840863984,1.0,0.0,0.0,0.0,8.087650631302624,0.0,0.0,3.332204510175204,0.0,8.006700845440367,7.811549084944684,6.895523994871832,0.0,12,0
848,8.571993759153827,1.0,0.0,0.0,0.0,7.488759911136489,0.0,0.0,1.6094379124341003,0.0,8.699681400989514,7.40810683228331,7.1433309407674335,0.0,12,0
853,9.223454065405022,1.0,0.0,0.0,0.0,8.111125750542108,0.0,0.0,1.791759469228055,0.0,9.581972891547895,8.308431772632314,7.860691029369633,0.0,12,0
865,8.05569088617557,1.0,0.0,0.0,0.0,5.90486291979585,0.0,0.0,1.791759469228055,0.0,8.160803920954665,6.709604881676568,6.692676781264576,0.0,12,0
869,6.981962026828808,1.0,0.0,0.0,0.0,4.103829768419915,0.0,0.0,1.0986122886681098,0.0,7.0909098220799835,5.482337055698757,5.898573699857099,0.0,12,0
872,7.232235135750898,1.0,0.0,0.0,0.0,5.250304480469707,0.0,0.0,1.9459101490553132,0.0,7.313886831633462,5.945668104155035,6.139271513063036,0.0,12,0
873,6.575100569722026,1.0,0.0,0.0,0.0,8.28017209562795,0.0,0.0,1.6094379124341003,0.0,9.392745258631441,5.4516258175144054,5.591121087189796,0.0,12,0
879,6.742896195812355,0.833333,0.0,0.0,0.0,7.056561198419003,0.0,0.0,1.791759469228055,0.0,7.0909098220799835,4.631470666241796,5.284530599324773,0.0,6,0
883,9.587574656635182,1.0,0.0,0.0,0.0,10.028655629301491,0.0,0.0,3.4339872044851463,0.0,9.825580063659602,9.949527534132207,8.60057061973855,0.0,12,0
900,7.559144367644359,1.0,0.0,0.0,0.0,4.447798832019929,0.0,0.0,0.6931471805599453,0.0,7.601402334583733,6.151918207780517,6.802448358554727,0.0,12,0
903,8.87412338663559,1.0,0.0,0.0,0.0,8.006667644955881,0.0,0.0,1.3862943611198906,0.0,9.472781556562168,9.075002007188928,7.564698715198157,0.0,12,0
904,6.329622538831019,0.818182,0.0,0.0,0.0,7.230264651222555,0.0,0.0,1.3862943611198906,0.0,8.006700845440367,7.583667304885453,5.495846171437127,0.142857,12,0
910,7.918600877483423,1.0,0.0,0.0,0.0,8.364160151097202,0.0,0.0,2.4849066497880004,0.0,8.77971129020447,7.609956745007054,6.435354423484195,0.0,12,0
922,8.696440439027405,1.0,0.0,0.0,0.0,9.393418375092462,0.0,0.0,3.4339872044851463,0.0,9.305741456739435,9.1837804967405,7.3764413255969785,0.083333,12,0
928,8.700117599458856,1.0,0.0,0.0,0.0,7.060014643113179,0.0,0.0,2.3978952727983707,0.0,8.77971129020447,7.313185818492815,7.516976601983138,0.0,12,0
930,6.747912961806532,0.727273,0.0,0.0,0.0,7.6197422631781695,0.0,0.0,1.3862943611198906,0.0,8.006700845440367,8.517117308137175,5.648170468041433,0.111111,12,0
937,8.432632187916933,1.0,0.0,0.0,0.0,5.978233960117466,0.0,0.0,0.6931471805599453,0.0,8.566173813637858,6.971587213045847,7.351811394969544,0.0,10,0
942,8.075989104907679,1.0,0.0,0.0,0.0,6.445894377165356,0.0,0.0,2.4849066497880004,0.0,8.160803920954665,7.196566359114828,7.406074646923824,0.0,12,0
956,5.497212125968898,0.363636,0.0,0.0,0.0,7.109198042232326,0.0,0.0,1.3862943611198906,0.0,9.392745258631441,5.287923693983454,4.090638603632733,0.0,12,0
959,7.309507031109986,1.0,0.0,0.0,0.0,4.36091223638221,0.0,0.0,1.3862943611198906,0.0,7.3783837129967145,6.124404899164935,6.067783954200266,0.0,12,0
962,8.495248325993606,0.909091,0.0,0.0,0.0,9.106107833468425,0.0,0.0,1.791759469228055,0.0,8.922791623969637,8.8952848571622,7.153884604041308,0.0,11,0
983,7.2220465496148325,1.0,3.5553480614894135,0.0,3.5553480614894135,4.913966077219259,0.0,0.083333,1.3862943611198906,0.6931471805599453,7.3783837129967145,7.557339654095392,6.275420185018948,0.0,12,0
987,8.138140523463905,1.0,3.6109179126442243,0.0,3.6109179126442243,2.9978508777264445,0.0,0.083333,0.6931471805599453,0.6931471805599453,8.160803920954665,6.0063369673524125,9.291960735112003,0.0,12,0
989,8.578999910891616,1.0,0.0,0.0,0.0,8.671577599584042,0.0,0.0,2.1972245773362196,0.0,8.77971129020447,8.057017066629331,7.223132213248376,0.0,12,0
992,5.2822106774501,0.909091,0.0,0.0,0.0,6.170402755578432,0.0,0.0,0.6931471805599453,0.0,7.576097340623111,6.313232418573361,4.951930044522528,0.1,12,0
997,7.734588909957024,1.0,0.0,0.0,0.0,7.068436764312834,0.0,0.0,1.791759469228055,0.0,7.824445930877619,5.947178395254754,6.912011415768507,0.0,12,0
1004,6.988483862158517,1.0,0.0,0.0,0.0,4.531558133922595,0.0,0.0,0.6931471805599453,0.0,7.0909098220799835,5.737540167651385,6.169256885376121,0.0,12,0
1013,7.580356537210578,1.0,0.0,0.0,0.0,3.7003531537544174,0.0,0.0,0.6931471805599453,0.0,7.650168700845001,6.004060595259535,6.9078056547132585,0.0,12,0
1016,7.663478914116584,1.0,0.0,0.0,0.0,3.0128710127114355,0.0,0.0,0.6931471805599453,0.0,7.650168700845001,4.940979181284823,9.493063813211519,0.0,12,0
1017,6.954433938350629,0.555556,0.0,0.0,0.0,7.975702200428107,0.0,0.0,2.6390573296152584,0.0,8.006700845440367,4.48727970831002,6.448382618605923,0.0,9,0
1027,7.738551711322507,1.0,3.410817625039146,0.0,3.410817625039146,4.929113881454989,0.0,0.083333,1.0986122886681098,0.6931471805599453,7.650168700845001,5.013057245469461,9.780985312870165,0.0,12,0
1029,8.527231133678939,1.0,0.0,0.0,0.0,8.197771099287486,0.0,0.0,1.791759469228055,0.0,9.04793908261736,9.056669434354228,7.296305711125397,0.0,12,0
1030,8.615626027197052,1.0,0.0,0.0,0.0,7.987151939336449,0.0,0.0,2.4849066497880004,0.0,8.699681400989514,7.2754722744617695,7.2498610871979805,0.0,12,0
1034,2.195050326476079,0.272727,0.0,0.0,0.0,4.57309030509668,0.0,0.0,0.6931471805599453,0.0,9.15915233520675,5.293377540673588,5.112541833640286,0.0,12,0
1037,8.769302886588585,1.0,0.0,0.0,0.0,8.0864294336018,0.0,0.0,2.833213344056216,0.0,8.853808274977197,7.346601257790723,7.739019456257392,0.0,12,0
1041,7.289134212129454,0.272727,0.0,0.0,0.0,6.3750746311939634,0.0,0.0,0.6931471805599453,0.0,9.741027444837728,9.752410418856385,6.876887529292539,0.25,12,0
1044,7.146098187804356,1.0,0.0,0.0,0.0,7.194561832028632,0.0,0.0,1.791759469228055,0.0,7.313886831633462,6.216528824646024,5.336273371641274,0.0,7,0
1049,6.955656639711358,1.0,0.0,0.0,0.0,5.071088274516482,0.0,0.0,1.3862943611198906,0.0,7.0909098220799835,5.915921570442997,5.642232042951684,0.0,12,0
1060,6.914067866609811,1.0,0.0,0.0,0.0,3.020611502876718,0.0,0.0,0.6931471805599453,0.0,7.0909098220799835,5.853485389252703,6.05626205970437,0.0,12,0
1072,6.703518615674131,0.875,0.0,0.0,0.0,7.070179292775559,0.0,0.0,0.6931471805599453,0.0,7.0909098220799835,5.55368611938114,5.330039734359723,0.0,8,0
1075,5.909702696304339,0.363636,0.0,0.0,0.0,6.984019267974598,0.0,0.0,1.791759469228055,0.0,7.0909098220799835,5.617512840689005,5.618326073519279,0.0,12,0
1076,8.134505907079355,1.0,0.0,0.0,0.0,8.403070365487025,0.0,0.0,2.70805020110221,0.0,8.699681400989514,7.698049883760639,6.931843782305976,0.0,12,0
1082,7.34639729176164,1.0,0.0,0.0,0.0,5.206477971595537,0.0,0.0,0.6931471805599453,0.0,8.517393171418904,6.677541677408764,6.212633941055217,0.0,12,0
1083,2.2660246302348614,0.363636,0.0,0.0,0.0,7.929558676218765,0.0,0.0,0.6931471805599453,0.0,8.699681400989514,9.329783786662306,1.7992955018686894,0.5,12,0
1088,7.328982976832155,1.0,0.0,0.0,0.0,7.54140891004087,0.0,0.0,2.0794415416798357,0.0,8.517393171418904,7.013534693689504,5.902175991131413,0.0,10,0
1094,7.523756544817886,1.0,0.0,0.0,0.0,5.392404698979185,0.0,0.0,1.791759469228055,0.0,7.601402334583733,6.213481109608797,5.997665506358712,0.0,12,0
1108,8.163246199516305,1.0,0.0,0.0,0.0,7.71990462420306,0.0,0.0,1.0986122886681098,0.0,9.105090961257085,8.413855718914842,6.84251232952652,0.0,12,0
1110,8.365428744835162,1.0,0.0,0.0,0.0,8.949221946588803,0.0,0.0,3.367295829986474,0.0,8.853808274977197,8.048903187795071,7.038425738788334,0.0,12,0
1113,7.234913280334197,1.0,0.0,0.0,0.0,7.682436822452268,0.0,0.0,1.791759469228055,0.0,8.699681400989514,7.459984481139693,6.112792715792278,0.0,12,0
1119,6.755586323241943,1.0,0.0,0.0,0.0,7.665638342764976,0.0,0.0,1.9459101490553132,0.0,8.922791623969637,6.888976289330131,5.612018363113493,0.0,12,0
1120,8.452996677707457,1.0,0.0,0.0,0.0,5.880894309383845,0.0,0.0,1.0986122886681098,0.0,8.517393171418904,6.889743851708953,7.704176317192567,0.0,12,0
1132,6.8962737952825,1.0,0.0,0.0,0.0,5.229223000624985,0.0,0.0,1.0986122886681098,0.0,7.0909098220799835,6.10855672195276,5.531492944388133,0.0,12,0
1133,3.9593297460592125,0.636364,0.0,0.0,0.0,7.316667639814474,0.0,0.0,2.833213344056216,0.0,8.612685172875459,7.275980478261516,4.268087413027492,0.363636,12,0
1134,7.667196716441933,1.0,0.0,0.0,0.0,7.991955505674925,0.0,0.0,1.0986122886681098,0.0,8.77971129020447,7.572916142457449,6.331069963049687,0.0,12,0
1136,7.175823595140487,1.0,0.0,0.0,0.0,5.738379486110326,0.0,0.0,1.6094379124341003,0.0,7.313886831633462,5.8591001646906475,6.059895411365118,0.0,12,0
1141,7.959323967000386,1.0,0.0,0.0,0.0,5.583742857333475,0.0,0.0,0.6931471805599453,0.0,8.006700845440367,6.624550465962506,6.669430114197333,0.0,12,0
1143,8.43697407630049,1.0,0.0,0.0,0.0,7.455496233047285,0.0,0.0,0.6931471805599453,0.0,8.699681400989514,6.827866433887814,7.287311101653603,0.0,11,0
1145,8.941072019728985,1.0,0.0,0.0,0.0,7.2490560210146615,0.0,0.0,1.6094379124341003,0.0,9.648659816955295,7.734292083930463,7.586474957860399,0.0,12,0
1163,8.9053436116028,1.0,0.0,0.0,0.0,7.08673458249827,0.0,0.0,2.1972245773362196,0.0,8.922791623969637,7.731692823916151,7.697798546585018,0.0,12,0
1170,6.85673548087528,1.0,0.0,0.0,0.0,4.107717083501408,0.0,0.0,1.0986122886681098,0.0,6.90875477931522,5.137353409806185,5.5173944449572545,0.0,12,0
1172,7.240311280010577,0.818182,0.0,0.0,0.0,7.512228111673454,0.0,0.0,0.6931471805599453,0.0,9.105090961257085,6.460534934769225,6.6646738806799775,0.0,12,0
1175,7.43220039320275,0.909091,0.0,0.0,0.0,7.960295076908768,0.0,0.0,1.791759469228055,0.0,8.006700845440367,8.181237784815378,6.021265623396857,0.125,11,0
1178,7.4886894317377415,1.0,0.0,0.0,0.0,7.515433067264542,0.0,0.0,1.3862943611198906,0.0,8.006700845440367,7.386345031745492,6.041188165949202,0.0,12,0
1180,8.284229810760667,1.0,0.0,0.0,0.0,5.069909501768714,0.0,0.0,1.6094379124341003,0.0,8.294299608857235,6.555064153376623,7.404160428096756,0.0,12,0
1182,6.299593245326759,0.545455,0.0,0.0,0.0,8.158886047592265,0.0,0.0,2.1972245773362196,0.0,8.699681400989514,8.876192366934932,6.419016087675561,0.285714,12,0
1191,5.446464631889992,0.5,0.0,0.0,0.0,7.219199282538013,0.0,0.0,0.6931471805599453,0.0,8.006700845440367,8.300483907982704,5.016679782646241,0.0,8,0
1211,9.147252958645558,1.0,0.0,0.0,0.0,8.983348595607763,0.0,0.0,0.6931471805599453,0.0,9.392745258631441,7.6976364093955425,7.857708968644048,0.0,12,0
1217,7.37348002685791,1.0,0.0,0.0,0.0,9.621456716392471,0.0,0.0,3.9889840465642745,0.0,8.412054873292933,9.339908428449746,6.1605810412342175,0.166667,12,0
1222,6.015505479107994,0.272727,0.0,0.0,0.0,8.476372011687317,0.0,0.0,0.6931471805599453,0.0,8.517393171418904,9.886712177953196,6.521154279958504,1.0,12,0
1229,8.776213347504065,1.0,0.0,0.0,0.0,7.798603086532459,0.0,0.0,2.1972245773362196,0.0,9.350189267092581,7.816454029760927,7.360765691028372,0.0,12,0
1231,7.035027878408743,1.0,0.0,0.0,0.0,3.0231043662997217,0.0,0.0,0.6931471805599453,0.0,7.0909098220799835,4.377053426247623,8.941228238876151,0.0,12,0
1236,7.861000972979351,1.0,0.0,0.0,0.0,8.175886365538993,0.0,0.0,2.995732273553991,0.0,8.699681400989514,7.792318537193887,6.639715192166185,0.0,12,0
1239,7.344818778505199,1.0,0.0,0.0,0.0,3.6974933725637404,0.0,0.0,1.0986122886681098,0.0,7.438971592395862,6.085515627761366,6.60566769154621,0.0,12,0
1244,7.462023187898472,1.0,0.0,0.0,0.0,7.965454512734119,0.0,0.0,2.0794415416798357,0.0,8.412054873292933,8.543161819211363,6.276778096823004,0.083333,12,0
1245,7.232131826814654,1.0,0.0,0.0,0.0,5.256286292427206,0.0,0.0,2.1972245773362196,0.0,7.313886831633462,6.396877115502626,6.00623112752558,0.0,12,0
1254,6.845989186310656,0.363636,0.0,0.0,0.0,8.15246866520241,0.0,0.0,1.6094379124341003,0.0,8.294299608857235,6.220247741696513,6.752735735135167,0.0,12,0
1259,7.52703572344245,1.0,0.0,0.0,0.0,7.872185817684466,0.0,0.0,2.0794415416798357,0.0,8.006700845440367,7.765480153479251,6.553332763563478,0.0,12,0
1261,7.862287498955945,1.0,0.0,0.0,0.0,7.432904986664518,0.0,0.0,0.6931471805599453,0.0,8.006700845440367,6.572986504644851,6.708883312614208,0.0,12,0
1278,7.479340620003469,1.0,0.0,0.0,0.0,6.662642868509787,0.0,0.0,0.6931471805599453,0.0,7.824445930877619,7.23833979982843,6.7416148987639,0.0,12,0
1303,7.263939267622037,1.0,0.0,0.0,0.0,4.602044285447683,0.0,0.0,0.6931471805599453,0.0,7.313886831633462,5.786808266966689,6.467123528100999,0.0,12,0
1307,7.488767308329807,1.0,0.0,0.0,0.0,9.124665511849859,0.0,0.0,2.4849066497880004,0.0,8.699681400989514,8.34385003310415,5.819066482193172,0.166667,8,0
1310,4.803729789207729,1.0,0.0,0.0,0.0,6.821543061125221,0.0,0.0,0.6931471805599453,0.0,7.0909098220799835,6.906519783071287,4.738379804348828,0.083333,12,0
1315,8.009061894356652,1.0,0.0,0.0,0.0,7.772898788326044,0.0,0.0,3.4657359027997265,0.0,8.160803920954665,6.7794701338470045,6.600667610007027,0.0,12,0
1320,6.815291688196204,1.0,0.0,0.0,0.0,7.269830783108051,0.0,0.0,1.6094379124341003,0.0,7.313886831633462,7.431879013231358,5.667411711468116,0.083333,12,0
1327,7.925971203141948,1.0,0.0,0.0,0.0,6.902589628955718,0.0,0.0,1.0986122886681098,0.0,8.699681400989514,6.6738586398916215,6.42069921753642,0.0,12,0
1328,8.01121630848414,1.0,0.0,0.0,0.0,5.3894889578332785,0.0,0.0,1.9459101490553132,0.0,8.006700845440367,6.593095405451209,7.17645026974,0.0,12,0
1332,8.943426521529677,1.0,0.0,0.0,0.0,7.8934859992782345,0.0,0.0,2.5649493574615367,0.0,8.987321812850125,7.611799831908848,8.08611679195406,0.0,12,0
1336,8.380256430415256,1.0,0.0,0.0,0.0,6.474726829720015,0.0,0.0,1.6094379124341003,0.0,8.412054873292933,6.880797173624854,7.2014097376768875,0.0,12,0
1345,8.63221927710949,1.0,0.0,0.0,0.0,8.38112783742163,0.0,0.0,1.791759469228055,0.0,9.305741456739435,7.408161645518169,7.109352557942271,0.0,12,0
1348,6.724318221848958,0.727273,0.0,0.0,0.0,8.627043001555291,0.0,0.0,2.833213344056216,0.0,8.160803920954665,9.042153525789955,5.498575194064673,0.363636,12,0
1359,9.177939944842182,1.0,0.0,0.0,0.0,7.6182763059127785,0.0,0.0,1.3862943611198906,0.0,9.392745258631441,7.795583782102214,8.161617990252966,0.0,12,0
1364,7.272030255371418,1.0,0.0,0.0,0.0,4.493222187094784,0.0,0.0,0.6931471805599453,0.0,7.313886831633462,5.7019004414088155,5.907820050356088,0.0,12,0
1365,8.656396628291013,1.0,0.0,0.0,0.0,6.873915679870114,0.0,0.0,1.9459101490553132,0.0,9.510519035757246,7.429995977963081,7.4847524353588675,0.0,12,0
1378,8.318551006845102,1.0,0.0,0.0,0.0,7.418358953919308,0.0,0.0,1.6094379124341003,0.0,8.922791623969637,6.8277218737653325,7.181477144866733,0.0,12,0
1385,1.012778763193504,0.571429,0.0,0.0,0.0,5.971082818665097,0.0,0.0,1.0986122886681098,0.0,8.006700845440367,6.5593170641488046,3.8585508970430644,1.0,7,0
1389,7.9058754380723215,1.0,0.0,0.0,0.0,7.5157860695662455,0.0,0.0,2.5649493574615367,0.0,8.006700845440367,6.4933923675692995,6.961081149835877,0.0,12,0
1391,7.227839730661945,1.0,0.0,0.0,0.0,6.219015700656674,0.0,0.0,1.6094379124341003,0.0,7.313886831633462,6.531211314028925,5.830886726556307,0.0,12,0
1393,7.950894467224457,1.0,0.0,0.0,0.0,4.614778904042805,0.0,0.0,0.6931471805599453,0.0,8.987321812850125,6.4949358203113094,6.689835222683032,0.0,12,0
1397,7.66686149439714,1.0,0.0,0.0,0.0,7.542039218427239,0.0,0.0,1.3862943611198906,0.0,8.006700845440367,6.3397521547234605,6.493268015352778,0.0,12,0
1402,6.372102538788873,0.818182,0.0,0.0,0.0,6.8234505723803744,0.0,0.0,1.0986122886681098,0.0,6.90875477931522,6.937499571786233,5.628954882099354,0.125,12,0
1407,6.834825781999846,1.0,0.0,0.0,0.0,7.04751041698632,0.0,0.0,1.9459101490553132,0.0,6.90875477931522,7.22682089631466,5.9755336820576845,0.0,12,0
1410,9.081180433237668,1.0,0.0,0.0,0.0,8.915640343846903,0.0,0.0,1.0986122886681098,0.0,9.392745258631441,7.5601385773957706,8.012561326993275,0.0,12,0
1419,0.0012132636978536711,0.181818,0.0,0.0,0.0,3.704024560803834,0.0,0.0,0.6931471805599453,0.0,8.922791623969637,5.447089102905073,0.11067874875303237,0.0,12,0
1426,4.735962903112024,1.0,0.0,0.0,0.0,5.033595323704351,0.0,0.0,0.6931471805599453,0.0,8.699681400989514,6.317054180641709,5.341955271069714,0.0,12,0
1428,7.461383894373289,1.0,0.0,0.0,0.0,4.513004194040522,0.0,0.0,1.3862943611198906,0.0,7.496097345175956,6.089806988592952,6.3673291270707555,0.0,12,0
1450,9.344240489988143,1.0,0.0,0.0,0.0,9.06450490319264,0.0,0.0,2.772588722239781,0.0,9.581972891547895,8.286242707149515,8.387789896402902,0.0,12,0
1451,8.323091082565204,1.0,0.0,0.0,0.0,8.680270952078786,0.0,0.0,1.0986122886681098,0.0,9.259225769705994,8.89718958935153,7.24583469340094,0.1,12,0
1462,8.722443808118687,1.0,0.0,0.0,0.0,8.881082428966558,0.0,0.0,3.1354942159291497,0.0,9.350189267092581,7.198973330235879,7.411602944728755,0.0,12,0
1469,6.967661499751499,0.636364,0.0,0.0,0.0,7.822564484337651,0.0,0.0,2.0794415416798357,0.0,8.006700845440367,8.246369155073394,6.029316251480841,0.166667,12,0
1475,7.8444477076940835,1.0,0.0,0.0,0.0,8.057332461253495,0.0,0.0,2.8903717578961645,0.0,8.006700845440367,6.515967689698624,6.4261553809582725,0.0,10,0
1481,7.658945087349617,1.0,0.0,0.0,0.0,8.450260130134357,0.0,0.0,2.1972245773362196,0.0,8.294299608857235,7.259297276361528,6.223615234111566,0.0,12,0
1485,7.7848063367232525,1.0,0.0,0.0,0.0,6.178542076314364,0.0,0.0,0.6931471805599453,0.0,8.853808274977197,8.18641244533152,6.302444575922755,0.0,12,0
1489,8.47742740578594,1.0,0.0,0.0,0.0,7.018516802303882,0.0,0.0,2.4849066497880004,0.0,8.517393171418904,7.371900897286974,7.284766069500964,0.0,12,0
1491,8.388037553825008,1.0,0.0,0.0,0.0,9.280472663144579,0.0,0.0,3.091042453358316,0.0,8.987321812850125,8.690301717106417,7.39782271954979,0.090909,12,0
1504,8.687244662655415,1.0,0.0,0.0,0.0,6.15133779036235,0.0,0.0,1.0986122886681098,0.0,8.77971129020447,7.246785827473933,7.6422347427229305,0.0,12,0
1505,8.561902072181528,1.0,0.0,0.0,0.0,8.248161274838791,0.0,0.0,3.332204510175204,0.0,8.556606193773073,8.5165134294304,8.58760565829401,0.0,12,0
1506,8.013314734441181,1.0,0.0,0.0,0.0,5.987961122275763,0.0,0.0,1.0986122886681098,0.0,8.101980731853192,6.441429634450625,6.862553269728448,0.0,11,0
1508,6.858268358434345,0.909091,0.0,0.0,0.0,7.17454303996235,0.0,0.0,1.3862943611198906,0.0,7.313886831633462,7.2742788172129105,5.5789053012534495,0.0,12,0
1518,7.994377539013816,0.777778,0.0,0.0,0.0,8.65075778898947,0.0,0.0,2.772588722239781,0.0,8.853808274977197,8.750149224558122,6.733966262312284,0.142857,9,0
1528,7.940487438692565,1.0,0.0,0.0,0.0,4.7069007202280435,0.0,0.0,1.0986122886681098,0.0,8.006700845440367,6.4255566707284295,6.894310795581829,0.0,12,0
1529,7.868684011666317,1.0,0.0,0.0,0.0,6.413977039333055,0.0,0.0,1.3862943611198906,0.0,8.006700845440367,6.3854357981891186,7.248326052258545,0.0,12,0
1536,7.4891523108104,1.0,0.0,0.0,0.0,8.624751241266123,0.0,0.0,2.1972245773362196,0.0,8.922791623969637,8.432443018594615,6.137036939121822,0.0,12,0
1540,8.419374418301176,1.0,0.0,0.0,0.0,5.551883641961444,0.0,0.0,0.6931471805599453,0.0,8.987321812850125,7.37132696757445,7.20657205143705,0.0,12,0
1542,7.004959691775646,1.0,0.0,0.0,0.0,5.11100364159234,0.0,0.0,1.0986122886681098,0.0,7.0909098220799835,5.605641858610491,5.8478231949188775,0.0,12,0
1547,9.078928936368303,1.0,0.0,0.0,0.0,8.430123355627016,0.0,0.0,2.3978952727983707,0.0,9.105090961257085,7.509469430166865,7.723324422274489,0.0,12,0
1558,8.081272990969536,1.0,0.0,0.0,0.0,5.153660208632165,0.0,0.0,2.1972245773362196,0.0,8.160803920954665,6.500863084069822,7.358143999423974,0.0,12,0
1562,8.197475820616267,1.0,0.0,0.0,0.0,9.261079352159998,0.0,0.0,2.772588722239781,0.0,9.105090961257085,8.551168099361282,6.835922032446496,0.090909,12,0
1580,0.11917051710311645,0.2,0.0,0.0,0.0,3.875815369196059,0.0,0.0,0.6931471805599453,0.0,7.0909098220799835,4.794058409951936,2.0953009881804294,0.5,10,0
1599,6.544203627452748,0.818182,0.0,0.0,0.0,6.992171835418222,0.0,0.0,1.3862943611198906,0.0,7.0909098220799835,7.451779125325875,5.484253042870374,0.142857,12,0
1600,8.154670460163981,0.9,0.0,0.0,0.0,8.231901149897093,0.0,0.0,2.4849066497880004,0.0,8.294299608857235,6.417610421345341,7.0633406077796765,0.0,10,0
1602,7.348440868307004,1.0,3.576270509731282,3.576270509731282,0.0,5.227759302929563,0.1,0.0,1.3862943611198906,0.6931471805599453,8.006700845440367,8.047718313556846,6.008195754084837,0.0,10,0
1627,7.121796410281162,0.727273,0.0,0.0,0.0,7.582610898290349,0.0,0.0,1.3862943611198906,0.0,7.601402334583733,6.381782999940554,6.245705279858235,0.0,12,0
1629,8.901222597415137,0.875,0.0,0.0,0.0,9.118716808204386,0.0,0.0,2.4849066497880004,0.0,9.105090961257085,7.181738235051581,7.632224954107246,0.0,8,0
1633,7.157953764942077,0.777778,0.0,0.0,0.0,8.664163261403662,0.0,0.0,2.8903717578961645,0.0,8.006700845440367,8.312422936832961,5.603069424263655,0.0,9,0
1636,7.393663725885087,0.636364,0.0,0.0,0.0,7.895625180110046,0.0,0.0,2.302585092994046,0.0,8.699681400989514,6.797732300919333,6.80964202172438,0.0,12,0
1640,6.794161828868026,1.0,0.0,0.0,0.0,5.079374200003346,0.0,0.0,1.0986122886681098,0.0,7.601402334583733,6.387065320581864,5.600206336420021,0.0,12,0
1643,7.407883155550939,1.0,0.0,0.0,0.0,4.550613055287341,0.0,0.0,1.6094379124341003,0.0,7.496097345175956,5.969224817488982,6.576901312880795,0.0,12,0
1646,8.546679180715723,1.0,0.0,0.0,0.0,8.304938089942361,0.0,0.0,2.833213344056216,0.0,8.77971129020447,7.151174773012089,6.991969458877783,0.0,12,0
1648,7.438012734249219,0.818182,0.0,0.0,0.0,7.720630942033443,0.0,0.0,1.0986122886681098,0.0,8.412054873292933,8.615014438214912,6.548099519681369,0.111111,12,0
1659,7.967650602874444,1.0,0.0,0.0,0.0,5.5478168449144265,0.0,0.0,1.3862943611198906,0.0,8.006700845440367,6.570430057272558,6.429359608455136,0.0,12,0
1662,7.558123150731371,1.0,3.6888794541139363,3.6888794541139363,0.0,4.5397670458418755,0.083333,0.0,0.6931471805599453,0.6931471805599453,7.576097340623111,6.298800607133136,6.704267374800307,0.0,12,0
1665,7.722474799596519,1.0,0.0,0.0,0.0,6.988122323283632,0.0,0.0,0.6931471805599453,0.0,8.006700845440367,6.143576616093781,6.493078674005745,0.0,12,0
1679,5.325854943022303,0.818182,0.0,0.0,0.0,6.444714463390906,0.0,0.0,1.3862943611198906,0.0,7.3783837129967145,7.567764643559828,5.0311360763183695,0.0,12,0
1682,7.107829396618028,0.363636,0.0,0.0,0.0,8.632019760941485,0.0,0.0,1.3862943611198906,0.0,8.699681400989514,6.341494873891376,7.01538469982679,0.0,12,0
1683,8.227350848860334,1.0,0.0,0.0,0.0,4.7675623059458765,0.0,0.0,0.6931471805599453,0.0,8.294299608857235,4.862690251632028,10.209022808499768,0.0,12,0
1686,8.243784799306312,1.0,0.0,0.0,0.0,7.278650539741011,0.0,0.0,2.5649493574615367,0.0,8.294299608857235,6.820999071615788,7.449709547287842,0.0,12,0
1688,8.41883898393714,1.0,0.0,0.0,0.0,8.059503696957323,0.0,0.0,1.791759469228055,0.0,8.987321812850125,6.904288452477682,6.940594474457246,0.0,12,0
1689,8.169219428453577,1.0,0.0,0.0,0.0,8.28660322952491,0.0,0.0,2.70805020110221,0.0,9.105090961257085,8.189840487204977,7.096818489673357,0.0,12,0
1700,8.613744144052578,1.0,0.0,0.0,0.0,5.268825124391321,0.0,0.0,1.3862943611198906,0.0,8.699681400989514,7.21233773747573,7.76055174642618,0.0,12,0
1701,7.953105452898426,1.0,0.0,0.0,0.0,8.050162898701103,0.0,0.0,1.9459101490553132,0.0,8.699681400989514,6.524132165775101,6.982245181405493,0.0,12,0
1705,7.7965486782533695,1.0,0.0,0.0,0.0,5.282860283980787,0.0,0.0,0.6931471805599453,0.0,8.294299608857235,6.885366075881089,6.532328302393639,0.0,12,0
1706,7.117443066995729,1.0,0.0,0.0,0.0,8.553542616364,0.0,0.0,3.367295829986474,0.0,8.412054873292933,8.708121818051179,5.857772790197223,0.083333,12,0
1712,8.011219276719231,1.0,0.0,0.0,0.0,5.8358653737202655,0.0,0.0,2.0794415416798357,0.0,8.006700845440367,6.621619628869401,7.193597122500815,0.0,12,0
1713,4.536956321710504,0.727273,0.0,0.0,0.0,6.528328876586543,0.0,0.0,0.6931471805599453,0.0,8.160803920954665,6.9526806855398595,3.7382993961221445,0.166667,12,0
1718,7.930505953842346,1.0,0.0,0.0,0.0,7.308712479056734,0.0,0.0,2.70805020110221,0.0,8.006700845440367,7.443947387162701,7.159810871977052,0.0,11,0
1724,6.890493301639852,1.0,0.0,0.0,0.0,6.162115771798496,0.0,0.0,1.3862943611198906,0.0,8.160803920954665,6.645608914672682,5.482816313606361,0.0,12,0
1730,7.148683447092051,1.0,0.0,0.0,0.0,6.521395294677021,0.0,0.0,1.3862943611198906,0.0,7.313886831633462,6.268925915027675,6.033866279584913,0.0,12,0
1733,2.408568384686614,0.1,0.0,0.0,0.0,5.290899275417926,0.0,0.0,0.6931471805599453,0.0,7.313886831633462,6.475896687635363,5.008262053520642,0.0,10,0
1735,6.901764856173719,1.0,0.0,0.0,0.0,7.369986440707785,0.0,0.0,2.995732273553991,0.0,7.0909098220799835,7.690001323547161,6.099610708000926,0.090909,12,0
1740,8.201672422705354,1.0,0.0,0.0,0.0,6.856922074526453,0.0,0.0,1.6094379124341003,0.0,8.987321812850125,6.8839830329245215,6.800498689133422,0.0,12,0
1760,8.434768094656132,1.0,0.0,0.0,0.0,8.94456234552814,0.0,0.0,3.091042453358316,0.0,9.546884034617925,9.197808750480023,7.063909244606102,0.083333,12,0
1774,7.74281696783183,0.888889,0.0,0.0,0.0,8.628164779701406,0.0,0.0,3.091042453358316,0.0,8.699681400989514,5.806489951115759,6.09712335827128,0.0,9,0
1776,6.96542897698484,1.0,0.0,0.0,0.0,7.211244350209936,0.0,0.0,1.6094379124341003,0.0,7.313886831633462,7.231331616935932,5.588594987647221,0.0,12,0
1777,8.47722978382971,1.0,0.0,0.0,0.0,7.434564897160959,0.0,0.0,1.9459101490553132,0.0,9.04793908261736,6.994641454467719,7.3556716967554605,0.0,12,0
1778,8.8301851969013,1.0,0.0,0.0,0.0,9.341959183658243,0.0,0.0,3.7612001156935624,0.0,9.210440366976517,8.82991347653668,7.907403666996477,0.0,12,0
1779,1.4165686840144966,0.545455,0.0,0.0,0.0,5.7636398092418855,0.0,0.0,1.0986122886681098,0.0,7.824445930877619,6.328829044474729,4.04568171744721,0.25,12,0
1783,7.1776195304109445,1.0,0.0,0.0,0.0,4.611851049239214,0.0,0.0,1.0986122886681098,0.0,7.313886831633462,6.271485004198019,5.845740013639778,0.0,12,0
1786,7.193267600225307,1.0,0.0,0.0,0.0,6.932790690371261,0.0,0.0,1.0986122886681098,0.0,7.496097345175956,6.530294311857665,5.743244927818781,0.0,12,0
1789,7.028739944835386,1.0,0.0,0.0,0.0,5.606144930305533,0.0,0.0,0.6931471805599453,0.0,9.04793908261736,6.4973590292549295,5.565583187199625,0.0,12,0
1795,8.97322822729206,1.0,0.0,0.0,0.0,7.157724094776947,0.0,0.0,2.0794415416798357,0.0,9.392745258631441,7.4304431123206305,7.671633888262205,0.0,12,0
1798,7.728396048572439,1.0,3.26804686887465,3.26804686887465,0.0,6.117664630929402,0.083333,0.0,1.3862943611198906,0.6931471805599453,8.03947991910045,6.2229661107236405,6.704905179343053,0.0,12,0
1799,7.774334305097815,1.0,0.0,0.0,0.0,6.851087303681075,0.0,0.0,1.9459101490553132,0.0,8.77971129020447,8.323734454549331,6.863029886523514,0.0,12,0
1800,7.2963474584728765,1.0,0.0,0.0,0.0,5.1050670397053635,0.0,0.0,1.6094379124341003,0.0,7.313886831633462,5.832584339425049,6.251120588031031,0.0,12,0
1801,8.832590638525954,1.0,0.0,0.0,0.0,7.836330876738981,0.0,0.0,2.302585092994046,0.0,8.922791623969637,7.530696947031684,7.709539841803314,0.0,12,0
1802,7.3321367335203025,1.0,0.0,0.0,0.0,5.3538361143700675,0.0,0.0,1.3862943611198906,0.0,7.438971592395862,6.294169731013049,6.2337612619212335,0.0,12,0
1810,8.555386816718404,1.0,0.0,0.0,0.0,7.428420428650773,0.0,0.0,2.302585092994046,0.0,8.612685172875459,7.7928009705621335,7.71170062032449,0.0,12,0
1811,7.542503766226373,1.0,0.0,0.0,0.0,8.070337682588116,0.0,0.0,2.4849066497880004,0.0,8.987321812850125,9.054923765401675,6.6288728214383985,0.166667,12,0
1818,8.172717873360119,1.0,0.0,0.0,0.0,7.525379602063875,0.0,0.0,1.0986122886681098,0.0,8.294299608857235,6.672908895881671,6.848609126191549,0.0,12,0
1825,5.51843216782597,0.272727,0.0,0.0,0.0,7.26159554862528,0.0,0.0,1.3862943611198906,0.0,8.160803920954665,5.204109434545346,5.835597000975521,0.0,12,0
1831,8.39012181292501,1.0,0.0,0.0,0.0,7.658609532507749,0.0,0.0,2.3978952727983707,0.0,8.517393171418904,6.938400978686091,7.05926258331161,0.0,12,0
1846,4.473860301129807,0.5,0.0,0.0,0.0,6.145163685720134,0.0,0.0,0.6931471805599453,0.0,7.313886831633462,6.300473672563713,4.18931004626203,0.0,10,0
1856,8.136161227898072,1.0,0.0,0.0,0.0,9.019858018842202,0.0,0.0,2.302585092994046,0.0,9.105090961257085,6.579183251367495,7.057415713587486,0.0,11,0
1858,8.760809897173045,1.0,0.0,0.0,0.0,8.335813554796163,0.0,0.0,2.772588722239781,0.0,9.259225769705994,7.228162232228866,7.339883214280582,0.0,12,0
1866,7.090539583691758,0.5,0.0,0.0,0.0,7.949033684534112,0.0,0.0,1.0986122886681098,0.0,8.006700845440367,6.563527445921261,6.459866769786415,0.0,10,0
1869,7.232850122109061,1.0,0.0,0.0,0.0,4.029134864784989,0.0,0.0,1.0986122886681098,0.0,7.313886831633462,5.626290005137021,6.226214301126899,0.0,12,0
1872,6.291560967302705,1.0,0.0,0.0,0.0,7.676741172955856,0.0,0.0,1.0986122886681098,0.0,7.0909098220799835,8.103089051399524,5.717530433567861,0.111111,12,0
1874,7.129637051388045,1.0,0.0,0.0,0.0,6.223691051231564,0.0,0.0,1.3862943611198906,0.0,7.313886831633462,6.583267129076469,5.613598678133569,0.0,12,0
1877,6.898708341576201,0.909091,0.0,0.0,0.0,7.013742719781323,0.0,0.0,2.0794415416798357,0.0,7.0909098220799835,5.485165089779201,5.650237661536652,0.0,11,0
1886,6.016031964056828,0.272727,0.0,0.0,0.0,7.535221915344346,0.0,0.0,0.6931471805599453,0.0,9.210440366976517,8.269597274949929,4.82907065876496,0.090909,12,0
1890,7.0197093342036885,1.0,0.0,0.0,0.0,7.228527255437725,0.0,0.0,2.4849066497880004,0.0,7.313886831633462,5.15152236559503,5.013357651782277,0.0,7,0
1894,7.452350279329066,1.0,3.8383764652598478,3.8383764652598478,0.0,7.411684488052376,0.083333,0.0,1.791759469228055,1.0986122886681098,8.294299608857235,6.239350694153629,6.088087088116779,0.0,12,0
1895,7.422953252679566,1.0,0.0,0.0,0.0,4.328265257600723,0.0,0.0,0.6931471805599453,0.0,7.650168700845001,5.837557324309323,6.627608233444962,0.0,12,0
1901,8.557846037231657,1.0,0.0,0.0,0.0,8.088793964692973,0.0,0.0,1.9459101490553132,0.0,9.15915233520675,6.904934014956805,6.9976859131245615,0.0,8,0
1904,8.888624458685102,1.0,0.0,0.0,0.0,8.292038564494405,0.0,0.0,3.2188758248682006,0.0,9.04793908261736,7.881065386186391,7.836543093605843,0.0,12,0
1905,7.559548025905441,1.0,0.0,0.0,0.0,8.703471392359942,0.0,0.0,0.6931471805599453,0.0,8.77971129020447,8.880543213349155,6.441066798154486,0.166667,12,0
1916,6.75702395482274,1.0,0.0,0.0,0.0,6.814528218776818,0.0,0.0,1.0986122886681098,0.0,8.160803920954665,7.251260238646729,5.504608778871433,0.0,12,0
1919,8.59772299305563,1.0,0.0,0.0,0.0,8.527696197437137,0.0,0.0,3.4011973816621555,0.0,8.987321812850125,7.297995106500207,7.350235863444015,0.0,12,0
1920,9.389014298414574,1.0,0.0,0.0,0.0,7.654112632967543,0.0,0.0,3.1354942159291497,0.0,9.472781556562168,8.277502322780208,8.63098387284374,0.0,12,0
1924,9.134083994590227,1.0,0.0,0.0,0.0,8.333177228727047,0.0,0.0,1.791759469228055,0.0,9.15915233520675,7.8387070731274795,7.717283011288629,0.0,12,0
1928,7.293507814059114,1.0,0.0,0.0,0.0,5.143862546308105,0.0,0.0,1.791759469228055,0.0,7.313886831633462,5.982643072057281,6.242996866926581,0.0,12,0
1932,7.450260115136117,1.0,0.0,0.0,0.0,5.564194990395674,0.0,0.0,1.0986122886681098,0.0,7.576097340623111,6.1308814256076225,6.400459861698318,0.0,12,0
1933,7.717852538163833,0.5,0.0,0.0,0.0,8.800148906215506,0.0,0.0,2.5649493574615367,0.0,8.853808274977197,5.758980663509892,7.096569429865059,0.0,10,0
1934,7.417560863484922,1.0,0.0,0.0,0.0,7.661395964527787,0.0,0.0,2.302585092994046,0.0,7.824445930877619,7.357226533693434,5.971554276618481,0.0,12,0
1935,7.246921197952758,1.0,0.0,0.0,0.0,3.61638824736731,0.0,0.0,1.0986122886681098,0.0,7.313886831633462,5.032557347024972,8.085090235839514,0.0,11,0
1937,8.439724134277828,1.0,0.0,0.0,0.0,9.167503559698131,0.0,0.0,2.302585092994046,0.0,8.517393171418904,6.420895403704799,6.4531394668678645,0.0,6,0
1938,4.742347416959789,0.363636,0.0,0.0,0.0,6.213535389275409,0.0,0.0,0.6931471805599453,0.0,8.77971129020447,6.748334166291354,5.193914309047493,0.0,12,0
1950,8.207313546763832,1.0,0.0,0.0,0.0,7.80909141989001,0.0,0.0,2.995732273553991,0.0,8.294299608857235,6.516017843234971,7.217612298582251,0.0,12,0
1951,7.476420315822119,0.727273,0.0,0.0,0.0,7.348480029010473,0.0,0.0,1.9459101490553132,0.0,8.207310953292687,8.542402866989429,6.485782349967043,0.125,12,0
1955,4.683334391919974,1.0,2.797281334830153,2.797281334830153,0.0,5.2130934093532755,0.083333,0.0,1.9459101490553132,0.6931471805599453,5.303304908059076,5.545582823239989,5.297983120694115,0.0,12,0
1962,6.9817723009285855,1.0,3.4965075614664802,3.4965075614664802,0.0,7.528558117432075,0.083333,0.0,3.1780538303479458,0.6931471805599453,9.105090961257085,7.726611118969035,5.9564516030645365,0.0,12,0
1965,6.998460474831858,1.0,0.0,0.0,0.0,2.9695061557453033,0.0,0.0,0.6931471805599453,0.0,7.0909098220799835,5.626652731290652,5.649618256089247,0.0,12,0
1966,7.397329056296969,1.0,0.0,0.0,0.0,5.946837724442297,0.0,0.0,1.0986122886681098,0.0,7.650168700845001,7.019935801831391,6.132926940722186,0.0,12,0
1969,6.1062408158567525,0.363636,2.9338568698359038,2.9338568698359038,0.0,7.79598383828963,0.083333,0.0,1.3862943611198906,0.6931471805599453,7.824445930877619,9.196145646659033,6.604868383513994,0.5,12,0
1971,7.311983601252573,0.875,0.0,0.0,0.0,8.399680585065553,0.0,0.0,2.1972245773362196,0.0,7.824445930877619,8.002145537410675,6.192183452998901,0.166667,8,0
1974,7.2831404032238725,0.545455,0.0,0.0,0.0,8.25695493850376,0.0,0.0,2.3978952727983707,0.0,8.294299608857235,6.321132242401908,6.543310637537329,0.0,12,0
1980,7.892234660536894,1.0,4.02535169073515,4.02535169073515,0.0,5.757014786433894,0.083333,0.0,1.3862943611198906,0.6931471805599453,8.006700845440367,6.363937817211685,7.1889380116577914,0.0,12,0
1984,7.9089232828295435,1.0,0.0,0.0,0.0,6.563833527700592,0.0,0.0,1.791759469228055,0.0,9.210440366976517,7.288730153153322,6.620014431469802,0.0,12,0
1987,7.648964248510691,1.0,0.0,0.0,0.0,7.3441069915545745,0.0,0.0,1.0986122886681098,0.0,8.160803920954665,6.236616677092055,6.3264399121900565,0.0,12,0
1988,9.040286368744477,1.0,0.0,0.0,0.0,9.038464065522737,0.0,0.0,2.772588722239781,0.0,9.105090961257085,9.280012922962017,8.097282866521915,0.0,12,0
1998,7.315514214256064,1.0,0.0,0.0,0.0,5.031356714858692,0.0,0.0,1.6094379124341003,0.0,7.3783837129967145,6.004259415060385,6.609129201439759,0.0,12,0
2000,5.989817962230846,0.272727,0.0,0.0,0.0,8.195494620268827,0.0,0.0,1.0986122886681098,0.0,9.798182590890704,8.94986676778363,5.123756719831239,0.0,12,0
2001,9.143852152905566,1.0,0.0,0.0,0.0,7.735401791249889,0.0,0.0,1.6094379124341003,0.0,9.210440366976517,7.756575126273734,7.837147311591566,0.0,12,0
2002,7.405797376342098,1.0,0.0,0.0,0.0,5.056868146685606,0.0,0.0,0.6931471805599453,0.0,7.576097340623111,6.29787208972456,6.346385664241191,0.0,12,0
2003,8.997843013925934,1.0,0.0,0.0,0.0,8.458499681165536,0.0,0.0,2.70805020110221,0.0,9.305741456739435,7.555819718105037,8.127518278318176,0.0,12,0
2008,8.061456159459796,0.857143,0.0,0.0,0.0,8.25724072588214,0.0,0.0,1.9459101490553132,0.0,8.343077871169383,5.969446718965111,6.842075509535046,0.0,7,0
2014,7.54972469216524,1.0,0.0,0.0,0.0,8.194037234718078,0.0,0.0,1.6094379124341003,0.0,8.987321812850125,8.96496348234489,6.115983189769227,0.0,12,0
2019,7.83322113874301,1.0,0.0,0.0,0.0,7.826152326215808,0.0,0.0,1.3862943611198906,0.0,8.853808274977197,6.25448839592496,6.41067469125122,0.0,12,0
2035,6.957578249623303,1.0,0.0,0.0,0.0,6.151944852523045,0.0,0.0,1.9459101490553132,0.0,7.313886831633462,6.388193867423533,5.49543745788722,0.0,12,0
2036,8.246063281244531,1.0,0.0,0.0,0.0,6.7440978557639095,0.0,0.0,0.6931471805599453,0.0,8.412054873292933,7.267281668184009,7.311773890752054,0.0,12,0
2038,8.868807617667034,1.0,0.0,0.0,0.0,7.4079830467297825,0.0,0.0,2.1972245773362196,0.0,8.922791623969637,7.245143134867495,8.409125151943792,0.0,12,0
2044,7.444654389395361,1.0,1.0986122886681098,1.0986122886681098,0.0,8.565468260851913,0.083333,0.0,1.9459101490553132,0.6931471805599453,7.824445930877619,8.450894135419562,6.143886108585654,0.083333,12,0
2049,7.166465822888414,1.0,0.0,0.0,0.0,4.54160820121697,0.0,0.0,0.6931471805599453,0.0,7.313886831633462,5.736206075589432,6.151016804256804,0.0,12,0
2050,8.15002779747196,0.909091,0.0,0.0,0.0,5.303928897416819,0.0,0.0,1.791759469228055,0.0,8.412054873292933,8.650006101969321,7.337542369705055,0.1,12,0
2056,6.818400171783135,0.363636,0.0,0.0,0.0,7.926555993763238,0.0,0.0,1.0986122886681098,0.0,8.006700845440367,5.955343607688173,6.8171734266977975,0.0,12,0
2061,4.932858477906121,1.0,0.0,0.0,0.0,7.5690017011508255,0.0,0.0,1.6094379124341003,0.0,8.006700845440367,7.820142555477481,4.2502769966386325,0.083333,12,0
2062,7.844250623227997,0.857143,0.0,0.0,0.0,8.506730339378523,0.0,0.0,2.1972245773362196,0.0,9.210440366976517,5.589016331100946,6.56399474110085,0.0,7,0
2065,7.936438253552032,1.0,3.822098297900159,0.0,3.822098297900159,8.469454897886862,0.0,0.142857,1.6094379124341003,1.0986122886681098,9.105090961257085,8.96470003612874,6.048101043383761,0.0,7,0
2070,8.508471373701687,1.0,0.0,0.0,0.0,8.155514215309067,0.0,0.0,3.295836866004329,0.0,8.77971129020447,7.133914399693079,7.360936857596615,0.0,12,0
2075,7.219297128532581,0.818182,0.009950330853168092,0.009950330853168092,0.0,8.62489835306217,0.090909,0.0,2.5649493574615367,0.6931471805599453,8.006700845440367,8.299892629543477,6.25624000999107,0.125,11,0
2083,6.140987829168228,1.0,0.0,0.0,0.0,7.063033361052591,0.0,0.0,1.791759469228055,0.0,8.922791623969637,6.83904963624106,5.124853904730795,0.0,12,0
2089,6.735187261401919,1.0,0.0,0.0,0.0,7.507411969996733,0.0,0.0,1.791759469228055,0.0,8.77971129020447,6.693071207655999,5.575207688214664,0.0,12,0
2091,5.450965729891355,0.571429,0.0,0.0,0.0,7.269016646880591,0.0,0.0,0.6931471805599453,0.0,7.313886831633462,7.8070210845502865,4.457502800780388,0.5,7,0
2096,5.108230757619146,0.9,0.0,0.0,0.0,6.154859261743974,0.0,0.0,1.3862943611198906,0.0,9.15915233520675,6.530000651457851,5.034670487381872,0.285714,10,0
2097,6.454445185282504,0.666667,0.0,0.0,0.0,7.0714559464524624,0.0,0.0,1.6094379124341003,0.0,7.0909098220799835,4.396800942605558,5.302037797155308,0.0,6,0
2100,7.4714075590252325,1.0,0.0,0.0,0.0,6.862572427230723,0.0,0.0,1.3862943611198906,0.0,8.699681400989514,6.988788086806252,6.513900832515811,0.0,12,0
2101,8.07574757454617,1.0,0.0,0.0,0.0,9.621303378903127,0.0,0.0,2.833213344056216,0.0,9.350189267092581,9.928237394220591,6.685156942761163,0.25,12,0
2105,7.8394833925516325,1.0,0.0,0.0,0.0,5.873091996471783,0.0,0.0,1.3862943611198906,0.0,8.006700845440367,6.435396225100504,6.4355922495090425,0.0,12,0
2106,8.098105299308283,1.0,0.0,0.0,0.0,8.06825634631889,0.0,0.0,1.3862943611198906,0.0,9.04793908261736,7.201148287948106,6.781579062041926,0.0,12,0
2108,7.451376857036192,1.0,0.0,0.0,0.0,5.91419726188392,0.0,0.0,2.302585092994046,0.0,7.496097345175956,6.572299848837962,6.493370155058931,0.0,12,0
2111,7.57931895293127,1.0,0.0,0.0,0.0,5.357054669674925,0.0,0.0,1.6094379124341003,0.0,7.650168700845001,6.454865710781044,6.69646597882492,0.0,12,0
2117,7.298514657952371,1.0,0.0,0.0,0.0,6.868929026019204,0.0,0.0,0.6931471805599453,0.0,7.496097345175956,5.826057931667296,6.038434830107309,0.0,9,0
2118,7.172271639874132,1.0,0.0,0.0,0.0,7.229734695198576,0.0,0.0,1.0986122886681098,0.0,8.412054873292933,6.918105143872338,5.639219288325558,0.0,12,0
2119,7.109196243619895,1.0,0.0,0.0,0.0,7.782672279990861,0.0,0.0,2.3978952727983707,0.0,8.006700845440367,5.956588506979521,6.161432066480269,0.0,12,0
2120,8.308952852489199,1.0,0.0,0.0,0.0,8.373167444030086,0.0,0.0,1.6094379124341003,0.0,8.77971129020447,7.028638589150491,6.9139511926049995,0.0,12,0
2121,7.082267670964976,0.909091,0.0,0.0,0.0,7.283369218767293,0.0,0.0,1.3862943611198906,0.0,7.313886831633462,7.413226154438924,5.900406484227459,0.0,12,0
2131,8.856937633813633,1.0,0.0,0.0,0.0,8.076617230066741,0.0,0.0,2.5649493574615367,0.0,8.922791623969637,7.991737259041508,7.935498739441999,0.0,12,0
2139,7.90018244320714,1.0,0.0,0.0,0.0,4.944464344382995,0.0,0.0,0.6931471805599453,0.0,8.006700845440367,6.53095599783271,6.8248710224298375,0.0,12,0
2148,7.487409726299952,0.818182,0.0,0.0,0.0,8.274975799711147,0.0,0.0,1.6094379124341003,0.0,8.006700845440367,7.939302620094492,6.750728144289025,0.111111,12,0
2149,7.27425725894582,1.0,0.0,0.0,0.0,6.81979168222968,0.0,0.0,0.6931471805599453,0.0,8.77971129020447,6.3442543571785155,5.73622330110317,0.0,12,0
2155,8.067610144375564,1.0,0.0,0.0,0.0,7.423420576610867,0.0,0.0,0.6931471805599453,0.0,8.412054873292933,6.573848211499589,7.107833572645351,0.0,12,0
2156,7.915136554322189,1.0,0.0,0.0,0.0,5.55353242469355,0.0,0.0,1.9459101490553132,0.0,8.006700845440367,6.851810654437123,7.13145542177057,0.0,12,0
2163,6.912448741435273,0.818182,3.9318256327243257,3.9318256327243257,0.0,6.128288813517938,0.083333,0.0,1.791759469228055,0.6931471805599453,8.160803920954665,8.12859566049678,5.565160317479039,0.0,12,0
2166,7.408698191026734,1.0,0.0,0.0,0.0,5.539515355219368,0.0,0.0,2.1972245773362196,0.0,7.496097345175956,6.354775737621699,6.671680489684941,0.0,12,0
2167,7.88661533477206,1.0,0.0,0.0,0.0,5.948746054851379,0.0,0.0,1.0986122886681098,0.0,8.517393171418904,6.742169302665793,6.533904053679476,0.0,12,0
2171,6.95865309192721,0.909091,0.0,0.0,0.0,8.21639997377799,0.0,0.0,3.258096538021482,0.0,7.3783837129967145,8.090853957374206,6.135654984425809,0.090909,11,0
2173,6.994417679753315,1.0,0.0,0.0,0.0,4.34415852833542,0.0,0.0,0.6931471805599453,0.0,7.0909098220799835,5.921318206166561,6.04677626393548,0.0,12,0
2174,7.267753406723865,0.625,0.0,0.0,0.0,8.23539117483552,0.0,0.0,2.772588722239781,0.0,8.517393171418904,4.940609911181361,6.277019057904686,0.0,8,0
2180,7.604104510999089,1.0,0.0,0.0,0.0,6.237578489327601,0.0,0.0,1.3862943611198906,0.0,7.650168700845001,6.61625996803556,6.171585634644286,0.0,12,0
2184,7.863190678041229,1.0,0.0,0.0,0.0,5.230624708345897,0.0,0.0,0.6931471805599453,0.0,8.006700845440367,6.652645332110635,6.511499002131777,0.0,12,0
2189,8.62536261379928,1.0,0.0,0.0,0.0,7.917831014352125,0.0,0.0,1.3862943611198906,0.0,8.699681400989514,7.467348480948213,7.164573379568933,0.0,12,0
2190,7.6564731075209,1.0,0.0,0.0,0.0,8.049157275512183,0.0,0.0,1.791759469228055,0.0,8.160803920954665,7.5643701739667035,6.262030939660101,0.0,12,0
2191,7.095223416049415,1.0,0.0,0.0,0.0,7.139006039485428,0.0,0.0,2.0794415416798357,0.0,7.824445930877619,5.645037425128229,5.98317788234462,0.0,10,0
2192,7.8583923585688815,1.0,0.0,0.0,0.0,5.549467335195088,0.0,0.0,0.6931471805599453,0.0,8.006700845440367,6.491654618360055,6.369694742384047,0.0,12,0
2194,8.210252573676813,1.0,0.6931471805599453,0.6931471805599453,0.0,6.757278594427903,0.083333,0.0,1.0986122886681098,0.6931471805599453,8.853808274977197,6.8522343893144075,6.85508412209367,0.0,12,0
2196,8.68741477675601,0.818182,0.0,0.0,0.0,9.169238828177335,0.0,0.0,1.9459101490553132,0.0,9.472781556562168,7.378254282384832,7.906928993005665,0.0,11,0
2200,8.034507247232161,1.0,0.0,0.0,0.0,7.827110729803937,0.0,0.0,2.3978952727983707,0.0,8.294299608857235,6.912408568617341,6.485095772320043,0.0,12,0
2211,7.107355740311629,1.0,0.0,0.0,0.0,6.094410335406959,0.0,0.0,1.0986122886681098,0.0,7.313886831633462,6.294158569274752,5.667941581604136,0.0,12,0
2215,8.698980186690973,1.0,0.0,0.0,0.0,8.147607192786735,0.0,0.0,2.5649493574615367,0.0,8.77971129020447,7.533413149639682,7.304640939993128,0.0,12,0
2221,5.972244718851445,1.0,0.0,0.0,0.0,0.0,0.0,0.333333,0.0,0.0,8.294299608857235,5.266761398046969,5.4333921194541395,0.0,12,0
2224,7.430126434452991,1.0,0.0,0.0,0.0,5.499681907607286,0.0,0.0,0.6931471805599453,0.0,7.496097345175956,6.3289300741814305,5.819285974885504,0.0,12,0
2227,7.231090577656552,1.0,0.0,0.0,0.0,4.849191206356908,0.0,0.0,1.3862943611198906,0.0,7.313886831633462,5.6375815449273,6.246966883845779,0.0,12,0
2229,5.002860797531237,1.0,0.0,0.0,0.0,4.2473459532985505,0.0,0.0,0.6931471805599453,0.0,6.398594934535208,3.9397684752553883,5.526131215026768,0.0,12,0
2234,7.466976922395669,1.0,0.0,0.0,0.0,5.063560718501355,0.0,0.0,0.6931471805599453,0.0,7.601402334583733,6.29053793212072,6.184819016868402,0.0,12,0
2237,6.9011578527468025,1.0,0.0,0.0,0.0,3.829211407914754,0.0,0.0,0.6931471805599453,0.0,6.90875477931522,5.090068505295316,5.219630643278634,0.0,9,0
2240,8.24249202815409,1.0,0.0,0.0,0.0,9.757278342927545,0.0,0.0,4.04305126783455,0.0,9.392745258631441,9.673174452570082,6.984287780159985,0.166667,12,0
2246,6.80626651175711,1.0,0.0,0.0,0.0,8.278264359531585,0.0,0.0,1.791759469228055,0.0,7.496097345175956,8.198248591516332,6.360375587002723,0.181818,11,0
2248,6.878658821912589,1.0,0.0,0.0,0.0,7.618592479402831,0.0,0.0,2.70805020110221,0.0,7.601402334583733,7.225954232192991,5.895959553078598,0.083333,12,0
2273,7.17207860630917,1.0,0.0,0.0,0.0,4.299752903659212,0.0,0.0,0.6931471805599453,0.0,7.313886831633462,5.762716639435311,6.277392686067286,0.0,12,0
2281,4.143987997173092,0.636364,3.4210000089583352,3.4210000089583352,0.0,6.732925969080279,0.083333,0.0,1.0986122886681098,0.6931471805599453,8.699681400989514,7.363304371056671,4.6981580166805745,0.166667,12,0
2292,7.291601200849541,1.0,0.0,0.0,0.0,3.6556136571999143,0.0,0.0,1.0986122886681098,0.0,7.313886831633462,5.782723606587137,6.065036444170553,0.0,12,0
2299,6.89526066234718,0.727273,0.0,0.0,0.0,7.208715648114096,0.0,0.0,0.6931471805599453,0.0,7.313886831633462,5.624844247375134,5.895620830498205,0.0,11,0
2300,6.863190999172385,1.0,0.0,0.0,0.0,7.044253397395556,0.0,0.0,1.6094379124341003,0.0,7.0909098220799835,7.2468381926755985,5.9232964095416385,0.0,12,0
2302,8.103319932270079,1.0,0.0,0.0,0.0,7.147785753801543,0.0,0.0,2.302585092994046,0.0,8.853808274977197,6.93447129481809,7.299449874633008,0.0,12,0
2304,6.839637797800693,0.727273,0.0,0.0,0.0,7.226764753101465,0.0,0.0,0.6931471805599453,0.0,7.313886831633462,5.890896448895329,5.820063571114527,0.0,11,0
2305,6.962593654836271,0.545455,0.0,0.0,0.0,8.23685603146628,0.0,0.0,1.0986122886681098,0.0,8.699681400989514,7.981210674581705,5.279614156870765,0.0,12,0
2306,8.682451973996288,1.0,0.0,0.0,0.0,8.107565646675862,0.0,0.0,2.1972245773362196,0.0,8.922791623969637,7.257686707243206,7.501620281084966,0.0,12,0
2313,7.647234679726331,1.0,0.0,0.0,0.0,7.176940913376033,0.0,0.0,1.0986122886681098,0.0,8.006700845440367,6.156643774747662,6.817260684810759,0.0,12,0
2319,6.804040894373522,1.0,0.0,0.0,0.0,4.356867301311313,0.0,0.0,0.6931471805599453,0.0,6.90875477931522,5.291449979934845,5.3735371703877775,0.0,12,0
2320,7.045081642088464,1.0,0.0,0.0,0.0,4.089287949075671,0.0,0.0,1.3862943611198906,0.0,7.0909098220799835,5.674461471404902,5.87031342173753,0.0,12,0
2323,3.265157741250625,0.181818,0.0,0.0,0.0,6.25486430987739,0.0,0.0,1.791759469228055,0.0,8.699681400989514,7.679034498588756,4.0349859886282875,1.0,12,0
2329,8.875894457417044,1.0,0.0,0.0,0.0,7.826875597796616,0.0,0.0,1.9459101490553132,0.0,9.798182590890704,8.14576232812963,7.383437586470779,0.0,12,0
2343,8.688347257932266,1.0,0.0,0.0,0.0,8.35568812167128,0.0,0.0,2.3978952727983707,0.0,8.699681400989514,7.885403146624744,8.396751819813739,0.0,12,0
2344,6.903111816779023,0.857143,0.0,0.0,0.0,8.308824745661498,0.0,0.0,2.772588722239781,0.0,9.210440366976517,5.130490539760201,5.474010583519833,0.0,7,0
2348,8.308990400250844,1.0,0.0,0.0,0.0,8.417441972419475,0.0,0.0,1.6094379124341003,0.0,8.517393171418904,8.085663937498367,6.765838328494095,0.0,12,0
2352,8.417262132435324,1.0,0.0,0.0,0.0,6.874505995223134,0.0,0.0,1.0986122886681098,0.0,9.15915233520675,7.2071324031879005,7.005406965319176,0.0,12,0
2353,6.626324931708965,1.0,0.0,0.0,0.0,6.802779147217134,0.0,0.0,1.0986122886681098,0.0,7.0909098220799835,6.972293552932178,5.086754413014082,0.083333,12,0
2365,7.231831921679783,1.0,0.0,0.0,0.0,6.475785186166487,0.0,0.0,0.6931471805599453,0.0,7.783640596221253,8.043463362904765,8.040442258225413,0.0,12,0
2366,6.0067535744988785,0.545455,0.0,0.0,0.0,8.451120139247942,0.0,0.0,2.1972245773362196,0.0,9.741027444837728,9.09912894708264,5.042021202860664,0.75,12,0
2370,6.324202831914014,1.0,0.0,0.0,0.0,6.8806139478512,0.0,0.0,0.6931471805599453,0.0,8.294299608857235,7.585314176618552,5.244050397273901,0.083333,12,0
2375,7.543305840351251,1.0,0.0,0.0,0.0,4.547934099719953,0.0,0.0,1.3862943611198906,0.0,7.601402334583733,6.022277996416646,6.642163209251655,0.0,12,0
2377,7.085358700359471,0.875,0.0,0.0,0.0,7.268818952343911,0.0,0.0,1.6094379124341003,0.0,7.313886831633462,5.105967419114328,5.541352047124365,0.0,8,0
2378,7.841900284873718,1.0,0.0,0.0,0.0,4.688689001913834,0.0,0.0,0.6931471805599453,0.0,8.853808274977197,6.9712698995498785,6.378354131819923,0.0,12,0
2385,7.938174050166169,0.909091,0.0,0.0,0.0,8.884262493870688,0.0,0.0,2.302585092994046,0.0,9.210440366976517,6.5475583142891765,7.000092467460412,0.0,12,0
2389,8.616350824090574,1.0,0.0,0.0,0.0,8.735391970590385,0.0,0.0,3.1780538303479458,0.0,8.853808274977197,8.679214833787263,7.450483070366942,0.0,12,0
2393,7.9610405242995945,1.0,0.0,0.0,0.0,5.472084387413704,0.0,0.0,1.6094379124341003,0.0,8.006700845440367,6.573315231664776,6.685351224172975,0.0,12,0
2396,7.170837262750577,1.0,0.0,0.0,0.0,6.821511905184361,0.0,0.0,1.0986122886681098,0.0,7.783640596221253,5.7172016402253565,6.119927110834923,0.0,12,0
2397,8.013641272338782,1.0,0.0,0.0,0.0,8.136877407687297,0.0,0.0,2.302585092994046,0.0,8.294299608857235,7.067155940080534,6.745204593686035,0.0,12,0
2413,7.897311424528714,1.0,0.0,0.0,0.0,7.982645424377157,0.0,0.0,1.0986122886681098,0.0,9.105090961257085,6.751606325101169,6.5264349573374485,0.0,12,0
2423,8.018192746807145,1.0,0.0,0.0,0.0,5.916466873903015,0.0,0.0,1.0986122886681098,0.0,8.006700845440367,4.5292902818127265,10.171381518828797,0.0,12,0
2424,7.839232978049675,1.0,0.0,0.0,0.0,6.32530200324155,0.0,0.0,1.0986122886681098,0.0,7.919719760924575,6.839497754918129,6.4025603116091805,0.0,12,0
2426,8.19594263705626,1.0,0.0,0.0,0.0,7.150858300978234,0.0,0.0,0.6931471805599453,0.0,8.699681400989514,6.917989831816649,7.26746246981007,0.0,11,0
2429,7.017114731224235,0.727273,0.0,0.0,0.0,5.702645581971887,0.0,0.0,0.6931471805599453,0.0,8.699681400989514,8.25421353261249,6.3067107304498995,0.111111,12,0
2439,8.93519151206298,1.0,0.0,0.0,0.0,8.254519189044913,0.0,0.0,1.0986122886681098,0.0,8.987321812850125,7.336813055777124,7.607563087230725,0.0,12,0
2447,6.6423308491812705,0.909091,0.0,0.0,0.0,7.584677754471532,0.0,0.0,0.6931471805599453,0.0,9.04793908261736,7.991206121252378,5.8200573187484235,0.181818,12,0
2448,8.456656190785955,1.0,0.0,0.0,0.0,9.199791662965508,0.0,0.0,3.4339872044851463,0.0,9.105090961257085,9.080217785621382,7.293943735884443,0.0,12,0
2449,7.605621907905435,1.0,0.0,0.0,0.0,7.79856713513206,0.0,0.0,1.6094379124341003,0.0,7.972810784121404,8.037199688650732,6.52580609680591,0.083333,12,0
2450,7.9575862559416315,1.0,3.417726683613366,3.417726683613366,0.0,4.6457462878792315,0.1,0.0,1.6094379124341003,0.6931471805599453,8.006700845440367,6.232558945564667,7.145492518516032,0.0,10,0
2451,5.293933370866566,1.0,0.0,0.0,0.0,6.882084676465482,0.0,0.0,1.791759469228055,0.0,7.0909098220799835,5.539205078950222,4.309612045245673,0.083333,12,0
2454,9.298035334018303,1.0,0.0,0.0,0.0,10.04896448364383,0.0,0.0,3.1780538303479458,0.0,9.61587214452889,9.81700083806886,8.048210578356034,0.0,12,0
2462,7.2576930139094795,1.0,0.0,0.0,0.0,4.586049128170656,0.0,0.0,1.6094379124341003,0.0,7.313886831633462,5.310370405951366,5.457650238450278,0.0,7,0
2465,8.547317284530397,1.0,0.0,0.0,0.0,7.963486878388092,0.0,0.0,1.6094379124341003,0.0,8.853808274977197,7.217754728066375,7.123877530560332,0.0,12,0
2487,8.679519276390703,0.666667,0.0,0.0,0.0,9.267798680898661,0.0,0.0,0.6931471805599453,0.0,9.350189267092581,7.511655405834084,7.5771432445256295,0.0,6,0
2488,8.585806388836112,1.0,0.0,0.0,0.0,7.8864836712304776,0.0,0.0,2.0794415416798357,0.0,8.853808274977197,7.250946193227696,7.114766689826073,0.0,12,0
2489,8.073591656607716,0.909091,0.0,0.0,0.0,8.234243450466089,0.0,0.0,1.791759469228055,0.0,9.105090961257085,6.622129315289269,7.0322611271417115,0.0,11,0
2490,8.371133777133767,1.0,0.0,0.0,0.0,9.114590059367623,0.0,0.0,2.995732273553991,0.0,8.922791623969637,9.243865903131676,7.20756775247359,0.0,12,0
2494,7.590367711935706,1.0,0.0,0.0,0.0,7.561881651806382,0.0,0.0,1.6094379124341003,0.0,8.612685172875459,7.301239939263441,6.170205101844096,0.0,12,0
2496,2.8052420639754585,0.090909,0.0,0.0,0.0,7.397144771606701,0.0,0.0,1.6094379124341003,0.0,7.601402334583733,7.549265728292107,3.514089096511473,0.0,12,0
2504,7.032873318271929,1.0,0.0,0.0,0.0,4.24162102581489,0.0,0.0,0.6931471805599453,0.0,7.0909098220799835,5.644080795338944,5.486316869089401,0.0,12,0
2505,5.516879189757807,0.454545,0.0,0.0,0.0,6.773060991028296,0.0,0.0,2.3978952727983707,0.0,7.0909098220799835,5.539943874776382,5.565350139627971,0.0,12,0
2507,7.2256654129239495,1.0,0.0,0.0,0.0,4.387459499899167,0.0,0.0,1.3862943611198906,0.0,7.313886831633462,5.71957967590019,6.146507657172318,0.0,12,0
2513,7.017692957031636,1.0,3.4339872044851463,3.4339872044851463,0.0,7.303621871036382,0.083333,0.0,2.4849066497880004,0.6931471805599453,7.313886831633462,7.518014597711603,6.348988161823774,0.083333,12,0
2514,5.906562783318805,0.636364,0.0,0.0,0.0,7.9514723939256164,0.0,0.0,1.3862943611198906,0.0,8.006700845440367,8.441420339935117,6.167971561332271,0.25,12,0
2517,6.624710237531869,0.727273,0.0,0.0,0.0,6.981228013415094,0.0,0.0,1.6094379124341003,0.0,7.0909098220799835,7.187504731484843,4.986654048924074,0.0,12,0
2519,7.545361534626046,1.0,0.0,0.0,0.0,8.425536131935115,0.0,0.0,2.0794415416798357,0.0,7.824445930877619,8.486427358576263,6.231731545801259,0.090909,12,0
2531,8.395198946703028,0.833333,0.0,0.0,0.0,8.855738752357246,0.0,0.0,2.6390573296152584,0.0,8.853808274977197,6.762892615016316,6.892010753879672,0.0,6,0
2532,7.74010292866846,1.0,0.0,0.0,0.0,6.682781020445591,0.0,0.0,1.0986122886681098,0.0,8.006700845440367,6.796409721975687,6.154837301868203,0.0,12,0
2538,6.280701743477498,0.909091,0.0,0.0,0.0,6.8366658337195405,0.0,0.0,1.0986122886681098,0.0,7.496097345175956,7.469998611895841,5.33652908044812,0.111111,12,0
2540,6.8237233466721525,0.454545,0.0,0.0,0.0,8.063945879820551,0.0,0.0,1.0986122886681098,0.0,8.160803920954665,8.39068929439973,5.5441952708987134,0.0,12,0
2541,7.397363512242266,1.0,0.0,0.0,0.0,5.621002344212977,0.0,0.0,0.6931471805599453,0.0,7.576097340623111,6.326443277933003,6.207846099552486,0.0,11,0
2542,7.7770621610383825,1.0,0.0,0.0,0.0,4.606278441645862,0.0,0.0,1.0986122886681098,0.0,7.824445930877619,6.337497629266141,6.742974542939093,0.0,12,0
2546,8.51956631393222,1.0,0.0,0.0,0.0,7.688176038112206,0.0,0.0,2.0794415416798357,0.0,8.853808274977197,7.191948786962736,7.1502929906518515,0.0,12,0
2547,7.508380966982462,1.0,0.0,0.0,0.0,7.422764270849135,0.0,0.0,1.6094379124341003,0.0,7.824445930877619,6.380782845966387,6.062140570965585,0.0,12,0
2552,7.686317806094128,1.0,0.0,0.0,0.0,6.067346471484779,0.0,0.0,1.0986122886681098,0.0,7.824445930877619,6.851089213918636,6.4993216812651475,0.0,12,0
2554,5.043098037628195,0.363636,0.0,0.0,0.0,8.29135661591534,0.0,0.0,2.0794415416798357,0.0,9.350189267092581,7.901365879457996,2.912433758988594,0.0,12,0
2556,6.968280136763482,1.0,0.0,0.0,0.0,5.774147678286719,0.0,0.0,2.1972245773362196,0.0,9.04793908261736,5.6145266462233465,5.771147640815958,0.0,12,0
2562,7.36691419317612,1.0,0.0,0.0,0.0,5.818146549357801,0.0,0.0,1.0986122886681098,0.0,7.496097345175956,6.141796602403049,6.109179229317211,0.0,12,0
2563,6.934593316307014,1.0,0.0,0.0,0.0,5.504876920415264,0.0,0.0,1.0986122886681098,0.0,7.0909098220799835,6.090222723461563,5.7726361253412755,0.0,12,0
2564,7.369478815175649,1.0,0.0,0.0,0.0,5.618167576681157,0.0,0.0,0.6931471805599453,0.0,7.601402334583733,6.340892540720346,5.866028334207105,0.0,12,0
2565,6.471080283245808,0.636364,0.0,0.0,0.0,7.608566211333066,0.0,0.0,1.0986122886681098,0.0,7.244941546337007,7.690236496816737,6.080242399003382,0.0,12,0
2570,5.7423460681074605,0.909091,0.0,0.0,0.0,7.9414576815652484,0.0,0.0,1.0986122886681098,0.0,8.922791623969637,7.9418450044297915,4.721520444598369,0.1,12,0
2572,6.897727396411912,1.0,0.0,0.0,0.0,6.328294805346093,0.0,0.0,1.791759469228055,0.0,7.0909098220799835,6.97810147537836,5.5787329254724005,0.0,12,0
2575,6.978453590845245,1.0,0.0,0.0,0.0,3.6955050314209745,0.0,0.0,0.6931471805599453,0.0,7.0909098220799835,5.661094017154883,5.579544514477482,0.0,12,0
2579,8.928584801202033,1.0,0.0,0.0,0.0,7.98158211024993,0.0,0.0,2.302585092994046,0.0,9.04793908261736,7.46130413913012,7.4878847897847285,0.0,12,0
2585,5.814508072487919,0.818182,0.0,0.0,0.0,7.48681668875818,0.0,0.0,2.3978952727983707,0.0,7.244941546337007,7.502494516971269,5.1816606326256585,0.181818,12,0
2595,7.052210631794271,0.909091,0.0,0.0,0.0,7.86111011250149,0.0,0.0,0.6931471805599453,0.0,8.006700845440367,7.866381204744685,6.1583393331981195,0.090909,12,0
2597,6.394332368518662,1.0,0.0,0.0,0.0,3.6265312524743116,0.0,0.0,0.6931471805599453,0.0,7.313886831633462,7.361315143805723,5.082002844245111,0.181818,12,0
2598,8.392718594946352,1.0,0.0,0.0,0.0,7.604916622498762,0.0,0.0,2.4849066497880004,0.0,8.517393171418904,7.175422827684271,7.26135430974654,0.0,12,0
2603,5.978128181804969,1.0,0.0,0.0,0.0,6.514186060375177,0.0,0.0,1.3862943611198906,0.0,6.90875477931522,5.768597251381683,5.22580255924835,0.0,12,0
2605,8.477654581963282,1.0,0.0,0.0,0.0,6.857080534305896,0.0,0.0,1.0986122886681098,0.0,9.04793908261736,7.14035416261835,7.392285356625956,0.0,12,0
2606,8.805372443853564,1.0,0.0,0.0,0.0,7.710402388793915,0.0,0.0,2.0794415416798357,0.0,8.922791623969637,7.469273549763156,7.771623087520244,0.0,12,0
2607,7.12210011326536,1.0,3.8426729272933526,3.8426729272933526,0.0,7.814664598294419,0.083333,0.0,2.3978952727983707,0.6931471805599453,7.313886831633462,7.880087994052742,6.170643989292724,0.083333,12,0
2619,7.076083494902916,1.0,0.0,0.0,0.0,5.5573592333442114,0.0,0.0,2.1972245773362196,0.0,7.0909098220799835,6.222902903212366,5.7909887945876655,0.0,12,0
2626,7.343157992010708,1.0,0.0,0.0,0.0,6.310032606236275,0.0,0.0,1.0986122886681098,0.0,7.601402334583733,6.013883814190855,6.171904893868739,0.0,12,0
2628,5.589029289364022,0.272727,0.0,0.0,0.0,7.353553243121828,0.0,0.0,1.0986122886681098,0.0,7.313886831633462,6.676609008661928,5.427530399087803,0.0,12,0
2637,7.174310773346542,1.0,0.0,0.0,0.0,4.379060941349592,0.0,0.0,1.0986122886681098,0.0,7.313886831633462,5.981757770917969,5.912389393910945,0.0,12,0
2648,7.511864645260065,1.0,0.0,0.0,0.0,6.536960878723191,0.0,0.0,0.6931471805599453,0.0,7.741099090035366,7.811149098861644,6.158969701946775,0.0,12,0
2650,4.611953507156056,0.818182,0.0,0.0,0.0,6.083129935905909,0.0,0.0,1.791759469228055,0.0,9.259225769705994,6.496592122787906,4.818501134804148,0.333333,12,0
2651,7.325517573144353,1.0,0.0,0.0,0.0,6.125549704813816,0.0,0.0,1.0986122886681098,0.0,7.576097340623111,6.161577953424592,5.946133189738859,0.0,12,0
2652,4.625219135885544,0.454545,0.0,0.0,0.0,7.5214544467941264,0.0,0.0,2.3978952727983707,0.0,8.77971129020447,8.579608620450403,4.419346010179777,1.0,12,0
2657,8.996516889080107,1.0,0.0,0.0,0.0,8.258862672805968,0.0,0.0,3.258096538021482,0.0,9.04793908261736,7.78958345922887,7.7556796767680725,0.0,12,0
2660,9.011843979048587,1.0,0.0,0.0,0.0,7.976167118437306,0.0,0.0,1.9459101490553132,0.0,9.546884034617925,7.669832462586188,7.604918712091745,0.0,12,0
2661,6.43768118485381,0.818182,0.0,0.0,0.0,7.6595026349608,0.0,0.0,1.3862943611198906,0.0,7.0909098220799835,7.517439870693813,5.169759420097119,0.25,12,0
2667,7.7740005010301125,1.0,0.0,0.0,0.0,7.187586233405932,0.0,0.0,1.6094379124341003,0.0,8.006700845440367,6.310750564507455,6.326000980914214,0.0,12,0
2673,8.6999193956627,1.0,0.0,0.0,0.0,7.785650117637505,0.0,0.0,1.0986122886681098,0.0,9.105090961257085,7.2232189479533115,7.491227815288168,0.0,12,0
2676,7.356648349524698,1.0,0.0,0.0,0.0,7.892629904056357,0.0,0.0,1.9459101490553132,0.0,8.006700845440367,8.137302073614869,6.171021454528258,0.090909,12,0
2682,8.56414957867264,0.625,0.0,0.0,0.0,9.19005269462024,0.0,0.0,0.6931471805599453,0.0,9.210440366976517,7.205324022587583,7.607285196966245,0.0,8,0
2690,7.631836885567571,1.0,0.0,0.0,0.0,8.371420628911087,0.0,0.0,2.5649493574615367,0.0,8.294299608857235,8.603847670125251,6.3231539319642085,0.2,12,0
2691,7.465058012726223,1.0,0.0,0.0,0.0,5.29478798058628,0.0,0.0,1.791759469228055,0.0,7.496097345175956,6.266178848415375,6.293350054639081,0.0,12,0
2693,7.9580865815276685,0.636364,0.0,0.0,0.0,8.598689586896555,0.0,0.0,1.3862943611198906,0.0,8.699681400989514,9.286900224313513,7.627611084466943,0.166667,12,0
2694,7.3341500855390525,1.0,0.0,0.0,0.0,4.1054521110289945,0.0,0.0,0.6931471805599453,0.0,7.3783837129967145,5.852285364270494,6.267930447185915,0.0,12,0
2695,5.824459496469901,1.0,0.0,0.0,0.0,7.391214444481365,0.0,0.0,2.302585092994046,0.0,8.006700845440367,6.886828413607085,5.383304997143626,0.0,12,0
2706,7.960807604858378,1.0,0.0,0.0,0.0,6.873350852955307,0.0,0.0,2.0794415416798357,0.0,8.77971129020447,7.079947109565872,6.590288576965074,0.0,12,0
2708,7.965381798955844,1.0,0.0,0.0,0.0,7.35533320446016,0.0,0.0,1.6094379124341003,0.0,8.006700845440367,6.483575319924524,6.8007784466769285,0.0,12,0
2710,7.820061034574739,1.0,0.0,0.0,0.0,7.420221587688211,0.0,0.0,1.0986122886681098,0.0,8.006700845440367,7.098724791679339,6.564649102963373,0.0,12,0
2713,7.827978435927701,1.0,0.0,0.0,0.0,4.094037381713665,0.0,0.0,0.6931471805599453,0.0,8.699681400989514,6.120684625295579,5.924901452570739,0.0,6,0
2720,5.132695486698846,0.454545,0.0,0.0,0.0,6.765723954355895,0.0,0.0,1.6094379124341003,0.0,7.0909098220799835,6.483887027553107,4.256177940116399,0.0,12,0
2722,6.6065920601846075,1.0,0.0,0.0,0.0,7.353808087285785,0.0,0.0,1.9459101490553132,0.0,7.313886831633462,7.590949645700832,5.2975902572681415,0.1,12,0
2727,7.332307658580517,1.0,0.0,0.0,0.0,7.979070498288178,0.0,0.0,1.6094379124341003,0.0,8.77971129020447,5.824522807270263,5.8256146053554785,0.0,12,0
2730,7.9507159534291185,1.0,0.0,0.0,0.0,7.6138299137682885,0.0,0.0,2.1972245773362196,0.0,8.006700845440367,6.2325423244806,6.752298319676552,0.0,12,0
2736,7.089879571320738,1.0,0.0,0.0,0.0,4.071514716520384,0.0,0.0,1.0986122886681098,0.0,7.0909098220799835,4.8628831885500645,8.91802446132697,0.0,12,0
2738,3.8421532638887106,0.545455,0.0,0.0,0.0,5.958296824389819,0.0,0.0,1.3862943611198906,0.0,9.210440366976517,5.5521626705704845,4.763887568252998,0.1,12,0
2739,5.883355245887187,0.545455,0.0,0.0,0.0,7.493428710912826,0.0,0.0,0.6931471805599453,0.0,7.576097340623111,8.456096456371888,6.219566913152462,0.25,12,0
2741,7.976397934119084,1.0,0.0,0.0,0.0,7.66035227342419,0.0,0.0,1.9459101490553132,0.0,8.922791623969637,8.25751852734867,6.621346518191545,0.0,12,0
2742,8.822507637277722,1.0,2.613006652415316,0.0,2.613006652415316,8.415639331907329,0.0,0.083333,2.6390573296152584,0.6931471805599453,9.210440366976517,9.288673557402724,7.41608865307232,0.083333,12,0
2753,7.064495772630382,1.0,0.0,0.0,0.0,6.936311232908294,0.0,0.0,1.6094379124341003,0.0,8.517393171418904,6.379995567822584,5.665528537491044,0.0,12,0
2756,8.02569743059659,1.0,0.0,0.0,0.0,7.620042156854612,0.0,0.0,1.3862943611198906,0.0,9.433563920090563,8.891095547688446,6.743081844321694,0.0,12,0
2762,7.326726708699461,1.0,0.0,0.0,0.0,7.509993390227255,0.0,0.0,2.4849066497880004,0.0,7.601402334583733,6.023753553414282,6.270587493270102,0.0,12,0
2769,6.150898509358812,0.545455,0.0,0.0,0.0,7.299543626460706,0.0,0.0,0.6931471805599453,0.0,7.313886831633462,8.070729655411865,5.565490748649775,0.25,12,0
2771,7.8760574068071865,1.0,0.0,0.0,0.0,6.285915245639376,0.0,0.0,1.6094379124341003,0.0,8.006700845440367,6.605206399845524,6.603606358451084,0.0,12,0
2779,7.868057979897345,1.0,0.0,0.0,0.0,7.8352777832826845,0.0,0.0,2.833213344056216,0.0,8.77971129020447,7.052968193430164,6.588938192733122,0.0,12,0
2780,9.386961081441981,1.0,3.638375321940168,0.0,3.638375321940168,8.55115209356735,0.0,0.25,2.70805020110221,1.3862943611198906,9.546884034617925,8.02090329719848,7.934755510159765,0.0,12,0
2792,8.70697465495243,1.0,0.0,0.0,0.0,6.289798708454831,0.0,0.0,2.8903717578961645,0.0,8.77971129020447,7.283137883901351,8.017389992911705,0.0,12,0
2794,7.934747073770999,1.0,0.0,0.0,0.0,5.439891635232532,0.0,0.0,1.3862943611198906,0.0,8.006700845440367,6.308223559365025,7.170101518671798,0.0,11,0
2797,4.0799568030303925,0.4,0.0,0.0,0.0,5.028672160739891,0.0,0.0,0.6931471805599453,0.0,7.0909098220799835,4.394017246598759,4.92291911606544,0.0,10,0
2798,7.461326724054345,1.0,0.0,0.0,0.0,5.2399805298169655,0.0,0.0,1.3862943611198906,0.0,8.853808274977197,6.216862605111042,6.013343734996305,0.0,12,0
2815,7.556789140488235,0.666667,0.0,0.0,0.0,9.164815241907053,0.0,0.0,0.6931471805599453,0.0,9.210440366976517,9.90345703657052,6.458343090543266,0.5,6,0
2818,7.7278877601815035,0.714286,0.0,0.0,0.0,8.119947455331863,0.0,0.0,1.3862943611198906,0.0,8.160803920954665,6.003000150455428,6.875240187450382,0.0,7,0
2820,7.735806656064989,0.909091,0.0,0.0,0.0,7.0708261615258,0.0,0.0,2.0794415416798357,0.0,8.699681400989514,8.170117446818518,6.3153137998221265,0.0,12,0
2824,7.970441870843285,1.0,0.0,0.0,0.0,7.080975043179156,0.0,0.0,1.6094379124341003,0.0,8.294299608857235,6.778389077606754,6.834944118527604,0.0,12,0
2825,7.371541727173032,1.0,0.0,0.0,0.0,7.331773260566789,0.0,0.0,1.6094379124341003,0.0,7.601402334583733,5.664178078839473,6.022801846981702,0.0,7,0
2828,8.278650570697312,1.0,0.0,0.0,0.0,7.477660844536879,0.0,0.0,1.3862943611198906,0.0,9.392745258631441,7.654343960879939,6.9542706339243505,0.0,12,0
2829,6.984723821941978,1.0,0.0,0.0,0.0,7.139320677970465,0.0,0.0,2.302585092994046,0.0,7.0909098220799835,7.230299025119915,5.607140930646402,0.090909,11,0
2830,7.842520299831044,1.0,0.0,0.0,0.0,7.211411854922755,0.0,0.0,2.1972245773362196,0.0,8.006700845440367,6.575657282408226,6.855139439891446,0.0,12,0
2836,5.714033186133166,0.818182,0.0,0.0,0.0,8.213134080624998,0.0,0.0,2.1972245773362196,0.0,7.601402334583733,8.302396287970478,4.487200024074682,0.1,12,0
2838,6.473498594799149,0.818182,0.0,0.0,0.0,6.791685202373343,0.0,0.0,1.9459101490553132,0.0,7.208600337960199,6.672201270534114,5.2232956832412345,0.0,12,0
2845,7.217847834874191,1.0,0.0,0.0,0.0,4.31740597682985,0.0,0.0,0.6931471805599453,0.0,7.313886831633462,5.747838935047452,5.8813649279508375,0.0,11,0
2846,7.706276746355086,0.545455,0.0,0.0,0.0,8.771718690110124,0.0,0.0,2.5649493574615367,0.0,8.853808274977197,5.988458152428935,6.171523203807037,0.0,12,0
2851,7.199915572218397,0.909091,0.0,0.0,0.0,7.582113451460334,0.0,0.0,0.6931471805599453,0.0,7.601402334583733,7.747152029071636,5.989041170601682,0.111111,12,0
2857,7.229774297086884,1.0,0.0,0.0,0.0,6.1209808139548105,0.0,0.0,1.791759469228055,0.0,7.313886831633462,6.664034790896524,6.053086666552316,0.0,12,0
2861,7.042643636013875,1.0,0.0,0.0,0.0,3.8762204134370672,0.0,0.0,0.6931471805599453,0.0,7.0909098220799835,5.649207137094482,5.871013196538608,0.0,12,0
2862,8.346825008974413,1.0,0.0,0.0,0.0,8.97098523921559,0.0,0.0,2.833213344056216,0.0,8.922791623969637,8.556102503974001,7.35417594133106,0.083333,12,0
2865,7.859606219067041,1.0,0.0,0.0,0.0,7.836254934513911,0.0,0.0,1.6094379124341003,0.0,8.517393171418904,7.407887283062244,6.53483480089773,0.0,12,0
2867,8.836131607383365,1.0,0.0,0.0,0.0,8.243322132995084,0.0,0.0,1.3862943611198906,0.0,9.105090961257085,7.223921943666001,7.472016376170906,0.0,12,0
2869,8.394278137854604,1.0,0.0,0.0,0.0,8.072134615714486,0.0,0.0,3.4965075614664802,0.0,8.434028950155469,7.948788182390733,7.84222635786907,0.0,12,0
2874,4.756518339547475,1.0,4.019441402195416,0.0,4.019441402195416,6.591082070042782,0.0,0.166667,1.0986122886681098,1.0986122886681098,7.0909098220799835,6.0207005885299925,4.753896868214064,0.0,12,0
2884,7.551420198979184,1.0,0.0,0.0,0.0,7.729288861182611,0.0,0.0,1.3862943611198906,0.0,7.824445930877619,7.9202188453761115,6.47864328304782,0.083333,12,0
2887,8.516384314963867,1.0,0.0,0.0,0.0,7.8401981345371805,0.0,0.0,2.0794415416798357,0.0,8.764209507142004,7.0112036067734955,7.125889953189706,0.0,12,0
2888,8.592911976086025,1.0,0.0,0.0,0.0,8.29951736481412,0.0,0.0,1.791759469228055,0.0,8.987321812850125,9.016551133429008,7.0633986387795655,0.090909,12,0
2889,7.518936178987908,1.0,0.0,0.0,0.0,7.860769903006177,0.0,0.0,2.3978952727983707,0.0,7.824445930877619,5.922940727206277,6.0599116206743435,0.0,8,0
2896,7.233461614992133,1.0,0.0,0.0,0.0,4.6378228477920365,0.0,0.0,0.6931471805599453,0.0,7.313886831633462,5.2168410609305145,5.363386412557398,0.0,6,0
2915,5.596855095070928,0.181818,0.0,0.0,0.0,8.635295896328515,0.0,0.0,0.6931471805599453,0.0,9.105090961257085,10.437289438463957,6.637208885909084,1.0,12,0
2922,7.742873772936917,1.0,0.0,0.0,0.0,8.164046019281095,0.0,0.0,1.3862943611198906,0.0,8.006700845440367,8.008250798257798,6.3763248857899715,0.083333,12,0
2923,8.99117302831046,1.0,0.0,0.0,0.0,8.498069461996735,0.0,0.0,3.9318256327243257,0.0,9.04793908261736,8.606736796259021,7.666707433077664,0.0,12,0
2926,7.667539165917447,1.0,0.0,0.0,0.0,7.659950979727322,0.0,0.0,1.791759469228055,0.0,8.699681400989514,7.061156132331201,6.269554033089691,0.0,12,0
2928,7.8779030610316445,1.0,0.0,0.0,0.0,7.094291829363409,0.0,0.0,2.70805020110221,0.0,8.006700845440367,6.265308366704516,6.903132589799392,0.0,12,0
2929,6.21548263790104,1.0,0.0,0.0,0.0,6.2104789813394525,0.0,0.0,0.6931471805599453,0.0,7.0909098220799835,6.864282411500768,5.3808419119130075,0.0,12,0
2933,7.166516137434785,1.0,0.0,0.0,0.0,4.626773994105312,0.0,0.0,0.6931471805599453,0.0,7.313886831633462,6.2076379492728355,5.976927912850123,0.0,12,0
2935,7.904692363991549,1.0,0.0,0.0,0.0,7.412435842883127,0.0,0.0,1.6094379124341003,0.0,8.006700845440367,6.474458652318696,6.3776550510911925,0.0,12,0
2936,6.537798373294852,0.818182,0.0,0.0,0.0,7.736651513212589,0.0,0.0,2.1972245773362196,0.0,7.496097345175956,7.815178512548298,5.3177859135358005,0.0,12,0
2937,8.753148213211292,0.714286,0.0,0.0,0.0,8.610837288802998,0.0,0.0,1.9459101490553132,0.0,9.588845298501564,9.803225875125424,7.322758143737524,0.25,7,0
2938,8.400076452484882,1.0,0.0,0.0,0.0,5.5056044580353305,0.0,0.0,0.6931471805599453,0.0,8.517393171418904,7.085505949339771,7.622281091838732,0.0,12,0
2939,7.068736509676861,0.818182,0.0,0.0,0.0,7.260867136059415,0.0,0.0,0.6931471805599453,0.0,7.496097345175956,5.478897370218324,5.559333780765656,0.0,12,0
2941,7.326227950074211,0.727273,0.0,0.0,0.0,8.554109295805306,0.0,0.0,2.5649493574615367,0.0,8.612685172875459,8.816698128108994,7.0555138196914005,0.125,12,0
2942,6.968322652101073,1.0,0.0,0.0,0.0,4.932727509740163,0.0,0.0,0.6931471805599453,0.0,7.0909098220799835,6.103152916850547,5.480480169074533,0.0,12,0
2943,7.365641267780072,1.0,0.0,0.0,0.0,4.835816044486155,0.0,0.0,0.6931471805599453,0.0,7.496097345175956,6.142694611085881,6.181394844298152,0.0,12,0
2946,3.5030191934865678,1.0,0.0,0.0,0.0,6.632163980313806,0.0,0.0,1.3862943611198906,0.0,8.922791623969637,6.732988190798694,5.382575253243567,0.083333,12,0
2947,8.66989847041196,1.0,0.0,0.0,0.0,8.079259431644104,0.0,0.0,3.2188758248682006,0.0,9.15915233520675,7.1025546110381725,7.323846339824614,0.0,12,0
2954,7.007589977696194,1.0,0.0,0.0,0.0,7.636200263620216,0.0,0.0,2.6390573296152584,0.0,8.77971129020447,5.811291751073205,5.650959677842601,0.0,12,0
2955,7.486962199581419,1.0,0.0,0.0,0.0,4.610321773744301,0.0,0.0,0.6931471805599453,0.0,7.601402334583733,6.119786338921249,6.23521449476633,0.0,12,0
2956,8.178002823500918,1.0,0.0,0.0,0.0,7.2910592885459735,0.0,0.0,1.3862943611198906,0.0,8.294299608857235,6.787976559898641,6.962686369010328,0.0,12,0
2960,7.932898442313512,1.0,0.0,0.0,0.0,7.3448925604144195,0.0,0.0,1.791759469228055,0.0,8.987321812850125,6.7320248799057385,6.821561807416655,0.0,12,0
2962,8.3804641092276,1.0,0.0,0.0,0.0,6.487180491431725,0.0,0.0,2.4849066497880004,0.0,8.412054873292933,7.205181717265866,7.142726264822217,0.0,12,0
2963,6.921888059108526,0.909091,0.0,0.0,0.0,6.404386789877968,0.0,0.0,1.3862943611198906,0.0,7.0909098220799835,6.285489002187305,5.335573208297491,0.0,11,0
2964,8.884159312509476,1.0,0.0,0.0,0.0,8.211586810857792,0.0,0.0,2.70805020110221,0.0,9.392745258631441,7.57416163904275,7.486100316108623,0.0,12,0
2966,9.081615824168454,1.0,0.0,0.0,0.0,8.218181889715709,0.0,0.0,1.6094379124341003,0.0,9.392745258631441,7.716740300533426,7.978406592309805,0.0,12,0
2980,7.0214982240074475,1.0,0.0,0.0,0.0,6.619061664427438,0.0,0.0,1.6094379124341003,0.0,8.006700845440367,7.576669579221135,5.815029250244718,0.0,12,0
2989,7.884845918203438,1.0,0.0,0.0,0.0,7.687286196023276,0.0,0.0,2.0794415416798357,0.0,8.006700845440367,6.796361586927606,6.458888254340067,0.0,12,0
2991,5.853859993270738,0.857143,3.3250360206965914,3.3250360206965914,0.0,6.156653665725635,0.142857,0.0,2.4849066497880004,0.6931471805599453,6.2166061010848646,3.389626159206999,5.551107273552429,0.0,7,0
2992,7.697363670292417,1.0,0.0,0.0,0.0,7.908674955740318,0.0,0.0,1.6094379124341003,0.0,8.006700845440367,8.142619323479218,6.569333380003839,0.083333,12,0
2994,7.368565790085535,1.0,0.0,0.0,0.0,6.0906149483594945,0.0,0.0,0.6931471805599453,0.0,8.294299608857235,6.6924120298055225,6.116079308846137,0.0,12,0
3001,5.2952003988474265,0.636364,0.0,0.0,0.0,8.264539367030425,0.0,0.0,2.0794415416798357,0.0,9.105090961257085,8.732554634442142,4.74693950354123,0.5,12,0
3002,3.3529141139989793,0.090909,0.0,0.0,0.0,7.098681267914444,0.0,0.0,0.6931471805599453,0.0,9.305741456739435,9.559429019498074,3.86226650850958,0.0,12,0
3012,7.215091721416996,1.0,0.0,0.0,0.0,5.166896710465303,0.0,0.0,1.0986122886681098,0.0,7.313886831633462,5.823265037150203,5.687580657853653,0.0,12,0
3027,7.560311186320288,1.0,0.0,0.0,0.0,8.599478947912273,0.0,0.0,2.0794415416798357,0.0,8.612685172875459,7.985333628220324,6.442176944460115,0.0,12,0
3033,6.014473540768033,1.0,0.0,0.0,0.0,6.657899069126619,0.0,0.0,2.3978952727983707,0.0,7.313886831633462,7.306419281916371,5.269395955429605,0.083333,12,0
3034,6.365867747243638,0.636364,0.0,0.0,0.0,7.034020284368592,0.0,0.0,1.6094379124341003,0.0,7.0909098220799835,5.375394780542211,5.679652787926666,0.0,12,0
3037,7.111474889049553,1.0,0.0,0.0,0.0,5.681487709763188,0.0,0.0,0.6931471805599453,0.0,7.244941546337007,5.861010782296228,6.340362940405443,0.0,12,0
3038,8.255241899463858,1.0,0.0,0.0,0.0,7.567066774145446,0.0,0.0,2.9444389791664403,0.0,8.630700432209832,6.209084543641704,6.290358914939248,0.0,6,0
3039,8.612742638230293,1.0,0.0,0.0,0.0,8.50349951067509,0.0,0.0,1.9459101490553132,0.0,9.105090961257085,9.214113707981259,7.558032822636498,0.083333,12,0
3040,5.901310688600438,1.0,0.0,0.0,0.0,6.580987628565904,0.0,0.0,1.0986122886681098,0.0,8.77971129020447,4.56364526739125,5.072916193723097,0.0,10,0
3043,7.240968700715165,1.0,0.0,0.0,0.0,5.637263690090616,0.0,0.0,1.6094379124341003,0.0,7.3783837129967145,5.968239634668611,6.238197915840361,0.0,12,0
3060,7.032135137896338,1.0,0.0,0.0,0.0,7.312814109237297,0.0,0.0,1.791759469228055,0.0,7.576097340623111,6.497759647031947,5.367617648113002,0.0,12,0
3067,6.835693441604637,1.0,0.0,0.0,0.0,7.197620268885025,0.0,0.0,1.3862943611198906,0.0,8.699681400989514,6.066657702380313,5.4713249030419835,0.0,12,0
3071,7.313436987630711,1.0,0.0,0.0,0.0,2.950913395877379,0.0,0.0,0.6931471805599453,0.0,7.313886831633462,5.738395962622867,6.268622044378626,0.0,12,0
3076,6.503261858132963,0.545455,0.0,0.0,0.0,7.270242075638831,0.0,0.0,0.6931471805599453,0.0,7.313886831633462,6.099987062870235,6.189592166919893,0.0,12,0
3077,7.165527513894192,1.0,0.0,0.0,0.0,7.26315325714701,0.0,0.0,1.791759469228055,0.0,7.313886831633462,5.688017084738769,5.661827147184483,0.0,12,0
3078,7.216559456365895,1.0,0.0,0.0,0.0,6.139585893408012,0.0,0.0,1.9459101490553132,0.0,7.313886831633462,5.7171328899526594,6.097582736658437,0.0,11,0
3084,6.7901235535027915,0.909091,0.0,0.0,0.0,5.534646157286748,0.0,0.0,1.3862943611198906,0.0,7.313886831633462,7.459328361754681,5.764946455306232,0.181818,11,0
3089,8.313003919417502,1.0,0.0,0.0,0.0,8.161473880429135,0.0,0.0,1.6094379124341003,0.0,9.546884034617925,8.98892652011899,6.993215192908446,0.0,12,0
3095,7.442162202449259,0.666667,0.0,0.0,0.0,8.22157560523007,0.0,0.0,1.6094379124341003,0.0,8.294299608857235,5.647638684734804,6.0387600591269,0.0,6,0
3099,8.076987493876569,1.0,0.0,0.0,0.0,7.197662733184127,0.0,0.0,2.6390573296152584,0.0,9.581972891547895,6.691608329267522,6.649157298056344,0.0,12,0
3102,7.371578537144047,1.0,0.0,0.0,0.0,7.235675602008824,0.0,0.0,2.3978952727983707,0.0,8.006700845440367,6.122178424574304,6.324388619647623,0.0,12,0
3104,8.30135177152873,1.0,0.0,0.0,0.0,5.622904363408027,0.0,0.0,0.6931471805599453,0.0,8.412054873292933,6.794837634466292,7.360879157824693,0.0,12,0
3107,7.568439664256424,0.727273,0.0,0.0,0.0,8.341911892465857,0.0,0.0,2.8903717578961645,0.0,8.853808274977197,6.524430110115445,6.872648996737501,0.0,12,0
3113,7.576587683737402,0.833333,0.0,0.0,0.0,7.953426419454968,0.0,0.0,1.0986122886681098,0.0,8.006700845440367,5.709479383080826,6.007489142207918,0.0,6,0
3114,6.880675462135677,0.363636,0.0,0.0,0.0,8.07443388940031,0.0,0.0,1.791759469228055,0.0,8.699681400989514,6.027796659576185,6.932309181464902,0.0,12,0
3120,8.558850338667346,1.0,0.0,0.0,0.0,8.004802903201007,0.0,0.0,2.772588722239781,0.0,8.699681400989514,7.227689954415651,7.607171535258658,0.0,12,0
3125,6.757616204229996,0.909091,3.895080284697834,3.895080284697834,0.0,9.120428723990928,0.166667,0.0,2.6390573296152584,1.0986122886681098,9.210440366976517,5.933260790911573,5.578638328632864,0.0,12,0
3127,8.236725176829577,1.0,0.0,0.0,0.0,8.112762674733748,0.0,0.0,2.5649493574615367,0.0,8.699681400989514,6.782615050432261,6.793136896773499,0.0,12,0
3141,9.172722494099862,1.0,0.0,0.0,0.0,8.38329460795684,0.0,0.0,2.302585092994046,0.0,9.392745258631441,7.811968580217552,7.666360431761179,0.0,11,0
3163,6.868204505284867,0.727273,0.0,0.0,0.0,7.2142486559143135,0.0,0.0,1.3862943611198906,0.0,7.313886831633462,5.733468805982395,5.925887751149607,0.0,12,0
3165,8.894822286804414,1.0,0.0,0.0,0.0,7.538245651138773,0.0,0.0,1.6094379124341003,0.0,9.04793908261736,7.505049643787497,7.414816632363788,0.0,12,0
3167,7.227246920739572,1.0,0.0,0.0,0.0,7.41450557125399,0.0,0.0,1.0986122886681098,0.0,8.006700845440367,6.164493599508491,5.834459774897794,0.0,12,0
3174,8.119046197371654,1.0,0.0,0.0,0.0,7.513223397700523,0.0,0.0,0.6931471805599453,0.0,8.160803920954665,6.495632995975519,6.392824329887946,0.0,10,0
3178,8.41311925664705,1.0,0.0,0.0,0.0,8.457228419575916,0.0,0.0,3.5553480614894135,0.0,8.922791623969637,7.4885091309725444,6.991508088017907,0.0,12,0
3182,7.518026407570178,1.0,3.3002714630721948,3.3002714630721948,0.0,5.074994042825736,0.083333,0.0,0.6931471805599453,0.6931471805599453,7.576097340623111,6.26710109198282,6.443591613503977,0.0,12,0
3183,6.7408828880843865,0.181818,0.0,0.0,0.0,8.60393480147204,0.0,0.0,0.6931471805599453,0.0,8.699681400989514,7.046946500266123,7.27436805013151,0.0,12,0
3184,7.093296517865839,1.0,0.0,0.0,0.0,7.251049754690132,0.0,0.0,0.6931471805599453,0.0,7.313886831633462,5.963682975780582,5.2145838804901015,0.0,7,0
3186,7.374390448833213,1.0,0.0,0.0,0.0,5.348111983228956,0.0,0.0,1.0986122886681098,0.0,7.496097345175956,6.419113572440571,6.264348447213679,0.0,12,0
3192,7.530088084230979,0.909091,0.0,0.0,0.0,7.984740856444091,0.0,0.0,2.3978952727983707,0.0,8.006700845440367,6.879064029387944,6.16532887758404,0.0,12,0
3197,9.142399650713578,1.0,0.0,0.0,0.0,8.207359603749692,0.0,0.0,2.0794415416798357,0.0,9.305741456739435,7.744805912705544,7.7837080125243165,0.0,12,0
3198,7.726762066379392,1.0,0.0,0.0,0.0,7.855138625720185,0.0,0.0,1.791759469228055,0.0,8.006700845440367,6.236500841863801,6.152115348866221,0.0,12,0
3201,7.246685905570638,1.0,0.0,0.0,0.0,4.704092878259336,0.0,0.0,0.6931471805599453,0.0,7.313886831633462,6.084571549425446,6.071188961054521,0.0,12,0
3202,7.517064033234385,1.0,0.0,0.0,0.0,6.571226512563145,0.0,0.0,2.302585092994046,0.0,8.160803920954665,7.992894810946138,6.72952693793898,0.0,12,0
3206,4.49415686774881,0.727273,0.0,0.0,0.0,6.085676894969829,0.0,0.0,0.6931471805599453,0.0,7.824445930877619,6.180010384481783,4.370887928982964,0.083333,12,0
3210,9.293953790605292,1.0,0.0,0.0,0.0,8.481267482792276,0.0,0.0,1.3862943611198906,0.0,9.798182590890704,7.914480542892876,7.862021888369244,0.0,12,0
3215,6.109521096467193,1.0,4.189654742026425,4.189654742026425,0.0,5.874416435703601,0.090909,0.0,1.9459101490553132,0.6931471805599453,7.824445930877619,4.784609718737589,5.481642369721235,0.0,11,0
3216,7.473868436082039,1.0,0.0,0.0,0.0,5.902562560405213,0.0,0.0,0.6931471805599453,0.0,8.160803920954665,7.5333273957049744,6.387288713663839,0.0,12,0
3219,8.707183969078105,1.0,0.0,0.0,0.0,7.874736506917432,0.0,0.0,2.8903717578961645,0.0,9.04793908261736,7.319111825767496,7.387979443290417,0.0,12,0
3221,6.877653200502778,0.545455,0.0,0.0,0.0,8.884430901819277,0.0,0.0,1.791759469228055,0.0,8.556606193773073,8.871181768420206,5.391186227848831,0.166667,12,0
3222,6.666826848872405,1.0,0.0,0.0,0.0,5.74710911233743,0.0,0.0,1.3862943611198906,0.0,7.3783837129967145,5.66409509316352,5.601008847153143,0.0,12,0
3242,7.664401857697072,1.0,4.164803025870662,0.0,4.164803025870662,7.03245135287637,0.0,0.166667,1.791759469228055,1.3862943611198906,7.824445930877619,7.027093651142045,6.385802079415323,0.0,12,0
3243,8.447067864944124,1.0,0.0,0.0,0.0,6.663379683366859,0.0,0.0,1.791759469228055,0.0,8.517393171418904,7.058579081456304,7.178178451503319,0.0,12,0
3245,7.582860235576305,1.0,4.227563406008323,0.0,4.227563406008323,7.568881143941754,0.0,0.166667,1.9459101490553132,1.3862943611198906,7.824445930877619,6.133245870898454,6.29925965455684,0.0,12,0
3250,7.047656609903131,1.0,3.4531571205928664,3.4531571205928664,0.0,4.730796092438787,0.083333,0.0,1.3862943611198906,0.6931471805599453,8.006700845440367,8.061609138891066,6.236965066492854,0.0,12,0
3252,6.7994435193514695,1.0,0.0,0.0,0.0,6.898476712914473,0.0,0.0,2.6390573296152584,0.0,7.824445930877619,5.638489033971894,5.554115846426126,0.0,12,0
3253,8.650059501647489,0.833333,0.0,0.0,0.0,7.935704137628513,0.0,0.0,2.3978952727983707,0.0,8.699681400989514,6.3126660106588925,7.170475918402069,0.0,6,0
3257,8.47413605144343,1.0,0.0,0.0,0.0,6.084063295210555,0.0,0.0,1.0986122886681098,0.0,8.517393171418904,6.715190297391181,7.568287187667521,0.0,12,0
3259,8.739867766538302,1.0,0.0,0.0,0.0,8.616005964518108,0.0,0.0,1.6094379124341003,0.0,9.210440366976517,7.2884318571333395,7.69939583985634,0.0,12,0
3261,8.21321153149352,1.0,0.0,0.0,0.0,9.28243267073882,0.0,0.0,4.1588830833596715,0.0,8.853808274977197,9.29716634061208,6.966855346314562,0.083333,12,0
3262,7.981268649212166,1.0,0.0,0.0,0.0,8.827417785106721,0.0,0.0,2.3978952727983707,0.0,8.77971129020447,7.806378291413716,6.623404668377087,0.0,12,0
3264,9.056293154563171,1.0,0.0,0.0,0.0,8.786429833369468,0.0,0.0,2.772588722239781,0.0,9.210440366976517,7.729888810156032,7.7069193523872634,0.0,12,0
3265,8.733994899042871,1.0,0.0,0.0,0.0,8.209394069474799,0.0,0.0,1.3862943611198906,0.0,9.04793908261736,7.257121924244946,7.262763889157585,0.0,12,0
3268,7.228522510076476,1.0,0.0,0.0,0.0,5.1646281557565965,0.0,0.0,2.0794415416798357,0.0,7.313886831633462,5.906035596511936,6.115541545273176,0.0,12,0
3271,8.228998952896472,1.0,0.0,0.0,0.0,8.28690144426642,0.0,0.0,1.9459101490553132,0.0,8.699681400989514,8.830947250976475,7.1315384592901,0.083333,12,0
3279,7.0740136059602765,1.0,0.0,0.0,0.0,4.852295853647543,0.0,0.0,1.6094379124341003,0.0,7.0909098220799835,5.995160271996042,5.875774652739647,0.0,12,0
3289,7.939993827884229,1.0,0.0,0.0,0.0,5.618454240386813,0.0,0.0,1.3862943611198906,0.0,8.006700845440367,6.683146617417868,6.844234130279014,0.0,12,0
3293,5.725239764921983,1.0,0.0,0.0,0.0,5.946466352202007,0.0,0.0,1.6094379124341003,0.0,8.699681400989514,5.99943306397932,5.202993256146682,0.0,12,0
3298,7.659689478234915,1.0,0.0,0.0,0.0,8.483736457070519,0.0,0.0,2.3978952727983707,0.0,8.699681400989514,7.957633557954122,6.486105317893403,0.083333,12,0
3300,7.950968387920716,1.0,3.58351893845611,3.58351893845611,0.0,6.691488701981552,0.083333,0.0,2.5649493574615367,0.6931471805599453,8.006700845440367,6.428483982871141,6.637365568097186,0.0,12,0
3305,7.95707810880397,1.0,0.0,0.0,0.0,5.813884764313273,0.0,0.0,1.0986122886681098,0.0,8.006700845440367,6.569489489105447,6.848687724244839,0.0,12,0
3311,7.373985868632598,1.0,0.0,0.0,0.0,4.997982328547162,0.0,0.0,1.791759469228055,0.0,7.438971592395862,5.790569281987508,6.184286580426923,0.0,9,0
3319,7.050635461545612,0.666667,3.9318256327243257,3.9318256327243257,0.0,7.684117697262209,0.166667,0.0,1.0986122886681098,0.6931471805599453,7.824445930877619,4.607835032129485,6.007593970757864,0.0,6,0
3321,7.899284927394117,1.0,0.0,0.0,0.0,8.21945186105095,0.0,0.0,3.6109179126442243,0.0,9.04793908261736,8.128569203196394,6.3426349998439555,0.0,12,0
3329,6.967164469755542,1.0,3.7887247890836524,0.0,3.7887247890836524,5.1774323559883095,0.0,0.083333,1.6094379124341003,1.0986122886681098,7.0909098220799835,6.517877418575648,5.755430873986528,0.0,12,0
3331,8.7848219712039,1.0,0.0,0.0,0.0,8.356559296594293,0.0,0.0,2.4849066497880004,0.0,9.04793908261736,7.433694387887164,7.557712691661771,0.0,12,0
3333,7.31541272682306,1.0,0.0,0.0,0.0,5.24577193066368,0.0,0.0,0.6931471805599453,0.0,8.434028950155469,6.302579665448456,5.913402914142797,0.0,12,0
3337,7.690744594071013,0.9,0.0,0.0,0.0,6.795473988805299,0.0,0.0,1.0986122886681098,0.0,8.006700845440367,6.133622217433842,6.123383465394236,0.0,10,0
3339,8.186901154756391,1.0,0.0,0.0,0.0,7.160345942417287,0.0,0.0,1.791759469228055,0.0,8.412054873292933,6.711057579265467,6.956293830547391,0.0,12,0
3341,7.071364506239236,1.0,0.0,0.0,0.0,7.505584631858513,0.0,0.0,1.9459101490553132,0.0,7.601402334583733,6.645476349073549,5.7673257381891885,0.0,12,0
3343,7.242358487915904,1.0,3.265759410767051,3.265759410767051,0.0,7.560731232393468,0.083333,0.0,2.995732273553991,0.6931471805599453,7.824445930877619,6.020094201806191,6.223819742652176,0.0,12,0
3345,7.273486887444497,1.0,0.0,0.0,0.0,4.051122084679818,0.0,0.0,1.0986122886681098,0.0,7.313886831633462,6.1646720383647695,6.309679486081578,0.0,12,0
3349,0.8615079880119666,0.545455,0.0,0.0,0.0,5.261401114882549,0.0,0.0,0.6931471805599453,0.0,7.0909098220799835,6.388728067287042,3.3018122371219123,0.166667,12,0
3351,8.716272878896143,1.0,0.0,0.0,0.0,8.578085523842049,0.0,0.0,2.6390573296152584,0.0,9.392745258631441,7.286895154217085,7.290886501581418,0.0,12,0
3355,7.212426855017095,1.0,0.0,0.0,0.0,4.795342164097043,0.0,0.0,1.0986122886681098,0.0,7.313886831633462,5.82759552723644,5.856184663907199,0.0,12,0
3359,8.26045425448377,1.0,0.0,0.0,0.0,6.638405273343738,0.0,0.0,1.3862943611198906,0.0,9.210440366976517,6.565193995685756,7.2396075521307965,0.0,11,0
3360,7.401542607881998,1.0,0.0,0.0,0.0,8.708071793049445,0.0,0.0,3.1354942159291497,0.0,8.77971129020447,8.628432959668693,6.08447430569848,0.0,12,0
3365,7.652972149231784,1.0,0.0,0.0,0.0,5.385937581491553,0.0,0.0,1.791759469228055,0.0,7.719129840906732,6.347066910788108,6.940005990704398,0.0,12,0
3380,7.543770739404677,1.0,0.0,0.0,0.0,7.3371137528883565,0.0,0.0,1.3862943611198906,0.0,8.81001204797317,6.343495228133834,6.011101533235441,0.0,12,0
3385,6.7947016828746305,1.0,0.0,0.0,0.0,5.626174178895985,0.0,0.0,2.0794415416798357,0.0,6.803505257608338,6.2398232573882515,5.775919187535356,0.0,12,0
3390,8.233952765830482,1.0,0.0,0.0,0.0,7.439206825749254,0.0,0.0,2.1972245773362196,0.0,8.294299608857235,6.615187851258126,7.606941897367402,0.0,11,0
3397,7.677749922932207,1.0,0.0,0.0,0.0,8.01589715125583,0.0,0.0,2.0794415416798357,0.0,9.105090961257085,7.2392903112146625,6.2049562548772546,0.0,12,0
3400,8.22502748702566,1.0,0.0,0.0,0.0,7.68170118197981,0.0,0.0,3.1780538303479458,0.0,8.412054873292933,6.991843684081924,7.337554753404317,0.0,12,0
3401,6.994369319460736,1.0,0.0,0.0,0.0,5.664226674700941,0.0,0.0,0.6931471805599453,0.0,8.006700845440367,5.92507560299332,5.449206695375495,0.0,12,0
3412,6.993929855034835,1.0,0.0,0.0,0.0,7.814745605451817,0.0,0.0,2.3978952727983707,0.0,7.824445930877619,5.143032432030401,5.371998938877702,0.0,8,0
3414,7.7147130929791405,1.0,0.0,0.0,0.0,8.9818028767169,0.0,0.0,2.1972245773362196,0.0,8.006700845440367,8.99539954886165,6.784928032030888,0.166667,12,0
3416,6.467604328791925,0.545455,0.0,0.0,0.0,7.569257860067094,0.0,0.0,1.791759469228055,0.0,7.576097340623111,8.293683493078387,5.736052975558129,0.25,12,0
3420,8.07048481287608,1.0,0.0,0.0,0.0,8.338126174935912,0.0,0.0,1.0986122886681098,0.0,8.517393171418904,8.716853288213718,6.634068294169677,0.083333,12,0
3422,7.8834337234511125,1.0,0.0,0.0,0.0,7.427287631738055,0.0,0.0,1.791759469228055,0.0,8.006700845440367,6.650157063139738,6.658959734362764,0.0,12,0
3424,6.508729845588757,0.545455,0.0,0.0,0.0,7.300095006242918,0.0,0.0,1.3862943611198906,0.0,8.006700845440367,7.3884614084821845,4.808521655870513,0.0,12,0
3426,7.126677472891288,1.0,0.0,0.0,0.0,5.727889224605655,0.0,0.0,1.3862943611198906,0.0,7.313886831633462,6.456203564446596,5.838528763994761,0.0,12,0
3430,4.758691519246908,0.818182,3.856510295497887,0.0,3.856510295497887,5.9389017314297075,0.0,0.083333,0.6931471805599453,0.6931471805599453,8.922791623969637,6.113185567602735,4.552388278903083,0.0,12,0
3431,6.962824718600626,1.0,0.0,0.0,0.0,5.9395642632764485,0.0,0.0,1.6094379124341003,0.0,7.0909098220799835,7.1925481963418445,5.593629158524069,0.083333,12,0
3432,6.775138577614276,0.909091,0.0,0.0,0.0,6.325326596223184,0.0,0.0,1.0986122886681098,0.0,7.438971592395862,7.558050904251828,5.303465407616144,0.090909,12,0
3445,7.613566019130239,1.0,0.0,0.0,0.0,7.226844621148074,0.0,0.0,0.6931471805599453,0.0,8.006700845440367,8.131260784177393,6.5216525144948125,0.083333,12,0
3448,8.08434203552808,1.0,0.0,0.0,0.0,7.913408652887858,0.0,0.0,3.367295829986474,0.0,8.699681400989514,6.643094167078922,7.111692595314911,0.0,12,0
3450,6.825298264213261,1.0,0.0,0.0,0.0,7.302609749515959,0.0,0.0,1.3862943611198906,0.0,7.601402334583733,7.644366656369485,5.828230597338245,0.083333,12,0
3453,7.439267051976773,1.0,0.0,0.0,0.0,5.553727069399812,0.0,0.0,0.6931471805599453,0.0,7.824445930877619,6.710142281770157,6.06292138220855,0.0,12,0
3457,7.5990667777086705,1.0,0.0,0.0,0.0,5.351719294454489,0.0,0.0,1.791759469228055,0.0,7.601402334583733,6.237430557511472,6.82904997233902,0.0,12,0
3458,7.638505454317379,0.454545,0.0,0.0,0.0,8.428334958328207,0.0,0.0,0.6931471805599453,0.0,8.922791623969637,7.045097145770028,7.278696100866049,0.0,12,0
3461,8.182532715085724,1.0,0.0,0.0,0.0,7.707902013442562,0.0,0.0,2.1972245773362196,0.0,8.294299608857235,6.629210660554003,7.10111835407094,0.0,12,0
3468,7.686957965749429,1.0,0.0,0.0,0.0,6.897406121718288,0.0,0.0,0.6931471805599453,0.0,8.006700845440367,6.466199156659725,6.363927826254775,0.0,10,0
3469,5.857399512121699,1.0,0.0,0.0,0.0,3.3583055033541744,0.0,0.0,0.6931471805599453,0.0,5.017279836814924,6.69092097494295,8.223799889430397,0.083333,12,0
3472,4.8576942945329336,1.0,0.0,0.0,0.0,5.836688829068365,0.0,0.0,1.0986122886681098,0.0,9.305741456739435,7.306737170384558,5.125867624653666,0.0,12,0
3473,7.572522953442413,1.0,0.0,0.0,0.0,5.993327775219911,0.0,0.0,1.6094379124341003,0.0,7.601402334583733,6.6190502087798775,7.053001980355715,0.0,12,0
3474,7.959360835969266,0.909091,0.0,0.0,0.0,6.588664567034383,0.0,0.0,0.6931471805599453,0.0,8.412054873292933,8.54389139439182,6.551800235852624,0.090909,12,0
3477,7.842937407029037,1.0,0.0,0.0,0.0,6.3220104684758,0.0,0.0,1.6094379124341003,0.0,8.006700845440367,6.446197982824995,6.70013685429234,0.0,12,0
3481,8.236229124150254,0.7,0.0,0.0,0.0,8.976139388084036,0.0,0.0,2.4849066497880004,0.0,9.105090961257085,6.801262277860208,7.368957634774072,0.0,10,0
3482,7.094959720898736,1.0,0.0,0.0,0.0,4.080635690227456,0.0,0.0,1.0986122886681098,0.0,7.313886831633462,7.414049883767819,5.970314475366136,0.083333,12,0
3483,7.4450779704273,0.8,0.0,0.0,0.0,7.942582747120112,0.0,0.0,2.302585092994046,0.0,7.824445930877619,7.199528907341352,6.232689111256961,0.0,10,0
3494,6.8592741257639025,1.0,0.0,0.0,0.0,6.99532669620329,0.0,0.0,1.3862943611198906,0.0,7.0909098220799835,5.189409494231598,5.833084672246046,0.0,11,0
3496,8.69942000405544,0.909091,0.0,0.0,0.0,8.870848032090715,0.0,0.0,1.0986122886681098,0.0,9.04793908261736,7.396722949327541,7.386596913993633,0.0,12,0
3497,8.377213625132713,1.0,0.0,0.0,0.0,8.540105890167668,0.0,0.0,1.791759469228055,0.0,8.517393171418904,6.943667396880957,7.34462695623954,0.0,12,0
3501,9.209775464546022,1.0,0.0,0.0,0.0,8.101879416814908,0.0,0.0,2.3978952727983707,0.0,9.581972891547895,7.8561171341863405,7.973782140192656,0.0,12,0
3502,7.470903786366736,1.0,0.0,0.0,0.0,7.413902489218111,0.0,0.0,1.791759469228055,0.0,7.496097345175956,5.742964840920404,6.443516019786264,0.0,12,0
3507,4.599342769530809,0.555556,0.0,0.0,0.0,7.7530082963879625,0.0,0.0,2.772588722239781,0.0,7.313886831633462,7.838557947884727,4.147588902913737,0.25,9,0
3508,6.632250140490357,1.0,0.0,0.0,0.0,5.725716971693229,0.0,0.0,1.0986122886681098,0.0,7.576097340623111,5.964216325792194,5.507587712428213,0.0,12,0
3515,4.308836502714411,0.4,0.0,0.0,0.0,5.945035047376401,0.0,0.0,1.0986122886681098,0.0,7.0909098220799835,6.943579378244953,4.451327998572156,0.5,10,0
3517,7.188617294123465,1.0,0.0,0.0,0.0,6.525760938779465,0.0,0.0,2.0794415416798357,0.0,7.313886831633462,6.745019883704394,5.79282294996608,0.0,12,0
3519,6.6755435772416565,0.818182,0.0,0.0,0.0,8.02587489840952,0.0,0.0,2.0794415416798357,0.0,8.006700845440367,7.965093135378799,5.5459523902252785,0.142857,12,0
3523,7.1577606778577785,1.0,0.0,0.0,0.0,4.340993901804027,0.0,0.0,1.0986122886681098,0.0,7.313886831633462,5.9908952976162295,6.621092978386243,0.0,12,0
3528,7.995318396089367,1.0,0.0,0.0,0.0,7.383001928917247,0.0,0.0,2.8903717578961645,0.0,8.160803920954665,6.648537623743231,6.672827661236385,0.0,12,0
3532,8.690320054944353,1.0,0.0,0.0,0.0,6.372362097347774,0.0,0.0,2.0794415416798357,0.0,8.699681400989514,7.3294805013383435,7.7904709719384835,0.0,12,0
3534,5.036847713796127,0.375,0.0,0.0,0.0,6.115485716199151,0.0,0.0,0.6931471805599453,0.0,7.0909098220799835,4.020212902608346,4.8206958910507165,0.0,8,0
3535,8.211677124302849,1.0,0.0,0.0,0.0,6.672063356391055,0.0,0.0,2.833213344056216,0.0,8.343077871169383,6.889398631952419,8.795697828441215,0.0,12,0
3539,8.384820286342947,1.0,3.8467375387295166,0.0,3.8467375387295166,7.692963098484606,0.0,0.083333,2.1972245773362196,1.0986122886681098,8.612685172875459,7.604353486891233,7.224357567784052,0.0,12,0
3545,8.337307117384963,1.0,0.0,0.0,0.0,9.207254097025379,0.0,0.0,4.709530201312334,0.0,9.259225769705994,6.988812905605001,6.908960874959171,0.0,11,0
3546,6.098121721490416,0.545455,0.0,0.0,0.0,7.005056617840162,0.0,0.0,1.3862943611198906,0.0,6.90875477931522,5.260051326749099,5.501222867063011,0.0,12,0
3547,8.213884478931368,1.0,0.0,0.0,0.0,8.654983008168518,0.0,0.0,3.1780538303479458,0.0,9.15915233520675,9.094784073973324,6.683564471987076,0.090909,12,0
3548,8.30068913926493,1.0,0.0,0.0,0.0,7.082060368760616,0.0,0.0,1.3862943611198906,0.0,8.639587799629844,7.037997868793554,7.099844191144392,0.0,12,0
3549,7.921364302145358,1.0,0.0,0.0,0.0,4.9904200764964015,0.0,0.0,0.6931471805599453,0.0,8.006700845440367,6.4098470979877105,6.970796140750076,0.0,12,0
3552,8.46667733600783,1.0,0.0,0.0,0.0,8.153065398435853,0.0,0.0,3.6109179126442243,0.0,8.517393171418904,7.887510839041825,7.8951449243590766,0.0,12,0
3555,8.816682140471139,1.0,1.6937790608678513,0.0,1.6937790608678513,9.896658207555907,0.0,0.166667,2.4849066497880004,1.3862943611198906,9.711176264112805,9.973074185178698,7.209209594220798,0.1,12,0
3556,8.84378096298651,1.0,0.0,0.0,0.0,7.444948441427312,0.0,0.0,1.0986122886681098,0.0,8.922791623969637,7.55832823023388,7.48934799928656,0.0,12,0
3560,7.945051108757222,0.818182,0.0,0.0,0.0,9.279763066409348,0.0,0.0,2.4849066497880004,0.0,8.853808274977197,9.169859795624445,6.8443428584885,0.142857,12,0
3563,3.126302755756428,0.333333,0.0,0.0,0.0,5.616343202496125,0.0,0.0,0.6931471805599453,0.0,7.0909098220799835,6.355212035785278,3.4539400734989014,1.0,6,0
3565,7.080953751709928,1.0,0.0,0.0,0.0,7.593778336129641,0.0,0.0,1.9459101490553132,0.0,7.496097345175956,7.660925165184494,5.890839932678886,0.090909,12,0
3571,8.737499680793412,1.0,0.0,0.0,0.0,9.151080891193068,0.0,0.0,2.0794415416798357,0.0,9.259225769705994,8.947879194272756,7.456513850934068,0.083333,12,0
3572,7.894333381024837,1.0,0.0,0.0,0.0,7.531862326402602,0.0,0.0,0.6931471805599453,0.0,8.853808274977197,7.94007615607528,6.550073206631227,0.0,12,0
3574,8.380448234420367,1.0,0.0,0.0,0.0,7.924655749703506,0.0,0.0,3.1354942159291497,0.0,8.517393171418904,7.538960031769422,8.069385694511475,0.0,12,0
3575,6.689640815579584,1.0,0.0,0.0,0.0,7.488208353167272,0.0,0.0,1.791759469228055,0.0,8.131824785007195,6.18392321186563,5.572775831216106,0.0,12,0
3586,7.24507695829616,1.0,0.0,0.0,0.0,3.9033613211132563,0.0,0.0,0.6931471805599453,0.0,7.313886831633462,5.681074182000164,6.458282773967182,0.0,11,0
3588,7.813779925669971,1.0,0.0,0.0,0.0,6.8516940042413905,0.0,0.0,1.3862943611198906,0.0,7.824445930877619,5.056638129652948,9.256800635462316,0.0,11,0
3591,7.241374354206654,0.636364,0.0,0.0,0.0,8.472643581085741,0.0,0.0,2.3978952727983707,0.0,8.612685172875459,7.450327568704393,6.148859982019142,0.0,11,0
3592,8.077980289397267,1.0,0.0,0.0,0.0,6.8424167525923485,0.0,0.0,1.6094379124341003,0.0,8.412054873292933,8.529000267154242,7.007458947809082,0.083333,12,0
3594,6.802979621150514,0.714286,0.0,0.0,0.0,7.218783051246832,0.0,0.0,1.0986122886681098,0.0,7.313886831633462,5.3144649399124555,5.130987382464489,0.0,7,0
3598,6.385482977928176,1.0,0.0,0.0,0.0,6.9656037072073955,0.0,0.0,1.3862943611198906,0.0,7.496097345175956,5.38238038807279,4.834824233951104,0.142857,7,0
3599,5.660402892851665,0.857143,3.3502549029245805,3.3502549029245805,0.0,6.771017903539466,0.142857,0.0,1.3862943611198906,0.6931471805599453,6.2166061010848646,6.599736537859463,4.818951568647831,0.25,7,0
3605,7.426461318547048,1.0,0.0,0.0,0.0,6.315160358122363,0.0,0.0,1.0986122886681098,0.0,7.496097345175956,5.890030028517124,6.302908721310392,0.0,12,0
3606,7.204412152652346,1.0,0.0,0.0,0.0,6.495303352805779,0.0,0.0,1.3862943611198906,0.0,7.313886831633462,5.590223513771146,6.125317082848034,0.0,11,0
3628,7.393266031990294,1.0,0.0,0.0,0.0,5.41292035119779,0.0,0.0,1.791759469228055,0.0,7.496097345175956,6.662248766487456,6.194950258963747,0.0,12,0
3629,8.349441488928878,1.0,0.0,0.0,0.0,8.139337646434294,0.0,0.0,2.1972245773362196,0.0,8.853808274977197,7.112906690933351,7.15683459180802,0.0,12,0
3639,6.751966340441591,1.0,0.0,0.0,0.0,5.701748781436628,0.0,0.0,0.6931471805599453,0.0,8.853808274977197,7.242998833225068,5.521875000118355,0.0,12,0
3640,4.215662675455723,0.545455,0.0,0.0,0.0,5.78806215674015,0.0,0.0,1.3862943611198906,0.0,7.824445930877619,6.416394357775134,4.715928982672529,0.0,12,0
3641,8.862986207157716,1.0,0.0,0.0,0.0,9.357336873877093,0.0,0.0,3.6635616461296463,0.0,9.350189267092581,8.982834317768592,7.382823614050227,0.0,12,0
3645,8.58360787302606,1.0,0.0,0.0,0.0,8.996676327080849,0.0,0.0,2.0794415416798357,0.0,8.699681400989514,8.754003378412092,6.845039972644574,0.111111,9,0
3648,6.452673997227623,1.0,0.0,0.0,0.0,7.193765972207502,0.0,0.0,1.0986122886681098,0.0,7.313886831633462,4.766444376119149,5.151831888025978,0.0,12,0
3649,7.9724771993603065,0.857143,0.0,0.0,0.0,8.141104502316866,0.0,0.0,2.0794415416798357,0.0,8.294299608857235,6.01225439037745,6.458266575444687,0.0,7,0
3654,7.227120274772872,1.0,0.0,0.0,0.0,4.9649697551968766,0.0,0.0,0.6931471805599453,0.0,7.313886831633462,5.901114760187469,6.005957571514865,0.0,12,0
3656,6.862880360575318,1.0,0.0,0.0,0.0,8.242677763153264,0.0,0.0,2.6390573296152584,0.0,8.412054873292933,7.789191462740963,5.6538600507225425,0.0,12,0
3666,8.801744753429434,1.0,0.0,0.0,0.0,7.846983637725567,0.0,0.0,2.302585092994046,0.0,8.936035096566041,7.408269968093223,7.734279240527342,0.0,12,0
3672,7.342960204662792,1.0,0.0,0.0,0.0,6.160070536559119,0.0,0.0,2.1972245773362196,0.0,7.3783837129967145,6.65015415463067,6.558845998361894,0.0,12,0
3679,6.418338252056546,1.0,0.0,0.0,0.0,7.692064984706625,0.0,0.0,1.0986122886681098,0.0,7.438971592395862,7.906591259023157,5.4515611924504,0.25,12,0
3681,7.784962107480126,1.0,0.0,0.0,0.0,6.810565112710154,0.0,0.0,2.772588722239781,0.0,7.824445930877619,6.99450889650465,7.487276535424001,0.0,12,0
3686,7.2583099798831,1.0,0.0,0.0,0.0,4.804612214220431,0.0,0.0,0.6931471805599453,0.0,7.313886831633462,5.623013623404219,6.0153434994983614,0.0,12,0
3700,7.766877044678315,1.0,0.0,0.0,0.0,6.826618025678689,0.0,0.0,1.791759469228055,0.0,9.105090961257085,6.427069282273803,6.3458384456712364,0.0,12,0
3706,7.711766269806855,1.0,0.0,0.0,0.0,4.611659107326858,0.0,0.0,0.6931471805599453,0.0,8.517393171418904,6.2860534151388,6.269344709285465,0.0,12,0
3716,7.468723474858683,1.0,0.0,0.0,0.0,7.941813673950074,0.0,0.0,2.5649493574615367,0.0,8.699681400989514,8.268554794909114,6.429806403293286,0.0,12,0
3722,7.836825216667,0.909091,0.0,0.0,0.0,7.908087663342668,0.0,0.0,2.1972245773362196,0.0,8.160803920954665,6.570378204718787,6.59290440925691,0.0,11,0
3723,6.666904836881067,1.0,0.0,0.0,0.0,5.988943369107956,0.0,0.0,1.0986122886681098,0.0,8.160803920954665,5.4127171030748515,5.636007389937283,0.0,12,0
3724,7.398529239941179,1.0,0.0,0.0,0.0,4.7571521759064375,0.0,0.0,1.3862943611198906,0.0,7.496097345175956,7.517929833805825,8.388987840275963,0.0,12,0
3731,7.029426895409978,1.0,0.0,0.0,0.0,4.32045543999868,0.0,0.0,1.0986122886681098,0.0,7.0909098220799835,5.656962975450422,5.707318302908102,0.0,12,0
3735,7.941415029085954,1.0,0.0,0.0,0.0,7.287118022533085,0.0,0.0,1.9459101490553132,0.0,8.160803920954665,8.321326427663498,6.50405163807931,0.0,12,0
3736,6.722718399834845,1.0,0.0,0.0,0.0,7.4978937052133485,0.0,0.0,2.0794415416798357,0.0,9.546884034617925,7.6845402513035115,5.456184285454227,0.0,12,0
3760,8.468783656468311,1.0,0.0,0.0,0.0,6.111665574841669,0.0,0.0,1.6094379124341003,0.0,8.517393171418904,6.69361703663349,7.191933708840098,0.0,7,0
3762,8.244499521290201,1.0,0.0,0.0,0.0,7.665696215135818,0.0,0.0,2.302585092994046,0.0,8.294299608857235,6.761356260414102,6.690247468256525,0.0,11,0
3766,8.40743444593246,1.0,0.0,0.0,0.0,7.640068661594276,0.0,0.0,1.6094379124341003,0.0,9.105090961257085,7.212650663167582,6.947739275760343,0.0,12,0
3767,8.385089741538886,1.0,0.0,0.0,0.0,6.0039783518288505,0.0,0.0,1.3862943611198906,0.0,8.412054873292933,6.655751339328605,7.1912609845417705,0.0,9,0
3771,8.974639693410516,1.0,0.0,0.0,0.0,9.363774718726726,0.0,0.0,2.5649493574615367,0.0,9.472781556562168,7.407285511528706,7.675968131990158,0.0,12,0
3772,4.300320292886528,0.909091,0.0,0.0,0.0,4.910831349103296,0.0,0.0,1.3862943611198906,0.0,5.303304908059076,4.5590680782556205,5.065089962404496,0.0,12,0
3776,8.543297318375716,1.0,0.0,0.0,0.0,8.884273314610304,0.0,0.0,1.3862943611198906,0.0,9.472781556562168,7.0859355642026145,7.082767024921196,0.0,12,0
3780,7.267769748293523,1.0,0.0,0.0,0.0,5.871052382694494,0.0,0.0,2.0794415416798357,0.0,7.313886831633462,6.265641160652291,6.295121773327095,0.0,12,0
3781,7.3199824679342065,1.0,0.0,0.0,0.0,7.156294469851681,0.0,0.0,2.70805020110221,0.0,8.517393171418904,6.111432170369839,6.346610435386705,0.0,12,0
3784,6.521542485010933,1.0,4.098336583491638,0.0,4.098336583491638,5.611069112201219,0.0,0.083333,0.6931471805599453,0.6931471805599453,7.0909098220799835,7.420691425427492,6.255644577458998,0.0,12,0
3804,7.891032718862311,0.909091,0.0,0.0,0.0,7.206856649113947,0.0,0.0,1.6094379124341003,0.0,8.922791623969637,8.696887905745209,7.042569848482964,0.090909,12,0
3810,5.174089906373002,1.0,0.0,0.0,0.0,4.010606476709347,0.0,0.0,1.0986122886681098,0.0,7.496097345175956,5.784148988360444,5.349165136204181,0.0,12,0
3814,7.96438832843335,1.0,0.0,0.0,0.0,6.609165211409778,0.0,0.0,2.1972245773362196,0.0,8.006700845440367,6.593133497308385,7.507876537932392,0.0,12,0
3817,7.403823273437705,0.727273,0.0,0.0,0.0,8.003418402467892,0.0,0.0,1.6094379124341003,0.0,8.006700845440367,8.389524221164452,6.217157156810596,0.142857,12,0
3818,7.792392760889599,0.9,0.0,0.0,0.0,8.216840215721335,0.0,0.0,2.1972245773362196,0.0,8.006700845440367,7.383206728122921,6.2589058209555555,0.0,10,0
3822,8.488847692598318,1.0,0.0,0.0,0.0,8.483869936563677,0.0,0.0,2.5649493574615367,0.0,8.987321812850125,7.027902206443422,7.094571052471539,0.0,12,0
3826,7.530902291795409,1.0,0.0,0.0,0.0,7.600432883808653,0.0,0.0,0.6931471805599453,0.0,8.006700845440367,6.620769458757178,6.088738413526202,0.0,12,0
3829,7.013058963325094,1.0,0.0,0.0,0.0,6.347180853450488,0.0,0.0,0.6931471805599453,0.0,8.160803920954665,8.173553701568885,6.320733509472937,0.083333,12,0
3831,7.503076680770225,0.727273,0.0,0.0,0.0,7.939262073231848,0.0,0.0,0.6931471805599453,0.0,9.105090961257085,6.870039919495267,6.859322151467532,0.0,12,0
3834,6.258403026193836,0.909091,0.0,0.0,0.0,6.910356913793518,0.0,0.0,1.3862943611198906,0.0,7.048386408721883,7.107640031763146,4.991583957710371,0.1,12,0
3839,7.232282627199232,1.0,4.368307962532944,0.0,4.368307962532944,5.708874916137683,0.0,0.083333,1.0986122886681098,0.6931471805599453,7.824445930877619,6.462034223931056,5.988433430411736,0.0,12,0
3840,9.052552929553883,1.0,0.0,0.0,0.0,8.31175342396451,0.0,0.0,2.1972245773362196,0.0,9.305741456739435,7.80801317792394,7.641413271890187,0.0,12,0
3845,4.8452564357606125,1.0,0.0,0.0,0.0,7.065846715532145,0.0,0.0,1.0986122886681098,0.0,7.0909098220799835,7.032220949346912,4.3801667812181675,0.083333,12,0
3858,8.263017666040536,1.0,0.0,0.0,0.0,8.359373382091748,0.0,0.0,2.4849066497880004,0.0,8.922791623969637,7.203089511335845,6.846589884849706,0.0,12,0
3867,7.235412031004227,1.0,0.0,0.0,0.0,6.552229327555764,0.0,0.0,2.0794415416798357,0.0,7.313886831633462,6.744801989281273,6.2558993108425085,0.0,12,0
3871,8.733153392295367,1.0,0.0,0.0,0.0,7.760424950323001,0.0,0.0,2.1972245773362196,0.0,8.922791623969637,7.23158472483804,7.684777970631384,0.0,12,0
3874,7.728762330700849,1.0,0.0,0.0,0.0,7.9612181357647644,0.0,0.0,1.791759469228055,0.0,8.987321812850125,5.794821205403165,5.904873562650119,0.0,8,0
3876,8.222748014778544,1.0,0.0,0.0,0.0,7.038307746637221,0.0,0.0,1.9459101490553132,0.0,8.412054873292933,6.836566375123066,6.8865555421427675,0.0,12,0
3880,8.158534619960081,1.0,0.0,0.0,0.0,6.260634660692633,0.0,0.0,0.6931471805599453,0.0,9.433563920090563,7.208507039011392,6.6739738556124655,0.0,11,0
3889,7.1059574585279766,0.818182,0.0,0.0,0.0,8.404845490578593,0.0,0.0,2.5649493574615367,0.0,7.824445930877619,8.114327682819379,5.956634134864515,0.0,11,0
3891,7.267138305453077,1.0,0.0,0.0,0.0,7.255496788857857,0.0,0.0,0.6931471805599453,0.0,7.313886831633462,5.466527608757266,6.094914139113648,0.0,12,0
3894,4.863741867696863,0.454545,0.0,0.0,0.0,6.1966963566746065,0.0,0.0,0.6931471805599453,0.0,7.0909098220799835,5.300437407671898,4.434295645395395,0.0,12,0
3895,8.29070348496405,1.0,3.044522437723423,3.044522437723423,0.0,7.175630476478717,0.083333,0.0,1.791759469228055,0.6931471805599453,8.699681400989514,7.093554812264643,7.047385529208005,0.0,12,0
3903,7.32021266934057,1.0,0.0,0.0,0.0,7.487186978159121,0.0,0.0,1.791759469228055,0.0,8.160803920954665,6.242976897745411,6.252831791639314,0.0,12,0
3904,7.162316736730325,0.727273,0.0,0.0,0.0,8.081520182593689,0.0,0.0,1.3862943611198906,0.0,8.160803920954665,8.501077108381663,6.01683768906132,0.285714,11,0
3906,8.66538363570468,1.0,0.0,0.0,0.0,8.442511725153894,0.0,0.0,2.5649493574615367,0.0,8.699681400989514,7.56928023168139,7.752778060052191,0.0,12,0
3908,8.843574886036587,1.0,2.962692419475791,0.0,2.962692419475791,9.604909764102114,0.0,0.416667,0.6931471805599453,1.791759469228055,9.798182590890704,10.011565892261949,7.373725889027932,0.090909,12,0
3909,7.454075997279689,1.0,0.0,0.0,0.0,6.625688279129103,0.0,0.0,1.3862943611198906,0.0,7.438971592395862,7.065405728891971,7.65782790477473,0.0,12,0
3911,6.869398572307737,1.0,0.0,0.0,0.0,7.025791137787166,0.0,0.0,1.0986122886681098,0.0,7.0909098220799835,5.62304905905441,6.337865266748227,0.0,12,0
3912,7.219097245344117,1.0,0.0,0.0,0.0,5.5372852894412015,0.0,0.0,0.6931471805599453,0.0,7.313886831633462,6.242249702848885,5.751024075340516,0.0,12,0
3921,9.111880160036002,1.0,0.0,0.0,0.0,5.9055720194275105,0.0,0.0,0.6931471805599453,0.0,9.210440366976517,7.834040129265623,8.450450402451036,0.0,12,0
3923,7.8042938962923225,1.0,0.0,0.0,0.0,6.4900028089848965,0.0,0.0,0.6931471805599453,0.0,8.006700845440367,6.542404982759523,6.410053236409752,0.0,12,0
3925,9.103213893256413,1.0,0.0,0.0,0.0,8.165888360859006,0.0,0.0,1.791759469228055,0.0,9.433563920090563,7.572667121754975,8.107935548330222,0.0,12,0
3930,8.664951945024878,1.0,0.0,0.0,0.0,8.904399771405267,0.0,0.0,1.3862943611198906,0.0,9.433563920090563,8.932084651144226,7.306842923565032,0.0,12,0
3931,7.987917404002656,1.0,2.5817308344235403,2.5817308344235403,0.0,5.504089533258939,0.083333,0.0,1.0986122886681098,0.6931471805599453,8.006700845440367,6.444631322425746,7.162161589686731,0.0,12,0
3934,7.433283862935664,1.0,0.0,0.0,0.0,7.215369358595456,0.0,0.0,1.6094379124341003,0.0,8.160803920954665,5.926235539639582,6.463688985093971,0.0,12,0
3940,7.906454793841584,1.0,0.0,0.0,0.0,5.765301077928579,0.0,0.0,1.6094379124341003,0.0,8.006700845440367,6.50074257646727,6.781542656984266,0.0,12,0
3942,7.426804508818263,1.0,0.0,0.0,0.0,4.341787621228798,0.0,0.0,1.0986122886681098,0.0,7.496097345175956,5.499228932544006,8.414592304256367,0.0,12,0
3945,8.497120724800704,1.0,0.0,0.0,0.0,6.053146101938588,0.0,0.0,1.791759469228055,0.0,8.517393171418904,6.781355478282051,7.409993504763852,0.0,11,0
3949,7.100765517743353,1.0,0.0,0.0,0.0,4.790633726577255,0.0,0.0,1.0986122886681098,0.0,7.0909098220799835,6.027254658914141,6.8456123426718865,0.0,12,0
3952,5.166013123524498,0.363636,0.0,0.0,0.0,6.863896482208695,0.0,0.0,0.6931471805599453,0.0,7.0909098220799835,5.476736485393082,5.304568378201128,0.0,12,0
3959,5.802831380946899,0.636364,0.0,0.0,0.0,6.836753015733371,0.0,0.0,0.6931471805599453,0.0,8.77971129020447,7.625587092588423,5.789602079267162,0.2,12,0
3966,6.941672275338549,1.0,3.1245651453969594,0.0,3.1245651453969594,7.1226625627729465,0.0,0.083333,1.791759469228055,0.6931471805599453,8.006700845440367,5.548219134160214,6.196053664608315,0.0,12,0
3968,7.495010031332742,1.0,0.0,0.0,0.0,6.173450595541968,0.0,0.0,0.6931471805599453,0.0,8.748463629942055,7.084738002031661,6.338091135494283,0.0,12,0
3973,7.5474967292162,1.0,0.0,0.0,0.0,7.565934843614886,0.0,0.0,1.0986122886681098,0.0,8.612685172875459,6.644201026159271,6.086566837122904,0.0,12,0
3974,6.9734345192521765,1.0,0.0,0.0,0.0,5.378203634293178,0.0,0.0,1.9459101490553132,0.0,7.0909098220799835,5.410756732420568,5.576654827549107,0.0,12,0
3975,8.496423597734715,1.0,0.0,0.0,0.0,5.984524304241,0.0,0.0,1.3862943611198906,0.0,8.517393171418904,7.162168305977101,7.511920179234226,0.0,12,0
3979,6.0520239738580885,0.454545,0.0,0.0,0.0,7.425827082063092,0.0,0.0,1.6094379124341003,0.0,7.313886831633462,5.760322754342443,4.71696287976384,0.0,12,0
3982,0.0011453438432559985,0.090909,0.0,0.0,0.0,4.580789169846504,0.0,0.0,0.6931471805599453,0.0,7.313886831633462,7.215256738883763,2.6952454355571316,0.181818,12,0
3983,7.028150592999764,1.0,0.0,0.0,0.0,4.47091880852239,0.0,0.0,1.0986122886681098,0.0,7.0909098220799835,5.87183017347001,5.449213716784332,0.0,12,0
3986,4.082813686465642,0.333333,0.0,0.0,0.0,6.733535851911927,0.0,0.0,1.791759469228055,0.0,7.0909098220799835,7.86986627399423,4.005038991946049,1.0,6,0
3989,8.616889305660335,0.888889,0.0,0.0,0.0,8.320199942185676,0.0,0.0,1.791759469228055,0.0,8.77971129020447,8.379321879751965,6.926745968903221,0.0,9,0
3990,7.6445773960703765,1.0,0.0,0.0,0.0,7.013071651265659,0.0,0.0,1.0986122886681098,0.0,8.699681400989514,6.168914728830815,6.34321719841692,0.0,12,0
3992,5.577717893973706,0.454545,0.0,0.0,0.0,6.731827987232391,0.0,0.0,1.0986122886681098,0.0,7.438971592395862,5.637448889131925,5.2355046513503325,0.0,11,0
3996,7.585726093368712,1.0,0.0,0.0,0.0,7.498244414474429,0.0,0.0,2.0794415416798357,0.0,9.259225769705994,6.392629963107456,6.35989522706584,0.0,12,0
3999,8.623783153514967,1.0,0.0,0.0,0.0,8.020378969234407,0.0,0.0,2.8903717578961645,0.0,8.699681400989514,7.693925603344896,7.352154482249492,0.0,12,0
4001,8.477101678987296,1.0,0.0,0.0,0.0,5.66148977765526,0.0,0.0,0.6931471805599453,0.0,8.517393171418904,6.895287411130382,7.524872843135233,0.0,12,0
4003,8.138147198293622,1.0,0.0,0.0,0.0,5.663932125990743,0.0,0.0,0.6931471805599453,0.0,9.04793908261736,7.236225200891237,6.68792197400206,0.0,12,0
4005,8.378957156152445,1.0,0.0,0.0,0.0,5.711089205364769,0.0,0.0,1.3862943611198906,0.0,8.444837529224097,6.8930203004360875,7.797091460652763,0.0,12,0
4016,9.070628128731002,1.0,0.0,0.0,0.0,7.927898844612732,0.0,0.0,1.0986122886681098,0.0,9.770013301136158,7.764269203118912,7.856298374435226,0.0,12,0
4020,6.708027658573769,1.0,0.0,0.0,0.0,7.159385903489969,0.0,0.0,1.6094379124341003,0.0,7.313886831633462,7.102158136249015,5.657441347146857,0.0,12,0
4022,8.217106175351434,1.0,0.0,0.0,0.0,8.038621679263672,0.0,0.0,2.302585092994046,0.0,8.699681400989514,7.870191669210059,6.668434431734495,0.0,12,0
4024,5.489073993731343,1.0,0.0,0.0,0.0,6.467485201756857,0.0,0.0,0.6931471805599453,0.0,7.313886831633462,6.820512207880772,5.278942153497374,0.083333,12,0
4026,5.941599051351725,0.545455,0.0,0.0,0.0,6.831305600557808,0.0,0.0,0.6931471805599453,0.0,7.313886831633462,7.883269385596203,5.254278306985418,0.166667,12,0
4028,4.370897168789159,0.818182,0.0,0.0,0.0,8.875792066591789,0.0,0.0,1.0986122886681098,0.0,9.61587214452889,9.327446848151139,2.887595128849295,0.142857,12,0
4034,7.157024363083112,1.0,0.0,0.0,0.0,5.307601643953677,0.0,0.0,1.0986122886681098,0.0,7.313886831633462,5.510720893723397,6.356217836917935,0.0,11,0
4038,7.83456085046322,1.0,0.0,0.0,0.0,7.970226004538407,0.0,0.0,1.0986122886681098,0.0,8.006700845440367,6.529082881105012,6.622392388481029,0.0,11,0
4040,7.852560141404736,1.0,0.0,0.0,0.0,8.785429188395682,0.0,0.0,2.833213344056216,0.0,8.006700845440367,8.415090948927642,6.370476281353388,0.1,12,0
4043,6.057820171781247,1.0,0.0,0.0,0.0,7.390608901661455,0.0,0.0,2.0794415416798357,0.0,9.105090961257085,8.743846351562196,5.731846879288253,0.2,12,0
4046,7.923276345168156,1.0,0.0,0.0,0.0,6.970591800978045,0.0,0.0,1.9459101490553132,0.0,8.006700845440367,6.501543034837341,6.4887681322950925,0.0,12,0
4052,6.9334136445950945,1.0,0.0,0.0,0.0,4.08502168897623,0.0,0.0,1.3862943611198906,0.0,7.0909098220799835,5.678524022175296,5.7433678616924935,0.0,12,0
4057,0.9044537504144438,0.272727,0.0,0.0,0.0,2.9522998957793374,0.0,0.0,0.6931471805599453,0.0,9.105090961257085,4.414726372794206,4.112192633558845,1.0,12,0
4061,7.424892278648391,1.0,0.0,0.0,0.0,6.653158708216688,0.0,0.0,2.1972245773362196,0.0,7.496097345175956,6.170254972622955,6.192036291083687,0.0,12,0
4062,8.851131070836967,1.0,0.0,0.0,0.0,8.665090845477776,0.0,0.0,1.3862943611198906,0.0,9.798182590890704,8.700104370515458,7.4453782083808235,0.0,12,0
4063,7.72146439403559,1.0,0.0,0.0,0.0,6.3132409556513345,0.0,0.0,1.0986122886681098,0.0,7.824445930877619,6.369704062755811,6.664092763713897,0.0,12,0
4064,7.190258225886829,0.818182,0.0,0.0,0.0,7.547749769654915,0.0,0.0,0.6931471805599453,0.0,8.412054873292933,5.2370193865143335,6.340497810890042,0.0,12,0
4065,7.767364492554176,1.0,0.0,0.0,0.0,8.351000015900786,0.0,0.0,2.70805020110221,0.0,8.006700845440367,8.097215479054363,6.905310388672052,0.083333,12,0
4066,6.957119785804294,1.0,0.0,0.0,0.0,6.085375694176781,0.0,0.0,0.6931471805599453,0.0,7.313886831633462,5.404451028751033,5.626732045925121,0.0,12,0
4069,8.902231889228053,1.0,0.0,0.0,0.0,8.22356087988478,0.0,0.0,1.791759469228055,0.0,9.350189267092581,7.769921136590781,7.530762966471497,0.0,12,0
4070,4.082294011784288,0.363636,0.0,0.0,0.0,6.155061438520989,0.0,0.0,0.6931471805599453,0.0,6.90875477931522,5.021028536750499,5.252443994651152,0.0,12,0
4077,6.769581822345208,1.0,0.0,0.0,0.0,6.7756808336371535,0.0,0.0,1.6094379124341003,0.0,8.006700845440367,5.653192136645685,5.865579594378634,0.0,12,0
4079,6.942391961116531,1.0,0.0,0.0,0.0,7.3368435701585355,0.0,0.0,3.6635616461296463,0.0,7.313886831633462,7.448539508358624,5.56602101265189,0.125,8,0
4083,7.060145640930028,1.0,0.0,0.0,0.0,4.394146059360979,0.0,0.0,1.3862943611198906,0.0,7.0909098220799835,5.646509354237704,6.401295494389268,0.0,12,0
4084,7.895412040920214,1.0,0.0,0.0,0.0,7.930604206249326,0.0,0.0,1.791759469228055,0.0,8.412054873292933,6.05212296835321,7.025290194970492,0.0,12,0
4091,8.79936687983856,1.0,0.0,0.0,0.0,9.407547469009579,0.0,0.0,3.4657359027997265,0.0,8.987321812850125,9.222141612600918,7.691856059582587,0.0,12,0
4093,7.721529546603018,0.909091,0.0,0.0,0.0,7.903537179260004,0.0,0.0,1.3862943611198906,0.0,8.006700845440367,6.225078304018055,6.346743332120261,0.0,11,0
4094,7.339811988954591,1.0,0.0,0.0,0.0,7.053961291060046,0.0,0.0,1.6094379124341003,0.0,8.160803920954665,5.913622836296128,6.165632190503458,0.0,12,0
4095,8.018609421453107,1.0,0.0,0.0,0.0,6.568316627299094,0.0,0.0,2.70805020110221,0.0,8.699681400989514,6.567855456895524,6.555171945832967,0.0,12,0
4097,7.802908007510263,1.0,0.0,0.0,0.0,8.572069510268243,0.0,0.0,1.9459101490553132,0.0,8.517393171418904,8.647589031956258,6.547010491597229,0.0,12,0
4098,5.6916228687177135,0.909091,0.0,0.0,0.0,7.617751407941907,0.0,0.0,1.6094379124341003,0.0,7.0909098220799835,7.931237969917347,5.168390657808556,0.0,12,0
4100,8.39718875457419,1.0,0.0,0.0,0.0,7.269026871625359,0.0,0.0,2.302585092994046,0.0,8.612685172875459,8.82505338257024,7.098429198313464,0.083333,12,0
4101,7.932571873194307,1.0,0.0,0.0,0.0,4.97901058293366,0.0,0.0,0.6931471805599453,0.0,8.006700845440367,6.104295271399404,6.599366603571267,0.0,10,0
4103,9.152901556286134,1.0,0.0,0.0,0.0,8.67118008640292,0.0,0.0,2.6390573296152584,0.0,9.472781556562168,7.616966665484058,7.796934631897594,0.0,12,0
4107,3.845565310520823,0.636364,2.5649493574615367,0.0,2.5649493574615367,5.118952981009967,0.0,0.916667,1.3862943611198906,2.5649493574615367,7.0909098220799835,3.702700797771474,3.861784922530128,0.0,12,0
4113,7.145238867522609,1.0,0.0,0.0,0.0,7.134583541402746,0.0,0.0,2.1972245773362196,0.0,7.313886831633462,5.34852375596833,6.15638831965135,0.0,12,0
4116,5.279958814872575,1.0,0.0,0.0,0.0,5.912736625557576,0.0,0.0,0.6931471805599453,0.0,9.04793908261736,5.040907621653331,5.112464006272091,0.0,12,0
4118,4.774406173952688,0.636364,0.0,0.0,0.0,5.635004319401784,0.0,0.0,0.6931471805599453,0.0,6.621405651764134,6.489279112464406,5.248121942963938,0.0,12,0
4121,5.040856246000358,0.181818,0.0,0.0,0.0,6.870537555225602,0.0,0.0,0.6931471805599453,0.0,7.496097345175956,3.0127083117692695,3.6438872136930778,0.0,12,0
4123,8.383922183174473,1.0,3.4995332823830174,0.0,3.4995332823830174,7.512643149480511,0.0,0.083333,0.6931471805599453,0.6931471805599453,8.699681400989514,7.742539840009391,7.040546102077727,0.0,12,0
4125,7.865802045824921,1.0,0.0,0.0,0.0,8.325676251253336,0.0,0.0,1.791759469228055,0.0,9.392745258631441,7.639260129226619,6.4006144297550485,0.083333,12,0
4128,0.6593121783939342,0.363636,0.0,0.0,0.0,3.6975545167125525,0.0,0.0,0.6931471805599453,0.0,8.699681400989514,4.7027044815214305,3.621323933072305,0.0,12,0
4131,7.695728628595736,1.0,0.0,0.0,0.0,7.07665965157557,0.0,0.0,1.0986122886681098,0.0,8.517393171418904,8.563062849341668,6.641761205722248,0.0,12,0
4143,8.432297644224692,1.0,0.0,0.0,0.0,5.192367716273376,0.0,0.0,1.3862943611198906,0.0,8.517393171418904,6.918312193153174,7.559866652582243,0.0,12,0
4144,7.991855105443106,1.0,0.0,0.0,0.0,8.190219194955743,0.0,0.0,2.5649493574615367,0.0,9.305741456739435,8.389263927581558,6.46508290098272,0.0,10,0
4145,7.88904826545288,1.0,0.0,0.0,0.0,6.6598026633285645,0.0,0.0,1.0986122886681098,0.0,8.006700845440367,6.495926333044,6.646324775024577,0.0,12,0
4159,4.823475676738428,0.545455,0.0,0.0,0.0,7.088057784696902,0.0,0.0,1.0986122886681098,0.0,8.853808274977197,7.860509633263966,4.724652505931672,0.25,12,0
4163,7.680838879567287,1.0,0.0,0.0,0.0,6.924943054256132,0.0,0.0,1.9459101490553132,0.0,7.824445930877619,6.079113499969579,6.6159384582278005,0.0,12,0
4165,6.305177167812476,0.272727,0.0,0.0,0.0,7.823865042082431,0.0,0.0,2.0794415416798357,0.0,8.006700845440367,5.830744210935778,6.241419109523612,0.0,12,0
4166,6.940252864591864,1.0,0.0,0.0,0.0,7.042725434715456,0.0,0.0,1.6094379124341003,0.0,7.0909098220799835,5.481428140994461,6.4203729967353524,0.0,12,0
4168,6.574575673696002,0.727273,0.0,0.0,0.0,7.208214707729889,0.0,0.0,1.9459101490553132,0.0,7.313886831633462,7.584862748896487,5.459877701240585,0.125,12,0
4171,4.9098067527708755,0.727273,0.0,0.0,0.0,6.105362710856352,0.0,0.0,0.6931471805599453,0.0,7.824445930877619,6.030435750770974,5.303685755925329,0.0,11,0
4172,8.22968037877254,1.0,0.0,0.0,0.0,4.640741787686928,0.0,0.0,0.6931471805599453,0.0,8.987321812850125,7.228770120383368,6.839600134004329,0.0,11,0
4178,6.927440696468339,1.0,0.0,0.0,0.0,7.857291541183683,0.0,0.0,2.1972245773362196,0.0,9.472781556562168,7.4408699451742,5.497941041348032,0.0,12,0
4191,1.821431533663609,0.363636,0.0,0.0,0.0,7.1581585855398995,0.0,0.0,0.6931471805599453,0.0,8.006700845440367,7.157100165655351,4.0702306617289095,0.0,12,0
4203,7.211675864224812,1.0,0.0,0.0,0.0,6.402750782862713,0.0,0.0,2.4849066497880004,0.0,7.313886831633462,5.75205364702983,5.978004267635782,0.0,12,0
4215,8.631049225864523,1.0,0.0,0.0,0.0,8.146393335220479,0.0,0.0,2.4849066497880004,0.0,8.699681400989514,7.176939948441777,7.151426610292018,0.0,12,0
4219,6.859888612257643,0.875,0.0,0.0,0.0,7.0928499139049945,0.0,0.0,2.833213344056216,0.0,7.0909098220799835,5.3909099570493115,5.931858696324314,0.0,8,0
4223,8.620646908428458,1.0,0.0,0.0,0.0,7.710744410302493,0.0,0.0,2.302585092994046,0.0,8.699681400989514,7.143863172865257,7.590482479621054,0.0,12,0
4236,7.3363936607036715,1.0,0.0,0.0,0.0,6.455668696520889,0.0,0.0,2.4849066497880004,0.0,7.496097345175956,6.525454860687051,6.087499150817573,0.0,12,0
4237,7.646817949601841,1.0,0.0,0.0,0.0,4.914536636191423,0.0,0.0,1.0986122886681098,0.0,7.824445930877619,5.6228480536911825,5.386443644720973,0.0,6,0
4241,8.11243296462086,1.0,0.0,0.0,0.0,8.135180172914223,0.0,0.0,2.833213344056216,0.0,8.699681400989514,6.527316561412824,7.062889254358692,0.0,12,0
4249,8.992399815205122,1.0,0.0,0.0,0.0,8.160899338281752,0.0,0.0,3.091042453358316,0.0,9.392745258631441,7.904880611176988,7.623424246374779,0.0,12,0
4252,9.441247464068002,1.0,0.0,0.0,0.0,8.087412884850528,0.0,0.0,1.9459101490553132,0.0,9.546884034617925,8.017171548891707,7.988708616457745,0.0,12,0
4253,6.909684889086532,1.0,0.0,0.0,0.0,5.927460440478869,0.0,0.0,0.6931471805599453,0.0,7.0909098220799835,5.72043393635872,5.676580424225479,0.0,12,0
4263,8.148939513626983,1.0,0.0,0.0,0.0,9.092376765517873,0.0,0.0,2.3978952727983707,0.0,8.699681400989514,8.746126687006385,6.6243013765414105,0.1,10,0
4268,4.3322101440115475,1.0,0.0,0.0,0.0,5.686490204774524,0.0,0.0,0.6931471805599453,0.0,8.853808274977197,5.931296748431966,4.575075448158723,0.0,12,0
4274,6.19676392797682,1.0,0.0,0.0,0.0,7.162498323280365,0.0,0.0,2.6390573296152584,0.0,7.0909098220799835,5.840563761897764,5.220185432183902,0.0,12,0
4275,5.727222690316702,0.454545,0.0,0.0,0.0,6.900564867824397,0.0,0.0,0.6931471805599453,0.0,7.0909098220799835,7.884071632037073,5.054217622586909,0.2,12,0
4278,6.075411293326874,0.636364,0.0,0.0,0.0,6.9077467189455,0.0,0.0,1.0986122886681098,0.0,7.496097345175956,5.0787505174516205,4.819497104770271,0.083333,12,0
4279,6.989537044694206,0.909091,0.0,0.0,0.0,7.455925538899732,0.0,0.0,1.6094379124341003,0.0,7.601402334583733,7.693672766142952,5.9064675444488595,0.111111,12,0
4286,6.925680212160634,1.0,0.0,0.0,0.0,6.954267894362375,0.0,0.0,1.3862943611198906,0.0,8.160803920954665,7.985487821669957,5.738060666727316,0.083333,12,0
4295,8.503541045918011,1.0,0.0,0.0,0.0,7.236231516926949,0.0,0.0,1.6094379124341003,0.0,8.77971129020447,6.927044397004014,7.428978977903309,0.0,12,0
4302,6.8382616289122335,1.0,0.0,0.0,0.0,6.481760127845107,0.0,0.0,1.3862943611198906,0.0,8.216358332386156,5.528325224510524,5.535838448051545,0.0,12,0
4305,6.273660418466823,0.5,0.0,0.0,0.0,7.251379523201239,0.0,0.0,1.6094379124341003,0.0,7.313886831633462,7.257472957578911,4.097165147296094,0.142857,8,0
4312,8.943792263727593,1.0,0.0,0.0,0.0,7.587041668571276,0.0,0.0,2.0794415416798357,0.0,8.987321812850125,7.549005905861808,7.905398262794632,0.0,12,0
4314,7.224381066975601,1.0,0.0,0.0,0.0,8.059876249703374,0.0,0.0,2.4849066497880004,0.0,8.160803920954665,5.827929563366579,6.026701262555691,0.0,12,0
4316,8.125023373739097,1.0,0.0,0.0,0.0,9.176967219776355,0.0,0.0,1.9459101490553132,0.0,9.15915233520675,7.693997058121599,6.52966542099689,0.0,10,0
4318,7.735290490459729,0.818182,0.0,0.0,0.0,7.8705214615709105,0.0,0.0,1.0986122886681098,0.0,8.006700845440367,6.402851859296496,6.4761410728484545,0.0,12,0
4321,6.8119933392496606,1.0,0.0,0.0,0.0,5.077255815117137,0.0,0.0,0.6931471805599453,0.0,7.0909098220799835,7.222372566534841,5.4409388036250785,0.0,12,0
4325,6.975400421757274,1.0,0.0,0.0,0.0,4.0194670889501145,0.0,0.0,0.6931471805599453,0.0,7.0909098220799835,5.886604467322345,5.769042229392281,0.0,12,0
4330,6.342219922672295,0.727273,0.0,0.0,0.0,8.088152304801277,0.0,0.0,2.4849066497880004,0.0,8.699681400989514,8.31976727985544,5.097789595871651,0.6,12,0
4332,1.387629219799492,0.333333,0.0,0.0,0.0,5.584753390503733,0.0,0.0,0.6931471805599453,0.0,7.0909098220799835,7.118161248240952,0.8476156670241812,0.0,9,0
4337,7.902073512010616,1.0,0.0,0.0,0.0,6.359437153444923,0.0,0.0,1.6094379124341003,0.0,9.210440366976517,6.484916570102801,6.533547167745084,0.0,12,0
4347,5.440975844692853,1.0,0.0,0.0,0.0,6.893998915597374,0.0,0.0,0.6931471805599453,0.0,8.006700845440367,7.022563574483049,4.884159916761416,0.1,12,0
4351,7.305936038526183,1.0,0.0,0.0,0.0,7.863454800552841,0.0,0.0,2.772588722239781,0.0,7.824445930877619,7.990671394040109,6.311236216636757,0.0,12,0
4357,7.642476210302794,1.0,0.0,0.0,0.0,7.018787092783909,0.0,0.0,1.9459101490553132,0.0,8.612685172875459,6.145682393250961,6.402377928053476,0.0,12,0
4359,6.9601570799991315,1.0,0.0,0.0,0.0,7.3292006091444035,0.0,0.0,2.1972245773362196,0.0,7.313886831633462,7.43666058898637,5.865455139005949,0.0,12,0
4361,7.001241028252003,1.0,0.0,0.0,0.0,7.047093578589891,0.0,0.0,1.6094379124341003,0.0,7.824445930877619,5.084393848544054,6.004962128527042,0.0,12,0
4362,6.992624774948099,1.0,0.0,0.0,0.0,4.693731159233042,0.0,0.0,0.6931471805599453,0.0,7.0909098220799835,5.763458860372186,5.428711774602436,0.0,12,0
4363,8.172664046299873,1.0,0.0,0.0,0.0,7.713931439227556,0.0,0.0,2.3978952727983707,0.0,9.648659816955295,6.803186052394744,6.651962173381845,0.0,12,0
4368,9.111932043983195,1.0,0.0,0.0,0.0,8.643635687883723,0.0,0.0,2.6390573296152584,0.0,9.581972891547895,9.5392747984103,7.8362564451563905,0.083333,12,0
4372,7.311606384622116,1.0,0.0,0.0,0.0,5.216189943614899,0.0,0.0,1.3862943611198906,0.0,7.3783837129967145,6.220988963334565,7.109936896880435,0.0,12,0
4377,7.1204593577288735,0.909091,0.0,0.0,0.0,7.665746742523487,0.0,0.0,1.3862943611198906,0.0,8.006700845440367,6.29471847334471,5.888088203345195,0.0,12,0
4380,6.22943837620958,0.555556,0.0,0.0,0.0,8.839126913427283,0.0,0.0,1.0986122886681098,0.0,9.04793908261736,8.8976039724499,5.215926190881027,0.333333,9,0
4384,7.8938747314307145,1.0,0.0,0.0,0.0,5.0474789342487805,0.0,0.0,0.6931471805599453,0.0,8.006700845440367,6.571134161878775,6.921833340408009,0.0,12,0
4385,3.6487710590876543,1.0,3.4728976958273465,0.0,3.4728976958273465,7.548319031184215,0.0,0.25,1.0986122886681098,1.3862943611198906,7.824445930877619,8.3056068327264,4.420404985928439,0.2,12,0
4400,7.581845151616403,1.0,0.0,0.0,0.0,5.456372985025705,0.0,0.0,1.6094379124341003,0.0,7.601402334583733,6.047414452384427,6.031191031375949,0.0,10,0
4402,7.084189113774141,1.0,0.0,0.0,0.0,5.623159163187118,0.0,0.0,0.6931471805599453,0.0,7.313886831633462,5.5894702338169955,5.627168874755376,0.0,12,0
4404,6.986429699593122,1.0,0.0,0.0,0.0,3.910403795214554,0.0,0.0,0.6931471805599453,0.0,7.0909098220799835,5.8415514875384265,5.541431217375164,0.0,12,0
4410,7.176390358419232,1.0,0.0,0.0,0.0,6.078193048050288,0.0,0.0,1.3862943611198906,0.0,8.006700845440367,6.754677180733547,5.929804168142756,0.0,12,0
4412,6.667503705186123,1.0,0.0,0.0,0.0,5.630147559823988,0.0,0.0,0.6931471805599453,0.0,7.0909098220799835,5.7943048353672735,5.132049170266411,0.0,12,0
4413,6.971549375291789,0.363636,0.0,0.0,0.0,8.119449985731205,0.0,0.0,2.1972245773362196,0.0,9.259225769705994,9.939875382342557,6.510734087456676,0.25,12,0
4414,3.2343553169454142,0.181818,0.0,0.0,0.0,7.222833147373739,0.0,0.0,0.6931471805599453,0.0,8.006700845440367,9.296038911238028,4.021146504176077,1.0,12,0
4419,8.922281125336493,1.0,0.0,0.0,0.0,8.868995471446546,0.0,0.0,3.1354942159291497,0.0,9.259225769705994,7.984232910625244,8.064584731039261,0.0,12,0
4423,5.07467018218199,1.0,0.0,0.0,0.0,6.670460592239854,0.0,0.0,1.3862943611198906,0.0,8.38958706681109,6.3204914789623485,5.163588543003464,0.0,12,0
4426,9.179907183018969,1.0,0.0,0.0,0.0,9.27155973642756,0.0,0.0,3.332204510175204,0.0,9.210440366976517,9.472861328013062,8.268237863212107,0.0,12,0
4429,7.10336149184745,1.0,0.0,0.0,0.0,5.323897819038239,0.0,0.0,1.0986122886681098,0.0,7.313886831633462,5.757493483016506,5.756396508982658,0.0,12,0
4431,6.233623404097322,1.0,0.0,0.0,0.0,6.857602845144583,0.0,0.0,0.6931471805599453,0.0,9.350189267092581,6.883221431312949,5.3861532102382395,0.0,12,0
4439,8.011562466102477,1.0,0.0,0.0,0.0,7.0429532265072705,0.0,0.0,1.0986122886681098,0.0,8.77971129020447,6.931487671684524,6.84543391200743,0.0,12,0
4442,7.613455181928138,0.875,4.04305126783455,4.04305126783455,0.0,8.315632176537349,0.125,0.0,2.3978952727983707,0.6931471805599453,7.824445930877619,5.931073687185856,6.026482192136366,0.0,8,0
4449,7.743272390331025,1.0,0.0,0.0,0.0,5.916871983712734,0.0,0.0,1.0986122886681098,0.0,7.824445930877619,6.437988260141951,6.55167527517428,0.0,12,0
4452,6.703293296665947,0.818182,0.0,0.0,0.0,6.992229550907504,0.0,0.0,1.0986122886681098,0.0,8.006700845440367,5.94914592017111,5.6830307629218355,0.0,12,0
4453,6.0994890965745,1.0,0.0,0.0,0.0,4.987420599513512,0.0,0.0,1.3862943611198906,0.0,6.2166061010848646,5.157018173958991,5.447235984407279,0.0,12,0
4454,8.594893406888286,1.0,0.009950330853168092,0.009950330853168092,0.0,8.689989387327826,0.083333,0.0,1.791759469228055,0.6931471805599453,9.392745258631441,6.977901547584163,7.600534326789535,0.0,12,0
4455,7.121664684097714,0.555556,0.0,0.0,0.0,7.977888335832794,0.0,0.0,1.0986122886681098,0.0,8.006700845440367,6.362720751140141,6.161562087872038,0.0,9,0
4459,5.963919689293258,1.0,0.0,0.0,0.0,6.537708095275191,0.0,0.0,2.0794415416798357,0.0,6.957497370876951,7.379192452711802,5.423676612331449,0.083333,12,0
4461,7.496699399884655,0.833333,0.0,0.0,0.0,8.067968613942444,0.0,0.0,2.4849066497880004,0.0,9.210440366976517,5.799327690473762,5.38335293374373,0.0,6,0
4477,8.50069023544797,1.0,0.0,0.0,0.0,8.064678212010172,0.0,0.0,2.0794415416798357,0.0,8.517393171418904,6.7648333212635,7.590284441880679,0.0,12,0
4479,8.457286779875046,1.0,0.0,0.0,0.0,7.210658202080214,0.0,0.0,1.0986122886681098,0.0,9.210440366976517,7.190412080132369,7.113217272006035,0.0,12,0
4484,6.911540104485326,1.0,0.0,0.0,0.0,5.460034387853366,0.0,0.0,1.3862943611198906,0.0,7.0909098220799835,5.483997194697682,5.421588740352273,0.0,12,0
4485,7.990312730706044,1.0,0.0,0.0,0.0,7.298944236729989,0.0,0.0,2.833213344056216,0.0,9.04793908261736,6.567873346950767,6.531303035769325,0.0,12,0
4489,8.893995992660097,1.0,0.0,0.0,0.0,8.795745064407642,0.0,0.0,3.2188758248682006,0.0,8.922791623969637,8.364988624582054,8.567126857538033,0.0,12,0
4492,5.72834625618398,1.0,0.0,0.0,0.0,5.261832697011442,0.0,0.0,0.6931471805599453,0.0,8.853808274977197,6.361238207804802,5.152190607130668,0.083333,12,0
4494,7.929925683168978,1.0,0.0,0.0,0.0,4.613040295273953,0.0,0.0,1.0986122886681098,0.0,8.006700845440367,6.7028036282930525,7.279563048350834,0.0,12,0
4496,7.563022587938862,1.0,0.0,0.0,0.0,6.810853648091046,0.0,0.0,1.0986122886681098,0.0,7.824445930877619,6.062594225329797,6.574538314010247,0.0,12,0
4498,6.484453585550088,0.909091,0.0,0.0,0.0,7.220523157689138,0.0,0.0,2.0794415416798357,0.0,7.244941546337007,5.331316694842578,5.608476747175298,0.0,12,0
4506,8.766775825607024,1.0,0.0,0.0,0.0,8.183507106786402,0.0,0.0,2.302585092994046,0.0,8.922791623969637,7.471680614890248,7.741977747362298,0.0,12,0
4509,8.919374069406533,1.0,0.0,0.0,0.0,9.229017130425703,0.0,0.0,2.4849066497880004,0.0,9.210440366976517,7.612291474300013,7.559849117429703,0.0,10,0
4513,7.341317673941904,1.0,0.0,0.0,0.0,4.787276127872155,0.0,0.0,1.791759469228055,0.0,7.3783837129967145,5.871234923807851,6.0618066642867845,0.0,12,0
4524,8.355241540279781,1.0,0.0,0.0,0.0,7.7493083520607735,0.0,0.0,0.6931471805599453,0.0,8.517393171418904,7.265088248874297,7.188130875025475,0.0,12,0
4526,7.112451395463907,1.0,0.0,0.0,0.0,5.622580918833004,0.0,0.0,1.791759469228055,0.0,7.0909098220799835,6.682145723327051,6.934894519550503,0.0,12,0
4528,5.041120256315975,1.0,0.0,0.0,0.0,5.544827140942942,0.0,0.0,0.6931471805599453,0.0,5.707110264748875,5.852856788656229,5.009797676726085,0.083333,12,0
4533,7.0074507140296385,0.363636,0.0,0.0,0.0,5.05250786616661,0.0,0.0,1.6094379124341003,0.0,8.853808274977197,8.299772421705576,6.020212736911438,0.0,12,0
4549,7.282829720211958,1.0,0.0,0.0,0.0,3.9240080173883385,0.0,0.0,0.6931471805599453,0.0,7.313886831633462,5.620348628845582,6.203330051664222,0.0,12,0
4556,5.749816813278196,1.0,3.9138213873695253,3.9138213873695253,0.0,7.175574168359274,0.166667,0.0,2.6390573296152584,1.0986122886681098,8.77971129020447,7.249035597515677,5.24786372481667,0.166667,12,0
4560,8.340110067881236,1.0,0.0,0.0,0.0,6.0747002594046355,0.0,0.0,0.6931471805599453,0.0,8.412054873292933,7.104526264814991,6.842240828980873,0.0,12,0
4564,6.0905783136417755,0.666667,0.0,0.0,0.0,7.026908186602004,0.0,0.0,1.9459101490553132,0.0,7.0909098220799835,5.151809693556554,4.738128768338129,0.0,6,0
4566,6.596084204181566,1.0,0.0,0.0,0.0,7.948023292012878,0.0,0.0,2.1972245773362196,0.0,7.313886831633462,8.073771496458347,5.471879672870876,0.090909,12,0
4570,7.758932034149254,1.0,0.0,0.0,0.0,7.506210558514037,0.0,0.0,1.791759469228055,0.0,8.006700845440367,6.507156527430471,6.31760478664002,0.0,12,0
4571,7.944715739291936,1.0,0.0,0.0,0.0,5.444767920639139,0.0,0.0,2.0794415416798357,0.0,8.006700845440367,6.698748065895022,7.0461046345609635,0.0,12,0
4580,8.090169802820347,1.0,0.0,0.0,0.0,5.047751486606333,0.0,0.0,0.6931471805599453,0.0,8.77971129020447,6.6867059931622554,7.3711381549554,0.0,12,0
4583,2.557385980949485,0.818182,0.0,0.0,0.0,6.182069549160689,0.0,0.0,0.6931471805599453,0.0,8.006700845440367,6.591577510644277,1.7981076104082332,0.142857,12,0
4587,8.075260035030208,1.0,0.0,0.0,0.0,5.228606033457918,0.0,0.0,1.0986122886681098,0.0,8.160803920954665,6.643436510615688,6.952115098891591,0.0,12,0
4591,7.51645907951486,1.0,0.0,0.0,0.0,4.30619570022657,0.0,0.0,0.6931471805599453,0.0,7.601402334583733,6.025499126351771,6.398549006691855,0.0,12,0
4595,6.484531263818156,1.0,0.0,0.0,0.0,7.3537892564570875,0.0,0.0,2.302585092994046,0.0,7.0909098220799835,7.336948845277061,5.618654816898398,0.1,12,0
4602,8.589901331590754,1.0,0.0,0.0,0.0,7.738283030004924,0.0,0.0,2.1972245773362196,0.0,8.612685172875459,8.071874573092957,9.429530029745184,0.0,12,0
4605,5.125421095864686,0.272727,0.0,0.0,0.0,7.151749660193045,0.0,0.0,1.3862943611198906,0.0,8.006700845440367,8.86718143349015,5.520613506910987,0.25,12,0
4607,6.90988297882259,1.0,0.0,0.0,0.0,6.128521455915623,0.0,0.0,0.6931471805599453,0.0,7.0909098220799835,6.138353788532694,6.154051754149792,0.0,12,0
4609,8.041687687215891,1.0,0.0,0.0,0.0,8.021084737862402,0.0,0.0,2.4849066497880004,0.0,8.699681400989514,6.5555791601371025,6.9762308656336876,0.0,12,0
4612,7.72807563837273,1.0,0.0,0.0,0.0,5.076357027462076,0.0,0.0,0.6931471805599453,0.0,7.783640596221253,6.207919940472393,6.883254630365503,0.0,12,0
4617,8.759724112054263,1.0,0.0,0.0,0.0,8.174016917671933,0.0,0.0,2.4849066497880004,0.0,8.853808274977197,7.5578861739083365,8.204015469252735,0.0,12,0
4619,8.854566549905158,1.0,0.0,0.0,0.0,8.36040535437795,0.0,0.0,2.4849066497880004,0.0,9.259225769705994,7.393029738923096,7.360470301556949,0.0,12,0
4623,3.1436311946557045,1.0,0.0,0.0,0.0,5.000485761403719,0.0,0.0,0.6931471805599453,0.0,8.006700845440367,5.212399380679326,5.050246533548317,0.083333,12,0
4626,8.480144905409402,1.0,0.0,0.0,0.0,8.939447098426317,0.0,0.0,2.833213344056216,0.0,8.987321812850125,8.245802836235645,7.879975937014155,0.0,12,0
4635,7.253410101320579,1.0,0.0,0.0,0.0,4.854541826055312,0.0,0.0,1.0986122886681098,0.0,7.313886831633462,5.5636802000412615,6.051569285573189,0.0,11,0
4637,3.020000747429765,0.363636,0.0,0.0,0.0,7.05834091587449,0.0,0.0,1.3862943611198906,0.0,7.0909098220799835,8.11360550115578,2.35619533618153,0.5,12,0
4640,8.750582096357146,0.909091,0.0,0.0,0.0,9.17866178464893,0.0,0.0,2.4849066497880004,0.0,9.210440366976517,8.747064436640967,7.1286634336579535,0.090909,11,0
4642,8.216275835333002,1.0,0.0,0.0,0.0,7.076313287876425,0.0,0.0,2.6390573296152584,0.0,8.294299608857235,6.647639197256918,7.438111787243224,0.0,12,0
4646,8.34852090881309,1.0,0.0,0.0,0.0,8.46506748456428,0.0,0.0,1.9459101490553132,0.0,8.987321812850125,7.233411233529768,7.167214212444443,0.0,12,0
4647,6.785848603045814,1.0,0.0,0.0,0.0,6.417980131076343,0.0,0.0,1.0986122886681098,0.0,7.0909098220799835,6.785524136776635,5.380799347543191,0.0,12,0
4653,5.3082098343410316,0.181818,0.0,0.0,0.0,7.5313200736113455,0.0,0.0,1.791759469228055,0.0,7.824445930877619,9.182544742058363,5.809585256499918,1.0,12,0
4654,7.684770427569376,1.0,0.0,0.0,0.0,7.084885188299347,0.0,0.0,1.6094379124341003,0.0,7.783640596221253,6.102258836043925,6.9509569690595665,0.0,12,0
4656,7.290044654505529,1.0,0.0,0.0,0.0,7.928187761641842,0.0,0.0,2.1972245773362196,0.0,7.313886831633462,7.4687699936773635,6.1696135065461855,0.090909,12,0
4658,8.8514355813476,1.0,0.0,0.0,0.0,8.118411609107952,0.0,0.0,2.4849066497880004,0.0,8.94910546953925,7.019203815774252,10.154193262474498,0.0,12,0
4660,8.022220293562382,1.0,0.0,0.0,0.0,8.299648294348124,0.0,0.0,2.1972245773362196,0.0,8.517393171418904,6.6975912801494015,6.513992100939584,0.0,12,0
4664,8.268927643970986,1.0,0.0,0.0,0.0,6.83166200202974,0.0,0.0,0.6931471805599453,0.0,8.77971129020447,6.778520736517824,7.28290960432893,0.0,12,0
4675,7.258298114515975,1.0,0.0,0.0,0.0,5.612332432259117,0.0,0.0,2.0794415416798357,0.0,7.313886831633462,6.431292145587707,6.254772058885518,0.0,12,0
4682,6.994662107506766,1.0,0.0,0.0,3.044522437723423,3.6699512658844524,0.0,0.166667,0.6931471805599453,0.6931471805599453,7.0909098220799835,5.655051354743622,5.805447660987083,0.0,12,0
4684,6.4412869802844215,1.0,0.0,0.0,0.0,8.129890264337144,0.0,0.0,2.4849066497880004,0.0,7.0909098220799835,8.179519496052434,6.162152611055196,0.25,12,0
4685,7.522950316406584,1.0,0.0,0.0,0.0,6.732220512140227,0.0,0.0,1.0986122886681098,0.0,7.824445930877619,6.073548913792022,6.731946666844232,0.0,12,0
4686,8.004229031277175,1.0,0.0,0.0,0.0,6.633918922687362,0.0,0.0,2.302585092994046,0.0,8.160803920954665,6.706923920281006,6.717235577847253,0.0,12,0
4688,7.660616735825615,1.0,0.0,0.0,0.0,6.956519470433329,0.0,0.0,2.302585092994046,0.0,8.006700845440367,6.308431180317053,6.247115417473782,0.0,12,0
4690,6.717015710338373,1.0,0.0,0.0,0.0,4.671684170237914,0.0,0.0,0.6931471805599453,0.0,7.0909098220799835,6.057268287049829,5.388882483600063,0.0,12,0
4691,4.482580236862692,0.454545,0.0,0.0,0.0,7.133053330892221,0.0,0.0,0.6931471805599453,0.0,7.601402334583733,7.893291992121594,4.752827745346039,0.333333,12,0
4694,7.124498916064357,1.0,0.0,0.0,0.0,5.202818778495993,0.0,0.0,0.6931471805599453,0.0,7.496097345175956,6.737932163452795,6.008127077888756,0.0,12,0
4701,6.956443193162312,1.0,0.0,0.0,0.0,4.760172822796916,0.0,0.0,1.6094379124341003,0.0,7.00397413672268,5.3920286005377305,6.396780740795611,0.0,12,0
4702,6.230633008927126,0.857143,0.0,0.0,0.0,7.238597691412228,0.0,0.0,1.0986122886681098,0.0,7.313886831633462,7.652096273581627,5.555476797802203,0.25,7,0
4704,6.884865482017666,1.0,0.0,0.0,0.0,7.3921891650769584,0.0,0.0,1.6094379124341003,0.0,7.3783837129967145,8.025424189302418,6.064290715781087,0.166667,12,0
4714,8.253048680610164,1.0,0.0,0.0,0.0,7.137049911945377,0.0,0.0,2.4849066497880004,0.0,9.15915233520675,7.258504171009186,6.982151857842079,0.0,12,0
4717,8.817445166190453,1.0,0.0,0.0,0.0,8.425697622503725,0.0,0.0,2.3978952727983707,0.0,9.350189267092581,8.503441089442672,8.512255666075369,0.0,12,0
4720,8.910025608421446,1.0,0.0,0.0,0.0,9.42595924376493,0.0,0.0,2.6390573296152584,0.0,9.350189267092581,9.54378794820627,7.399309553418813,0.083333,12,0
4723,3.037189378349012,1.0,0.0,0.0,0.0,4.898209910556008,0.0,0.0,1.0986122886681098,0.0,7.0909098220799835,3.9067924699964753,4.594980264635412,0.0,7,0
4724,8.772999870766702,1.0,0.0,0.0,0.0,8.243647190373466,0.0,0.0,2.8903717578961645,0.0,8.922791623969637,7.878952157267288,7.490314327565899,0.0,12,0
4730,7.383400767342869,0.545455,0.0,0.0,0.0,7.823134130019309,0.0,0.0,1.3862943611198906,0.0,8.517393171418904,9.203781168356029,6.530363978337911,0.166667,12,0
4737,8.230604565200835,1.0,0.0,0.0,0.0,6.55665360263801,0.0,0.0,2.0794415416798357,0.0,9.305741456739435,6.93777651506137,6.826654391133388,0.0,12,0
4738,6.904974643596354,1.0,0.0,0.0,0.0,7.24379566522654,0.0,0.0,0.6931471805599453,0.0,8.987321812850125,7.770716006730223,5.425024547743601,0.0,12,0
4739,8.30304368539453,1.0,0.0,0.0,0.0,7.783406101840798,0.0,0.0,1.3862943611198906,0.0,8.853808274977197,7.296676600878639,6.833094102608404,0.0,12,0
4740,7.520890619267143,1.0,0.0,0.0,0.0,7.581344880309174,0.0,0.0,1.3862943611198906,0.0,8.412054873292933,5.806301661559847,6.3990899434456665,0.0,12,0
4743,7.978680870249704,1.0,0.0,0.0,0.0,6.739435945501887,0.0,0.0,2.6390573296152584,0.0,8.006700845440367,7.216061087116555,7.354787976225798,0.0,12,0
4745,5.772488082664728,1.0,0.0,0.0,0.0,7.138852754605964,0.0,0.0,2.70805020110221,0.0,8.77971129020447,7.466040196559494,5.27576092708933,0.083333,12,0
4747,8.61203443619681,1.0,0.0,0.0,0.0,7.757896704460432,0.0,0.0,1.0986122886681098,0.0,8.699681400989514,7.165133963767434,7.381723018873848,0.0,12,0
4748,0.07206388442914868,0.181818,0.0,0.0,0.0,5.918169075555463,0.0,0.0,0.6931471805599453,0.0,6.90875477931522,7.396124874118127,2.5269550919138317,1.0,12,0
4750,7.890053580788096,1.0,0.0,0.0,0.0,6.875730193572936,0.0,0.0,0.6931471805599453,0.0,8.77971129020447,6.5030703259738285,6.487106021948633,0.0,12,0
4752,6.866172317916935,1.0,0.0,0.0,0.0,5.152830349412294,0.0,0.0,2.1972245773362196,0.0,6.90875477931522,5.794029744382075,5.733398132886591,0.0,12,0
4754,9.357288043743457,1.0,0.0,0.0,0.0,9.130982500740298,0.0,0.0,3.1780538303479458,0.0,9.472781556562168,7.665672042888975,8.479668508326514,0.0,12,0
4757,7.897629327230809,1.0,0.0,0.0,0.0,5.602861950594463,0.0,0.0,0.6931471805599453,0.0,7.972810784121404,6.462224830643646,6.463437805672254,0.0,12,0
4765,6.528530071162955,0.636364,0.0,0.0,0.0,7.4883329055419825,0.0,0.0,1.6094379124341003,0.0,8.006700845440367,5.850749266325137,5.076026988677837,0.0,12,0
4767,6.97036766412269,1.0,0.0,0.0,0.0,5.286328096620612,0.0,0.0,0.6931471805599453,0.0,7.0909098220799835,5.335156457427589,5.759629628800425,0.0,12,0
4769,7.340757281280529,0.909091,0.0,0.0,0.0,5.04696951842298,0.0,0.0,0.6931471805599453,0.0,8.294299608857235,6.581413238423514,5.81602617276789,0.0,11,0
4771,7.002571754207137,1.0,0.0,0.0,0.0,2.9709324339650105,0.0,0.0,0.6931471805599453,0.0,7.0909098220799835,5.417008252206094,6.314854581880369,0.0,12,0
4776,7.420655761738715,1.0,0.0,0.0,0.0,5.817280234954937,0.0,0.0,1.0986122886681098,0.0,7.496097345175956,6.272146101764484,6.41072486063438,0.0,12,0
4778,5.430152873220536,0.272727,3.9318256327243257,3.9318256327243257,0.0,6.854502239231673,0.083333,0.0,1.0986122886681098,0.6931471805599453,8.612685172875459,7.637802056468856,5.094054265004006,0.0,12,0
4780,7.249558387650881,1.0,0.0,0.0,0.0,5.899021751176482,0.0,0.0,0.6931471805599453,0.0,7.313886831633462,5.372606911859212,5.897057269564704,0.0,8,0
4782,7.026056158312116,1.0,0.0,0.0,0.0,5.39786330376154,0.0,0.0,1.6094379124341003,0.0,7.0909098220799835,6.103120995720531,5.434622113617448,0.0,12,0
4788,7.264694831608902,1.0,0.0,0.0,0.0,6.427679555262345,0.0,0.0,1.0986122886681098,0.0,7.496097345175956,7.680117420727999,5.799595579487682,0.083333,12,0
4796,8.993307415392206,1.0,0.0,0.0,0.0,8.726498713807667,0.0,0.0,2.3978952727983707,0.0,9.392745258631441,7.680754219909419,7.680382474934007,0.0,12,0
4803,7.953298027900582,1.0,0.0,0.0,0.0,5.590896468952122,0.0,0.0,2.3978952727983707,0.0,8.006700845440367,6.768715909838052,6.815315114939698,0.0,12,0
4807,8.188063810087035,1.0,0.0,0.0,0.0,7.067864347445923,0.0,0.0,1.3862943611198906,0.0,8.699681400989514,7.313487913968461,6.641311468169701,0.0,12,0
4811,5.380744971169645,0.454545,0.0,0.0,0.0,6.855809923627982,0.0,0.0,1.0986122886681098,0.0,7.0909098220799835,5.499801721808347,5.162883164729799,0.0,12,0
4812,8.29369274117118,1.0,0.0,0.0,0.0,8.165519491808661,0.0,0.0,1.9459101490553132,0.0,8.412054873292933,7.284323318967766,7.178562747535351,0.0,11,0
4814,7.466433361123154,1.0,0.0,0.0,0.0,6.026785430222753,0.0,0.0,2.1972245773362196,0.0,7.496097345175956,6.553552054968225,6.628371406369663,0.0,12,0
4818,4.916273345911529,1.0,0.0,0.0,0.0,6.216195044556817,0.0,0.0,1.6094379124341003,0.0,7.0909098220799835,7.5202942110638205,5.2277837211784,0.166667,12,0
4835,6.964092629452902,1.0,0.0,0.0,0.0,6.613681278950685,0.0,0.0,2.4849066497880004,0.0,7.824445930877619,6.213792618008404,5.527728658474089,0.0,12,0
4836,8.476072700475358,1.0,0.0,0.0,0.0,8.48165423744603,0.0,0.0,2.3978952727983707,0.0,8.517393171418904,8.693843794203522,7.654241673932276,0.083333,12,0
4837,3.769608710674227,0.571429,0.0,0.0,0.0,5.567287854100365,0.0,0.0,1.0986122886681098,0.0,7.0909098220799835,6.091172721087849,3.7025693681601144,0.0,7,0
4838,6.412511403462073,0.636364,0.0,0.0,0.0,7.757848595581052,0.0,0.0,1.0986122886681098,0.0,8.294299608857235,6.39905659833477,5.915361531562593,0.0,12,0
4846,7.284409275045431,0.909091,0.0,0.0,0.0,8.32311513257952,0.0,0.0,3.5553480614894135,0.0,7.824445930877619,7.93540393226893,6.304219882254666,0.0,11,0
4851,8.014878736673973,1.0,0.0,0.0,0.0,7.775996664333693,0.0,0.0,1.0986122886681098,0.0,8.987321812850125,6.362093413405431,6.939826940763402,0.0,12,0
4863,8.034237000344591,1.0,0.0,0.0,0.0,6.604828052796664,0.0,0.0,1.0986122886681098,0.0,8.612685172875459,6.941752384359084,6.616641843465297,0.0,12,0
4870,8.041547504454455,0.636364,0.0,0.0,0.0,7.668909453411361,0.0,0.0,1.9459101490553132,0.0,9.210440366976517,9.35092052995642,7.16832690763774,0.142857,12,0
4873,8.380906962225817,1.0,0.0,0.0,0.0,5.667987852943261,0.0,0.0,1.0986122886681098,0.0,8.412054873292933,6.949077072741941,7.367895266435849,0.0,12,0
4877,8.684825137408458,0.9,0.0,0.0,0.0,8.86783498601434,0.0,0.0,2.6390573296152584,0.0,8.987321812850125,7.0538541950423275,7.539940156905396,0.0,10,0
4880,7.811773481293607,1.0,0.0,0.0,0.0,6.476677902617435,0.0,0.0,1.6094379124341003,0.0,7.824445930877619,6.40148623488808,6.9909883320873165,0.0,12,0
4898,8.465469006524495,0.909091,0.0,0.0,0.0,6.846292279575402,0.0,0.0,2.3978952727983707,0.0,9.305741456739435,7.13784142422248,6.9379754285047675,0.0,11,0
4902,7.030137184053653,1.0,0.0,0.0,0.0,7.234268244145929,0.0,0.0,1.3862943611198906,0.0,7.313886831633462,7.151541764043991,5.6842731153527595,0.0,12,0
4908,7.755123179487903,1.0,0.0,0.0,0.0,7.522774027390138,0.0,0.0,0.6931471805599453,0.0,9.179984251961283,6.690245728089819,6.308583424068624,0.0,12,0
4909,7.529121562800703,1.0,0.0,0.0,0.0,5.719729918836416,0.0,0.0,1.0986122886681098,0.0,8.294299608857235,6.3312945454894685,6.081281907599482,0.0,12,0
4914,8.028870517034676,1.0,0.0,0.0,0.0,6.383922281599049,0.0,0.0,0.6931471805599453,0.0,8.160803920954665,6.541227480410704,6.778414650540102,0.0,12,0
4916,7.083290886548883,0.857143,0.0,0.0,0.0,7.505955925760527,0.0,0.0,1.0986122886681098,0.0,7.601402334583733,5.675694361121661,5.530991299162805,0.0,7,0
4918,5.4418926159738215,0.272727,0.0,0.0,0.0,6.8344417393371755,0.0,0.0,0.6931471805599453,0.0,8.006700845440367,4.6326160779944665,5.319516195171952,0.0,11,0
4923,7.594662187984815,1.0,0.0,0.0,0.0,6.7729222487376575,0.0,0.0,1.6094379124341003,0.0,8.77971129020447,6.483430820542161,6.376918747531112,0.0,12,0
4926,5.337432732806375,1.0,0.0,0.0,0.0,6.217932703792187,0.0,0.0,1.0986122886681098,0.0,8.006700845440367,6.843597320088235,5.1055485284614965,0.090909,11,0
4934,7.75949656955243,0.909091,0.0,0.0,0.0,8.454928396788967,0.0,0.0,2.0794415416798357,0.0,8.987321812850125,8.707977209863454,6.250150616841852,0.090909,12,0
4936,7.6352389498515745,1.0,0.0,0.0,0.0,7.1599407385828755,0.0,0.0,1.0986122886681098,0.0,7.824445930877619,6.410529135000624,6.20940280033391,0.0,12,0
4942,7.070799124837212,1.0,0.0,0.0,0.0,7.009734618601285,0.0,0.0,1.6094379124341003,0.0,7.0909098220799835,3.361512830285889,8.955747603691925,0.0,12,0
4943,7.060584232285028,1.0,0.0,0.0,0.0,8.035280433488067,0.0,0.0,1.791759469228055,0.0,8.160803920954665,5.5047345854351395,6.619634411607277,0.0,12,0
4948,8.117069633195529,1.0,0.0,0.0,0.0,7.96832417901839,0.0,0.0,2.3978952727983707,0.0,8.412054873292933,7.058600964756889,6.805843785270765,0.0,12,0
4949,7.005657278935149,1.0,0.0,0.0,0.0,3.6871428721279003,0.0,0.0,0.6931471805599453,0.0,7.650168700845001,5.681098180543558,5.646373051669033,0.0,12,0
4952,6.810818541249402,0.888889,0.0,0.0,0.0,7.706958424219171,0.0,0.0,2.4849066497880004,0.0,8.006700845440367,7.280038597013738,5.4420495258670245,0.142857,9,0
4953,6.684229148243752,1.0,0.0,0.0,0.0,7.5319853091167905,0.0,0.0,2.4849066497880004,0.0,8.006700845440367,5.203265296930412,5.713213347181908,0.0,12,0
4955,7.156833726542505,1.0,0.0,0.0,0.0,5.920685546620477,0.0,0.0,1.6094379124341003,0.0,7.313886831633462,6.358264511838726,6.013261532388752,0.0,12,0
4957,3.9377417255364295,0.636364,0.0,0.0,0.0,6.357491725006281,0.0,0.0,1.0986122886681098,0.0,6.2166061010848646,6.238991703274589,5.231288520457059,0.0,12,0
4968,4.761643332514797,0.272727,0.0,0.0,0.0,7.333281511038702,0.0,0.0,1.6094379124341003,0.0,7.496097345175956,4.704328814640751,5.438271951236039,0.0,12,0
4972,8.036958079890775,1.0,4.124226936703971,0.0,4.124226936703971,7.767464293800664,0.0,0.166667,2.8903717578961645,1.3862943611198906,8.160803920954665,6.753666920379538,6.7917665253884945,0.0,12,0
4973,6.337402338327892,1.0,0.0,0.0,0.0,3.6375541065811103,0.0,0.0,0.6931471805599453,0.0,6.398594934535208,5.484162088865916,5.8219429235277005,0.0,12,0
4977,8.31892660472291,1.0,0.0,0.0,0.0,8.504040413214051,0.0,0.0,2.70805020110221,0.0,9.392745258631441,8.008371063644471,6.835980386618394,0.0,12,0
4985,3.9474630809687903,0.25,0.0,0.0,0.0,6.795640249536824,0.0,0.0,1.0986122886681098,0.0,7.313886831633462,7.149343190467196,3.368156562897874,0.333333,8,0
4987,4.617180877987261,0.909091,0.0,0.0,0.0,5.210272543009157,0.0,0.0,0.6931471805599453,0.0,8.006700845440367,5.175649652752496,4.985277697286213,0.0,11,0
4989,7.466728618877719,1.0,0.0,0.0,0.0,7.928545067324678,0.0,0.0,2.0794415416798357,0.0,8.006700845440367,6.207378705218481,5.9425674847251395,0.0,12,0
4994,8.242578361981575,1.0,0.0,0.0,0.0,5.212286501426768,0.0,0.0,1.0986122886681098,0.0,8.294299608857235,6.821526470614883,7.085615651977024,0.0,12,0
4995,8.36065354912248,1.0,0.0,0.0,0.0,9.435760632819282,0.0,0.0,2.8903717578961645,0.0,9.259225769705994,9.193991010974628,7.017589443235131,0.083333,12,0
5011,8.075762775344685,1.0,0.0,0.0,0.0,7.750858550224888,0.0,0.0,1.3862943611198906,0.0,8.294299608857235,7.711399962259823,6.61935757185827,0.0,12,0
5015,5.968728687639413,1.0,0.0,0.0,0.0,6.140504961026013,0.0,0.0,0.6931471805599453,0.0,7.824445930877619,5.52779475668832,5.328737647125103,0.0,12,0
5017,7.8087356263832435,0.636364,0.0,0.0,0.0,5.7349506542940825,0.0,0.0,1.0986122886681098,0.0,8.77971129020447,9.027586397062988,6.891177545541474,0.142857,12,0
5019,8.37953498387838,1.0,0.0,0.0,0.0,5.7268007692850365,0.0,0.0,1.0986122886681098,0.0,8.922791623969637,7.0813747463536725,7.04192185995682,0.0,12,0
5025,6.49781718597597,1.0,0.0,0.0,0.0,6.875845556090892,0.0,0.0,1.6094379124341003,0.0,7.0909098220799835,4.690581203084681,5.679167441889771,0.0,12,0
5032,7.96338999250673,1.0,3.3379025312898416,0.0,3.3379025312898416,7.898699593337625,0.0,0.083333,2.772588722239781,0.6931471805599453,8.517393171418904,6.230955657957611,7.005819971630321,0.0,12,0
5033,8.117048981786818,1.0,3.708682081410116,3.708682081410116,0.0,8.270961829209554,0.083333,0.0,1.0986122886681098,0.6931471805599453,8.987321812850125,7.501475336996858,6.811996049770217,0.0,12,0
5035,6.988524014418338,1.0,0.0,0.0,0.0,7.7947531900945375,0.0,0.0,2.302585092994046,0.0,7.0909098220799835,7.301693758686,5.488086413479634,0.1,12,0
5036,6.657518206858901,0.909091,0.0,0.0,0.0,7.547173425885484,0.0,0.0,1.0986122886681098,0.0,9.105090961257085,7.717065899027025,5.387383721456793,0.0,12,0
5040,6.711375566957324,0.818182,0.0,0.0,0.0,6.755443927386449,0.0,0.0,1.0986122886681098,0.0,7.313886831633462,7.546186207196698,5.59341189995604,0.111111,12,0
5045,7.855997878305626,1.0,0.0,0.0,0.0,8.272070267694255,0.0,0.0,2.3978952727983707,0.0,8.006700845440367,7.501505125390012,6.460648975275121,0.0,12,0
5047,7.15596771316135,1.0,0.0,0.0,0.0,5.983244862871663,0.0,0.0,1.6094379124341003,0.0,7.313886831633462,5.987610035513556,5.943551126611469,0.0,12,0
5057,6.7713626277155505,1.0,3.044522437723423,3.044522437723423,0.0,5.288391250251694,0.083333,0.0,1.791759469228055,0.6931471805599453,7.601402334583733,5.632161767717826,5.629706150719618,0.0,12,0
5061,8.642380374375398,1.0,0.0,0.0,0.0,9.259975185995142,0.0,0.0,2.302585092994046,0.0,9.259225769705994,7.163755965692506,7.396528726011837,0.0,12,0
5062,7.201671388880335,1.0,0.0,0.0,0.0,5.501406436293442,0.0,0.0,1.3862943611198906,0.0,7.313886831633462,6.244408023047709,6.255475028892812,0.0,12,0
5066,4.2763391766873475,1.0,0.0,0.0,0.0,7.539909275596219,0.0,0.0,1.0986122886681098,0.0,6.90875477931522,7.529157660509288,4.2551909755107395,0.181818,12,0
5068,8.365664036986612,1.0,0.0,0.0,0.0,8.413179177262686,0.0,0.0,2.9444389791664403,0.0,8.922791623969637,6.840693838224289,7.139077196106731,0.0,12,0
5069,6.925665717217187,0.636364,0.0,0.0,0.0,8.368976483799626,0.0,0.0,2.772588722239781,0.0,8.412054873292933,8.515852761641515,6.501893855851548,0.2,12,0
5077,4.6096205583740035,0.181818,0.0,0.0,0.0,6.95279230225451,0.0,0.0,1.791759469228055,0.0,7.0909098220799835,8.8739907107423,4.856532449791527,1.0,12,0
5079,7.989373198922245,1.0,0.0,0.0,0.0,7.339722887349498,0.0,0.0,2.6390573296152584,0.0,8.006700845440367,5.339690103781678,9.499388272759647,0.0,12,0
5083,7.554633230219578,1.0,0.0,0.0,0.0,8.434990322490135,0.0,0.0,1.9459101490553132,0.0,8.594339400592892,7.658960516664963,6.158445414090799,0.0,12,0
5085,7.128476716144709,1.0,0.0,0.0,0.0,6.424408357036739,0.0,0.0,1.0986122886681098,0.0,7.496097345175956,5.798564521083248,5.663636498112073,0.0,12,0
5092,7.28674197218707,1.0,0.0,0.0,0.0,5.390140984443988,0.0,0.0,1.791759469228055,0.0,7.313886831633462,6.080451273684345,6.4032054942103604,0.0,12,0
5096,6.121511644118479,0.454545,0.0,0.0,0.0,6.9965285359492935,0.0,0.0,0.6931471805599453,0.0,7.0909098220799835,5.105076308406876,5.697539568204221,0.0,12,0
5097,7.488238818644015,1.0,0.0,0.0,0.0,4.870775285579437,0.0,0.0,1.6094379124341003,0.0,7.496097345175956,5.665655854764548,9.13733884882041,0.0,12,0
5102,7.019597654921264,1.0,0.0,0.0,0.0,4.6083195116519535,0.0,0.0,1.6094379124341003,0.0,7.0909098220799835,5.610121038593293,5.982282715308757,0.0,12,0
5121,7.892550598618813,1.0,0.0,0.0,0.0,7.753563239591103,0.0,0.0,0.6931471805599453,0.0,8.160803920954665,6.457882325179688,6.327431738358106,0.0,12,0
5123,8.325865977144682,1.0,0.0,0.0,0.0,7.423808197605588,0.0,0.0,1.9459101490553132,0.0,8.517393171418904,6.987743248234477,7.011190457767868,0.0,12,0
5124,6.926921278183452,1.0,0.0,0.0,0.0,6.576217346434976,0.0,0.0,1.3862943611198906,0.0,8.006700845440367,5.576852134684517,5.8159757716060945,0.0,11,0
5126,7.150490953085066,1.0,0.0,0.0,0.0,6.282693670704338,0.0,0.0,1.3862943611198906,0.0,7.313886831633462,6.628729877203536,6.34506115332321,0.0,12,0
5134,7.984145392307022,1.0,0.0,0.0,0.0,8.928398812274136,0.0,0.0,3.044522437723423,0.0,9.210440366976517,7.697165671430664,6.418476032538002,0.0,12,0
5141,7.382477545428184,0.818182,0.0,0.0,0.0,7.068623725431802,0.0,0.0,1.3862943611198906,0.0,8.412054873292933,8.26465649278145,6.460956640854239,0.125,12,0
5144,7.498538397806557,1.0,3.713572066704308,3.713572066704308,0.0,7.780420750856273,0.083333,0.0,1.9459101490553132,0.6931471805599453,7.824445930877619,7.808072056684287,6.5220990996208865,0.0,12,0
5145,7.278122982046231,1.0,0.0,0.0,0.0,4.367761215704702,0.0,0.0,0.6931471805599453,0.0,7.313886831633462,5.7584956661901225,5.702787132801138,0.0,12,0
5152,5.000772321160607,0.727273,0.0,0.0,0.0,5.67820224591781,0.0,0.0,1.3862943611198906,0.0,7.0909098220799835,4.75248742811429,5.2960857784063995,0.0,11,0
5154,8.574190419977649,1.0,0.0,0.0,0.0,8.126902292749122,0.0,0.0,2.302585092994046,0.0,8.987321812850125,6.902953958065966,6.9591224084938075,0.0,9,0
5155,7.924266490292152,1.0,0.0,0.0,0.0,6.17364743803827,0.0,0.0,0.6931471805599453,0.0,8.006700845440367,6.482738887558248,8.706087685385112,0.0,12,0
5158,7.281381192810117,1.0,0.0,0.0,0.0,7.462214075322095,0.0,0.0,1.6094379124341003,0.0,7.601402334583733,5.5309545583096105,5.437324158651595,0.0,8,0
5161,6.977979443050493,1.0,0.0,0.0,0.0,6.343559929343095,0.0,0.0,1.0986122886681098,0.0,8.160803920954665,6.243202904129512,6.0801964167426386,0.0,12,0
5162,5.720080746643356,0.545455,0.0,0.0,0.0,7.022662946504632,0.0,0.0,0.6931471805599453,0.0,7.0909098220799835,7.29481394239743,4.990973522079505,0.125,12,0
5163,7.570262164527996,1.0,0.0,0.0,0.0,7.843784745130964,0.0,0.0,1.791759469228055,0.0,8.699681400989514,7.457768075146617,6.128014431997538,0.0,12,0
5166,7.310347564484222,0.666667,0.0,0.0,0.0,8.013515783173345,0.0,0.0,3.044522437723423,0.0,8.006700845440367,6.369607114310638,5.768163577154108,0.0,6,0
5171,8.473615227490331,1.0,0.0,0.0,0.0,9.038787190830643,0.0,0.0,3.258096538021482,0.0,9.15915233520675,6.534478758313768,6.9194677682030585,0.0,8,0
5172,7.271005956219244,1.0,0.0,0.0,0.0,4.311716664049685,0.0,0.0,1.6094379124341003,0.0,7.313886831633462,5.681950375975413,6.223578170761112,0.0,12,0
5178,8.630406300937475,1.0,0.0,0.0,0.0,7.900699968180346,0.0,0.0,3.295836866004329,0.0,8.699681400989514,7.260045515224508,7.449767130305686,0.0,12,0
5184,7.583435535126947,0.727273,0.0,0.0,0.0,7.903778709620493,0.0,0.0,0.6931471805599453,0.0,8.006700845440367,6.457121926327582,6.516874119228327,0.0,12,0
5191,6.726882179866691,1.0,0.0,0.0,0.0,7.260970397320891,0.0,0.0,2.1972245773362196,0.0,7.824445930877619,5.199073682650011,5.645748509397656,0.0,12,0
5204,8.670931386754893,1.0,0.0,0.0,0.0,5.727059392941182,0.0,0.0,1.6094379124341003,0.0,8.77971129020447,7.272325667703435,7.763291584990676,0.0,12,0
5209,4.30091107044551,1.0,0.0,0.0,0.0,6.860511991182314,0.0,0.0,0.6931471805599453,0.0,7.824445930877619,6.85273401064254,4.056686325100476,0.090909,12,0
5211,7.097357135795339,1.0,0.0,0.0,0.0,6.851573489030967,0.0,0.0,2.1972245773362196,0.0,7.0909098220799835,7.009841923868616,6.531889299486864,0.0,12,0
5232,6.692540781968775,1.0,0.0,0.0,0.0,7.137776554038128,0.0,0.0,2.0794415416798357,0.0,6.90875477931522,7.324351034297302,5.312294894179251,0.083333,12,0
5237,7.738031692856288,1.0,0.0,0.0,0.0,6.261521185794266,0.0,0.0,1.0986122886681098,0.0,7.824445930877619,6.885296610529437,6.58694539957494,0.0,12,0
5243,8.194501658335966,1.0,0.0,0.0,0.0,7.302925442197869,0.0,0.0,2.8903717578961645,0.0,9.472781556562168,6.849927596643746,6.826030931895297,0.0,12,0
5245,7.49273511286143,1.0,0.0,0.0,0.0,4.54541730472043,0.0,0.0,0.6931471805599453,0.0,7.824445930877619,6.233651616098929,6.178768203855882,0.0,12,0
5252,7.022884514646444,1.0,0.0,0.0,0.0,6.01869400746998,0.0,0.0,1.0986122886681098,0.0,7.313886831633462,6.756058483084169,5.696262238429868,0.0,12,0
5257,7.084016504844702,1.0,0.0,0.0,0.0,7.125803887489995,0.0,0.0,1.0986122886681098,0.0,7.824445930877619,5.961884818747488,5.866707827052999,0.0,12,0
5265,5.6788006820073065,0.454545,0.0,0.0,0.0,7.02051335866757,0.0,0.0,1.0986122886681098,0.0,8.006700845440367,7.069027761888011,4.4569854875830215,0.083333,12,0
5266,6.494462898546302,1.0,0.0,0.0,0.0,7.196862715619572,0.0,0.0,2.1972245773362196,0.0,7.438971592395862,5.32979801987927,5.282187278317091,0.0,12,0
5269,6.083610252513202,1.0,0.0,0.0,0.0,7.201266288872105,0.0,0.0,1.3862943611198906,0.0,7.0909098220799835,7.359150077972364,5.062188197115902,0.090909,12,0
5270,7.901947552916075,1.0,0.0,0.0,0.0,6.838801437447793,0.0,0.0,1.6094379124341003,0.0,8.006700845440367,6.971907965382558,7.03566400261298,0.0,12,0
5271,7.7951345921448025,1.0,0.0,0.0,0.0,8.005092486079143,0.0,0.0,2.995732273553991,0.0,8.517393171418904,6.171479961381554,6.420841156314286,0.0,12,0
5274,8.139425862298234,1.0,0.0,0.0,0.0,7.864087442128303,0.0,0.0,2.0794415416798357,0.0,8.294299608857235,7.017220275023985,6.598487739559568,0.0,12,0
5284,7.0425775796512164,1.0,0.0,0.0,0.0,5.592486758266812,0.0,0.0,0.6931471805599453,0.0,7.824445930877619,6.379764957721713,5.670053639098715,0.0,12,0
5285,7.375869902679798,1.0,0.0,0.0,0.0,4.939935931667247,0.0,0.0,1.6094379124341003,0.0,7.783640596221253,5.864498750850374,6.089336100610377,0.0,12,0
5293,7.076046156194297,1.0,0.0,0.0,0.0,3.01191817228677,0.0,0.0,0.6931471805599453,0.0,7.0909098220799835,5.544112314930429,6.198678619274643,0.0,11,0
5295,8.406850159614745,1.0,0.0,0.0,0.0,8.719312981052271,0.0,0.0,3.044522437723423,0.0,8.699681400989514,8.130541363420509,7.3350421451575265,0.0,12,0
5296,8.71123263696919,1.0,0.0,0.0,0.0,8.067794484326388,0.0,0.0,1.0986122886681098,0.0,9.392745258631441,8.119381927669375,7.271313385412609,0.0,12,0
5297,6.286048666786862,1.0,0.0,0.0,0.0,6.965034856370376,0.0,0.0,1.3862943611198906,0.0,7.0909098220799835,7.190677720088134,5.661915698430454,0.0,12,0
5300,7.200431526505044,1.0,0.0,0.0,0.0,7.592552002822514,0.0,0.0,0.6931471805599453,0.0,7.824445930877619,7.194967298226216,5.452851037310618,0.0,8,0
5312,8.908814592067191,1.0,0.0,0.0,0.0,8.413724949389962,0.0,0.0,3.4657359027997265,0.0,9.04793908261736,7.973782817920553,7.9623206097713,0.0,12,0
5319,8.609359946378843,1.0,0.0,0.0,0.0,9.093573167813235,0.0,0.0,4.394449154672439,0.0,9.105090961257085,9.521769804554298,7.204138434727929,0.0,12,0
5323,7.481265065312595,1.0,0.0,0.0,0.0,7.365110293835967,0.0,0.0,1.3862943611198906,0.0,8.006700845440367,6.094875303469905,6.42573129709771,0.0,12,0
5324,7.4591591791875445,1.0,0.0,0.0,0.0,5.074248161948983,0.0,0.0,1.0986122886681098,0.0,7.496097345175956,5.899465569966402,6.4194357180724015,0.0,12,0
5328,7.280669391279202,0.444444,0.0,0.0,0.0,8.137634889199035,0.0,0.0,1.6094379124341003,0.0,8.294299608857235,6.102765895272953,6.61763393392242,0.0,9,0
5330,8.016156846921444,1.0,0.0,0.0,0.0,5.87073725951751,0.0,0.0,2.3978952727983707,0.0,8.006700845440367,6.710626730149392,7.080759632630271,0.0,12,0
5333,6.860613367248041,1.0,3.7032753343976688,3.7032753343976688,0.0,6.498370564242432,0.083333,0.0,1.3862943611198906,0.6931471805599453,7.496097345175956,7.418455693709803,5.324113004728293,0.0,12,0
5341,8.866726666199074,1.0,0.0,0.0,0.0,7.668004585428917,0.0,0.0,1.791759469228055,0.0,9.04793908261736,7.515541633461735,7.901963756056961,0.0,12,0
5345,9.06774494032412,1.0,0.0,0.0,0.0,8.954123997435646,0.0,0.0,2.8903717578961645,0.0,9.433563920090563,9.258867802586556,7.647455546652835,0.0,12,0
5349,7.969938119050999,0.454545,0.0,0.0,0.0,8.98496345142351,0.0,0.0,1.6094379124341003,0.0,9.210440366976517,7.230442972400733,7.518560376956068,0.0,12,0
5352,8.163573827577082,1.0,0.0,0.0,0.0,8.146092074542098,0.0,0.0,0.6931471805599453,0.0,8.699681400989514,6.700588549571122,6.72737628379307,0.0,11,0
5353,1.2715524777186844,0.454545,0.0,0.0,0.0,5.688447638102635,0.0,0.0,0.6931471805599453,0.0,7.170888478512505,5.941635808681966,4.014057327432023,0.0,12,0
5360,8.476614704328973,1.0,0.0,0.0,0.0,8.410215990738257,0.0,0.0,2.4849066497880004,0.0,9.105090961257085,7.034813375964373,6.997551042301177,0.0,11,0
5363,6.82976891125831,1.0,0.0,0.0,0.0,8.79748134978175,0.0,0.0,1.9459101490553132,0.0,7.824445930877619,8.547933494633838,5.772980034970743,0.2,12,0
5366,7.078317963764486,1.0,0.0,0.0,0.0,8.464786648544843,0.0,0.0,2.3978952727983707,0.0,8.006700845440367,7.764834062097242,5.595234729619173,0.0,12,0
5369,7.233257630109512,1.0,0.0,0.0,0.0,5.005189184258832,0.0,0.0,1.0986122886681098,0.0,7.313886831633462,5.70359564720504,6.232546347668708,0.0,12,0
5370,8.46375110455317,1.0,0.0,0.0,0.0,8.246778020035656,0.0,0.0,3.332204510175204,0.0,8.853808274977197,7.226826702198713,7.056876313321996,0.0,12,0
5371,5.968286238505362,0.818182,0.0,0.0,0.0,7.650996699701345,0.0,0.0,2.0794415416798357,0.0,8.006700845440367,7.7131544770574205,4.617227039138675,0.0,12,0
5374,8.529033864347454,1.0,0.0,0.0,0.0,7.9780845002761565,0.0,0.0,2.1972245773362196,0.0,8.853808274977197,7.43264273729901,7.0899723369829495,0.0,12,0
5380,7.154481876130499,1.0,0.0,0.0,0.0,7.794298802623453,0.0,0.0,1.9459101490553132,0.0,8.294299608857235,6.10129644945007,6.039151645981665,0.0,12,0
5381,7.222497606263107,1.0,0.0,0.0,0.0,8.667474035994886,0.0,0.0,2.1972245773362196,0.0,8.699681400989514,5.779447942331453,6.0403971701772825,0.0,12,0
5382,7.52842065738001,1.0,0.0,0.0,0.0,7.3422358151936375,0.0,0.0,1.791759469228055,0.0,8.160803920954665,5.742283836189417,6.493127525754928,0.0,12,0
5384,5.329863978194481,0.909091,0.0,0.0,0.0,7.5521534499257905,0.0,0.0,1.3862943611198906,0.0,7.313886831633462,6.659608914939217,4.1203720395815004,0.125,12,0
5387,8.03237956442973,1.0,0.0,0.0,0.0,8.39042368970523,0.0,0.0,2.1972245773362196,0.0,8.699681400989514,8.70685899707079,7.077439252684376,0.083333,12,0
5389,7.0948040175258225,1.0,0.0,0.0,0.0,7.702524064426207,0.0,0.0,3.044522437723423,0.0,8.160803920954665,7.420128118791839,6.107166133606797,0.0,12,0
5390,3.719584152963174,0.181818,0.0,0.0,0.0,6.81397291487281,0.0,0.0,1.0986122886681098,0.0,7.313886831633462,8.183019946367567,4.2523611455200525,1.0,12,0
5391,7.909709894017092,1.0,0.0,0.0,0.0,5.461599013353002,0.0,0.0,1.0986122886681098,0.0,8.006700845440367,6.460064205309946,6.484304196114891,0.0,12,0
5394,6.606186224530591,1.0,0.0,0.0,0.0,7.257010767708387,0.0,0.0,1.3862943611198906,0.0,8.006700845440367,5.145430435353988,5.239391847001955,0.0,12,0
5398,3.84736317559964,0.363636,0.0,0.0,0.0,6.342022818789915,0.0,0.0,2.3978952727983707,0.0,8.412054873292933,5.47710117705728,4.826342467626299,0.0,12,0
5402,6.776106827938512,1.0,0.0,0.0,0.0,6.618906749150054,0.0,0.0,1.3862943611198906,0.0,7.0909098220799835,6.759009444627283,5.373785942660248,0.0,12,0
5403,5.5977777886022055,0.454545,0.0,0.0,0.0,7.935516346214443,0.0,0.0,1.0986122886681098,0.0,8.699681400989514,8.825088159786635,5.057262689420289,1.0,12,0
5408,8.644614862445108,1.0,0.0,0.0,0.0,7.892998541529564,0.0,0.0,3.58351893845611,0.0,9.15915233520675,7.139439023610374,7.300159632213187,0.0,12,0
5410,7.984254002472836,0.727273,0.0,0.0,0.0,8.10719306825449,0.0,0.0,1.791759469228055,0.0,8.77971129020447,9.139760591336113,6.835543688329061,0.125,12,0
5411,7.187661526161375,1.0,0.0,0.0,0.0,5.076998555631971,0.0,0.0,1.3862943611198906,0.0,7.313886831633462,6.004552134788881,6.052456837796521,0.0,12,0
5413,6.187252989883077,0.875,0.0,0.0,0.0,6.122992094938391,0.0,0.0,0.6931471805599453,0.0,7.601402334583733,6.678878017573588,4.763901194362477,0.0,8,0
5414,5.383193789895136,1.0,0.0,0.0,0.0,6.69924450078733,0.0,0.0,1.3862943611198906,0.0,7.496097345175956,7.177428938462128,4.561296038383791,0.25,12,0
5415,5.482497536716244,0.636364,0.0,0.0,0.0,6.549788332195631,0.0,0.0,2.1972245773362196,0.0,7.601402334583733,5.866044411967646,5.205871387003197,0.166667,12,0
5422,8.847825548227874,1.0,0.0,0.0,0.0,8.155850084539699,0.0,0.0,1.0986122886681098,0.0,8.922791623969637,8.213169641915266,7.469458666364724,0.0,12,0
5423,8.69392172923216,1.0,0.0,0.0,0.0,6.040677524260358,0.0,0.0,2.0794415416798357,0.0,8.699681400989514,7.310595228374377,7.706558952994159,0.0,12,0
5433,7.0404646976285905,1.0,0.0,0.0,0.0,7.33444471831902,0.0,0.0,1.9459101490553132,0.0,7.496097345175956,7.19852189159489,5.928132055757369,0.0,12,0
5434,7.28603770626835,1.0,0.0,0.0,0.0,7.473236811465836,0.0,0.0,2.3978952727983707,0.0,8.160803920954665,6.75430147328169,5.940842214417385,0.0,12,0
5439,7.774241037422075,1.0,0.0,0.0,0.0,7.792179904875508,0.0,0.0,1.3862943611198906,0.0,8.517393171418904,6.282154877087411,6.718487243171337,0.0,12,0
5440,8.454396428270497,1.0,0.0,0.0,0.0,8.337041232382035,0.0,0.0,2.70805020110221,0.0,9.392745258631441,9.096076812018019,6.981832219725818,0.0,12,0
5449,6.3794759567254085,1.0,0.0,0.0,0.0,3.6315103975021215,0.0,0.0,1.0986122886681098,0.0,7.0909098220799835,7.235534137454045,5.454475386034583,0.083333,12,0
5451,7.726946394484914,1.0,0.0,0.0,0.0,4.351443759748856,0.0,0.0,0.6931471805599453,0.0,7.824445930877619,6.393668797727879,6.513920912313415,0.0,12,0
5466,7.735645863571457,1.0,0.0,0.0,0.0,7.903261876112909,0.0,0.0,0.6931471805599453,0.0,8.006700845440367,5.837005595603226,5.793859250727848,0.0,6,0
5469,7.001505998004785,1.0,0.0,0.0,0.0,3.6543724001932474,0.0,0.0,1.0986122886681098,0.0,7.0909098220799835,5.46964432025966,5.561500449538278,0.0,12,0
5477,5.885869384478264,0.727273,0.0,0.0,0.0,6.565948540573129,0.0,0.0,1.791759469228055,0.0,8.764209507142004,5.808132411851582,4.930433984957283,0.0,12,0
5480,6.737679189476797,0.909091,0.0,0.0,0.0,6.523082572887393,0.0,0.0,2.0794415416798357,0.0,7.0909098220799835,7.550808088264172,5.786289294678976,0.090909,12,0
5481,7.760122882192591,1.0,0.0,0.0,0.0,7.325325953489887,0.0,0.0,2.302585092994046,0.0,8.006700845440367,6.5256653091467935,6.385249684147382,0.0,12,0
5483,7.405018734289389,0.818182,0.0,0.0,0.0,7.821842840457759,0.0,0.0,2.302585092994046,0.0,7.824445930877619,6.0305682053336795,8.877006073054726,0.0,11,0
5484,7.40210105697394,1.0,0.0,0.0,0.0,3.66154630900904,0.0,0.0,0.6931471805599453,0.0,7.496097345175956,6.131555620096326,5.819530169299511,0.0,12,0
5486,7.97070497901744,1.0,2.9444389791664403,0.0,2.9444389791664403,8.270144795465987,0.0,0.083333,3.1780538303479458,0.6931471805599453,8.699681400989514,6.183591898732719,6.5819850522167895,0.0,12,0
5499,8.631478135790337,0.909091,0.0,0.0,0.0,8.710881005539118,0.0,0.0,2.772588722239781,0.0,8.77971129020447,7.13612202483505,7.342071048044091,0.0,11,0
5502,6.157200950356333,1.0,0.0,0.0,0.0,4.080792361249203,0.0,0.0,1.3862943611198906,0.0,6.2166061010848646,5.1136226560510565,5.256672054027846,0.0,12,0
5507,7.10967149128424,0.363636,0.0,0.0,0.0,8.593700532609073,0.0,0.0,0.6931471805599453,0.0,8.699681400989514,9.670589162108994,7.140552246579697,0.333333,12,0
5508,4.27380241140563,0.909091,0.0,0.0,0.0,5.360609237731509,0.0,0.0,1.0986122886681098,0.0,5.017279836814924,6.551498079204732,6.397844736401618,0.0,11,0
5511,5.738157372841301,0.454545,0.0,0.0,0.0,8.160095288900278,0.0,0.0,1.9459101490553132,0.0,8.294299608857235,8.587778503496363,4.76818958223149,0.333333,12,0
5518,2.401116624124859,1.0,0.0,0.0,0.0,4.94245585596838,0.0,0.0,1.0986122886681098,0.0,6.90875477931522,5.049668156273314,4.361856809468801,0.0,12,0
5519,7.857719584733677,1.0,0.0,0.0,0.0,5.956936555294126,0.0,0.0,1.3862943611198906,0.0,8.006700845440367,8.07336118538281,6.326101502415971,0.0,10,0
5520,8.257976370228418,1.0,0.0,0.0,0.0,7.122098554004843,0.0,0.0,1.9459101490553132,0.0,8.294299608857235,6.5042559574488505,6.456164524322512,0.0,9,0
5522,7.436795435571909,1.0,0.0,0.0,0.0,7.364648254855783,0.0,0.0,2.6390573296152584,0.0,8.006700845440367,6.479610337296684,6.6657602473380235,0.0,12,0
5526,4.876287476859267,0.636364,0.0,0.0,0.0,6.07816585165512,0.0,0.0,0.6931471805599453,0.0,8.006700845440367,6.675549959838183,4.937492330018582,0.166667,12,0
5528,7.846704471278312,1.0,0.0,0.0,0.0,5.426575840489078,0.0,0.0,1.0986122886681098,0.0,8.699681400989514,7.1793162446222345,6.73682523384321,0.0,12,0
5532,7.630478581051123,1.0,0.0,0.0,0.0,5.962956134039527,0.0,0.0,0.6931471805599453,0.0,7.824445930877619,6.133410090646418,6.628018434117424,0.0,12,0
5538,6.98406879570476,1.0,0.0,0.0,0.0,7.338814329945849,0.0,0.0,2.833213344056216,0.0,7.313886831633462,5.298369915167334,5.4288234795002435,0.0,6,0
5543,7.340237096224439,1.0,0.0,0.0,0.0,8.158038145136025,0.0,0.0,2.833213344056216,0.0,8.294299608857235,5.950790554655714,5.980816522573171,0.0,12,0
5546,5.186393878289054,1.0,0.0,0.0,0.0,5.364093047088224,0.0,0.0,0.6931471805599453,0.0,8.006700845440367,4.957741364990195,5.607185854742513,0.0,11,0
5552,7.070658368481009,1.0,2.7549337870010606,2.7549337870010606,0.0,4.38517375230009,0.083333,0.0,1.3862943611198906,0.6931471805599453,7.0909098220799835,5.853833909762836,6.142021302231892,0.0,12,0
5553,8.436665581813427,1.0,0.0,0.0,0.0,7.723838000879946,0.0,0.0,1.6094379124341003,0.0,8.77971129020447,7.100014377768605,7.356713215596012,0.0,12,0
5557,7.3748350353746455,1.0,0.0,0.0,0.0,7.9661042930586055,0.0,0.0,2.995732273553991,0.0,8.006700845440367,5.857348177703615,6.238297470373948,0.0,12,0
5561,7.455124842499452,1.0,0.0,0.0,0.0,6.028453220632345,0.0,0.0,1.0986122886681098,0.0,7.601402334583733,5.986041642202552,6.524164691492534,0.0,11,0
5562,7.1760520566274195,1.0,0.0,0.0,0.0,5.550482228108029,0.0,0.0,1.6094379124341003,0.0,8.612685172875459,6.286120224853258,5.785884724631128,0.0,12,0
5566,7.274066612816563,0.4,0.0,0.0,0.0,8.89757347978086,0.0,0.0,1.791759469228055,0.0,8.987321812850125,6.1386708936267205,6.753906391111105,0.0,10,0
5568,7.392756236486727,0.909091,0.0,0.0,0.0,8.154685152868609,0.0,0.0,3.5553480614894135,0.0,8.006700845440367,6.915933435511097,6.0752624275940095,0.0,11,0
5569,7.379897484218235,1.0,0.0,0.0,0.0,7.479459011304672,0.0,0.0,2.8903717578961645,0.0,7.824445930877619,7.269314941533875,6.394361042486509,0.0,12,0
5585,9.075535052937584,1.0,0.0,0.0,0.0,8.598917422382879,0.0,0.0,3.2188758248682006,0.0,9.259225769705994,7.939173181133503,7.746409137541035,0.0,12,0
5587,7.98382756533937,1.0,0.0,0.0,0.0,7.532339860117687,0.0,0.0,2.5649493574615367,0.0,8.160803920954665,6.6980380547946,6.745483884727339,0.0,12,0
5590,6.464622695621916,1.0,0.0,0.0,0.0,5.200271665615142,0.0,0.0,1.6094379124341003,0.0,6.90875477931522,5.846903990527647,5.6303644695486685,0.0,12,0
5591,7.878327292161452,1.0,0.0,0.0,0.0,5.572468819129054,0.0,0.0,1.0986122886681098,0.0,7.972810784121404,6.467435160318042,6.397776356663288,0.0,12,0
5592,7.938034579820748,1.0,0.0,0.0,0.0,5.4439139542270505,0.0,0.0,1.0986122886681098,0.0,8.006700845440367,6.763805839616707,7.494122698342699,0.0,12,0
5594,5.786381027219952,0.363636,0.0,0.0,0.0,7.157201567598473,0.0,0.0,1.0986122886681098,0.0,8.006700845440367,8.184830201145624,5.604117666873805,0.0,12,0
5600,7.91290625190961,1.0,0.0,0.0,0.0,6.020627933804462,0.0,0.0,1.3862943611198906,0.0,8.006700845440367,6.547563002188635,6.6370312860515215,0.0,12,0
5601,7.299168323005672,1.0,0.0,0.0,0.0,3.650235242751559,0.0,0.0,0.6931471805599453,0.0,7.313886831633462,5.663418743172954,6.277874034541826,0.0,12,0
5602,7.214481859077059,0.454545,0.0,0.0,0.0,7.973966723487469,0.0,0.0,1.9459101490553132,0.0,8.699681400989514,9.421756663802224,6.577567167024225,0.2,12,0
5604,1.3135112801408921,0.181818,0.0,0.0,0.0,5.904625138058291,0.0,0.0,0.6931471805599453,0.0,8.699681400989514,8.284522595842947,3.402819665048585,0.090909,12,0
5605,4.986201826591563,0.727273,0.0,0.0,0.0,4.382163325331288,0.0,0.0,1.0986122886681098,0.0,6.90875477931522,6.298010125872784,5.057935326348166,0.125,12,0
5607,7.558552077319661,1.0,0.0,0.0,0.0,8.45344987188871,0.0,0.0,2.995732273553991,0.0,8.294299608857235,8.95301873092558,7.275167308359884,0.0,12,0
5609,5.321201662191579,0.454545,0.0,0.0,0.0,6.38180182779612,0.0,0.0,1.0986122886681098,0.0,8.006700845440367,5.755243715939882,5.229105531804667,0.0,12,0
5610,9.123367143167993,1.0,0.0,0.0,0.0,7.976706195075212,0.0,0.0,2.1972245773362196,0.0,9.259225769705994,7.75651092599618,8.120305208577562,0.0,12,0
5617,7.397931487916559,1.0,0.0,0.0,0.0,6.72477055233966,0.0,0.0,1.0986122886681098,0.0,7.496097345175956,5.881256534632401,6.533859630485631,0.0,11,0
5632,7.225076040532966,1.0,0.0,0.0,0.0,8.267711410125798,0.0,0.0,2.0794415416798357,0.0,7.824445930877619,7.900348057125215,6.523026087520129,0.0,12,0
5636,8.413566931955307,1.0,0.0,0.0,0.0,5.746581416128437,0.0,0.0,2.0794415416798357,0.0,8.517393171418904,7.085924671627701,7.454473465285592,0.0,11,0
5639,6.075297944875089,0.545455,0.0,0.0,0.0,7.9305527214616465,0.0,0.0,1.6094379124341003,0.0,7.313886831633462,7.376500382866953,5.23960724590413,0.083333,12,0
5640,5.687924123067447,1.0,3.039749158970765,3.039749158970765,0.0,4.334085137784478,0.083333,0.0,1.0986122886681098,0.6931471805599453,6.90875477931522,5.373605068618118,5.168083234836367,0.0,12,0
5641,5.879610432487054,0.909091,0.0,0.0,0.0,5.9701121051191945,0.0,0.0,1.0986122886681098,0.0,7.0909098220799835,7.569063148089998,4.772756349841247,0.285714,12,0
5646,7.857603722132304,1.0,0.0,0.0,0.0,8.705744019781957,0.0,0.0,2.0794415416798357,0.0,8.006700845440367,8.70377151962288,6.717821303108267,0.181818,12,0
5647,7.15817229148371,0.454545,0.0,0.0,0.0,6.771279050581907,0.0,0.0,1.6094379124341003,0.0,8.294299608857235,8.417657086454994,6.01568223718441,0.090909,12,0
5653,7.5661754212115415,0.9,0.0,0.0,0.0,7.782327024992894,0.0,0.0,1.0986122886681098,0.0,7.824445930877619,5.900469105169891,6.567923299741106,0.0,10,0
5662,8.25412695514418,1.0,0.0,0.0,0.0,8.761320573151066,0.0,0.0,3.2188758248682006,0.0,8.77971129020447,8.26120329443165,7.463644775193656,0.083333,12,0
5669,7.059733610396814,1.0,0.0,0.0,0.0,6.786159277075409,0.0,0.0,1.9459101490553132,0.0,7.0909098220799835,5.409345152350535,6.044297366818041,0.0,12,0
5675,7.082554989149974,1.0,0.0,0.0,0.0,7.307964893813394,0.0,0.0,1.6094379124341003,0.0,7.313886831633462,5.1733744273474045,6.305306701231961,0.0,12,0
5677,5.60199512688305,0.636364,0.0,0.0,0.0,7.365531414944744,0.0,0.0,1.0986122886681098,0.0,8.006700845440367,7.649167904165527,5.610512250061009,0.125,12,0
5680,6.872529009565579,1.0,0.0,0.0,0.0,7.524803827184577,0.0,0.0,1.6094379124341003,0.0,8.071218539969863,8.628270143473685,8.659951021287746,0.166667,12,0
5682,5.823841711873231,1.0,0.0,0.0,0.0,5.015268530726012,0.0,0.0,0.6931471805599453,0.0,7.0909098220799835,6.180630132102848,5.258133907703812,0.0,12,0
5684,7.2607363489610055,1.0,0.0,0.0,0.0,4.756386596483223,0.0,0.0,0.6931471805599453,0.0,8.006700845440367,8.157703902062883,8.678338082225064,0.083333,12,0
5688,6.100722453562008,1.0,0.0,0.0,0.0,4.090519639857431,0.0,0.0,1.3862943611198906,0.0,6.2166061010848646,5.2925575556387345,5.370929883208244,0.0,12,0
5690,7.1990311886080125,1.0,0.0,0.0,0.0,4.308845755713351,0.0,0.0,0.6931471805599453,0.0,7.313886831633462,5.860394032608971,5.860882235950537,0.0,12,0
5691,6.191797159972106,1.0,0.0,0.0,0.0,6.886746129230373,0.0,0.0,0.6931471805599453,0.0,7.313886831633462,7.28316626524492,5.221913864757958,0.083333,12,0
5700,6.725254275688623,1.0,0.0,0.0,0.0,7.597371835718371,0.0,0.0,2.302585092994046,0.0,7.824445930877619,7.311948530623653,5.547601702808079,0.0,12,0
5703,7.280455525000233,1.0,0.0,0.0,0.0,7.486139874852549,0.0,0.0,1.6094379124341003,0.0,8.294299608857235,6.738849616478933,5.7601018862618165,0.0,12,0
5704,8.432527793772993,0.777778,0.0,0.0,0.0,8.845847049009098,0.0,0.0,2.302585092994046,0.0,8.853808274977197,7.01190972272754,7.465068948217435,0.0,9,0
5711,7.260372925610498,1.0,0.0,0.0,0.0,7.610281727865127,0.0,0.0,2.833213344056216,0.0,7.313886831633462,7.687542335658807,6.435623538914029,0.0,12,0
5712,7.106723740647873,0.666667,0.0,0.0,0.0,7.546562299221777,0.0,0.0,1.3862943611198906,0.0,7.601402334583733,5.326853344912661,5.6170089384711135,0.0,6,0
5715,6.950445366888897,1.0,0.0,0.0,0.0,4.793446941997803,0.0,0.0,1.0986122886681098,0.0,7.0909098220799835,5.598463658128954,6.082702138351858,0.0,12,0
5717,8.261638444965527,1.0,0.0,0.0,0.0,6.883605233000879,0.0,0.0,1.791759469228055,0.0,9.15915233520675,6.807554695724219,6.860941220978167,0.0,12,0
5720,8.264280808170792,1.0,2.8284963541780774,2.8284963541780774,0.0,7.689271540101623,0.083333,0.0,2.302585092994046,0.6931471805599453,8.612685172875459,6.940400219052064,7.0306339560003135,0.0,12,0
5721,8.973069632571697,1.0,0.0,0.0,0.0,9.463201439926433,0.0,0.0,3.044522437723423,0.0,9.392745258631441,9.313074038484825,7.730476201049157,0.090909,11,0
5726,7.077599464460729,1.0,4.255470855785784,0.0,4.255470855785784,7.450657048964541,0.0,0.083333,2.1972245773362196,1.0986122886681098,7.244941546337007,6.569842140760633,5.956652239440632,0.0,12,0
5727,6.989933982560545,1.0,0.0,0.0,0.0,6.565076184610881,0.0,0.0,2.3978952727983707,0.6931471805599453,7.313886831633462,6.882161742731892,5.53363766346322,0.0,11,0
5735,7.474598015218034,1.0,0.0,0.0,0.0,6.857985975362087,0.0,0.0,2.0794415416798357,0.0,7.601402334583733,6.030349612591732,6.116080123262883,0.0,12,0
5736,7.536669023061454,1.0,0.0,0.0,0.0,7.215855310698075,0.0,0.0,2.8903717578961645,0.0,7.824445930877619,5.801506094315675,6.230615810598611,0.0,12,0
5737,9.234461858578323,1.0,0.0,0.0,4.218772140597153,8.412292025796582,0.0,0.083333,1.791759469228055,0.0,9.472781556562168,7.5408822349783255,8.635083922251065,0.0,12,0
5741,8.503782980529083,1.0,0.0,0.0,0.0,5.507753713910523,0.0,0.0,1.3862943611198906,0.0,8.699681400989514,8.595060201112961,9.577627354820716,0.0,12,0
5745,7.4957197108605484,1.0,0.0,0.0,0.0,6.77240291625461,0.0,0.0,1.0986122886681098,0.0,7.601402334583733,5.7009899391558925,6.578666171462805,0.0,12,0
5746,7.507703306601777,1.0,0.0,0.0,0.0,5.781417008081276,0.0,0.0,1.6094379124341003,0.0,7.496097345175956,6.862463386419092,7.5558661979804445,0.0,12,0
5752,6.470779723401213,0.714286,0.0,0.0,0.0,6.96604817172414,0.0,0.0,1.3862943611198906,0.0,7.0909098220799835,5.004752497664091,4.8940628403897675,0.0,7,0
5754,8.739206158580975,1.0,0.0,0.0,0.0,9.312258998724312,0.0,0.0,1.6094379124341003,0.0,9.392745258631441,9.407717308145696,7.297229019348759,0.090909,12,0
5756,6.609421450802934,1.0,0.0,0.0,0.0,3.6513679374517825,0.0,0.0,0.6931471805599453,0.0,7.0909098220799835,7.145249023188471,5.448947307269156,0.0,12,0
5760,8.058671309430508,1.0,0.0,0.0,0.0,6.630687487217074,0.0,0.0,0.6931471805599453,0.0,8.987321812850125,6.614603541816601,6.57439099526792,0.0,12,0
5764,8.071276134687388,1.0,0.0,0.0,0.0,7.668891697290475,0.0,0.0,0.6931471805599453,0.0,8.517393171418904,6.660818990786683,6.826239420838416,0.0,12,0
5775,7.510642829412994,1.0,0.0,0.0,0.0,4.501763504796425,0.0,0.0,1.0986122886681098,0.0,7.601402334583733,5.910266294758118,8.445607271812605,0.0,12,0
5784,7.537894573850841,1.0,0.0,0.0,0.0,6.609468091899738,0.0,0.0,0.6931471805599453,0.0,7.741099090035366,6.847915822592639,6.370152333086419,0.0,12,0
5785,7.311333352426452,1.0,0.0,0.0,0.0,7.214268238360967,0.0,0.0,1.6094379124341003,0.0,8.77971129020447,5.9117241324892955,5.76645270161859,0.0,12,0
5789,8.736196016785078,1.0,0.0,0.0,0.0,8.191151818134358,0.0,0.0,1.791759469228055,0.0,8.922791623969637,7.226060128472898,7.28013288674353,0.0,12,0
5796,8.462970978457593,1.0,0.0,0.0,0.0,7.984479554267214,0.0,0.0,2.3978952727983707,0.0,8.699681400989514,7.04125345880512,7.293032967411028,0.0,12,0
5799,0.25331808628354235,0.090909,0.0,0.0,0.0,6.408827939061508,0.0,0.0,0.6931471805599453,0.0,7.601402334583733,8.197347404512485,4.421736242721653,0.0,12,0
5800,7.561731467512685,1.0,0.0,0.0,0.0,7.502097734320186,0.0,0.0,1.791759469228055,0.0,7.601402334583733,6.178126533095882,6.48671787916734,0.0,12,0
5801,7.005180286415796,0.727273,0.0,0.0,0.0,8.02682842173169,0.0,0.0,2.5649493574615367,0.0,8.006700845440367,6.477495192344387,6.071404050994652,0.0,12,0
5802,7.286557980495589,1.0,0.0,0.0,0.0,7.151919888337553,0.0,0.0,1.9459101490553132,0.0,8.612685172875459,6.719397506840893,5.816939862554546,0.0,12,0
5803,7.966736413797705,1.0,0.0,0.0,0.0,4.880639639566782,0.0,0.0,1.0986122886681098,0.0,8.006700845440367,6.413195852066442,7.1239526485371965,0.0,12,0
5810,3.832131754617773,0.727273,0.0,0.0,0.0,4.387774459235807,0.0,0.0,0.6931471805599453,0.0,8.77971129020447,6.189489765925959,4.510585249131512,0.0,12,0
5814,7.907644903739477,1.0,0.0,0.0,0.0,7.304679546392356,0.0,0.0,1.791759469228055,0.0,8.987321812850125,6.475788453114223,6.4804703117731215,0.0,12,0
5818,7.00938175528423,1.0,0.0,0.0,0.0,5.678835579071983,0.0,0.0,2.0794415416798357,0.0,7.0909098220799835,5.905577920077176,6.13997169067097,0.0,12,0
5822,6.758405925153098,1.0,0.0,0.0,0.0,7.5884264381311,0.0,0.0,1.791759469228055,0.0,7.824445930877619,6.621125837653106,5.682746331692285,0.0,12,0
5825,7.4086363352403515,1.0,0.0,0.0,0.0,5.901236694620887,0.0,0.0,0.6931471805599453,0.0,9.210440366976517,7.196800239280214,6.0330434175253975,0.0,12,0
5827,6.0105492427332745,1.0,0.0,0.0,0.0,5.358876014423533,0.0,0.0,1.0986122886681098,0.0,8.517393171418904,6.403168875736645,5.337110089087939,0.0,12,0
5830,8.992171077880796,1.0,0.0,0.0,0.0,5.292880543775285,0.0,0.0,2.1972245773362196,0.0,9.105090961257085,8.180372125281083,10.672060527593942,0.0,12,0
5835,7.851753530433976,1.0,0.0,0.0,0.0,6.213943575675851,0.0,0.0,2.70805020110221,0.0,7.824445930877619,5.246261634210106,9.713370763109728,0.0,12,0
5838,7.968087664622964,1.0,0.0,0.0,0.0,5.622637319510706,0.0,0.0,1.9459101490553132,0.0,8.006700845440367,8.196916916197726,6.947557037718811,0.083333,12,0
5840,6.062697359054166,1.0,0.0,0.0,0.0,7.620820011116567,0.0,0.0,3.8066624897703196,0.0,9.105090961257085,7.277891643667704,5.18716986073858,0.0,12,0
5842,8.983503114445575,1.0,0.0,0.0,0.0,8.458512819208524,0.0,0.0,2.833213344056216,0.0,9.350189267092581,7.6895755932572145,7.643744316605842,0.0,12,0
5843,5.86165789188559,0.333333,0.0,0.0,0.0,7.272275342638603,0.0,0.0,2.0794415416798357,0.0,7.313886831633462,4.065437602984736,5.24565469815362,0.0,6,0
5851,7.014645393606775,1.0,0.0,0.0,0.0,7.615538388882607,0.0,0.0,2.0794415416798357,0.0,7.601402334583733,7.143200093758442,5.754670756870726,0.0,12,0
5863,5.749164883461747,1.0,0.0,0.0,0.0,7.496202176993513,0.0,0.0,0.6931471805599453,0.0,7.937731775260109,3.380320807891847,5.271657052677651,0.0,12,0
5865,7.5936947785041236,1.0,0.0,0.0,0.0,8.397894450208328,0.0,0.0,2.0794415416798357,0.0,8.517393171418904,6.745896035373183,5.857201761366424,0.0,9,0
5870,6.1728081779715405,1.0,0.0,0.0,0.0,4.576533121515741,0.0,0.0,1.6094379124341003,0.0,6.2166061010848646,5.17321763591676,5.261954063108481,0.0,12,0
5884,7.787034256891235,1.0,0.0,0.0,0.0,6.423542317639474,0.0,0.0,1.791759469228055,0.0,7.824445930877619,6.249348916815015,6.6983274074711066,0.0,12,0
5888,6.706934649391537,0.636364,0.0,0.0,0.0,7.66704505752272,0.0,0.0,1.6094379124341003,0.0,8.612685172875459,8.989019460269803,5.890024959555184,0.0,12,0
5891,6.2946962469094325,1.0,0.0,0.0,0.0,5.05410156543298,0.0,0.0,1.3862943611198906,0.0,7.696667081526462,7.353961379930009,5.930476148820409,0.083333,12,0
5895,7.087877760414658,1.0,0.0,0.0,0.0,7.228148578103796,0.0,0.0,2.0794415416798357,0.0,7.313886831633462,5.684071054800496,5.731253318694049,0.0,12,0
5900,5.362474283634042,1.0,0.0,0.0,0.0,5.741974193833133,0.0,0.0,1.3862943611198906,0.0,5.707110264748875,5.80972699075257,5.271553975750666,0.083333,12,0
5903,7.398722406795324,1.0,0.0,0.0,0.0,9.739959100112102,0.0,0.0,3.258096538021482,0.0,9.305741456739435,9.478132511150728,5.728205028019635,0.3,12,0
5913,9.530855810496481,1.0,0.0,0.0,0.0,7.424314181650293,0.0,0.0,2.4849066497880004,0.0,9.581972891547895,8.024811329950577,8.084399422606241,0.0,12,0
5914,6.8177350833066805,0.857143,0.0,0.0,0.0,7.355590338746475,0.0,0.0,2.302585092994046,0.0,7.313886831633462,5.361690795166332,5.806601131526419,0.0,7,0
5915,7.435824826411162,1.0,0.0,0.0,0.0,4.08385534219424,0.0,0.0,1.0986122886681098,0.0,7.438971592395862,5.558469513008723,8.401878531013526,0.0,12,0
5916,7.054713502424874,1.0,0.0,0.0,0.0,7.087399774810509,0.0,0.0,1.791759469228055,0.0,7.0909098220799835,5.796489122756688,5.68631259099667,0.0,12,0
5917,7.092260790875751,1.0,4.032469158504013,4.032469158504013,0.0,4.703823860986772,0.083333,0.0,1.0986122886681098,0.6931471805599453,7.0909098220799835,5.243934060883907,8.631332620838537,0.0,12,0
5918,7.513993870178714,1.0,0.0,0.0,0.0,4.8845666599754995,0.0,0.0,1.3862943611198906,0.0,7.601402334583733,6.206663965188138,6.949243897339341,0.0,12,0
5924,6.987893496248334,1.0,0.0,0.0,0.0,7.5155658272026065,0.0,0.0,2.0794415416798357,0.0,7.313886831633462,7.647454188378652,5.560595042651479,0.0,12,0
5926,7.439414651784933,1.0,0.0,0.0,0.0,6.438520750702416,0.0,0.0,2.302585092994046,0.0,7.601402334583733,6.039293930828039,6.0769281880134765,0.0,12,0
5933,7.297880727123265,1.0,0.0,0.0,0.0,7.265943547866831,0.0,0.0,1.9459101490553132,0.0,8.006700845440367,7.880541902832646,6.201518648125056,0.0,12,0
5934,8.436574005210877,1.0,0.0,0.0,0.0,7.896208264727289,0.0,0.0,1.0986122886681098,0.0,8.699681400989514,6.515753221924873,7.005838595540443,0.0,9,0
5938,7.834662790474229,1.0,0.0,0.0,0.0,5.6566671212079935,0.0,0.0,1.791759469228055,0.0,8.853808274977197,7.302755561307312,6.555431556164038,0.0,12,0
5943,8.015846125519868,1.0,0.0,0.0,0.0,7.6413643881263775,0.0,0.0,1.3862943611198906,0.0,8.412054873292933,6.980323052352711,6.785232722143255,0.0,12,0
5946,6.427157693016536,1.0,0.0,0.0,0.0,7.259649582547814,0.0,0.0,1.6094379124341003,0.0,7.601402334583733,5.957530849225962,5.4398664848854805,0.0,11,0
5947,6.641325231308364,1.0,0.0,0.0,0.0,6.127035882009712,0.0,0.0,1.3862943611198906,0.0,7.0909098220799835,5.599789390304554,5.607741981237797,0.0,12,0
5953,5.696777812524542,1.0,3.7898553714539385,0.0,3.7898553714539385,6.7757207198289535,0.0,0.125,0.6931471805599453,0.6931471805599453,7.496097345175956,3.524134047855269,5.019377919068482,0.0,8,0
5954,6.989936603107489,1.0,0.0,0.0,0.0,3.6496434928444033,0.0,0.0,1.0986122886681098,0.0,7.0909098220799835,5.611366511895572,5.629585776002298,0.0,12,0
5958,6.152416506423986,1.0,0.0,0.0,0.0,4.998598400484285,0.0,0.0,0.6931471805599453,0.0,6.398594934535208,5.108389388138195,5.625770740935888,0.0,12,0
5968,8.703378019823987,1.0,0.0,0.0,0.0,8.321778038078222,0.0,0.0,1.9459101490553132,0.0,8.853808274977197,8.42546723898785,10.660326438833545,0.0,12,0
5969,7.397797769260823,1.0,0.0,0.0,0.0,7.47112168568817,0.0,0.0,1.3862943611198906,0.0,8.160803920954665,5.989754187776999,6.340905380350328,0.0,12,0
5970,8.244063127292856,1.0,0.0,0.0,0.0,7.80802228066214,0.0,0.0,3.295836866004329,0.0,8.517393171418904,7.510074693942233,6.934414152336155,0.0,11,0
5973,7.903559140420399,1.0,0.0,0.0,0.0,6.306377303641946,0.0,0.0,1.0986122886681098,0.0,9.04793908261736,7.025515317040744,6.485963606395132,0.0,12,0
5974,6.952612492563992,1.0,0.0,0.0,0.0,5.135144323164412,0.0,0.0,1.0986122886681098,0.0,7.0909098220799835,5.856958299466678,5.601544918221689,0.0,12,0
5977,6.290584473452245,1.0,0.0,0.0,0.0,7.477536843867481,0.0,0.0,2.1972245773362196,0.0,8.987321812850125,8.750573874115776,5.882719677646674,0.1,12,0
5982,7.859731546472584,1.0,0.0,0.0,0.0,8.379230790414807,0.0,0.0,2.995732273553991,0.0,8.006700845440367,8.134847587504684,6.901443268088632,0.083333,12,0
5988,6.767272164174641,0.363636,0.0,0.0,0.0,8.906427785787102,0.0,0.0,0.6931471805599453,0.0,8.987321812850125,10.03846304419753,6.471999007001104,0.5,12,0
5989,9.14612050246379,1.0,0.0,0.0,0.0,6.979958076871926,0.0,0.0,1.3862943611198906,0.0,9.770013301136158,7.938953430021218,7.994264268670238,0.0,12,0
5990,7.120516082836592,1.0,0.0,0.0,0.0,7.842703485067835,0.0,0.0,3.2188758248682006,0.0,7.824445930877619,7.3860006949543715,6.085571617102221,0.0,12,0
5993,8.385847187147235,1.0,0.0,0.0,0.0,7.4993421893512044,0.0,0.0,1.9459101490553132,0.0,8.517393171418904,7.058500987898358,6.903326741469246,0.0,12,0
5996,7.598402059646051,1.0,0.0,0.0,0.0,7.321992268068518,0.0,0.0,1.9459101490553132,0.0,8.699681400989514,6.538019793409466,6.36085904075474,0.0,12,0
5998,4.930925472121237,1.0,0.0,0.0,0.0,4.56424211292504,0.0,0.0,0.6931471805599453,0.0,6.2166061010848646,5.069779272065099,5.151040930705098,0.0,12,0
5999,7.344340827592266,0.909091,0.0,0.0,0.0,8.421883656991705,0.0,0.0,2.772588722239781,0.0,8.160803920954665,8.143585783872318,6.594240455729358,0.1,12,0
6001,8.394248918308799,1.0,0.0,0.0,0.0,5.739818924702642,0.0,0.0,1.0986122886681098,0.0,8.517393171418904,7.000914102642108,7.181566259110893,0.0,12,0
6008,7.656045305015915,1.0,0.0,0.0,0.0,7.271678263895177,0.0,0.0,1.791759469228055,0.0,7.824445930877619,6.639065400939337,6.560157281778822,0.0,12,0
6010,7.277303290395322,1.0,0.0,0.0,0.0,4.337319629304103,0.0,0.0,0.6931471805599453,0.0,7.438971592395862,5.893117220338509,6.2099559298473626,0.0,12,0
6015,7.958714563569129,1.0,0.0,0.0,0.0,6.736793595407221,0.0,0.0,2.0794415416798357,0.0,8.160803920954665,6.793329610929514,6.924190175165788,0.0,12,0
6016,6.976903546394516,1.0,0.0,0.0,0.0,4.014201200872042,0.0,0.0,1.3862943611198906,0.0,7.0909098220799835,7.322926142822891,6.222206580697793,0.083333,12,0
6017,6.877897263940907,1.0,0.0,0.0,0.0,3.024699881657238,0.0,0.0,0.6931471805599453,0.0,7.824445930877619,6.179975244927748,5.710681332716101,0.0,12,0
6020,5.37339150823819,0.363636,0.0,0.0,0.0,7.175894030499937,0.0,0.0,1.3862943611198906,0.0,8.006700845440367,3.379689401077297,4.383313905784795,0.0,12,0
6023,6.7168463968248595,0.8,0.0,0.0,0.0,7.148225375020805,0.0,0.0,1.6094379124341003,0.0,7.824445930877619,6.021547010758644,5.757652046921515,0.0,10,0
6037,7.484613500384836,1.0,0.0,0.0,0.0,7.665202465674711,0.0,0.0,1.6094379124341003,0.0,7.601402334583733,7.849344085385878,6.247467434312965,0.083333,12,0
6042,2.9862117468217972,0.363636,0.0,0.0,0.0,5.247091843548164,0.0,0.0,0.6931471805599453,0.0,8.922791623969637,6.573622331489324,4.050415558443622,1.0,11,0
6045,7.886546661946497,1.0,0.0,0.0,0.0,7.407274620342021,0.0,0.0,2.3978952727983707,0.0,8.006700845440367,6.215090428082537,7.1491939862420475,0.0,12,0
6053,6.140038178356192,1.0,0.0,0.0,0.0,7.232002727875908,0.0,0.0,2.0794415416798357,0.0,6.90875477931522,8.602702199915283,8.411373485235467,0.4,12,0
6066,7.801959594963058,1.0,0.0,0.0,0.0,6.556548632330363,0.0,0.0,1.3862943611198906,0.0,7.824445930877619,6.206194412425344,6.7541587264313305,0.0,12,0
6073,6.4388996657138176,0.857143,0.0,0.0,0.0,7.474393180353109,0.0,0.0,2.1972245773362196,0.0,7.0909098220799835,6.8051293154706425,5.139871589314975,0.0,7,0
6074,8.60885241220959,1.0,0.0,0.0,0.0,7.981643359177397,0.0,0.0,1.9459101490553132,0.0,8.77971129020447,7.012533573482114,7.5822275473061795,0.0,12,0
6075,7.2184804411384125,1.0,0.0,0.0,0.0,4.048757133814749,0.0,0.0,0.6931471805599453,0.0,7.313886831633462,5.7327391182903575,5.900007774883096,0.0,12,0
6079,6.519533083718123,0.666667,0.0,0.0,0.0,7.3353293318755,0.0,0.0,2.302585092994046,0.0,7.313886831633462,5.814552222005741,4.6029089813908275,0.0,6,0
6083,3.7714504706116845,0.272727,0.0,0.0,0.0,6.073135032309466,0.0,0.0,0.6931471805599453,0.0,7.783640596221253,6.487596535206006,3.2979706988739084,0.142857,12,0
6087,4.43606689768605,1.0,0.0,0.0,0.0,4.527901085806647,0.0,0.0,0.6931471805599453,0.0,6.621405651764134,3.61645028352242,5.681333825329344,0.0,12,0
6089,5.159488630600277,0.2,0.0,0.0,0.0,7.085901172315359,0.0,0.0,0.6931471805599453,0.0,7.0909098220799835,5.799433887143122,5.92275624584137,0.0,10,0
6106,7.827306338208291,0.818182,0.0,0.0,0.0,9.167268392094531,0.0,0.0,1.9459101490553132,0.0,8.922791623969637,8.111530312652746,6.561796297761042,0.090909,12,0
6112,8.162655704915482,1.0,0.0,0.0,0.0,8.404781665709756,0.0,0.0,2.4849066497880004,0.0,8.517393171418904,5.66194730732745,6.444901328958102,0.0,6,0
6116,7.656338869361562,0.6,0.0,0.0,0.0,8.28938554233867,0.0,0.0,1.0986122886681098,0.0,8.853808274977197,6.584257837086975,6.8457602532160005,0.0,10,0
6117,7.9275554310134995,1.0,0.0,0.0,0.0,7.636350620367679,0.0,0.0,1.9459101490553132,0.0,8.294299608857235,6.691550601652992,6.601528586411226,0.0,12,0
6120,7.623049581459714,1.0,0.0,0.0,0.0,8.699267217243596,0.0,0.0,2.302585092994046,0.0,8.77971129020447,8.996754350740403,6.207327893926711,0.25,12,0
6123,7.259627660155707,1.0,0.0,0.0,0.0,5.745578391560049,0.0,0.0,2.302585092994046,0.0,7.313886831633462,6.230018807112316,6.1096470985028795,0.0,10,0
6129,7.732284867126416,0.909091,0.0,0.0,0.0,8.345854866305123,0.0,0.0,2.0794415416798357,0.0,8.517393171418904,8.458517593917348,6.300356924730028,0.090909,12,0
6130,7.259161875115433,1.0,0.0,0.0,0.0,6.8211672687238005,0.0,0.0,1.0986122886681098,0.0,8.006700845440367,5.395435774158989,5.6717991268781045,0.0,10,0
6132,8.557448611959765,0.9,0.0,0.0,0.0,8.82534662927372,0.0,0.0,2.8903717578961645,0.0,8.853808274977197,7.058428335452278,7.586275786394226,0.0,10,0
6138,7.590570749258023,1.0,3.609294974771094,3.609294974771094,0.0,6.828358286123244,0.083333,0.0,3.367295829986474,0.6931471805599453,7.601402334583733,7.116077142555085,7.182067353260267,0.0,12,0
6140,8.257444221442817,1.0,0.0,0.0,0.0,7.5167705735634165,0.0,0.0,1.791759469228055,0.0,8.922791623969637,6.885717553333563,6.776193610319907,0.0,12,0
6143,7.770228931453486,1.0,0.0,0.0,0.0,5.438533340617813,0.0,0.0,2.0794415416798357,0.0,7.824445930877619,6.494609863676424,6.517313242800555,0.0,12,0
6144,7.170815375148744,0.888889,0.0,0.0,0.0,8.498781374394905,0.0,0.0,1.9459101490553132,0.0,7.824445930877619,8.219059353323209,5.717321635177142,0.166667,9,0
6152,3.1154212251315303,1.0,0.0,0.0,0.0,6.992793394037039,0.0,0.0,1.6094379124341003,0.0,7.0909098220799835,7.068663159136546,5.075018571934209,0.090909,12,0
6159,7.3808739215323484,1.0,0.0,0.0,0.0,4.307328276738304,0.0,0.0,1.0986122886681098,0.0,7.438971592395862,6.082525959122566,6.513539536329093,0.0,12,0
6166,7.702520500168319,1.0,3.9871304779149512,3.9871304779149512,0.0,7.619166063443194,0.083333,0.0,2.995732273553991,0.6931471805599453,8.160803920954665,6.558776421195963,6.400305469072605,0.0,12,0
6168,7.679119886557795,0.875,0.0,0.0,0.0,7.8833996696707285,0.0,0.0,1.6094379124341003,0.0,8.006700845440367,6.497310251131387,6.023124489921409,0.0,8,0
6172,8.342748869184609,0.727273,2.9069010598473755,2.9069010598473755,0.0,7.953974883189922,0.083333,0.0,1.9459101490553132,0.6931471805599453,9.100028223304266,9.23284539939962,6.9325712283564584,0.1,12,0
6179,6.839554078683696,1.0,2.5952547069568657,2.5952547069568657,0.0,6.990704876017483,0.083333,0.0,1.9459101490553132,0.6931471805599453,7.824445930877619,6.1791666568968955,5.479121877376102,0.083333,12,0
6180,5.692656044869734,1.0,0.0,0.0,0.0,6.211700389129888,0.0,0.0,1.0986122886681098,0.0,7.696667081526462,7.424840012190311,5.180785001346189,0.0,12,0
6181,8.578427382137203,1.0,0.0,0.0,0.0,8.18788231294821,0.0,0.0,3.044522437723423,0.0,8.987321812850125,7.367563911027585,7.876219976838749,0.0,12,0
6187,7.337068307418836,1.0,0.0,0.0,0.0,5.451218600428409,0.0,0.0,2.0794415416798357,0.0,7.804251383528112,5.88332886200493,6.121513167541141,0.0,11,0
6188,7.422798712270599,1.0,0.0,0.0,0.0,6.094242961008467,0.0,0.0,1.9459101490553132,0.0,7.496097345175956,6.071018887087888,6.437377210042608,0.0,12,0
6192,8.057109893365764,1.0,0.0,0.0,0.0,5.001690817934937,0.0,0.0,1.0986122886681098,0.0,8.160803920954665,6.884386001122992,6.857013340990763,0.0,12,0
6197,7.383125588677555,1.0,0.0,0.0,0.0,6.916565661330928,0.0,0.0,1.3862943611198906,0.0,8.853808274977197,6.262409917196323,6.029686487615415,0.0,12,0
6200,7.384785655835688,1.0,0.0,0.0,0.0,7.16786985402573,0.0,0.0,2.302585092994046,0.0,8.517393171418904,6.3586542279393585,5.928887453113909,0.0,12,0
6211,7.042206746582836,0.9,0.0,0.0,0.0,7.725548948612277,0.0,0.0,2.8903717578961645,0.0,7.824445930877619,5.115294075596251,5.8245978739730875,0.0,10,0
6212,8.09283922129321,1.0,0.0,0.0,0.0,7.452196917922142,0.0,0.0,2.3978952727983707,0.0,8.294299608857235,6.856659594542139,6.898721912708418,0.0,12,0
6231,1.607988462488871,0.666667,0.0,0.0,0.0,4.849868076513742,0.0,0.0,0.6931471805599453,0.0,7.0909098220799835,5.0683982063013575,4.017725686540696,0.0,9,0
6236,6.647842991959484,0.857143,0.0,0.0,0.0,6.990411567660034,0.0,0.0,0.6931471805599453,0.0,7.824445930877619,4.180968519730049,5.442161487223217,0.0,7,0
6237,7.053565415837878,1.0,0.0,0.0,0.0,7.018330202952097,0.0,0.0,1.0986122886681098,0.0,7.313886831633462,7.169459835890441,6.096658325115859,0.0,12,0
6240,5.995113643549665,1.0,0.0,0.0,0.0,6.714120921882897,0.0,0.0,2.5649493574615367,0.0,8.517393171418904,6.942329422184085,5.057535152127345,0.083333,12,0
6241,7.48804843420621,1.0,0.0,0.0,0.0,6.90565750519249,0.0,0.0,2.5649493574615367,0.0,7.496097345175956,7.060546494871186,8.012333491748782,0.0,12,0
6244,8.523912527430532,1.0,0.0,0.0,0.0,8.00559534756505,0.0,0.0,2.1972245773362196,0.0,8.853808274977197,6.972276404968413,7.070064798205111,0.0,12,0
6247,7.29531318933208,1.0,0.0,0.0,0.0,7.7397955876508835,0.0,0.0,3.1780538303479458,0.0,8.294299608857235,6.402300629011942,5.960574661843364,0.0,12,0
6250,5.855064088360854,0.454545,0.0,0.0,0.0,7.1111918490659365,0.0,0.0,0.6931471805599453,0.0,8.412054873292933,8.15698124020711,5.0764538581292475,0.090909,12,0
6251,8.133532660364924,1.0,0.0,0.0,0.0,6.453759345773257,0.0,0.0,2.5649493574615367,0.0,8.294299608857235,6.817657826775347,6.995310735766841,0.0,12,0
6252,6.200590758949845,1.0,2.8903717578961645,2.8903717578961645,0.0,5.152219719667112,0.083333,0.0,1.6094379124341003,0.6931471805599453,6.398594934535208,5.500873283408557,5.679805213890691,0.0,12,0
6255,8.33578137636175,1.0,0.0,0.0,0.0,7.938745494047563,0.0,0.0,2.3978952727983707,0.0,8.517393171418904,7.141072343371223,7.212299287810262,0.0,12,0
6257,7.724063100591529,0.888889,0.0,0.0,0.0,6.734975129839693,0.0,0.0,1.6094379124341003,0.0,7.824445930877619,6.664867934166006,6.414907615551642,0.0,9,0
6259,7.985348228680528,1.0,0.0,0.0,0.0,8.278311618826507,0.0,0.0,2.5649493574615367,0.0,8.517393171418904,7.529634502724315,6.507875485921611,0.0,12,0
6262,7.780428258511315,1.0,0.0,0.0,0.0,4.781969020587369,0.0,0.0,1.6094379124341003,0.0,8.071218539969863,6.403192439643927,6.339724072028448,0.0,12,0
6266,7.727965878474541,0.909091,0.0,0.0,0.0,8.193909789415565,0.0,0.0,1.6094379124341003,0.0,8.160803920954665,6.6160419131083446,6.358416153796352,0.0,11,0
6269,3.3498350673489248,1.0,0.0,0.0,0.0,3.657698233463122,0.0,0.0,0.6931471805599453,0.0,6.90875477931522,3.857895783468976,5.624285748185576,0.1,12,0
6272,7.640754219216696,0.888889,3.258096538021482,0.0,3.258096538021482,7.7931287970594045,0.0,0.111111,1.9459101490553132,0.6931471805599453,7.824445930877619,6.294688744452983,6.348398838163344,0.0,9,0
6274,6.941525316076822,0.875,0.0,0.0,0.0,4.963705050202272,0.0,0.0,1.6094379124341003,0.0,7.313886831633462,7.4288169357548455,5.524149392672995,0.0,8,0
6277,7.175400668343817,1.0,0.0,0.0,0.0,6.923957704892244,0.0,0.0,0.6931471805599453,0.0,8.987321812850125,7.261388194540761,5.586872366637601,0.0,12,0
6285,7.2413135698986055,1.0,0.0,0.0,0.0,8.316969340059943,0.0,0.0,1.791759469228055,0.0,8.517393171418904,6.192680520697173,5.705952335471241,0.0,12,0
6291,7.855441317147767,1.0,0.0,0.0,0.0,7.864313635806128,0.0,0.0,1.0986122886681098,0.0,8.006700845440367,5.746725673830291,5.879361627443227,0.0,7,0
6294,8.495604572942874,1.0,0.0,0.0,0.0,6.991468249454891,0.0,0.0,1.791759469228055,0.0,9.305741456739435,7.04684280703455,7.0534619295569945,0.0,12,0
6300,2.959526379263862,0.636364,0.0,0.0,0.0,5.014860355938813,0.0,0.0,0.6931471805599453,0.0,8.006700845440367,5.73191528654658,4.349459911545637,0.166667,12,0
6301,5.095549238010173,1.0,0.0,0.0,0.0,6.061889988310097,0.0,0.0,1.791759469228055,0.0,6.2166061010848646,4.521065021867852,6.150140697955486,0.0,12,0
6307,5.811666414798716,1.0,0.0,0.0,0.0,6.566553798294228,0.0,0.0,1.0986122886681098,0.0,7.0909098220799835,4.489383405238363,4.570900635574697,0.083333,12,0
6310,7.238183411751847,1.0,0.0,0.0,0.0,5.0449833667332795,0.0,0.0,0.6931471805599453,0.0,7.313886831633462,6.230400314366012,6.4086996825522675,0.0,12,0
6313,7.378702349921768,1.0,0.0,0.0,0.0,4.563597993473009,0.0,0.0,1.3862943611198906,0.0,7.496097345175956,6.363527828657067,6.113667212906068,0.0,12,0
6318,8.457625923603986,1.0,0.0,0.0,0.0,8.25149879025352,0.0,0.0,2.1972245773362196,0.0,8.699681400989514,7.1235291213802165,7.290162647499819,0.0,12,0
6322,6.600927736059322,0.818182,3.5371840908617425,0.0,3.5371840908617425,6.827139613032685,0.0,0.083333,0.6931471805599453,0.6931471805599453,7.313886831633462,7.463360957738152,5.435487470400992,0.0,12,0
6324,6.544929557735863,1.0,0.0,0.0,0.0,7.40323851106017,0.0,0.0,3.091042453358316,0.0,8.412054873292933,6.214081543816644,5.309851378359827,0.0,12,0
6328,6.728376339639637,1.0,0.0,0.0,0.0,5.337668253920595,0.0,0.0,1.0986122886681098,0.0,9.510519035757246,6.576827737488779,5.456174601462146,0.0,11,0
6330,7.81269678210956,1.0,0.0,0.0,0.0,7.448053298538296,0.0,0.0,1.9459101490553132,0.0,8.294299608857235,6.387599181411898,6.37474660566164,0.0,12,0
6335,5.900308570391132,1.0,0.0,0.0,0.0,7.232722283517569,0.0,0.0,1.0986122886681098,0.0,8.006700845440367,7.6262474383197425,5.246747897185583,0.0,12,0
6338,6.337471964770382,1.0,0.0,0.0,0.0,6.912414484009587,0.0,0.0,1.0986122886681098,0.0,7.0909098220799835,7.106903667231501,5.424688723435192,0.083333,12,0
6346,8.847377059340332,1.0,0.0,0.0,0.0,8.506319606280968,0.0,0.0,1.791759469228055,0.0,9.259225769705994,7.458896625774594,7.636927928624167,0.0,12,0
6350,7.5919190936675545,1.0,0.0,0.0,0.0,5.299233172070116,0.0,0.0,1.3862943611198906,0.0,7.601402334583733,6.093956307068223,8.012976335887956,0.0,11,0
6351,8.76393344513788,1.0,0.0,0.0,0.0,5.456950854986402,0.0,0.0,0.6931471805599453,0.0,9.15915233520675,7.435007255072338,7.834732769885595,0.0,12,0
6355,6.026665383680694,1.0,0.0,0.0,0.0,6.564741184996601,0.0,0.0,2.4849066497880004,0.0,6.2166061010848646,6.1182095992130865,4.886919305730968,0.0,9,0
6359,6.997620953419705,1.0,0.0,0.0,0.0,4.532790335156816,0.0,0.0,0.6931471805599453,0.0,7.0909098220799835,5.803905608140409,5.432654171615863,0.0,12,0
6364,7.471480592381672,1.0,0.0,0.0,0.0,7.292575066187581,0.0,0.0,2.772588722239781,0.0,8.006700845440367,5.784597419462489,6.560762120647748,0.0,12,0
6367,7.933014213418737,1.0,0.0,0.0,0.0,5.049064694243968,0.0,0.0,0.6931471805599453,0.0,8.853808274977197,6.414321840514124,6.440711881523678,0.0,12,0
6371,8.418674983026342,0.727273,0.0,0.0,0.0,9.996287740399088,0.0,0.0,2.5649493574615367,0.0,9.472781556562168,10.418921853217208,7.494873910243907,0.428571,12,0
6376,7.001899499319825,1.0,0.0,0.0,0.0,4.3608720075877345,0.0,0.0,1.6094379124341003,0.0,7.0909098220799835,5.634008894924431,6.0558587586146695,0.0,12,0
6384,5.665692740638174,1.0,0.0,0.0,0.0,3.018672180320789,0.0,0.0,0.6931471805599453,0.0,5.707110264748875,4.662676416555011,5.8510776865121,0.0,12,0
6391,7.160680733086006,1.0,0.0,0.0,0.0,4.236869683499788,0.0,0.0,1.0986122886681098,0.0,7.313886831633462,7.379769398337527,6.046493417161603,0.0,12,0
6393,8.281414371236535,1.0,0.0,0.0,0.0,8.573992194664825,0.0,0.0,2.8903717578961645,0.0,8.294299608857235,8.428923053064288,7.506668562287846,0.083333,12,0
6397,7.755763692580891,0.818182,0.0,0.0,0.0,8.407697485186416,0.0,0.0,1.0986122886681098,0.0,8.412054873292933,6.5879850000947915,7.038267883898664,0.0,12,0
6401,7.249573318446414,1.0,0.0,0.0,0.0,4.671069053310086,0.0,0.0,0.6931471805599453,0.0,7.313886831633462,5.634306250658958,7.756072390756122,0.0,12,0
6402,7.2148824942519,1.0,0.0,0.0,0.0,4.31575704276415,0.0,0.0,1.0986122886681098,0.0,7.313886831633462,5.869595320583244,6.079498018039927,0.0,12,0
6408,7.689812888191112,1.0,0.0,0.0,0.0,7.970402904049572,0.0,0.0,3.295836866004329,0.0,8.987321812850125,7.456665267232519,6.178277324090135,0.0,12,0
6411,6.792294203987409,1.0,3.713572066704308,3.713572066704308,0.0,8.04726868927987,0.083333,0.0,2.1972245773362196,0.6931471805599453,8.006700845440367,6.885669486506838,5.502637776872697,0.083333,12,0
6412,6.312702364513691,0.714286,0.0,0.0,0.0,7.819083596821556,0.0,0.0,3.1780538303479458,0.0,7.313886831633462,8.233118185404699,5.182325414693005,0.333333,7,0
6413,5.406552180450107,1.0,0.0,0.0,0.0,5.5285526201928015,0.0,0.0,1.0986122886681098,0.0,7.824445930877619,5.3483694389381755,5.318700834927291,0.0,12,0
6416,7.200375658150855,1.0,0.0,0.0,0.0,7.169178468469751,0.0,0.0,2.0794415416798357,0.0,8.294299608857235,6.049951539940325,6.455181979869284,0.0,11,0
6421,7.580883128267291,1.0,0.0,0.0,0.0,7.922471286072561,0.0,0.0,1.9459101490553132,0.0,8.294299608857235,7.341721353645509,6.134990399253078,0.0,12,0
6430,8.105764568950937,1.0,0.0,0.0,0.0,6.723738684022331,0.0,0.0,1.791759469228055,0.0,8.77971129020447,6.87042676576887,6.759797308189564,0.0,12,0
6437,5.426911361510546,0.909091,0.0,0.0,0.0,5.67909808311537,0.0,0.0,0.6931471805599453,0.0,7.313886831633462,4.940566915887809,5.239473930914734,0.0,12,0
6445,9.097231402433904,1.0,0.0,0.0,0.0,8.877120556095818,0.0,0.0,2.1972245773362196,0.0,9.472781556562168,7.659486015329102,7.7070894378355606,0.0,12,0
6449,7.0690986986388635,1.0,0.0,0.0,0.0,3.7013129617064506,0.0,0.0,0.6931471805599453,0.0,7.0909098220799835,5.650530023777771,6.141954344073328,0.0,12,0
6462,5.627379789610295,0.454545,0.0,0.0,0.0,6.843317798073163,0.0,0.0,1.0986122886681098,0.0,6.90875477931522,5.517110046533728,5.0306231722063,0.0,12,0
6464,6.7002865913300305,1.0,0.0,0.0,0.0,6.664620130718107,0.0,0.0,0.6931471805599453,0.0,8.006700845440367,6.413317506180031,5.6275956889069985,0.0,12,0
6465,6.987187774668048,1.0,0.0,0.0,0.0,2.974172983228386,0.0,0.0,0.6931471805599453,0.0,7.313886831633462,7.446766837018129,6.295583622579427,0.1,12,0
6468,6.728420406004413,1.0,0.0,0.0,0.0,7.086738144376776,0.0,0.0,1.9459101490553132,0.0,7.0909098220799835,7.239530294484553,5.406061509607555,0.1,12,0
6469,7.8877740106101335,1.0,0.0,0.0,0.0,5.20559874325836,0.0,0.0,0.6931471805599453,0.0,8.071218539969863,6.560979869698405,6.865455181146869,0.0,12,0
6474,8.900937927122008,1.0,0.0,0.0,0.0,8.26631347563416,0.0,0.0,3.091042453358316,0.0,9.105090961257085,7.834861771473505,7.638571186294956,0.0,12,0
6477,7.040872327653059,1.0,4.392842927107731,0.0,4.392842927107731,6.713331759550624,0.0,0.166667,2.833213344056216,1.0986122886681098,7.0909098220799835,6.12895646710472,6.346781044025225,0.0,12,0
6485,7.237120596171709,1.0,0.0,0.0,0.0,7.928252330045565,0.0,0.0,2.70805020110221,0.0,7.601402334583733,7.650361198736844,5.870485816277756,0.0,12,0
6498,7.3340099977463575,1.0,0.0,0.0,0.0,6.1880593546857074,0.0,0.0,0.6931471805599453,0.0,8.517393171418904,6.168245135215825,5.76506167434665,0.0,8,0
6501,7.669810328816448,1.0,0.0,0.0,0.0,7.74730105790743,0.0,0.0,1.6094379124341003,0.0,7.824445930877619,6.09966931728629,6.12376049907738,0.0,9,0
6509,7.199360042610937,1.0,0.0,0.0,0.0,3.623642769316825,0.0,0.0,0.6931471805599453,0.0,8.006700845440367,5.982386589351728,5.78470072508414,0.0,12,0
6517,6.470697193595533,0.833333,2.1114245875328868,0.0,2.1114245875328868,6.8749731405296215,0.0,0.166667,0.6931471805599453,0.6931471805599453,7.313886831633462,6.070119446836792,4.535243853962381,0.0,6,0
6525,7.910475055690126,1.0,0.0,0.0,0.0,6.5871290047248765,0.0,0.0,1.791759469228055,0.0,8.006700845440367,7.210002198713486,6.906673208755254,0.0,12,0
6530,6.4274544502832756,0.714286,0.0,0.0,0.0,6.986321971111248,0.0,0.0,2.302585092994046,0.0,7.0909098220799835,4.723658652769421,5.203846190681454,0.0,7,0
6531,5.13932172884421,0.272727,3.6320445173613978,0.0,3.6320445173613978,7.862276567042841,0.0,0.083333,2.3978952727983707,0.6931471805599453,7.313886831633462,6.991632368470425,4.260688515314338,0.090909,12,0
6532,6.4504061878537104,1.0,0.0,0.0,0.0,3.014958656421864,0.0,0.0,0.6931471805599453,0.0,6.55250788703459,5.090328168277499,5.796242213994145,0.0,12,0
6534,7.109103025284542,1.0,0.0,0.0,0.0,7.042871268220044,0.0,0.0,1.791759469228055,0.0,7.824445930877619,5.67828240048979,5.959985729791604,0.0,12,0
6538,8.585886433485445,1.0,0.0,0.0,0.0,9.048516437031381,0.0,0.0,3.091042453358316,0.0,8.922791623969637,8.770191558010177,7.128608649833898,0.0,12,0
6540,7.276821597150452,1.0,0.0,0.0,0.0,5.838204611700097,0.0,0.0,2.0794415416798357,0.0,7.438971592395862,6.068041009673621,6.204513595936794,0.0,12,0
6542,6.606639651007585,1.0,0.0,0.0,0.0,5.232620035582965,0.0,0.0,0.6931471805599453,0.0,7.601402334583733,5.960781317109423,5.545382134466638,0.0,12,0
6545,6.833436725119181,0.454545,0.0,0.0,0.0,7.703575245538346,0.0,0.0,2.0794415416798357,0.0,8.699681400989514,7.914012511330942,5.682016246356804,0.0,12,0
6546,5.028504511075004,1.0,0.0,0.0,0.0,4.486330263273288,0.0,0.0,1.0986122886681098,0.0,5.017279836814924,5.759923819234289,5.627768207188405,0.0,12,0
6552,7.558094039217142,1.0,0.0,0.0,0.0,7.238056999206926,0.0,0.0,1.6094379124341003,0.0,7.824445930877619,6.572641261563483,6.302078448734117,0.0,12,0
6557,7.7744987811050175,0.833333,0.0,0.0,0.0,8.309053907730126,0.0,0.0,1.9459101490553132,0.0,8.517393171418904,5.859212664133181,6.091542223862536,0.0,6,0
6562,7.360801858545227,1.0,0.0,0.0,0.0,7.029863654410591,0.0,0.0,1.3862943611198906,0.0,7.824445930877619,5.9997250723305955,5.999289804760012,0.0,12,0
6564,8.347580131858784,1.0,0.0,0.0,0.0,8.462801330267249,0.0,0.0,3.8066624897703196,0.0,8.412054873292933,8.62309070454511,7.269086329015746,0.083333,12,0
6565,3.8335454389485353,0.727273,0.0,0.0,0.0,4.991272696372862,0.0,0.0,0.6931471805599453,0.0,5.017279836814924,5.700785822509083,4.8590208275815305,0.0,12,0
6566,8.447290592181023,1.0,0.0,0.0,0.0,8.568804477049213,0.0,0.0,2.3978952727983707,0.0,8.77971129020447,7.987689229524077,7.0645886705467875,0.0,12,0
6567,7.32667470711038,1.0,0.0,0.0,0.0,6.308625107896621,0.0,0.0,1.0986122886681098,0.0,7.601402334583733,6.124899271310263,5.974070959394411,0.0,12,0
6568,8.749546400461899,1.0,0.0,0.0,0.0,8.036316576922646,0.0,0.0,3.091042453358316,0.0,8.922791623969637,7.242392650410179,7.238869828796992,0.0,12,0
6572,5.702620516510895,0.888889,0.0,0.0,0.0,6.155894157966016,0.0,0.0,0.6931471805599453,0.0,6.90875477931522,5.738820124061723,4.98115027859907,0.0,9,0
6576,8.39310871152267,1.0,0.0,0.0,0.0,7.373554573636457,0.0,0.0,2.5649493574615367,0.0,8.412054873292933,7.213782282247807,9.467103050661418,0.0,12,0
6584,7.2599386778172725,1.0,0.0,0.0,0.0,3.649104359319546,0.0,0.0,1.0986122886681098,0.0,7.313886831633462,5.416491934434561,6.179249249542497,0.0,10,0
6586,7.419891116842653,0.9,0.0,0.0,0.0,8.543713055906036,0.0,0.0,2.6390573296152584,0.0,8.006700845440367,7.945717423987299,6.158852401256223,0.125,10,0
6589,7.027046087599587,1.0,0.0,0.0,0.0,6.224696625666393,0.0,0.0,2.1972245773362196,0.0,7.0909098220799835,6.397319239318404,6.439389835177612,0.0,12,0
6591,7.493056425875285,1.0,0.0,0.0,0.0,6.957687137836761,0.0,0.0,1.791759469228055,0.0,7.824445930877619,7.849133117331035,6.2695871026288845,0.083333,12,0
6593,6.775483669640183,1.0,0.0,0.0,0.0,8.002715055675573,0.0,0.0,2.5649493574615367,0.0,7.601402334583733,7.682305985804936,5.281487393733205,0.4,12,0
6595,6.822776551850278,1.0,0.0,0.0,0.0,7.150527673865558,0.0,0.0,0.6931471805599453,0.0,7.3783837129967145,7.313017109097397,5.806619059879586,0.083333,12,0
6596,7.586117497153974,1.0,0.0,0.0,0.0,7.588244677759142,0.0,0.0,1.791759469228055,0.0,7.601402334583733,7.7009524228952495,6.508451093852895,0.0,12,0
6598,8.535552301852897,1.0,0.0,0.0,0.0,7.742341320320706,0.0,0.0,2.3978952727983707,0.0,8.699681400989514,7.182722164987714,7.504918747816048,0.0,12,0
6599,7.797491343096728,1.0,0.0,0.0,0.0,5.85592180450314,0.0,0.0,1.9459101490553132,0.0,7.824445930877619,6.2694219598347,7.001584882364831,0.0,11,0
6601,8.437715185235463,1.0,0.0,0.0,0.0,7.941505823792951,0.0,0.0,2.1972245773362196,0.0,8.517393171418904,6.372318942480224,9.324112021659978,0.0,12,0
6604,7.062480415777392,1.0,0.0,0.0,0.0,5.2107418777499825,0.0,0.0,2.0794415416798357,0.0,7.0909098220799835,5.946286900806378,5.796540433647341,0.0,12,0
6606,6.642050082812287,1.0,0.0,0.0,0.0,6.830472416347025,0.0,0.0,0.6931471805599453,0.0,8.006700845440367,6.557875560826974,5.522655412169782,0.0,12,0
6614,7.917252692221823,1.0,0.0,0.0,0.0,6.655456965416232,0.0,0.0,1.0986122886681098,0.0,8.006700845440367,6.506093451723596,6.840876241772471,0.0,12,0
6619,7.375084691946797,0.818182,0.0,0.0,0.0,5.59097758494433,0.0,0.0,0.6931471805599453,0.0,8.006700845440367,6.497088796147241,6.164590406949302,0.0,12,0
6621,7.776322983893358,1.0,0.0,0.0,0.0,7.936269604345627,0.0,0.0,1.0986122886681098,0.0,8.006700845440367,6.075723539133899,7.010320215647833,0.0,12,0
6639,6.292645415720843,0.818182,0.0,0.0,0.0,7.739733829068604,0.0,0.0,1.0986122886681098,0.0,7.0909098220799835,7.801709194068683,5.560127462107683,0.125,12,0
6641,7.400598889903221,1.0,0.0,0.0,0.0,5.0746703072449515,0.0,0.0,1.9459101490553132,0.0,7.438971592395862,6.143952368723962,6.193361740568411,0.0,12,0
6645,7.377078298540637,1.0,0.0,0.0,0.0,5.099376838482698,0.0,0.0,1.3862943611198906,0.0,7.496097345175956,6.308864707051631,6.035376941419818,0.0,12,0
6653,8.745406603957603,1.0,0.0,0.0,0.0,8.127504819628202,0.0,0.0,2.302585092994046,0.0,9.259225769705994,7.4862102386428,7.430542273470738,0.0,12,0
6654,7.170545994045107,1.0,0.0,0.0,0.0,8.283130378609641,0.0,0.0,2.4849066497880004,0.0,7.824445930877619,7.642576494013183,5.593872246959356,0.166667,8,0
6657,6.31762184035939,0.636364,0.0,0.0,0.0,6.884140660771983,0.0,0.0,1.6094379124341003,0.0,7.496097345175956,7.002846212026375,4.744440677186118,0.0,12,0
6658,3.9799025267040293,0.818182,0.0,0.0,0.0,6.526735076689993,0.0,0.0,1.3862943611198906,0.0,8.006700845440367,6.919802272677048,5.051860919146748,0.142857,12,0
6667,7.752065838683568,1.0,0.0,0.0,0.0,5.795030530345962,0.0,0.0,2.3978952727983707,0.0,7.824445930877619,6.5228651909744855,6.577948758630266,0.0,12,0
6669,7.597033858645937,1.0,4.055257173514054,4.055257173514054,0.0,7.056325142698636,0.083333,0.0,1.9459101490553132,0.6931471805599453,8.006700845440367,6.283608326948746,6.437145550895602,0.0,12,0
6671,6.925312852736383,1.0,0.0,0.0,0.0,4.866220526096445,0.0,0.0,1.0986122886681098,0.0,8.294299608857235,6.066425035230963,5.807746970331417,0.0,12,0
6674,7.433219805052105,1.0,0.0,0.0,0.0,5.6119491123776175,0.0,0.0,0.6931471805599453,0.0,8.006700845440367,6.30752959486535,6.08734634532555,0.0,12,0
6676,7.319290588085142,0.75,0.0,0.0,0.0,7.79124143369779,0.0,0.0,2.4849066497880004,0.0,7.824445930877619,5.942399127059126,6.098434477962103,0.0,8,0
6679,8.126501061924367,1.0,0.0,0.0,0.0,7.610781281897984,0.0,0.0,2.9444389791664403,0.0,8.412054873292933,6.871202085153545,6.813279469394152,0.0,12,0
6683,5.709827698746484,1.0,0.0,0.0,0.0,7.593322804899175,0.0,0.0,2.6390573296152584,0.0,8.006700845440367,5.770558475143885,5.134067469201208,0.0,12,0
6692,6.024380583739869,1.0,0.0,0.0,0.0,4.8412774639085585,0.0,0.0,1.0986122886681098,0.0,7.313886831633462,7.342493925346973,4.922800756584764,0.083333,12,0
6695,7.688870943566945,1.0,0.0,0.0,0.0,5.354704557238516,0.0,0.0,0.6931471805599453,0.0,7.824445930877619,6.376386862865383,6.702738830733498,0.0,12,0
6701,6.657822933185085,0.666667,0.0,0.0,0.0,7.507219812487521,0.0,0.0,2.1972245773362196,0.0,7.601402334583733,4.5080148930089,5.1606414257080475,0.0,6,0
6712,6.553958004862809,1.0,3.0426158594528414,3.0426158594528414,0.0,5.040826698791665,0.083333,0.0,1.3862943611198906,0.6931471805599453,8.160803920954665,5.3929521956271165,5.810839228887623,0.0,12,0
6716,8.648304901393427,1.0,0.0,0.0,0.0,7.2615342394056475,0.0,0.0,2.0794415416798357,0.0,8.699681400989514,7.261147236413166,7.563377852347525,0.0,12,0
6718,8.003215414498058,1.0,0.0,0.0,0.0,8.336578735336367,0.0,0.0,2.772588722239781,0.0,8.699681400989514,6.797869770970914,6.988442815324357,0.0,12,0
6729,6.798284421877439,1.0,0.0,0.0,0.0,4.098109499277035,0.0,0.0,1.0986122886681098,0.0,6.90875477931522,5.723363214592103,5.611442708800944,0.0,12,0
6743,6.854590228688772,1.0,0.0,0.0,0.0,6.476277838686651,0.0,0.0,1.3862943611198906,0.0,8.77971129020447,7.790211183299335,8.277470698802139,0.0,12,0
6759,6.89745172824417,1.0,0.0,0.0,0.0,8.713867782167787,0.0,0.0,2.8903717578961645,0.0,8.517393171418904,8.50474538331544,5.41245961814165,0.2,6,0
6767,6.96733584820058,1.0,0.0,0.0,0.0,7.297672145886027,0.0,0.0,2.3978952727983707,0.0,7.601402334583733,6.012150509638889,5.627925873002196,0.0,11,0
6768,6.329240891938886,1.0,0.0,0.0,0.0,5.705528539397556,0.0,0.0,0.6931471805599453,0.0,6.68586094706836,6.12333648641366,5.294185617617044,0.0,12,0
6770,7.206752544498165,1.0,0.0,0.0,0.0,6.306988091236827,0.0,0.0,1.6094379124341003,0.0,7.313886831633462,5.577578729129759,6.584491619557779,0.0,12,0
6771,6.754160220102301,0.9,0.0,0.0,0.0,2.950628573518102,0.0,0.0,0.6931471805599453,0.0,6.803505257608338,5.399017946551165,5.530876590959941,0.0,10,0
6780,7.039352632933997,1.0,0.0,0.0,0.0,4.315825959590143,0.0,0.0,1.0986122886681098,0.0,7.0909098220799835,5.701058314164738,6.0971702421845375,0.0,12,0
6785,7.020838013510012,1.0,0.0,0.0,0.0,7.583149715448985,0.0,0.0,1.9459101490553132,0.0,7.601402334583733,5.26944895493203,5.433195209800939,0.0,7,0
6786,7.761526184649011,1.0,0.0,0.0,0.0,7.5800613479777255,0.0,0.0,2.302585092994046,0.0,7.989899374942939,8.238270299755888,8.227912878725338,0.0,7,0
6787,6.803829783190607,0.909091,0.0,0.0,0.0,7.007445953123706,0.0,0.0,1.9459101490553132,0.0,7.244941546337007,5.254014999635298,5.381181524032172,0.0,12,0
6792,8.215177990826033,1.0,0.0,0.0,0.0,7.79963374925391,0.0,0.0,2.1972245773362196,0.0,8.294299608857235,6.881570522999315,7.3310591965081295,0.0,12,0
6800,6.501717580475374,1.0,0.0,0.0,0.0,2.9839848418820227,0.0,0.0,0.6931471805599453,0.0,6.55250788703459,3.842679272396481,8.035388624361703,0.0,12,0
6802,7.443959859847772,1.0,0.0,0.0,0.0,5.469929460379275,0.0,0.0,0.6931471805599453,0.0,7.601402334583733,6.555662593301109,6.036649819073273,0.0,12,0
6806,8.881496387655456,1.0,0.0,0.0,0.0,9.01148504393703,0.0,0.0,2.0794415416798357,0.0,9.105090961257085,8.112618646638806,7.208339170624338,0.0,10,0
6817,6.648513773423751,0.818182,0.0,0.0,0.0,7.387726181388014,0.0,0.0,1.6094379124341003,0.0,7.313886831633462,6.697485598878619,5.553566063766835,0.0,12,0
6822,7.499891014064714,1.0,0.0,0.0,0.0,8.168125456580098,0.0,0.0,3.2188758248682006,0.0,8.699681400989514,6.377667228485365,6.412385369602997,0.0,12,0
6826,8.755195714903154,1.0,0.0,0.0,0.0,8.144948933419004,0.0,0.0,1.6094379124341003,0.0,9.259225769705994,7.2098818369927775,7.203051359416921,0.0,12,0
6832,6.838220731529531,0.545455,0.0,0.0,0.0,7.985685769056214,0.0,0.0,0.6931471805599453,0.0,8.160803920954665,8.005104707578031,5.502910726021252,0.25,11,0
6841,7.073605062072877,0.875,0.0,0.0,0.0,7.2406486749001076,0.0,0.0,1.3862943611198906,0.0,7.313886831633462,4.86662589168719,5.518247512400734,0.0,8,0
6842,7.374295130645568,1.0,0.0,0.0,0.0,7.544511876550448,0.0,0.0,1.0986122886681098,0.0,7.601402334583733,5.163165576073455,5.671790987300854,0.0,6,0
6848,7.204103866468898,1.0,0.0,0.0,0.0,3.6770412583647087,0.0,0.0,0.6931471805599453,0.0,7.313886831633462,5.653616989666512,6.04715968838663,0.0,12,0
6851,8.682780049983277,1.0,0.0,0.0,0.0,7.953931774895004,0.0,0.0,2.0794415416798357,0.0,9.105090961257085,7.923666544089403,8.062647153100293,0.0,12,0
6854,4.298314889724195,0.181818,0.0,0.0,0.0,6.812299551886319,0.0,0.0,1.0986122886681098,0.0,6.90875477931522,8.002836456274757,3.7762780103066906,0.0,12,0
6858,8.375601349736124,0.888889,0.0,0.0,0.0,8.649348274511157,0.0,0.0,2.995732273553991,0.0,8.699681400989514,5.384768011773658,9.216179483137152,0.0,9,0
6864,7.383089545725499,0.909091,0.0,0.0,0.0,8.313701252074399,0.0,0.0,2.8903717578961645,0.0,7.824445930877619,8.199100606101705,6.186893808860743,0.0,12,0
6867,7.710419195288879,0.857143,0.0,0.0,0.0,7.816753061431423,0.0,0.0,1.0986122886681098,0.0,7.824445930877619,5.972042455948742,5.98659673852867,0.0,7,0
6868,6.718637026894898,1.0,3.038791763014438,3.038791763014438,0.0,6.768776163567982,0.083333,0.0,3.044522437723423,1.0986122886681098,6.803505257608338,6.978808965264161,5.926691481133588,0.083333,12,0
6872,6.518540183335701,0.909091,0.0,0.0,0.0,7.5130522617497215,0.0,0.0,2.70805020110221,0.0,7.601402334583733,7.528173798316919,5.953201699654842,0.125,11,0
6874,5.912656804467783,0.818182,0.0,0.0,0.0,7.37070213328234,0.0,0.0,0.6931471805599453,0.0,7.601402334583733,7.657720057949938,5.38811875533258,0.0,12,0
6877,7.16830790187911,1.0,0.0,0.0,0.0,5.007434604014922,0.0,0.0,0.6931471805599453,0.0,7.313886831633462,6.05223755085645,5.842536146578659,0.0,12,0
6884,7.455460869837773,1.0,0.0,0.0,0.0,7.845364971858789,0.0,0.0,3.044522437723423,0.0,7.824445930877619,6.936648117771667,7.070021217980514,0.083333,12,0
6891,7.425034254210781,1.0,0.0,0.0,0.0,5.606823320373779,0.0,0.0,1.791759469228055,0.0,7.496097345175956,6.671077643736021,6.993910552036012,0.0,12,0
6892,2.279113784308355,0.5,0.0,0.0,0.0,4.3727211602311185,0.0,0.0,0.6931471805599453,0.0,7.0909098220799835,5.035566180736136,4.146693339391672,1.0,8,0
6894,3.9601733459064286,0.181818,0.0,0.0,0.0,6.154510717339931,0.0,0.0,0.6931471805599453,0.0,6.90875477931522,7.938437590020006,4.713455621893114,1.0,12,0
6901,6.731771019831122,1.0,0.0,0.0,0.0,6.7672604762804385,0.0,0.0,0.6931471805599453,0.0,6.90875477931522,3.8742048282612838,8.59681467728063,0.0,12,0
6908,6.934612036900277,1.0,0.0,0.0,0.0,6.1162806261658105,0.0,0.0,0.6931471805599453,0.0,7.313886831633462,5.579123208068507,5.739326549429737,0.0,12,0
6910,7.874844377427274,1.0,0.0,0.0,0.0,8.158776479193714,0.0,0.0,2.0794415416798357,0.0,8.160803920954665,7.299631134023346,7.530984660798906,0.0,12,0
6914,7.054454619260531,1.0,0.0,0.0,0.0,6.169007996489295,0.0,0.0,2.4849066497880004,0.0,7.0909098220799835,6.752359119867452,6.678507596558931,0.0,12,0
6915,5.86311926050101,0.363636,0.0,0.0,0.0,6.963625633629899,0.0,0.0,1.3862943611198906,0.0,7.0909098220799835,4.793323761784096,5.8341953547713015,0.0,12,0
6926,7.362852751430221,1.0,0.0,0.0,0.0,7.552229871260335,0.0,0.0,3.091042453358316,0.0,8.160803920954665,6.445414717291112,5.783698469686645,0.0,12,0
6927,6.8991746101136044,1.0,0.0,0.0,0.0,2.981882608167737,0.0,0.0,0.6931471805599453,0.0,6.90875477931522,5.385963442906735,6.089903407029874,0.0,12,0
6932,6.969306989037083,1.0,0.0,0.0,0.0,7.213083511106634,0.0,0.0,1.0986122886681098,0.0,8.77971129020447,8.189715926824382,5.704954723970084,0.166667,12,0
6934,6.967292624751666,1.0,0.0,0.0,0.0,4.793690449375591,0.0,0.0,1.791759469228055,0.0,7.0909098220799835,5.578950737670059,6.047690570434738,0.0,12,0
6939,5.484573331730159,1.0,0.0,0.0,0.0,6.579262224449464,0.0,0.0,1.0986122886681098,0.0,8.699681400989514,6.924561117447699,4.902276718373895,0.083333,12,0
6941,6.268828810438476,0.363636,0.0,0.0,0.0,7.766544394976319,0.0,0.0,2.70805020110221,0.0,7.824445930877619,4.779494483109758,6.156280305124518,0.0,12,0
6942,5.349518108652757,1.0,0.0,0.0,0.0,6.512107870159686,0.0,0.0,1.3862943611198906,0.0,6.55250788703459,5.36481681537209,5.048213286928156,0.0,12,0
6943,8.234360647370035,1.0,0.0,0.0,0.0,8.491449678063043,0.0,0.0,2.1972245773362196,0.0,8.612685172875459,7.853710577601662,7.3448708404331695,0.0,12,0
6945,6.684931075421005,1.0,0.0,0.0,0.0,7.310469954114925,0.0,0.0,2.1972245773362196,0.0,7.244941546337007,6.790923873507086,5.5740213560838425,0.0,12,0
6951,6.680224062176536,0.909091,0.0,0.0,0.0,8.644315531771372,0.0,0.0,1.9459101490553132,0.0,3.9318256327243257,8.932107882185834,6.019226848257834,0.444444,12,0
6955,6.331782367484454,1.0,0.0,0.0,0.0,5.5033147230439985,0.0,0.0,1.6094379124341003,0.0,7.313886831633462,6.126868708131539,5.589768533281546,0.0,12,0
6956,6.508949028390846,1.0,0.0,0.0,0.0,9.415957988585706,0.0,0.0,3.4657359027997265,0.0,7.0909098220799835,9.432397965051132,6.384474951387196,0.5,12,0
6958,6.193636507834572,1.0,0.0,0.0,0.0,5.796946000531619,0.0,0.0,1.3862943611198906,0.0,6.55250788703459,5.172198308853082,5.602502614380224,0.0,12,0
6959,7.637529204536297,1.0,0.0,0.0,0.0,4.693270931067449,0.0,0.0,0.6931471805599453,0.0,9.04793908261736,8.253016160459953,8.626942995518164,0.0,12,0
6968,6.117893635473674,0.444444,0.0,0.0,0.0,7.3685006777679645,0.0,0.0,1.9459101490553132,0.0,7.824445930877619,5.442748192703078,5.1938219488073,0.0,9,0
6976,5.239188114234112,1.0,0.0,0.0,0.0,6.714378681788055,0.0,0.0,1.791759469228055,0.0,8.412054873292933,6.802805283493819,4.582184272408059,0.166667,12,0
6995,8.10220361431387,1.0,0.0,0.0,0.0,7.657652761865854,0.0,0.0,1.791759469228055,0.0,8.294299608857235,6.515765910856408,6.544268022414056,0.0,12,0
7003,6.643542757339158,1.0,0.0,0.0,0.0,6.9996202116414326,0.0,0.0,0.6931471805599453,0.0,8.294299608857235,6.4069150531112244,5.197489739587472,0.0,12,0
7010,6.825563986335481,1.0,0.0,0.0,0.0,7.981779078605498,0.0,0.0,1.6094379124341003,0.0,8.412054873292933,6.898258659496398,7.061988515687197,0.272727,12,0
7011,8.503619413707261,1.0,0.0,0.0,0.0,5.942196311430576,0.0,0.0,2.70805020110221,0.0,8.517393171418904,6.935019860248035,7.762344016782734,0.0,12,0
7012,5.232487451920719,1.0,0.0,0.0,0.0,6.141483583438974,0.0,0.0,1.791759469228055,0.0,8.294299608857235,6.6387251995517245,5.262002569128896,0.0,12,0
7015,6.993066821321094,1.0,0.0,0.0,0.0,7.361119257032158,0.0,0.0,2.70805020110221,0.0,7.0909098220799835,7.531834688821682,5.841821321760795,0.090909,12,0
7021,5.411456082919227,1.0,0.0,0.0,0.0,7.321860171103142,0.0,0.0,2.70805020110221,0.0,7.313886831633462,7.52711526793278,5.091034645857036,0.166667,12,0
7024,7.151128346070516,1.0,0.0,0.0,0.0,7.147024863273423,0.0,0.0,1.791759469228055,0.0,7.824445930877619,6.150496645544655,6.176815828398072,0.0,12,0
7027,7.903236659384359,1.0,0.0,0.0,0.0,8.658932913738093,0.0,0.0,2.302585092994046,0.0,8.77971129020447,7.144688435161499,6.612703609636759,0.0,12,0
7033,7.328884371811703,1.0,0.0,0.0,0.0,5.610025425786037,0.0,0.0,1.3862943611198906,0.0,8.77971129020447,6.385397509903878,5.929171338036285,0.0,12,0
7034,7.020241810670163,1.0,0.0,0.0,0.0,4.3059637625631675,0.0,0.0,0.6931471805599453,0.0,7.0909098220799835,5.819470992414688,6.08696259108291,0.0,12,0
7040,8.046145406990165,1.0,0.0,0.0,0.0,8.720393980236588,0.0,0.0,2.5649493574615367,0.0,8.476579508530941,8.020260854101052,6.847000975319875,0.2,12,0
7042,6.913266671319072,0.857143,0.0,0.0,0.0,6.995572533165496,0.0,0.0,1.791759469228055,0.0,7.0909098220799835,4.196258766163842,7.389462025691308,0.0,7,0
7054,5.249460443900307,1.0,0.0,0.0,0.0,6.49796691756716,0.0,0.0,1.3862943611198906,0.0,6.2166061010848646,6.987808487215927,4.89332936710543,0.166667,12,0
7056,7.469447439477581,1.0,0.0,0.0,0.0,7.479560149865812,0.0,0.0,0.6931471805599453,0.0,8.006700845440367,6.757666928709703,5.985111021139831,0.0,12,0
7057,7.590715571941573,1.0,0.0,0.0,0.0,4.720601908361621,0.0,0.0,1.0986122886681098,0.0,8.77971129020447,6.012068972975799,6.278392793003905,0.0,12,0
7061,4.288229353610902,0.454545,0.0,0.0,0.0,5.249083455437492,0.0,0.0,0.6931471805599453,0.0,7.313886831633462,4.0775300370986285,5.148229962091788,0.0,12,0
7064,8.041261270603258,1.0,0.0,0.0,0.0,8.230573744577825,0.0,0.0,2.1972245773362196,0.0,8.412054873292933,6.101729871003799,6.355664213429351,0.0,7,0
7065,6.661064986316277,0.636364,0.0,0.0,0.0,7.225344970744335,0.0,0.0,1.3862943611198906,0.0,7.313886831633462,5.311374045918854,6.065683255094551,0.0,12,0
7066,2.115936307234731,0.3,0.0,0.0,0.0,5.622109304055654,0.0,0.0,1.791759469228055,0.0,7.824445930877619,6.931076261561911,1.6795934411065023,1.0,10,0
7070,5.8101780474575175,0.363636,0.0,0.0,0.0,7.809757086277794,0.0,0.0,1.791759469228055,0.0,7.824445930877619,8.929100256425937,5.576784640351503,0.5,12,0
7076,7.010145393162369,1.0,0.0,0.0,0.0,5.177177356929383,0.0,0.0,1.3862943611198906,0.0,7.0909098220799835,5.742974578425879,5.601851349688117,0.0,12,0
7077,7.935327678880854,1.0,3.863882630100211,3.863882630100211,0.0,7.261831411634235,0.083333,0.0,1.791759469228055,0.6931471805599453,8.006700845440367,7.262395602583978,7.492461622339085,0.0,12,0
7080,6.9905480832097115,0.9,0.0,0.0,0.0,7.758115719736037,0.0,0.0,2.9444389791664403,0.0,7.824445930877619,5.121046161232832,5.914689801117835,0.0,10,0
7095,5.109048654052723,0.333333,0.0,0.0,0.0,4.987459177377869,0.0,0.0,0.6931471805599453,0.0,7.0909098220799835,6.962436037578836,2.9907433997920645,0.0,6,0
7105,7.8887648567343795,1.0,0.0,0.0,0.0,7.902969175767941,0.0,0.0,1.0986122886681098,0.0,8.006700845440367,6.386809143499703,6.6954912727074465,0.0,12,0
7108,4.017598803910962,1.0,0.0,0.0,0.0,5.339414184100982,0.0,0.0,1.6094379124341003,0.0,8.006700845440367,5.627533602667414,5.088527524997379,0.25,12,0
7109,7.079703554683746,1.0,0.0,0.0,0.0,7.311638826415625,0.0,0.0,1.6094379124341003,0.0,7.313886831633462,7.484523043163609,5.710397205672227,0.090909,12,0
7112,6.823533349681503,1.0,0.0,0.0,0.0,6.7696283797451375,0.0,0.0,1.9459101490553132,0.0,7.0909098220799835,6.7823791586833995,7.570167443922714,0.0,12,0
7129,5.757602829668036,0.272727,0.0,0.0,0.0,7.995463049915535,0.0,0.0,1.791759469228055,0.0,8.006700845440367,8.967422961936974,5.452676321827314,0.5,12,0
7131,6.420417801264418,1.0,0.0,0.0,0.0,4.062379530831788,0.0,0.0,1.0986122886681098,0.0,6.55250788703459,5.489652730810504,5.5464357150250505,0.0,12,0
7132,9.107843756327894,1.0,0.0,0.0,0.0,7.919880561881268,0.0,0.0,1.0986122886681098,0.0,9.105090961257085,5.715329628917892,11.019163731385236,0.0,12,0
7133,8.227318104865889,1.0,0.0,0.0,0.0,8.010339745761422,0.0,0.0,1.791759469228055,0.0,9.210440366976517,8.706092121288926,7.212901195171446,0.083333,12,0
7135,1.944982290155921,0.545455,0.0,0.0,0.0,2.983250347415924,0.0,0.0,0.6931471805599453,0.0,6.2166061010848646,3.8558454233565915,4.608213839372239,0.25,12,0
7144,7.117485532079108,1.0,0.0,0.0,0.0,5.914212869841265,0.0,0.0,1.0986122886681098,0.0,7.438971592395862,5.705674773129589,5.536131425784747,0.0,12,0
7156,7.778801962200619,1.0,0.0,0.0,0.0,8.926651921855074,0.0,0.0,2.772588722239781,0.0,8.853808274977197,7.374148724349159,6.556910053451483,0.0,12,0
7160,5.357351076476163,0.454545,0.0,0.0,0.0,6.794790803022857,0.0,0.0,1.791759469228055,0.0,6.90875477931522,6.305798120202361,5.181962826356003,0.0,12,0
7165,6.43382962785365,0.727273,0.0,0.0,0.0,8.521080528720544,0.0,0.0,1.9459101490553132,0.0,7.601402334583733,8.13361131288472,5.155655192062595,0.1,12,0
7169,7.002512654199976,1.0,0.0,0.0,0.0,7.1689791750150995,0.0,0.0,1.6094379124341003,0.0,7.0909098220799835,7.307865034755154,5.804011368033853,0.090909,12,0
7170,6.690850399124713,1.0,0.0,0.0,0.0,5.589350496678943,0.0,0.0,0.6931471805599453,0.0,7.824445930877619,5.425883806034739,5.637548461873552,0.0,12,0
7181,7.393198618223732,1.0,0.0,0.0,0.0,5.868686936175197,0.0,0.0,2.4849066497880004,0.0,7.438971592395862,6.593997501842253,6.0418584127557455,0.0,12,0
7192,7.403571078026472,1.0,0.0,0.0,0.0,6.565226360839332,0.0,0.0,2.5649493574615367,0.0,7.550135342488429,6.204262872628279,6.306547744353673,0.0,12,0
7193,7.868661121511188,1.0,0.0,0.0,0.0,7.436398758157637,0.0,0.0,2.9444389791664403,0.0,8.006700845440367,6.56676209526278,6.598164477437963,0.0,12,0
7197,5.001065886349335,0.5,0.0,0.0,0.0,7.696745711329196,0.0,0.0,1.0986122886681098,0.0,7.0909098220799835,7.924780751816174,4.143534582946181,1.0,10,0
7198,7.954538324053538,1.0,0.0,0.0,0.0,8.24309666253698,0.0,0.0,2.833213344056216,0.0,8.294299608857235,8.491022273585921,6.983888786139787,0.083333,12,0
7200,7.138649424690443,1.0,0.0,0.0,0.0,8.378992638408025,0.0,0.0,3.091042453358316,0.0,8.006700845440367,8.349987585056057,5.914697861783539,0.166667,12,0
7202,8.07477035476054,1.0,0.0,0.0,0.0,8.404235140327886,0.0,0.0,3.828641396489095,0.0,8.77971129020447,8.843143686573187,6.88677546877796,0.083333,12,0
7203,5.719460732604961,0.545455,0.0,0.0,0.0,6.769055187044206,0.0,0.0,1.0986122886681098,0.0,6.90875477931522,5.887105224533499,5.357760627302787,0.0,12,0
7210,7.188275708226834,1.0,0.0,0.0,0.0,6.637652574673956,0.0,0.0,2.4849066497880004,0.0,7.313886831633462,6.943727760800939,5.748869058873534,0.0,11,0
7211,7.518861760420623,1.0,0.0,0.0,0.0,6.2436850797523125,0.0,0.0,2.3978952727983707,0.0,7.601402334583733,6.352774157618147,6.520737449217223,0.0,12,0
7218,7.478011012265788,1.0,0.0,0.0,0.0,5.6113772241229425,0.0,0.0,1.3862943611198906,0.0,7.601402334583733,6.2454308336027,6.076144431822208,0.0,12,0
7219,8.516498187556996,1.0,0.0,0.0,0.0,8.667082602118807,0.0,0.0,2.6390573296152584,0.0,8.699681400989514,6.989234916239233,7.27161299881243,0.0,12,0
7225,8.569930222923622,1.0,0.0,0.0,0.0,6.498816663225011,0.0,0.0,1.0986122886681098,0.0,8.77971129020447,7.175265374001373,7.148263190964366,0.0,12,0
7227,7.285082837111112,1.0,0.0,0.0,0.0,5.4711146023170825,0.0,0.0,2.0794415416798357,0.0,7.313886831633462,6.28667020564929,6.2336487707985535,0.0,12,0
7228,7.039567959967617,1.0,0.0,0.0,0.0,6.93847167309153,0.0,0.0,0.6931471805599453,0.0,7.0909098220799835,5.709853319729258,6.115199223230048,0.0,12,0
7231,8.253619698927148,1.0,0.0,0.0,0.0,8.623346473012091,0.0,0.0,3.044522437723423,0.0,8.612685172875459,8.435901087288565,6.808909880449305,0.0,12,0
7233,6.515953508887506,1.0,4.050392674692918,4.050392674692918,0.0,6.041084766686087,0.166667,0.0,2.6390573296152584,1.3862943611198906,6.68586094706836,6.06601766142123,5.960534837201789,0.0,12,0
7236,7.751080963714878,0.888889,0.0,0.0,0.0,8.466230437131129,0.0,0.0,1.0986122886681098,0.0,8.699681400989514,8.171471287613727,6.241077613337372,0.142857,9,0
7238,6.096589760584421,1.0,0.0,0.0,0.0,6.755329129131231,0.0,0.0,1.791759469228055,0.0,7.0909098220799835,5.619532974715932,5.064622324782931,0.0,9,0
7240,6.961692049007177,1.0,0.0,0.0,0.0,5.481043620607672,0.0,0.0,1.3862943611198906,0.0,7.0909098220799835,5.782244453636172,5.895251512602984,0.0,12,0
7247,7.0693232556675785,1.0,0.0,0.0,0.0,5.119494763270552,0.0,0.0,0.6931471805599453,0.0,7.824445930877619,5.538941954311449,5.653332547341661,0.0,12,0
7250,5.901884629695414,0.9,0.0,0.0,0.0,6.3208348352021515,0.0,0.0,1.6094379124341003,0.0,6.2166061010848646,5.392101091002868,5.041751071325202,0.0,10,0
7256,6.615762665482779,1.0,0.0,0.0,0.0,7.10894310162007,0.0,0.0,1.9459101490553132,0.0,8.517393171418904,7.064959972558315,5.4965399131923895,0.0,12,0
7258,7.761482291579989,1.0,0.0,0.0,0.0,7.3005885692154715,0.0,0.0,1.6094379124341003,0.0,8.006700845440367,6.350770977148114,6.609288482561384,0.0,12,0
7274,3.5772637767706583,1.0,0.0,0.0,0.0,2.9570239810908,0.0,0.0,0.6931471805599453,0.0,7.313886831633462,7.033493611188966,4.997195773627989,0.083333,12,0
7276,8.741545115713654,1.0,0.0,0.0,0.0,7.623999340605458,0.0,0.0,2.70805020110221,0.0,8.77971129020447,7.3618529477298384,7.666916440871475,0.0,12,0
7280,7.009793998579324,1.0,0.0,0.0,0.0,6.461893032964365,0.0,0.0,1.791759469228055,0.0,7.824445930877619,5.901639022297988,5.579179183844623,0.0,12,0
7288,7.135273755937891,1.0,0.0,0.0,0.0,5.578185271511699,0.0,0.0,0.6931471805599453,0.0,7.313886831633462,6.529747651350561,6.091062982822304,0.0,12,0
7291,8.191984659310148,1.0,0.0,0.0,0.0,7.934696775159954,0.0,0.0,2.1972245773362196,0.0,8.412054873292933,6.698862163663964,6.85180854252927,0.0,12,0
7296,7.243198430562643,1.0,0.0,0.0,0.0,6.768955709277812,0.0,0.0,1.0986122886681098,0.0,7.601402334583733,6.300412350629774,6.00840265401165,0.0,12,0
7297,7.078620605550412,1.0,0.0,0.0,0.0,7.4101726349323584,0.0,0.0,3.091042453358316,0.0,8.006700845440367,5.837550745889438,5.908088508805589,0.0,12,0
7302,6.520294704627261,0.75,0.0,0.0,0.0,7.216934669870714,0.0,0.0,1.0986122886681098,0.0,7.313886831633462,7.324454684724366,4.975438635165587,0.0,8,0
7314,2.6700241553828605,1.0,0.0,0.0,0.0,4.937420293381247,0.0,0.0,0.6931471805599453,0.0,7.313886831633462,5.023222936263866,2.99364269189809,0.142857,8,0
7323,6.271601822145912,0.909091,0.0,0.0,0.0,7.650687314081077,0.0,0.0,2.0794415416798357,0.0,8.006700845440367,7.244164095020879,5.126592913582727,0.333333,12,0
7324,7.384309042930642,1.0,0.0,0.0,0.0,4.921507781488348,0.0,0.0,1.0986122886681098,0.0,7.438971592395862,5.62985911469137,6.560184237055371,0.0,12,0
7326,6.9810358564392505,1.0,0.0,0.0,0.0,4.908145520579005,0.0,0.0,1.9459101490553132,0.0,7.0909098220799835,6.374924031103427,5.572683781569615,0.0,12,0
7327,3.244970420075162,0.363636,0.0,0.0,0.0,5.990786922572325,0.0,0.0,0.6931471805599453,0.0,6.2166061010848646,6.631155474718491,4.892236714031278,0.5,11,0
7329,6.6008631723361955,0.727273,0.0,0.0,0.0,6.062317597389076,0.0,0.0,1.791759469228055,0.0,7.0909098220799835,7.376070081086772,5.194318601065212,0.181818,12,0
7333,7.92367372576839,0.9,0.0,0.0,0.0,8.361701115886568,0.0,0.0,2.4849066497880004,0.0,8.922791623969637,6.906704830454216,6.6222074088329395,0.0,10,0
7335,8.312133576589053,1.0,0.0,0.0,0.0,7.341090916457173,0.0,0.0,1.3862943611198906,0.0,8.517393171418904,7.332976115901143,7.054759383910801,0.0,12,0
7338,6.519742808223105,1.0,0.0,0.0,0.0,7.04787504081054,0.0,0.0,2.1972245773362196,0.0,7.0909098220799835,4.851042025773115,4.843578578520538,0.0,6,0
7339,7.541727172120464,1.0,3.4861510875423187,0.0,3.4861510875423187,6.203300016381905,0.0,0.166667,2.70805020110221,1.0986122886681098,7.601402334583733,6.804688859871414,6.307782710433104,0.0,12,0
7343,4.994619740376042,0.363636,0.0,0.0,0.0,6.422322490885789,0.0,0.0,1.0986122886681098,0.0,7.0909098220799835,5.3843941540282465,5.159329583434253,0.0,12,0
7344,7.792687807643413,0.666667,0.0,0.0,0.0,8.305674361202918,0.0,0.0,2.0794415416798357,0.0,8.517393171418904,5.816308287151829,6.09383209906502,0.0,6,0
7363,6.097081830298204,1.0,3.2991646560970036,3.2991646560970036,0.0,6.473786795893081,0.083333,0.0,2.833213344056216,1.6094379124341003,7.0909098220799835,7.106496981770007,5.30704379527311,0.083333,12,0
7367,8.327644714268274,1.0,0.0,0.0,0.0,8.061281624990464,0.0,0.0,3.1354942159291497,0.0,8.412054873292933,7.21605268295536,7.269569807698616,0.0,12,0
7386,7.420871654172466,1.0,0.0,0.0,0.0,5.541309834283147,0.0,0.0,1.6094379124341003,0.0,7.496097345175956,6.350168946807548,6.204684895901047,0.0,12,0
7393,7.003655698197268,1.0,0.0,0.0,0.0,4.301918954056316,0.0,0.0,1.0986122886681098,0.0,7.0909098220799835,5.780057552178015,5.7373665883982365,0.0,12,0
7394,7.770676061080182,1.0,0.0,0.0,0.0,7.120257616070214,0.0,0.0,1.0986122886681098,0.0,8.160803920954665,8.140212362242575,6.0034383244613085,0.0,10,0
7396,7.769163102559343,1.0,0.0,0.0,0.0,7.166341783615239,0.0,0.0,2.8903717578961645,0.0,7.824445930877619,6.7062709637322655,6.902770651341853,0.0,12,0
7398,6.693876342035631,1.0,0.0,0.0,0.0,6.821809570329883,0.0,0.0,0.6931471805599453,0.0,8.006700845440367,6.22586616787178,5.557787983066949,0.0,12,0
7403,6.184373337912325,1.0,0.0,0.0,0.0,6.747333036956994,0.0,0.0,2.3978952727983707,0.0,6.90875477931522,6.383042052320074,5.223389909477484,0.0,12,0
7405,6.565934458553959,1.0,0.0,0.0,0.0,7.124347898118741,0.0,0.0,1.6094379124341003,0.0,6.90875477931522,7.126078993522082,6.001096394082226,0.083333,12,0
7410,6.889511968139905,1.0,0.0,0.0,0.0,6.470443963805568,0.0,0.0,1.791759469228055,0.0,7.0909098220799835,6.346793640045412,5.532843050920023,0.0,12,0
7420,7.27447503762713,0.909091,0.0,0.0,0.0,7.810224819913402,0.0,0.0,1.791759469228055,0.0,8.006700845440367,8.073271182559813,6.1783076890280455,0.0,12,0
7425,6.300446621554217,1.0,0.0,0.0,0.0,3.8389269488074693,0.0,0.0,0.6931471805599453,0.0,8.006700845440367,6.388470919098913,5.568823595085389,0.0,12,0
7426,3.637038667774752,0.181818,0.0,0.0,0.0,8.357756590893299,0.0,0.0,1.0986122886681098,0.0,7.824445930877619,10.003354521660965,5.160454721864575,0.0,12,0
7430,1.1059751164046767,0.181818,0.0,0.0,0.0,6.086602880329346,0.0,0.0,0.6931471805599453,0.0,7.0909098220799835,7.477827908227949,4.481066441673129,0.0,11,0
7437,6.895794636826585,1.0,0.0,0.0,0.0,7.039128126749028,0.0,0.0,1.0986122886681098,0.0,7.0909098220799835,4.945974646390428,5.451058543492652,0.0,7,0
7445,5.642305987814096,0.727273,0.0,0.0,0.0,5.692441511688919,0.0,0.0,1.3862943611198906,0.0,6.90875477931522,6.449637988879889,5.398008943091197,0.0,12,0
7450,0.13493291004000688,0.1,0.0,0.0,0.0,4.5853564744304816,0.0,0.0,1.0986122886681098,0.0,8.853808274977197,5.2334281545922945,2.957501346400895,0.0,10,0
7451,6.9215016403406,0.818182,0.0,0.0,0.0,6.674350017203659,0.0,0.0,2.4849066497880004,0.0,7.313886831633462,7.837020946738922,6.10660202636402,0.0,12,0
7457,6.99281739723409,1.0,0.0,0.0,0.0,7.354812614824782,0.0,0.0,1.0986122886681098,0.0,7.313886831633462,8.037507204826825,5.700483589312447,0.166667,12,0
7460,7.268504980707886,1.0,0.0,0.0,0.0,7.08317419141317,0.0,0.0,1.6094379124341003,0.0,7.601402334583733,6.901810085288588,5.9639001687552415,0.0,12,0
7464,6.024881167806974,0.545455,0.0,0.0,0.0,7.524678958696236,0.0,0.0,1.3862943611198906,0.0,7.824445930877619,8.277921527734346,5.9811733438644215,0.0,12,0
7467,6.8819870875391596,1.0,0.0,0.0,0.0,7.631690127777651,0.0,0.0,3.091042453358316,0.0,7.438971592395862,7.490233294573625,6.281154710120655,0.090909,11,0
7468,6.438764357574673,0.818182,0.0,0.0,0.0,6.858410337952477,0.0,0.0,2.1972245773362196,0.0,6.90875477931522,5.8023133865726235,5.6722467394698155,0.0,12,0
7469,6.87407916051517,1.0,0.6931471805599453,0.6931471805599453,0.0,6.331544727977971,0.083333,0.0,1.0986122886681098,0.6931471805599453,7.0909098220799835,6.624012833333038,5.571740330645503,0.0,12,0
7474,7.306281787923496,1.0,0.0,0.0,0.0,7.9759257009086575,0.0,0.0,3.2188758248682006,0.0,8.006700845440367,7.585490971287624,6.087149072745253,0.090909,11,0
7476,5.949682143625982,1.0,0.0,0.0,0.0,6.619780203609192,0.0,0.0,0.6931471805599453,0.0,7.0909098220799835,6.34142707032272,5.287785207565705,0.0,11,0
7478,7.148481348699032,0.909091,0.0,0.0,0.0,7.532055920740838,0.0,0.0,0.6931471805599453,0.0,8.294299608857235,7.649877099551943,5.906406667163555,0.0,11,0
7482,4.4641961713500375,0.636364,0.0,0.0,0.0,6.21479404513303,0.0,0.0,0.6931471805599453,0.0,6.398594934535208,7.33237962314099,4.996624932394018,0.285714,12,0
7487,8.609444947370392,1.0,0.0,0.0,0.0,8.50712410164951,0.0,0.0,2.772588722239781,0.0,9.105090961257085,7.2035365065517425,7.418832062005001,0.0,12,0
7488,6.925100056867038,1.0,4.186923743515194,4.186923743515194,0.0,6.902926184652681,0.142857,0.0,2.1972245773362196,0.6931471805599453,7.0909098220799835,4.324705445822094,5.6718441876181265,0.0,7,0
7495,7.0129046565518856,1.0,0.0,0.0,0.0,6.471795519977649,0.0,0.0,2.0794415416798357,0.0,7.0909098220799835,6.1695597688497354,5.724008293439982,0.0,12,0
7500,7.40557082025353,1.0,0.0,0.0,0.0,6.722788787029001,0.0,0.0,1.3862943611198906,0.0,7.824445930877619,5.811484263393986,5.867579526840408,0.0,12,0
7520,6.188613877106592,0.545455,0.0,0.0,0.0,7.310176806093062,0.0,0.0,0.6931471805599453,0.0,7.313886831633462,7.98841385665442,4.796134858215174,0.181818,12,0
7525,7.012104451905259,1.0,0.0,0.0,0.0,4.3316666940498445,0.0,0.0,0.6931471805599453,0.0,7.313886831633462,7.433177126096397,5.649164896041175,0.083333,12,0
7528,7.656166257786397,1.0,0.0,0.0,0.0,6.373217714401649,0.0,0.0,1.791759469228055,0.0,8.160803920954665,6.293583429883129,6.616241440014006,0.0,12,0
7531,6.739363182034181,1.0,0.0,0.0,0.0,7.026630052697816,0.0,0.0,1.3862943611198906,0.0,7.824445930877619,6.285261495539701,5.473235653306979,0.0,12,0
7534,7.9829566409245265,1.0,0.0,0.0,0.0,7.185596676933272,0.0,0.0,2.4849066497880004,0.0,8.006700845440367,7.0512958282048075,8.138561297711325,0.0,10,0
7537,1.8098207119127252,0.181818,0.0,0.0,0.0,4.381909115268747,0.0,0.0,0.6931471805599453,0.0,6.90875477931522,4.369254428698559,2.7625747493615025,0.1,12,0
7538,7.899914887649864,1.0,0.0,0.0,0.0,8.039783854203852,0.0,0.0,2.772588722239781,0.0,8.006700845440367,6.70478970485466,6.920539554773744,0.0,12,0
7539,7.373438952516214,1.0,3.8426729272933526,3.8426729272933526,0.0,7.290340191695846,0.083333,0.0,0.6931471805599453,0.6931471805599453,8.517393171418904,6.2739006937203685,6.054297232885356,0.0,12,0
7541,6.968873020606776,1.0,0.0,0.0,0.0,5.999774248210398,0.0,0.0,1.3862943611198906,0.0,7.0909098220799835,6.370813631306374,5.59277251609004,0.0,10,0
7546,7.259226149489987,1.0,0.0,0.0,0.0,6.10236559164965,0.0,0.0,1.791759469228055,0.0,7.313886831633462,6.496114971516476,6.651390797764965,0.0,12,0
7550,7.830021564023529,1.0,0.0,0.0,0.0,8.72274699612517,0.0,0.0,1.6094379124341003,0.0,8.699681400989514,6.330543978469914,6.610593992404273,0.0,12,0
7552,4.979737743130399,0.181818,0.0,0.0,0.0,6.852129996119589,0.0,0.0,0.6931471805599453,0.0,6.90875477931522,6.2971767891127195,5.904722262091678,0.0,12,0
7560,7.6328478775685715,0.666667,0.0,0.0,0.0,8.258260196185608,0.0,0.0,1.0986122886681098,0.0,8.294299608857235,8.647817006079766,6.373051847540406,0.0,6,0
7562,5.855993623379863,1.0,0.0,0.0,0.0,5.1881573014575535,0.0,0.0,1.0986122886681098,0.0,6.2166061010848646,4.968014300402486,5.28022257886322,0.0,11,0
7582,7.324784708489087,1.0,0.0,0.0,0.0,7.944106127372897,0.0,0.0,0.6931471805599453,0.0,8.699681400989514,8.333976195676465,5.699156283650203,0.285714,7,0
7583,8.124346501154431,1.0,0.0,0.0,0.0,7.052716525000635,0.0,0.0,2.0794415416798357,0.0,8.294299608857235,6.81807249623613,7.158560711413298,0.0,12,0
7584,7.531557166497663,1.0,0.0,0.0,0.0,7.644149726390409,0.0,0.0,1.3862943611198906,0.0,7.824445930877619,7.904959734654355,6.134124078718158,0.083333,12,0
7585,7.789338467007892,1.0,0.0,0.0,0.0,6.809821773566091,0.0,0.0,1.791759469228055,0.0,7.824445930877619,6.442367675477834,6.648619145189659,0.0,12,0
7591,7.3901825689665195,0.363636,0.0,0.0,0.0,8.495723136046207,0.0,0.0,1.3862943611198906,0.0,8.517393171418904,5.912565201172228,6.003599596161097,0.0,11,0
7592,5.2890731905088595,1.0,0.0,0.0,0.0,5.863698519921327,0.0,0.0,1.0986122886681098,0.0,6.90875477931522,5.925726063636829,4.682479462779441,0.0,8,0
7593,6.862357893723793,1.0,0.0,0.0,0.0,6.696472924722134,0.0,0.0,1.6094379124341003,0.0,7.601402334583733,5.436492481012249,5.989859847766417,0.0,12,0
7599,6.598646077805952,0.714286,0.0,0.0,0.0,7.370893086070382,0.0,0.0,1.6094379124341003,0.0,7.313886831633462,6.36827442439763,5.304539543592814,0.0,7,0
7600,7.056708802960806,0.909091,0.0,0.0,0.0,4.313478258134412,0.0,0.0,0.6931471805599453,0.0,7.0909098220799835,5.2677045544832435,5.9724611687772375,0.0,11,0
7601,7.5065552052261655,1.0,0.0,0.0,0.0,7.357436246649802,0.0,0.0,2.4849066497880004,0.0,7.601402334583733,6.692813530736977,7.921399106123442,0.0,12,0
7603,7.506835968386316,1.0,0.0,0.0,0.0,5.2899573739862875,0.0,0.0,1.6094379124341003,0.0,7.824445930877619,6.352456336049334,6.154378720111751,0.0,12,0
7608,7.910286036164022,1.0,3.912023005428146,3.912023005428146,0.0,5.2515190964896865,0.083333,0.0,0.6931471805599453,0.6931471805599453,8.006700845440367,6.327378093762444,7.0612465594534175,0.0,12,0
7612,6.41231137927953,1.0,0.0,0.0,0.0,3.3360383302577175,0.0,0.0,0.6931471805599453,0.0,7.438971592395862,5.3276361642626435,5.371275936248914,0.0,12,0
7621,8.607433558318961,0.777778,0.0,0.0,0.0,9.037533196092333,0.0,0.0,2.3978952727983707,0.0,9.105090961257085,7.156531183825999,7.2463450192521,0.0,9,0
7622,6.530970796854895,1.0,0.0,0.0,0.0,4.716671202124848,0.0,0.0,1.6094379124341003,0.0,6.55250788703459,5.73345542248645,5.814950684959758,0.0,12,0
7623,6.149406477482533,1.0,0.0,0.0,0.0,6.845425705123127,0.0,0.0,1.9459101490553132,0.0,6.68586094706836,6.3681782600670855,5.372496054415629,0.0,12,0
7624,6.583968999064393,0.909091,0.0,0.0,0.0,7.213537797016916,0.0,0.0,1.791759469228055,0.0,7.313886831633462,5.379242152768189,5.615043861397915,0.0,12,0
7626,5.621271606077925,0.909091,0.0,0.0,0.0,6.4152430696098754,0.0,0.0,1.791759469228055,0.0,6.55250788703459,7.079384573393114,5.250273796607761,0.090909,12,0
7631,8.125226443938063,1.0,0.0,0.0,0.0,7.124928969283449,0.0,0.0,1.0986122886681098,0.0,8.517393171418904,6.936528615544712,6.58700100464215,0.0,12,0
7633,6.224810815245124,0.909091,0.0,0.0,0.0,2.9466873969481004,0.0,0.0,0.6931471805599453,0.0,7.0909098220799835,7.233344942483074,5.934384965454813,0.1,12,0
7635,7.7105141570079585,1.0,0.0,0.0,0.0,7.7809148213630595,0.0,0.0,1.6094379124341003,0.0,7.824445930877619,6.130644907353556,6.149030985868557,0.0,12,0
7637,7.916451706180872,1.0,0.0,0.0,0.0,3.630751408568362,0.0,0.0,1.0986122886681098,0.0,8.006700845440367,6.297693747649488,8.463786348636969,0.0,12,0
7642,7.347842568183554,1.0,0.0,0.0,0.0,6.525404807407413,0.0,0.0,1.0986122886681098,0.0,7.496097345175956,6.260510365198634,6.393571280516879,0.0,12,0
7645,8.865335832746153,1.0,0.0,0.0,0.0,10.173325723041142,0.0,0.0,4.248495242049359,0.0,9.105090961257085,9.91305700393323,7.563728795513347,0.222222,11,0
7648,6.719013661631508,1.0,0.0,0.0,0.0,6.873709233074564,0.0,0.0,3.044522437723423,0.0,6.90875477931522,5.812463420578954,5.792872811887416,0.0,12,0
7649,8.15958519145895,1.0,0.0,0.0,0.0,9.14997440465579,0.0,0.0,2.1972245773362196,0.0,8.517393171418904,9.206521343561718,6.790514895188595,0.083333,12,0
7667,7.7174459005517155,1.0,0.0,0.0,0.0,7.848736302663482,0.0,0.0,1.6094379124341003,0.0,8.412054873292933,6.077475029828348,5.803005365570729,0.0,7,0
7668,8.130380120399728,1.0,0.0,0.0,0.0,9.112964144664787,0.0,0.0,1.791759469228055,0.0,9.105090961257085,9.157445888263657,6.8843132613717755,0.166667,12,0
7669,2.8811588378665696,0.454545,2.772588722239781,2.772588722239781,0.0,5.3472284234096525,0.090909,0.0,0.6931471805599453,0.6931471805599453,8.922791623969637,6.066602169882378,4.476879721390713,0.0,11,0
7674,7.384914264995252,1.0,0.0,0.0,0.0,6.700105073529748,0.0,0.0,1.3862943611198906,0.0,7.601402334583733,5.951752199722394,5.895582870530481,0.0,12,0
7675,6.107971615731219,1.0,0.0,0.0,0.0,7.055428223223358,0.0,0.0,1.3862943611198906,0.0,7.244941546337007,7.579194205171434,5.229050693295088,0.083333,12,0
7681,7.0008058250086265,0.833333,0.0,0.0,0.0,7.787170595836061,0.0,0.0,1.9459101490553132,0.0,7.601402334583733,6.713856793806243,5.147780749786923,0.0,6,0
7683,7.482616630756415,1.0,0.0,0.0,0.0,7.802057126825521,0.0,0.0,2.70805020110221,0.0,7.824445930877619,5.993618725199388,6.472485332748082,0.0,12,0
7684,8.777061766085202,1.0,0.0,0.0,0.0,6.562317773568776,0.0,0.0,1.0986122886681098,0.0,8.922791623969637,8.440656177743756,7.799880599121125,0.0,12,0
7685,8.011772816271048,1.0,0.0,0.0,0.0,8.458723279232299,0.0,0.0,2.4849066497880004,0.0,8.699681400989514,7.712405520481992,6.58037647588539,0.0,12,0
7686,7.909684998717285,1.0,0.0,0.0,0.0,7.988827830525756,0.0,0.0,0.6931471805599453,0.0,8.006700845440367,6.613002264907705,6.701467496405024,0.0,12,0
7695,6.895786643762298,1.0,4.212127597878484,4.212127597878484,0.0,6.648090496332777,0.083333,0.0,0.6931471805599453,0.6931471805599453,7.824445930877619,5.655868544481611,5.453725415555251,0.0,12,0
7696,5.594369849168,0.909091,3.4339872044851463,3.4339872044851463,0.0,4.775583073552067,0.090909,0.0,1.791759469228055,0.6931471805599453,5.707110264748875,5.29672653184124,5.180904540480626,0.0,11,0
7699,6.146038101796775,0.909091,0.0,0.0,0.0,6.798916385219757,0.0,0.0,2.995732273553991,0.0,6.90875477931522,6.468311738484425,5.838808146123132,0.0,12,0
7709,7.219566860145201,1.0,0.0,0.0,0.0,7.030714062649877,0.0,0.0,1.9459101490553132,0.0,7.313886831633462,5.9033781324723975,5.869906060898931,0.0,12,0
7710,7.852941683373001,1.0,0.0,0.0,0.0,8.185060201472053,0.0,0.0,1.9459101490553132,0.0,8.006700845440367,7.219148246199437,6.3768918679720334,0.0,12,0
7712,6.23277031234832,1.0,4.060443010546419,4.060443010546419,0.0,5.890893706510192,0.166667,0.0,2.1972245773362196,1.0986122886681098,6.398594934535208,6.358511993663931,6.21329242530376,0.0,12,0
7714,5.934887640042544,1.0,0.0,0.0,0.0,6.834752400295331,0.0,0.0,1.3862943611198906,0.0,6.90875477931522,6.917054666334379,5.601476596247418,0.0,12,0
7719,6.501156900465571,1.0,0.0,0.0,0.0,7.056086985374606,0.0,0.0,1.0986122886681098,0.0,7.496097345175956,7.589966264259236,5.364413542660965,0.0,12,0
7723,6.0606223306628575,0.888889,0.0,0.0,0.0,7.8495989923451255,0.0,0.0,4.143134726391533,0.0,7.0909098220799835,7.956815680343393,4.997053761201663,0.5,9,0
7724,7.022048650615338,1.0,0.0,0.0,0.0,7.106107935776465,0.0,0.0,2.0794415416798357,0.0,7.824445930877619,5.706412140718322,5.771856205195833,0.0,12,0
7726,6.7632039619903335,0.9,0.0,0.0,0.0,7.5578659810068824,0.0,0.0,0.6931471805599453,0.0,7.824445930877619,7.736942423506327,5.1875444692307076,0.142857,10,0
7728,6.253626316074643,1.0,0.0,0.0,0.0,7.681144703306969,0.0,0.0,1.3862943611198906,0.0,7.0909098220799835,7.216855895227624,5.188823827258084,0.5,6,0
7731,6.108822001106226,0.909091,0.0,0.0,0.0,6.504374940730347,0.0,0.0,0.6931471805599453,0.0,8.294299608857235,6.480563813595237,5.263418892248018,0.0,12,0
7737,7.3152184875573605,1.0,0.0,0.0,0.0,3.6801540482337582,0.0,0.0,1.0986122886681098,0.0,7.313886831633462,5.628398602734591,6.655580303250749,0.0,12,0
7741,5.839946852098619,1.0,3.044522437723423,3.044522437723423,0.0,5.004448455015295,0.083333,0.0,1.3862943611198906,0.6931471805599453,6.2166061010848646,6.232172691815211,5.294516783473038,0.0,12,0
7746,7.697746211005858,1.0,0.0,0.0,0.0,7.440091085459054,0.0,0.0,2.4849066497880004,0.0,8.699681400989514,6.241782283022696,6.305727282806572,0.0,12,0
7750,6.18140692280524,1.0,0.0,0.0,0.0,2.9945745536548523,0.0,0.0,0.6931471805599453,0.0,6.2166061010848646,4.895296838018935,5.590454857615294,0.0,12,0
7755,6.584591580988285,1.0,0.0,0.0,0.0,5.985236933212412,0.0,0.0,1.0986122886681098,0.0,7.824445930877619,5.2367531644017165,5.7884483222077225,0.0,12,0
7756,7.516196752632965,1.0,0.0,0.0,0.0,7.144054279069077,0.0,0.0,1.791759469228055,0.0,7.824445930877619,6.571057213263453,6.168170331595249,0.0,12,0
7767,7.207182003954443,1.0,0.0,0.0,0.0,7.21905652101727,0.0,0.0,1.9459101490553132,0.0,8.160803920954665,6.582104023592981,5.923194946140694,0.0,12,0
7772,7.472182293241356,0.833333,0.0,0.0,0.0,7.786970157861035,0.0,0.0,1.9459101490553132,0.0,7.824445930877619,5.171141909246946,6.112833879862045,0.0,6,0
7773,6.971174794266124,1.0,0.0,0.0,0.0,6.80868856794112,0.0,0.0,1.9459101490553132,0.0,7.0909098220799835,7.479131662636838,6.019571825524555,0.0,12,0
7774,7.2595779334823565,0.875,0.0,0.0,0.0,7.481425823616541,0.0,0.0,1.6094379124341003,0.0,7.824445930877619,5.760368098927966,5.845463756529005,0.0,8,0
7776,6.968446595045049,1.0,0.0,0.0,0.0,6.266116002379461,0.0,0.0,1.0986122886681098,0.0,7.824445930877619,6.035995422418885,5.465211886173687,0.0,12,0
7779,7.46606439931344,1.0,0.0,0.0,0.0,4.742086875772656,0.0,0.0,1.0986122886681098,0.0,7.496097345175956,5.8739105730274925,6.629432708092789,0.0,12,0
7783,6.942478166102832,1.0,0.0,0.0,0.0,5.635989793367056,0.0,0.0,1.9459101490553132,0.0,6.90875477931522,6.573336487797995,6.494752063094931,0.0,12,0
7798,6.881004810357715,1.0,0.0,0.0,0.0,6.69031205737365,0.0,0.0,1.0986122886681098,0.0,7.0909098220799835,6.623412371973614,5.444858569028342,0.0,12,0
7805,7.106642488705941,1.0,0.0,0.0,0.0,6.833960959326635,0.0,0.0,2.772588722239781,0.0,7.824445930877619,5.562096648636487,5.718723473298299,0.0,12,0
7812,7.39721287977521,1.0,3.804215052793841,3.804215052793841,0.0,6.283837727213254,0.083333,0.0,1.3862943611198906,0.6931471805599453,8.699681400989514,8.096434521495413,6.286891540704537,0.0,12,0
7814,6.660033605023332,0.454545,0.0,0.0,0.0,7.922306937648854,0.0,0.0,1.6094379124341003,0.0,8.699681400989514,9.13870677272767,6.246834328262941,0.2,12,0
7828,6.4714277970771015,1.0,0.0,0.0,0.0,6.835421208687615,0.0,0.0,1.6094379124341003,0.0,6.90875477931522,5.267928074144985,5.741253927976977,0.0,12,0
7830,7.308948939432847,0.777778,0.0,0.0,0.0,7.767507735043944,0.0,0.0,2.8903717578961645,0.0,7.824445930877619,6.299540741006429,6.173776755941578,0.0,9,0
7836,6.143280909535106,1.0,0.0,0.0,0.0,6.221753945930191,0.0,0.0,2.5649493574615367,0.0,6.2166061010848646,6.505083861384111,5.25555846618616,0.0,12,0
7849,6.996657546444375,1.0,0.0,0.0,0.0,4.3611792553142745,0.0,0.0,0.6931471805599453,0.0,7.0909098220799835,5.562629306141256,6.253695641170227,0.0,12,0
7856,6.863373755808095,1.0,0.0,0.0,0.0,4.0085501716767,0.0,0.0,1.0986122886681098,0.0,6.90875477931522,5.285952809494596,5.632506330628137,0.0,12,0
7858,5.389091893996764,1.0,0.0,0.0,0.0,5.612639936157479,0.0,0.0,1.0986122886681098,0.0,6.2166061010848646,5.232549241757644,5.183824763351324,0.0,12,0
7859,5.798921897458136,0.714286,0.0,0.0,0.0,6.616482670931993,0.0,0.0,1.0986122886681098,0.0,7.313886831633462,6.213179196027237,4.64749919798686,0.0,7,0
7860,6.4116222468570285,0.909091,0.0,0.0,0.0,7.726429132587488,0.0,0.0,1.3862943611198906,0.0,7.0909098220799835,7.775031441149821,5.706822961022641,0.090909,12,0
7861,6.381496000046952,1.0,0.0,0.0,0.0,8.388983920856065,0.0,0.0,2.6390573296152584,0.0,7.601402334583733,7.903563335247891,6.678642621698825,0.2,12,0
7863,8.46599150020141,0.909091,0.0,0.0,0.0,8.679909943405853,0.0,0.0,2.9444389791664403,0.0,9.105090961257085,7.521473720101471,6.921705886169188,0.0,11,0
7870,8.56859818384533,1.0,0.0,0.0,0.0,8.323247962087109,0.0,0.0,2.5649493574615367,0.0,8.77971129020447,7.111408281578582,7.10292541972902,0.0,12,0
7874,7.211671387257392,1.0,3.9318256327243257,3.9318256327243257,0.0,6.443544357958983,0.083333,0.0,2.1972245773362196,0.6931471805599453,8.006700845440367,6.1826080074788745,6.486203038051583,0.0,12,0
7891,7.196695665175018,1.0,0.0,0.0,0.0,5.032743620700786,0.0,0.0,0.6931471805599453,0.0,7.313886831633462,5.746296266080695,5.623040335771005,0.0,12,0
7894,7.457392039344073,1.0,0.0,0.0,0.0,8.46261907786444,0.0,0.0,1.6094379124341003,0.0,7.824445930877619,8.509735347100134,6.193460540792535,0.166667,12,0
7897,6.926559563982798,1.0,0.0,0.0,0.0,7.717844111111905,0.0,0.0,2.70805020110221,0.0,7.0909098220799835,7.367618055651594,6.069487850232903,0.0,12,0
7901,8.064325712083383,0.875,0.0,0.0,0.0,8.46714771397068,0.0,0.0,2.3978952727983707,0.0,8.517393171418904,6.260585776018393,6.47292580197904,0.0,8,0
7906,2.241162352765827,0.857143,0.0,0.0,0.0,4.892352030846909,0.0,0.0,1.3862943611198906,0.0,7.824445930877619,5.3368261243982,3.235578515065489,0.25,7,0
7909,6.00683242158465,1.0,0.0,0.0,0.0,5.683910069925632,0.0,0.0,0.6931471805599453,0.0,7.313886831633462,7.318201436374627,5.494978345649548,0.083333,12,0
7918,6.846932070448665,1.0,0.0,0.0,0.0,4.0508064344326025,0.0,0.0,1.0986122886681098,0.0,6.90875477931522,5.374159036051063,5.223980835969136,0.0,12,0
7924,8.10882612409456,1.0,0.0,0.0,0.0,8.077992095822436,0.0,0.0,1.9459101490553132,0.0,8.853808274977197,6.649943976933252,6.626096028868638,0.0,12,0
7936,7.196126835934841,1.0,0.0,0.0,0.0,6.013980966677795,0.0,0.0,2.3978952727983707,0.0,8.294299608857235,6.4433683680005975,5.789132290072174,0.0,11,0
7956,2.804768843103269,0.454545,0.0,0.0,0.0,5.881048616010734,0.0,0.0,2.5649493574615367,0.0,6.2166061010848646,5.366694144955282,4.273849071527724,0.090909,12,0
7957,7.576344628343291,1.0,0.0,0.0,0.0,7.88650987575713,0.0,0.0,2.1972245773362196,0.0,7.824445930877619,8.07548584131846,6.219404443546914,0.083333,12,0
7958,7.466509226496916,1.0,0.0,0.0,0.0,7.479229413408634,0.0,0.0,1.3862943611198906,0.0,8.006700845440367,6.113013310171086,6.403515598535784,0.0,12,0
7960,6.94723273994211,0.909091,0.0,0.0,0.0,8.06266262933488,0.0,0.0,1.3862943611198906,0.0,8.160803920954665,8.564321551744696,6.125431961848545,0.090909,12,0
7966,6.839538620449664,1.0,0.0,0.0,0.0,6.454596625922831,0.0,0.0,2.3978952727983707,0.0,6.90875477931522,6.719346229344419,5.705542425034581,0.0,12,0
7967,2.3275286984733103,0.454545,0.0,0.0,0.0,6.850770862944869,0.0,0.0,0.6931471805599453,0.0,7.0909098220799835,6.857352378602481,3.81777260985408,0.0,12,0
7982,7.104722999341246,0.727273,0.0,0.0,0.0,7.973601666396688,0.0,0.0,1.0986122886681098,0.0,8.006700845440367,7.760807190022249,6.031553119139704,0.125,12,0
7985,7.091690484810585,0.833333,0.0,0.0,0.0,7.591941238468515,0.0,0.0,1.6094379124341003,0.0,7.601402334583733,5.031132849808381,5.3038334300582575,0.0,6,0
7995,7.586163253146685,1.0,0.0,0.0,0.0,7.788146294938063,0.0,0.0,3.5263605246161616,0.0,7.824445930877619,5.681684806367031,6.6047758401681245,0.0,9,0
7997,6.728201480010328,1.0,0.0,0.0,0.0,5.4842806674682,0.0,0.0,1.791759469228055,0.0,6.90875477931522,6.950818748319722,6.088040716118782,0.0,12,0
8002,6.026086273229116,0.636364,0.0,0.0,0.0,7.019442228091747,0.0,0.0,1.6094379124341003,0.0,7.0909098220799835,5.560264305485803,5.11610694357849,0.0,12,0
8032,2.931996203699585,0.636364,0.0,0.0,0.0,4.731596806888155,0.0,0.0,0.6931471805599453,0.0,7.696667081526462,5.3036126666666865,5.098045612609244,0.25,12,0
8034,7.229194066746319,1.0,0.0,0.0,0.0,5.267844715673997,0.0,0.0,0.6931471805599453,0.0,7.824445930877619,7.891642132889388,6.5168989185934665,0.083333,12,0
8036,6.078767291437692,1.0,0.0,0.0,0.0,4.087079317463327,0.0,0.0,1.0986122886681098,0.0,6.2166061010848646,5.3987780551353,5.726303948289359,0.0,12,0
8041,7.984938897242222,1.0,0.0,0.0,0.0,5.842657722584728,0.0,0.0,2.3978952727983707,0.0,8.006700845440367,6.857172505798812,7.909977868074068,0.0,12,0
8046,7.913032180192664,0.833333,0.0,0.0,0.0,8.652764311855881,0.0,0.0,1.6094379124341003,0.0,8.987321812850125,6.355989290843234,6.29656240981654,0.0,6,0
8048,5.08356264911957,1.0,0.0,0.0,0.0,3.636087168378959,0.0,0.0,0.6931471805599453,0.0,6.2166061010848646,6.0127077906298885,5.393637473575814,0.0,12,0
8049,6.650289793678464,1.0,0.0,0.0,0.0,7.265133450698245,0.0,0.0,1.3862943611198906,0.0,7.313886831633462,6.889882613171607,5.577441197752632,0.083333,12,0
8053,7.187389529664595,1.0,0.0,0.0,0.0,4.53174567714318,0.0,0.0,0.6931471805599453,0.0,7.313886831633462,5.763258722834158,6.2992641641760425,0.0,12,0
8064,6.840469845065105,1.0,0.0,0.0,0.0,6.348647520977653,0.0,0.0,2.995732273553991,0.0,7.601402334583733,6.215094086310945,5.884566508400471,0.0,12,0
8069,6.910187843895583,1.0,0.0,0.0,0.0,7.002421164000418,0.0,0.0,1.6094379124341003,0.0,7.0909098220799835,5.16803602962333,5.718932415890605,0.0,7,0
8072,6.056428090410835,1.0,0.0,0.0,0.0,6.549442232657428,0.0,0.0,2.4849066497880004,0.0,6.2166061010848646,5.7949241692948785,5.343747014311516,0.0,12,0
8075,5.836971733759725,0.454545,0.0,0.0,0.0,7.857574290888114,0.0,0.0,3.2188758248682006,0.0,8.006700845440367,7.561581569571271,5.253473608065935,0.333333,12,0
8076,7.632936938454997,1.0,0.0,0.0,0.0,7.312263483403968,0.0,0.0,1.6094379124341003,0.0,8.006700845440367,6.30060661530883,6.474675083084996,0.0,12,0
8085,7.59568640806713,1.0,0.0,0.0,0.0,3.930107687312548,0.0,0.0,0.6931471805599453,0.0,7.601402334583733,6.186437254141209,6.741886102492474,0.0,12,0
8086,6.865150319883113,0.818182,4.214495163352562,0.0,4.214495163352562,7.837048211893746,0.0,0.083333,2.5649493574615367,1.0986122886681098,8.006700845440367,5.284031731027127,5.870297672094443,0.0,12,0
8088,7.228555796786868,1.0,0.0,0.0,0.0,6.9716320055569865,0.0,0.0,1.6094379124341003,0.0,7.824445930877619,5.843432187545461,6.061770776429505,0.0,12,0
8098,7.041329019959956,1.0,2.2407096892759584,2.2407096892759584,0.0,4.0167329054815335,1.0,0.0,1.0986122886681098,2.5649493574615367,7.0909098220799835,5.673781450849112,6.2490318456633664,0.0,12,0
8101,7.984493699074032,0.875,0.0,0.0,0.0,7.905093588494235,0.0,0.0,1.0986122886681098,0.0,8.006700845440367,6.062546260112338,6.544989737811458,0.0,8,0
8111,7.213016711307517,0.727273,3.959097412814075,0.0,3.959097412814075,8.075547346779988,0.0,0.083333,2.0794415416798357,0.6931471805599453,8.160803920954665,5.955473914822157,6.485950280508256,0.0,12,0
8119,8.095593273009797,1.0,0.0,0.0,0.0,8.39673850465116,0.0,0.0,1.3862943611198906,0.0,8.412054873292933,8.245672261349972,7.093390140714023,0.083333,12,0
8120,7.213610058484426,1.0,0.0,0.0,0.0,7.242956643387248,0.0,0.0,3.1780538303479458,0.0,7.824445930877619,6.136869182980278,6.254726222243576,0.0,12,0
8121,7.17228111403328,1.0,0.0,0.0,0.0,4.632462985891268,0.0,0.0,0.6931471805599453,0.0,7.244941546337007,5.997421268066589,6.03971617581703,0.0,12,0
8122,7.527773158026293,1.0,0.0,0.0,0.0,6.914027623635752,0.0,0.0,2.6390573296152584,0.0,7.824445930877619,5.668022998106495,6.703707628576147,0.0,12,0
8131,7.452827943635538,1.0,0.0,0.0,0.0,6.951064734324946,0.0,0.0,1.791759469228055,0.0,7.696667081526462,6.0620275975518325,6.355761748444591,0.0,12,0
8138,7.135854434979003,0.875,0.0,0.0,0.0,8.25167357405459,0.0,0.0,2.1972245773362196,0.0,7.601402334583733,7.935321986867813,6.83744592524114,0.0,8,0
8139,7.423258028921132,0.833333,0.0,0.0,0.0,7.7272548372818814,0.0,0.0,1.6094379124341003,0.0,7.824445930877619,5.8140585232623625,5.768592743242089,0.0,6,0
8140,8.131612793705932,1.0,0.0,0.0,0.0,7.878885778267516,0.0,0.0,2.1972245773362196,0.0,8.853808274977197,6.637991979440857,6.556828090716714,0.0,12,0
8142,5.426299155443517,0.363636,0.0,0.0,0.0,6.671064959392163,0.0,0.0,1.3862943611198906,0.0,7.0909098220799835,5.224138095698777,5.386752343488232,0.0,12,0
8143,7.0737892799213835,1.0,0.0,0.0,0.0,4.312540949810078,0.0,0.0,0.6931471805599453,0.0,7.0909098220799835,5.86774084432937,5.644313396816588,0.0,12,0
8145,7.42196668032893,0.9,0.0,0.0,0.0,6.8789697505273395,0.0,0.0,2.3978952727983707,0.0,7.601402334583733,6.0814875196878,6.162469004341641,0.0,10,0
8147,7.817923136660935,0.9,0.0,0.0,0.0,7.981010887115557,0.0,0.0,0.6931471805599453,0.0,8.160803920954665,5.747713739182731,7.038062159325231,0.0,10,0
8151,8.88408318997759,1.0,0.0,0.0,0.0,8.892434979130234,0.0,0.0,0.6931471805599453,0.0,8.922791623969637,6.697255449125564,7.402596706010072,0.0,6,0
8158,1.2998016677724586,0.333333,0.0,0.0,0.0,4.530979504260181,0.0,0.0,1.0986122886681098,0.0,7.0909098220799835,5.66788866388756,3.8351266909971993,1.0,9,0
8160,6.255894463185894,0.727273,0.0,0.0,0.0,7.700969732777607,0.0,0.0,3.1354942159291497,0.0,7.601402334583733,8.091780051619187,5.235731087877787,0.285714,12,0
8170,3.871128820802248,0.272727,0.0,0.0,0.0,7.771354415090355,0.0,0.0,1.0986122886681098,0.0,8.160803920954665,8.644842521831599,4.425784168280064,0.0,12,0
8180,6.638866279954026,0.9,0.0,0.0,0.0,7.575108591079496,0.0,0.0,3.8918202981106265,0.0,7.0909098220799835,7.110488098894338,5.578810105059357,0.125,10,0
8187,7.512528888642005,1.0,0.0,0.0,0.0,6.750616922323243,0.0,0.0,1.9459101490553132,0.0,7.601402334583733,5.951769552701126,5.962362233059847,0.0,11,0
8188,6.651116631739985,0.875,0.0,0.0,0.0,6.878708599183506,0.0,0.0,0.6931471805599453,0.0,7.824445930877619,4.84310111905663,5.3471213639551225,0.0,8,0
8193,6.964126122770193,1.0,0.0,0.0,0.0,7.236497210782091,0.0,0.0,2.3978952727983707,0.0,7.601402334583733,6.7275602136018104,5.625260743877321,0.0,12,0
8203,6.02117525771378,1.0,0.0,0.0,0.0,6.896815043244759,0.0,0.0,2.0794415416798357,0.0,6.2166061010848646,6.935682330253542,5.400457085504192,0.090909,12,0
8206,6.883206259506781,1.0,0.0,0.0,0.0,6.907652032652418,0.0,0.0,1.791759469228055,0.0,7.0909098220799835,7.1512547507721305,5.635000902272593,0.0,12,0
8207,7.271387935007488,1.0,0.0,0.0,0.0,5.0468330516943665,0.0,0.0,0.6931471805599453,0.0,8.006700845440367,6.008946468943247,6.0092269818809205,0.0,12,0
8208,6.20242916740343,1.0,0.0,0.0,0.0,7.51074937528166,0.0,0.0,3.332204510175204,0.0,7.824445930877619,7.424321348815087,5.096550154575774,0.375,10,0
8211,6.040782786107068,0.454545,0.0,0.0,0.0,7.019500798350172,0.0,0.0,1.791759469228055,0.0,7.0909098220799835,5.2114702487943925,5.592528750327949,0.0,12,0
8213,4.062454967960647,0.454545,3.3600281046240843,3.3600281046240843,0.0,5.945868531834196,0.083333,0.0,0.6931471805599453,0.6931471805599453,8.412054873292933,7.10411610409954,4.614632249143134,1.0,12,0
8226,2.573254848111465,0.272727,0.0,0.0,0.0,6.4409140919405985,0.0,0.0,1.0986122886681098,0.0,6.90875477931522,6.523596872365603,2.7630034297520014,0.090909,12,0
8230,2.2244373720318458,0.363636,0.0,0.0,0.0,4.329489764735104,0.0,0.0,0.6931471805599453,0.0,8.294299608857235,5.782388671041275,4.187185817952214,0.5,12,0
8235,6.285862247293223,1.0,0.0,0.0,0.0,6.3349790128521,0.0,0.0,1.0986122886681098,0.0,7.0909098220799835,6.396803972318382,5.727041696204658,0.0,12,0
8237,7.670913730484227,1.0,0.0,0.0,0.0,9.555946951743355,0.0,0.0,3.1780538303479458,0.0,8.160803920954665,9.439292195372623,6.265622332275973,0.3,12,0
8242,6.777293786531294,1.0,0.0,0.0,0.0,6.994585141415663,0.0,0.0,1.3862943611198906,0.0,6.90875477931522,7.234723609073728,5.800618023826257,0.083333,12,0
8243,6.676263349228548,0.555556,0.0,0.0,0.0,7.493360548592849,0.0,0.0,2.6390573296152584,0.0,7.601402334583733,5.396364855591615,5.6610546234777,0.0,9,0
8244,2.5719123670393915,1.0,0.0,0.0,0.0,3.6928363403040927,0.0,0.0,0.6931471805599453,0.0,6.90875477931522,3.9409289732604487,3.954363941771968,0.111111,12,0
8250,5.9601970233329435,1.0,0.0,0.0,0.0,5.675357032719163,0.0,0.0,2.0794415416798357,0.0,6.2166061010848646,6.427780633565294,5.319301315416889,0.083333,12,0
8251,7.673318542615444,0.909091,0.0,0.0,0.0,7.016894767020979,0.0,0.0,1.0986122886681098,0.0,8.006700845440367,8.080602781970246,9.45328522195824,0.0,11,0
8254,6.878942421704457,1.0,0.0,0.0,0.0,7.231701763455109,0.0,0.0,1.791759469228055,0.0,7.438971592395862,6.515530270637166,5.881123859286963,0.0,12,0
8267,7.565311519066191,1.0,0.0,0.0,0.0,6.882260703580536,0.0,0.0,1.0986122886681098,0.0,7.824445930877619,6.6682470271483245,6.242860900644033,0.0,12,0
8276,7.6386176977287015,1.0,0.0,0.0,0.0,6.905030707706404,0.0,0.0,1.0986122886681098,0.0,7.824445930877619,6.180554684871252,6.300014827819898,0.0,12,0
8281,6.89984401731367,0.833333,0.0,0.0,0.0,7.202248866552979,0.0,0.0,1.0986122886681098,0.0,7.313886831633462,5.326835856007176,5.083461508482679,0.0,6,0
8282,7.041676363666845,1.0,0.0,0.0,0.0,5.17572417310969,0.0,0.0,1.791759469228055,0.0,7.0909098220799835,6.120642592338795,6.040211057943669,0.0,12,0
8283,6.963941691915556,1.0,0.0,0.0,0.0,8.099409844979494,0.0,0.0,2.8903717578961645,0.0,8.006700845440367,7.935924414656143,5.830998191990345,0.166667,12,0
8284,8.367247111357724,0.857143,0.0,0.0,0.0,8.67870031624226,0.0,0.0,1.791759469228055,0.0,8.699681400989514,5.953347991148727,7.584529992175018,0.0,7,0
8288,6.906535578449769,1.0,0.0,0.0,0.0,4.052707079031327,0.0,0.0,1.0986122886681098,0.0,7.0909098220799835,6.593927646823346,5.8522987050297335,0.0,12,0
8297,5.439264045975457,0.363636,0.0,0.0,0.0,6.624017055324877,0.0,0.0,0.6931471805599453,0.0,7.0909098220799835,2.622720609119049,5.749290786418547,0.0,12,0
8298,7.813662527798251,1.0,0.0,0.0,0.0,7.28849167598172,0.0,0.0,2.302585092994046,0.0,8.006700845440367,6.557851700372537,6.369047430299724,0.0,12,0
8301,7.72881506367298,1.0,0.0,0.0,0.0,7.134413717038176,0.0,0.0,2.302585092994046,0.0,7.824445930877619,7.215237889022032,6.451438130698409,0.0,12,0
8302,7.587830057803625,1.0,0.0,0.0,0.0,7.606179572556083,0.0,0.0,1.9459101490553132,0.0,7.601402334583733,5.788024276856259,6.168150553978791,0.0,9,0
8306,7.663800268415851,1.0,0.0,0.0,0.0,7.8140534070736365,0.0,0.0,0.6931471805599453,0.0,8.517393171418904,6.798066935104597,6.3692298587022,0.0,12,0
8309,8.701165805131943,0.777778,0.0,0.0,0.0,9.024669630800297,0.0,0.0,2.302585092994046,0.0,9.105090961257085,7.154850576903522,7.248425471130831,0.0,9,0
8315,7.882029839103578,1.0,0.0,0.0,0.0,9.255311648706599,0.0,0.0,4.820281565605037,0.0,8.294299608857235,9.192128682491044,6.502623394848697,0.0,12,0
8316,5.169971102167451,0.833333,0.0,0.0,0.0,6.582253243068997,0.0,0.0,1.3862943611198906,0.0,7.313886831633462,5.406523458211479,4.430184813468334,0.0,6,0
8317,6.925125391287657,0.909091,3.8066624897703196,3.8066624897703196,0.0,6.975834481066959,0.083333,0.0,1.6094379124341003,0.6931471805599453,7.0909098220799835,4.025059308709976,8.314213118460101,0.0,12,0
8318,7.6406627242266385,0.777778,0.0,0.0,0.0,8.011658614011136,0.0,0.0,2.0794415416798357,0.0,8.006700845440367,6.482125159784717,6.230084148193091,0.0,9,0
8319,5.670640279424011,1.0,0.0,0.0,0.0,6.9564200371933325,0.0,0.0,1.3862943611198906,0.0,7.0909098220799835,4.09684495031146,5.667311943217304,0.0,12,0
8320,6.984815091166171,1.0,0.0,0.0,0.0,5.9699472362818735,0.0,0.0,1.791759469228055,0.0,7.0909098220799835,6.316389584989469,5.751963126126375,0.0,12,0
8327,2.928476624365055,0.454545,0.0,0.0,0.0,3.4151532440087724,0.0,0.0,0.6931471805599453,1.0986122886681098,7.601402334583733,5.188995147027763,4.4276980238499055,0.333333,12,0
8338,5.2666548941933105,0.727273,4.02535169073515,4.02535169073515,0.0,6.124473865663051,0.083333,0.0,1.6094379124341003,0.6931471805599453,7.601402334583733,5.468091098461856,4.788214623107761,0.0,12,0
8346,7.112996242205895,0.909091,0.0,0.0,0.0,7.450293262671226,0.0,0.0,1.6094379124341003,0.0,7.313886831633462,6.31111264650286,6.018183201011803,0.0,11,0
8347,6.186694382443917,1.0,0.0,0.0,0.0,7.719163546247186,0.0,0.0,1.791759469228055,0.0,8.006700845440367,8.172607477090903,5.2579653761418745,0.333333,12,0
8351,3.3011474804368564,0.363636,0.0,0.0,0.0,6.19744769736983,0.0,0.0,1.6094379124341003,0.0,6.90875477931522,7.032692203997853,3.762664368733049,0.333333,11,0
8354,6.781263995105978,1.0,4.084294226368599,0.0,4.084294226368599,5.263515309539105,0.0,0.285714,0.6931471805599453,1.0986122886681098,7.601402334583733,4.894059259720668,5.032265648773477,0.0,7,0
8365,8.25804991379663,1.0,0.0,0.0,0.0,7.663038293725212,0.0,0.0,3.295836866004329,0.0,8.517393171418904,6.427311728509423,6.290451611652849,0.0,7,0
8366,7.068921539685839,0.875,0.0,0.0,0.0,7.269464969287891,0.0,0.0,0.6931471805599453,0.0,7.313886831633462,5.220022412745853,5.8260150541714015,0.0,8,0
8370,3.732040063940474,0.545455,0.0,0.0,0.0,7.226884483008382,0.0,0.0,1.0986122886681098,0.0,7.0909098220799835,7.711205196281008,3.7989344160957974,0.0,12,0
8371,7.855790921626199,0.545455,0.0,0.0,0.0,8.7745810649336,0.0,0.0,0.6931471805599453,0.0,8.853808274977197,7.256186671122308,7.6127582105623794,0.0,11,0
8374,6.992489010271624,0.636364,0.0,0.0,0.0,7.5588297743800785,0.0,0.0,0.6931471805599453,0.0,8.006700845440367,5.836070834618966,6.4362854970596475,0.0,12,0
8377,6.023809195855697,0.444444,0.0,0.0,0.0,8.30292419251301,0.0,0.0,2.1972245773362196,0.0,8.987321812850125,5.281945516200672,5.222779636623773,0.0,9,0
8391,6.847316253816579,0.9,0.0,0.0,0.0,7.623834348822174,0.0,0.0,2.70805020110221,0.0,8.006700845440367,5.680255291605594,5.7116826095836615,0.0,10,0
8397,6.966976795494782,1.0,0.0,0.0,0.0,4.381669808519001,0.0,0.0,0.6931471805599453,0.0,7.0909098220799835,5.457650835348828,5.553048693354444,0.0,10,0
8402,7.212616734413711,1.0,0.0,0.0,0.0,6.013433886661427,0.0,0.0,1.9459101490553132,0.0,7.313886831633462,6.467013334444845,6.025164375105477,0.0,12,0
8409,6.134117189988365,0.545455,0.0,0.0,0.0,7.473509594404109,0.0,0.0,1.9459101490553132,0.0,8.006700845440367,5.881360074436671,5.860318974721031,0.0,12,0
8410,6.673063473777984,0.909091,0.0,0.0,0.0,8.640459642080208,0.0,0.0,2.5649493574615367,0.0,8.006700845440367,8.69129075082389,6.165829206589227,0.090909,12,0
8411,8.688725180774831,1.0,0.0,0.0,0.0,5.715969368543196,0.0,0.0,1.791759469228055,0.0,8.699681400989514,6.972565074259052,7.78123989050958,0.0,12,0
8421,7.059809033511754,0.909091,0.0,0.0,0.0,7.825507328211801,0.0,0.0,1.0986122886681098,0.0,7.824445930877619,7.985588399993701,5.941425097906866,0.0,12,0
8422,8.271964671114404,0.875,0.0,0.0,0.0,9.388729483499247,0.0,0.0,3.713572066704308,0.0,8.853808274977197,8.977131006910911,6.809667811582496,0.166667,8,0
8423,5.99534313564945,1.0,0.0,0.0,0.0,7.055040366186711,0.0,0.0,0.6931471805599453,0.0,8.006700845440367,7.6615128756105575,5.198828390724857,0.090909,12,0
8424,5.893646967402238,1.0,0.0,0.0,0.0,5.746562659469781,0.0,0.0,1.0986122886681098,0.0,6.2166061010848646,6.086748856123116,5.534360136074006,0.0,12,0
8425,6.206903554500699,1.0,0.0,0.0,0.0,6.730147272734289,0.0,0.0,0.6931471805599453,0.0,6.90875477931522,6.462595937067481,5.520085756761492,0.0,12,0
8438,8.609834255024298,1.0,0.0,0.0,0.0,8.698112120654582,0.0,0.0,2.70805020110221,0.0,8.699681400989514,7.115122668903573,7.805541614062102,0.0,12,0
8441,3.8036709529159656,0.818182,0.0,0.0,0.0,6.314955336376806,0.0,0.0,0.6931471805599453,0.0,7.0909098220799835,6.753255628938522,4.6694574474375905,0.142857,12,0
8445,5.729087455808227,0.272727,0.0,0.0,0.0,7.2638051343937375,0.0,0.0,1.791759469228055,0.0,7.824445930877619,5.137801999166777,5.8525569083365605,0.0,12,0
8451,7.7724614184666505,1.0,0.0,0.0,0.0,6.648885001028488,0.0,0.0,2.5649493574615367,0.0,7.824445930877619,6.329964410632279,6.665974638518192,0.0,12,0
8458,5.772564196297037,0.454545,0.0,0.0,0.0,6.832987522757228,0.0,0.0,0.6931471805599453,0.0,7.0909098220799835,7.619468275734008,5.149355830628423,0.25,12,0
8464,4.4645485511832685,0.181818,0.0,0.0,0.0,6.44469583815284,0.0,0.0,1.0986122886681098,0.0,8.006700845440367,6.527205722514027,3.7457438386203856,0.0,12,0
8471,6.7334989906945415,0.727273,0.0,0.0,0.0,6.414218221312388,0.0,0.0,1.9459101490553132,0.0,7.496097345175956,7.908730707991018,6.01125770377108,0.125,12,0
8476,8.083332109706173,1.0,0.0,0.0,0.0,7.426263177366548,0.0,0.0,1.3862943611198906,0.0,8.294299608857235,7.030501622356753,6.789384519274804,0.0,12,0
8477,4.223206605800742,0.545455,0.0,0.0,0.0,4.5170213623512225,0.0,0.0,1.3862943611198906,0.0,6.2166061010848646,6.896477848131185,4.381894600957814,0.333333,12,0
8478,5.98680024112571,0.363636,0.0,0.0,0.0,7.081045457881285,0.0,0.0,1.3862943611198906,0.0,7.0909098220799835,5.45403798480537,5.864165240346492,0.0,12,0
8501,7.299175465309428,1.0,0.0,0.0,0.0,5.324447579442075,0.0,0.0,1.791759469228055,0.0,7.313886831633462,5.951378869981196,6.283144815486532,0.0,12,0
8502,7.283594913739622,0.833333,0.0,0.0,0.0,8.069894611792389,0.0,0.0,2.3978952727983707,0.0,8.294299608857235,5.002779081379668,5.431235119058971,0.0,6,0
8503,8.031219783763461,1.0,0.0,0.0,0.0,8.126586770920582,0.0,0.0,1.0986122886681098,0.0,8.294299608857235,8.086534881098622,6.545355453421088,0.0,12,0
8506,6.992615789766558,1.0,0.0,0.0,0.0,5.382263859909836,0.0,0.0,1.6094379124341003,0.0,7.0909098220799835,5.650414633392333,5.594016383501149,0.0,9,0
8508,3.443221916840473,0.818182,0.0,0.0,0.0,6.7199962531109145,0.0,0.0,2.4849066497880004,0.0,6.90875477931522,6.87137071511257,4.322644158262821,0.166667,12,0
8521,7.534031914683015,1.0,0.0,0.0,0.0,7.549079030974025,0.0,0.0,1.6094379124341003,0.0,7.601402334583733,6.12106234609979,6.11721122198,0.0,12,0
8540,6.18086007633955,0.636364,0.0,0.0,0.0,6.977456878462062,0.0,0.0,1.3862943611198906,0.0,7.244941546337007,6.555454737663717,5.097158306855484,0.090909,12,0
8544,6.306798976441069,1.0,0.0,0.0,0.0,5.498546570021486,0.0,0.0,1.0986122886681098,0.0,7.601402334583733,5.452882936010972,5.10237216389258,0.0,12,0
8545,6.271864956860757,1.0,0.0,0.0,0.0,8.555016553151686,0.0,0.0,2.4849066497880004,0.0,6.90875477931522,8.463330029113404,5.738335445445706,0.833333,12,0
8549,5.472257417281088,0.727273,0.0,0.0,0.0,8.244643852462847,0.0,0.0,3.7376696182833684,0.0,6.90875477931522,8.436151828052061,4.944242867092236,0.6,12,0
8550,5.40631995136527,0.727273,0.0,0.0,0.0,6.807586356983785,0.0,0.0,1.0986122886681098,0.0,6.2166061010848646,6.497044971837084,5.133563588694803,0.166667,12,0
8556,6.92769092488193,1.0,0.0,0.0,0.0,7.051779509236807,0.0,0.0,1.3862943611198906,0.0,7.0909098220799835,4.74643312304603,5.916775264872443,0.0,7,0
8560,5.949021452856969,1.0,0.0,0.0,0.0,7.001881284292155,0.0,0.0,1.791759469228055,0.0,7.313886831633462,6.5232511432059,5.226320089923859,0.1,12,0
8564,6.3572577993799735,0.545455,0.0,0.0,0.0,8.19690330411923,0.0,0.0,1.3862943611198906,0.0,8.006700845440367,8.430225879564816,5.9087795487403065,0.5,12,0
8567,7.696509113575398,1.0,0.0,0.0,0.0,7.815119756118136,0.0,0.0,2.1972245773362196,0.0,7.824445930877619,5.622931085921593,6.111976424974283,0.0,7,0
8569,6.95799590595971,0.875,0.0,0.0,0.0,7.253641837907392,0.0,0.0,0.6931471805599453,0.0,7.313886831633462,7.147962029567868,5.826546076306389,0.0,8,0
8574,5.362441153257673,0.909091,0.0,0.0,0.0,7.316004606219231,0.0,0.0,1.3862943611198906,0.0,7.601402334583733,8.053316909020747,4.780218674693795,0.333333,12,0
8577,7.064199100976566,1.0,0.0,0.0,0.0,4.575651237352381,0.0,0.0,0.6931471805599453,0.0,7.0909098220799835,5.546054204544354,5.533559790430895,0.0,12,0
8578,3.681007299855134,0.363636,0.0,0.0,0.0,6.057803221996104,0.0,0.0,0.6931471805599453,0.0,6.2166061010848646,7.481254590101032,4.52612539855981,0.5,11,0
8580,2.6410305957301836,0.272727,0.0,0.0,0.0,6.022189736816283,0.0,0.0,1.0986122886681098,0.0,7.0909098220799835,6.046906529277091,3.3626291649201163,0.0,12,0
8581,6.0365432059643584,0.666667,0.0,0.0,0.0,6.564863724758508,0.0,0.0,2.0794415416798357,0.0,7.0909098220799835,3.3462942815128165,4.780587102185301,0.0,6,0
8582,7.544400064474757,0.909091,0.0,0.0,0.0,8.004872745960792,0.0,0.0,2.5649493574615367,0.0,8.006700845440367,8.954835928285164,6.449442766324683,0.0,11,0
8586,7.126291941259961,1.0,0.0,0.0,0.0,7.265038338281237,0.0,0.0,0.6931471805599453,0.0,8.160803920954665,6.333923511388519,5.625472014663843,0.0,12,0
8592,7.031588463521625,0.909091,0.0,0.0,0.0,7.454868429659701,0.0,0.0,2.0794415416798357,0.0,7.313886831633462,7.548657743222505,6.198425572803784,0.090909,11,0
8597,7.864213803849385,1.0,0.0,0.0,0.0,6.271214321277201,0.0,0.0,1.0986122886681098,0.0,8.699681400989514,7.184303839004907,6.433886734564542,0.0,12,0
8598,6.70986846281856,0.818182,0.0,0.0,0.0,7.03228173635371,0.0,0.0,1.9459101490553132,0.0,7.0909098220799835,6.070821807608579,5.854011807470724,0.0,12,0
8599,6.029799120158916,1.0,0.0,0.0,0.0,6.607815269387298,0.0,0.0,2.6390573296152584,0.0,6.2166061010848646,6.685642224024126,5.874221077422196,0.166667,12,0
8607,1.6847101208873696,0.272727,0.0,0.0,0.0,3.0131413523224864,0.0,0.0,0.6931471805599453,0.0,6.2166061010848646,4.574543273720073,4.727597619711421,0.0,12,0
8609,5.990096727068522,1.0,0.0,0.0,0.0,6.475091681670734,0.0,0.0,2.3978952727983707,0.0,6.2166061010848646,5.783441708813166,4.715624762856667,0.0,7,0
8612,0.8363679170131881,0.272727,0.0,0.0,0.0,5.69600691317688,0.0,0.0,0.6931471805599453,0.0,7.0909098220799835,7.122176922398652,3.853896883509735,1.0,12,0
8615,4.464766524755423,1.0,0.0,0.0,0.0,5.6324586922773525,0.0,0.0,1.3862943611198906,0.0,6.2166061010848646,5.271702928558681,4.996257243543573,0.0,12,0
8625,7.011077123160725,1.0,0.0,0.0,0.0,5.767958636399536,0.0,0.0,1.3862943611198906,0.0,7.0909098220799835,5.994750679356237,5.689490854227221,0.0,12,0
8626,7.332449593149199,1.0,0.0,0.0,0.0,7.794681483990065,0.0,0.0,2.995732273553991,0.0,8.160803920954665,7.620986590839744,5.7540484318468925,0.0,12,0
8639,6.947966098933258,1.0,0.0,0.0,0.0,7.238244143739243,0.0,0.0,2.9444389791664403,0.0,7.244941546337007,5.673768597550462,5.666406518358851,0.0,11,0
8645,7.7322954584942005,1.0,0.0,0.0,0.0,6.004701175136823,0.0,0.0,1.0986122886681098,0.0,7.824445930877619,6.09698277207904,7.1379451243551175,0.0,12,0
8646,6.16426558347953,0.545455,0.0,0.0,0.0,6.924940703998181,0.0,0.0,2.1972245773362196,0.0,7.0909098220799835,6.028803700371752,5.740896393152251,0.0,12,0
8648,5.6847746891895445,1.0,0.0,0.0,0.0,5.51739812388038,0.0,0.0,1.3862943611198906,0.0,6.2166061010848646,6.281806893516095,5.140162301528141,0.083333,12,0
8649,6.299353562168314,0.833333,0.0,0.0,0.0,7.312012279622262,0.0,0.0,2.1972245773362196,0.0,8.006700845440367,6.012108810325345,4.606672437043726,0.25,6,0
8651,7.6355218586369755,1.0,0.0,0.0,0.0,7.955104295268171,0.0,0.0,2.70805020110221,0.0,8.006700845440367,5.299002806580336,5.558245959482114,0.0,6,0
8653,6.3777907254240445,0.727273,0.0,0.0,0.0,6.963224620085982,0.0,0.0,1.0986122886681098,0.0,7.0909098220799835,7.098734318059267,5.236439569210063,0.0,12,0
8660,6.744587915767241,0.7,0.0,0.0,0.0,7.224182754266518,0.0,0.0,0.6931471805599453,0.0,7.313886831633462,5.584646695705034,5.712498225246834,0.0,10,0
8663,6.925424292526758,0.833333,0.0,0.0,0.0,7.219534389387847,0.0,0.0,1.791759469228055,0.0,7.313886831633462,4.947632602745884,5.150154215639897,0.0,6,0
8665,7.01563670577175,1.0,2.6390573296152584,2.6390573296152584,0.0,5.552742735830157,0.083333,0.0,1.791759469228055,0.6931471805599453,7.313886831633462,5.984078741571902,5.734495946579634,0.0,12,0
8668,6.1575594039746155,1.0,3.928880122494569,3.928880122494569,0.0,6.129383672974126,0.083333,0.0,0.6931471805599453,1.0986122886681098,6.2166061010848646,4.871025886753704,5.462900842153103,0.0,12,0
8672,7.552434872239139,1.0,0.0,0.0,0.0,7.6898613219087615,0.0,0.0,1.3862943611198906,0.0,8.006700845440367,6.889560573666274,5.9041768110256045,0.0,8,0
8675,7.090631123796767,1.0,0.0,0.0,0.0,5.90569208234956,0.0,0.0,1.0986122886681098,0.0,7.0909098220799835,6.315830889693097,6.302047964763813,0.0,11,0
8676,7.018798470608456,1.0,0.0,0.0,0.0,2.9909329753240734,0.0,0.0,0.6931471805599453,0.0,7.0909098220799835,5.580331822108681,5.748779893546935,0.0,12,0
8678,7.81894625839584,0.833333,0.0,0.0,0.0,8.305088628400105,0.0,0.0,1.9459101490553132,0.0,8.294299608857235,5.980275909594494,6.2810271677201355,0.0,6,0
8679,6.939290329100567,1.0,0.0,0.0,0.0,7.019335585873099,0.0,0.0,2.1972245773362196,0.0,7.0909098220799835,5.067272034480858,7.612316689658805,0.0,11,0
8680,7.18222469343353,0.909091,0.0,0.0,0.0,7.266283012944889,0.0,0.0,1.6094379124341003,0.0,7.313886831633462,5.630627991377195,6.25483942957518,0.0,12,0
8685,7.082493646772355,0.818182,0.0,0.0,0.0,7.72861836891356,0.0,0.0,1.9459101490553132,0.0,8.006700845440367,7.7933667247230645,5.664558255096773,0.111111,11,0
8686,3.8495654748602885,1.0,0.0,0.0,0.0,4.517991605929899,0.0,0.0,0.6931471805599453,0.0,6.2166061010848646,4.802424623589864,4.815694796314404,0.125,12,0
8688,7.972288106701373,1.0,0.0,0.0,0.0,8.013706284936903,0.0,0.0,1.791759469228055,0.0,8.006700845440367,5.445850068646631,9.540872567863678,0.0,11,0
8690,6.12992829501932,0.727273,0.0,0.0,0.0,7.7189643349857056,0.0,0.0,1.9459101490553132,0.0,7.0909098220799835,7.867974887807134,4.990663723329932,0.125,11,0
8692,6.899644807848584,0.888889,0.0,0.0,0.0,7.0346198616075775,0.0,0.0,0.6931471805599453,0.0,7.0909098220799835,4.974543013490836,5.5980913339775755,0.0,9,0
8694,6.552098243941172,1.0,0.0,0.0,0.0,7.127513002444847,0.0,0.0,3.4657359027997265,0.0,7.313886831633462,7.390721618717024,7.940448944031427,0.090909,12,0
8699,2.4219838892725782,0.272727,0.0,0.0,0.0,6.198781388162291,0.0,0.0,3.1780538303479458,0.0,6.2166061010848646,7.658373287020252,4.194801640657023,1.0,12,0
8700,7.360951223385907,0.666667,0.0,0.0,0.0,8.080600623004548,0.0,0.0,1.3862943611198906,0.0,8.412054873292933,6.9305297457894826,5.797663633896834,0.0,6,0
8705,8.896132608291483,1.0,0.0,0.0,0.0,9.28393536171978,0.0,0.0,2.995732273553991,0.0,9.105090961257085,8.249394413333757,7.703236471203519,0.0,12,0
8713,0.3524545505942776,0.125,0.0,0.0,0.0,4.658122419574771,0.0,0.0,0.6931471805599453,0.0,7.824445930877619,6.790080041890279,0.2715168667095004,0.0,8,0
8722,6.96344332936736,0.909091,0.0,0.0,0.0,7.280568362706003,0.0,0.0,2.1972245773362196,0.0,7.313886831633462,7.555367655807477,6.030901208096697,0.111111,12,0
8729,7.8214278681097,1.0,0.0,0.0,0.0,7.873462496559723,0.0,0.0,2.0794415416798357,0.0,8.006700845440367,6.433099989922789,6.9793663437412,0.0,12,0
8730,3.8447624469060107,0.363636,0.0,0.0,0.0,5.310887944721244,0.0,0.0,1.0986122886681098,0.0,7.0909098220799835,6.199499776334056,4.675488844897044,0.333333,12,0
8732,3.9526195793430854,0.888889,0.0,0.0,0.0,5.889429324308262,0.0,0.0,2.70805020110221,0.0,6.2166061010848646,0.048326247052715515,4.231011051956593,0.0,9,0
8734,6.0122459330087485,1.0,0.0,0.0,0.0,7.21913500384968,0.0,0.0,1.0986122886681098,0.0,7.313886831633462,4.600098798212053,5.436435702420002,0.0,12,0
8740,7.3275333054967815,0.818182,0.0,0.0,0.0,8.050739550140184,0.0,0.0,2.0794415416798357,0.0,8.517393171418904,6.580369388007132,5.924069622331016,0.0,11,0
8745,6.909568456182403,0.285714,0.0,0.0,0.0,8.150833495006705,0.0,0.0,1.9459101490553132,0.0,8.699681400989514,5.465319206769562,6.134907748804115,0.0,7,0
8752,0.682622489793697,0.272727,0.0,0.0,0.0,5.801908836809076,0.0,0.0,0.6931471805599453,0.0,6.2166061010848646,7.1836798114090366,1.0010020323814093,1.0,12,0
8757,7.9163184395449955,0.857143,0.0,0.0,0.0,8.27293422659899,0.0,0.0,1.791759469228055,0.0,8.294299608857235,5.78996387425431,6.60802225259258,0.0,7,0
8771,5.653710994952512,0.545455,0.0,0.0,0.0,6.4809454750009765,0.0,0.0,0.6931471805599453,0.0,7.313886831633462,6.065214530905804,5.190279308359278,0.0,11,0
8777,7.8374820737380455,1.0,0.0,0.0,0.0,7.878998483796711,0.0,0.0,1.791759469228055,0.0,8.006700845440367,5.909911829943734,6.0447506228371894,0.0,8,0
8779,6.265573143441813,0.571429,0.0,0.0,0.0,6.928414626443675,0.0,0.0,1.6094379124341003,0.0,7.0909098220799835,5.303832530036146,4.882153227380639,0.0,7,0
8780,6.454434677313846,0.909091,0.0,0.0,0.0,7.428414843263846,0.0,0.0,2.5649493574615367,0.0,7.313886831633462,7.679379678939574,5.553275999973374,0.125,11,0
8782,6.132991743548465,1.0,0.0,0.0,0.0,6.1954156031176275,0.0,0.0,0.6931471805599453,0.0,6.2166061010848646,4.977058089814271,5.441293186706933,0.0,10,0
8789,6.754922562759165,1.0,0.0,0.0,0.0,6.7608654874895855,0.0,0.0,0.6931471805599453,0.0,6.90875477931522,4.5455165888245865,5.810073309432967,0.0,10,0
8791,5.3931283672377415,0.6,0.0,0.0,0.0,6.105022799812374,0.0,0.0,1.6094379124341003,0.0,6.2166061010848646,4.092395530760319,5.1212333379262995,0.0,10,0
8793,0.24314772692561404,0.2,0.0,0.0,0.0,5.797432668354729,0.0,0.0,0.6931471805599453,0.0,7.0909098220799835,7.044121265970405,3.6993592487368177,1.0,10,0
8802,6.06123752423339,0.9,0.0,0.0,0.0,6.998113657009478,0.0,0.0,1.9459101490553132,0.0,7.0909098220799835,4.854981553015948,5.322428014708003,0.0,10,0
8804,7.441655503062334,0.8,0.0,0.0,0.0,8.482165372774439,0.0,0.0,2.5649493574615367,0.0,8.517393171418904,6.35381883151812,6.176717231031933,0.0,10,0
8812,2.2565034574470357,0.4,0.0,0.0,0.0,4.048989583541042,0.0,0.0,0.6931471805599453,0.0,7.0909098220799835,5.011531026141834,4.275794113930107,0.5,10,0
8813,8.112543825400003,0.7,0.0,0.0,0.0,8.66982279081556,0.0,0.0,1.3862943611198906,0.0,8.853808274977197,6.837731574226231,6.915706894922874,0.0,10,0
8815,5.281236058102604,0.888889,0.0,0.0,0.0,5.967466949313863,0.0,0.0,1.791759469228055,0.0,6.2166061010848646,4.50143954136855,4.832895066967245,0.0,9,0
8819,6.098486073772932,0.888889,0.0,0.0,0.0,6.850444630260929,0.0,0.0,1.9459101490553132,0.0,7.824445930877619,5.531465211615827,5.196924375401094,0.0,9,0
8828,6.64137371275276,0.5,0.0,0.0,0.0,7.975399971163932,0.0,0.0,2.6390573296152584,0.0,7.824445930877619,7.525045282343916,6.244444836793193,0.0,8,0
8830,0.24047567845600273,0.333333,0.0,0.0,0.0,6.861739388254927,0.0,0.0,1.3862943611198906,0.0,7.0909098220799835,7.958275535330055,2.1067727433011716,1.0,6,0
8831,5.784853828476455,0.888889,0.0,0.0,0.0,6.275116387825215,0.0,0.0,2.0794415416798357,0.0,6.2166061010848646,5.462351918160136,4.8656828449840095,0.0,9,0
8833,5.645014464935075,0.666667,0.0,0.0,0.0,6.195481104154607,0.0,0.0,0.6931471805599453,0.0,6.2166061010848646,5.470183400192348,5.062994997334376,0.0,9,0
8842,3.605506676657627,0.5,0.0,0.0,0.0,4.708625485874408,0.0,0.0,1.0986122886681098,0.0,6.2166061010848646,5.036693835170039,4.728623073170434,0.0,8,0
8845,6.689958252000604,0.5,0.0,0.0,0.0,7.848199004317471,0.0,0.0,2.302585092994046,0.0,8.006700845440367,5.716588308834811,6.303832449810061,0.0,8,0
8851,6.834759546368326,0.875,0.0,0.0,0.0,7.084013822802886,0.0,0.0,2.302585092994046,0.0,7.0909098220799835,4.710227444668168,5.261053965009999,0.0,8,0
8853,6.291870447864117,0.625,0.0,0.0,0.0,7.006970388252029,0.0,0.0,0.6931471805599453,0.0,7.0909098220799835,5.891606321605184,5.303808089899569,0.0,8,0
8855,3.9299893988587282,0.375,0.0,0.0,0.0,6.321193716335701,0.0,0.0,1.0986122886681098,0.0,6.2166061010848646,6.736617798594915,3.7082049087578226,0.25,8,0
8858,6.7018793332354445,1.0,3.9318256327243257,3.9318256327243257,0.0,7.69005764343469,0.142857,0.0,2.833213344056216,0.6931471805599453,8.006700845440367,6.589866841305153,4.858600313487084,0.0,7,0
8868,5.944999221406139,0.857143,0.0,0.0,0.0,6.558114883062465,0.0,0.0,2.6390573296152584,0.0,6.2166061010848646,5.775737208827443,4.825647225317056,0.0,7,0
8878,6.768870488746536,0.75,0.0,0.0,0.0,7.051790863283274,0.0,0.0,1.3862943611198906,0.0,7.0909098220799835,5.0222675364756,5.825961560914831,0.0,8,0
8882,3.182901436695382,0.125,0.0,0.0,0.0,6.827600871153704,0.0,0.0,1.791759469228055,0.0,6.2166061010848646,6.375319994317742,2.844614689238434,0.0,8,0
8884,1.9331717881128274,0.5,0.0,0.0,0.0,3.0307463627968505,0.0,0.0,0.6931471805599453,0.0,6.2166061010848646,3.5072214471221104,3.5251316522146103,0.5,6,0
8886,6.079239256435339,1.0,0.0,0.0,0.0,6.1340156916918085,0.0,0.0,1.6094379124341003,0.0,6.2166061010848646,4.268564262431179,5.043383290238071,0.0,7,0
8892,1.1950212585208804,0.285714,0.0,0.0,0.0,5.064196699041968,0.0,0.0,0.6931471805599453,0.0,6.2166061010848646,6.350825015046951,0.9240013286717531,0.0,7,0
8899,1.7608212810710353,0.285714,0.0,0.0,0.0,3.679533592282553,0.0,0.0,0.6931471805599453,0.0,6.2166061010848646,3.9515025504661803,2.8484744168795415,0.0,7,0
8901,5.941799518481218,0.857143,0.0,0.0,0.0,6.185062533233038,0.0,0.0,1.3862943611198906,0.0,6.2166061010848646,4.551198539594836,5.0056104841907585,0.0,7,0
8906,4.908402327000164,0.857143,4.403054001865957,0.0,4.403054001865957,6.569017812263381,0.0,0.285714,1.0986122886681098,1.3862943611198906,6.90875477931522,4.615601430886531,4.5470587640625135,0.4,7,0
8914,5.208895710805261,0.5,0.0,0.0,0.0,7.531655143544015,0.0,0.0,2.3978952727983707,0.0,7.601402334583733,8.426470900038465,4.489286630177095,1.0,6,0
8917,7.53999360027151,1.0,0.0,0.0,0.0,7.756601909405619,0.0,0.0,1.791759469228055,0.0,7.824445930877619,5.405233526563484,5.927452876493631,0.0,6,0
8920,6.9623264920693035,0.666667,0.0,0.0,0.0,7.507204888784573,0.0,0.0,1.0986122886681098,0.0,7.601402334583733,4.021685765147778,5.4563029835946315,0.0,6,0
8937,5.099876360701696,0.666667,0.0,0.0,0.0,5.61837151086735,0.0,0.0,1.3862943611198906,0.0,6.90875477931522,4.776926013193247,4.123781188715703,0.0,6,0
8938,4.379754142017276,0.5,0.0,0.0,0.0,7.015879442444929,0.0,0.0,2.0794415416798357,0.0,7.0909098220799835,7.243348651658405,3.127689665589256,0.333333,6,0
8948,2.6712177378085515,0.833333,0.0,0.0,0.0,3.6259071191995114,0.0,0.0,1.0986122886681098,0.0,6.2166061010848646,3.9806150312538757,4.038754823250481,0.25,6,0
