,BALANCE,BALANCE_FREQUENCY,PURCHASES,ONEOFF_PURCHASES,INSTALLMENTS_PURCHASES,CASH_ADVANCE,ONEOFF_PURCHASES_FREQUENCY,PURCHASES_INSTALLMENTS_FREQUENCY,CASH_ADVANCE_TRX,PURCHASES_TRX,CREDIT_LIMIT,PAYMENTS,MINIMUM_PAYMENTS,PRC_FULL_PAYMENT,TENURE,KMC_clusters
2,7.82250436793527,1.0,6.651791487715673,6.651791487715673,0.0,0.0,1.0,0.0,0.0,2.5649493574615367,8.922791623969637,6.434653643065494,6.442993546160168,0.0,12,2
4,6.70773522569534,1.0,2.833213344056216,2.833213344056216,0.0,0.0,0.083333,0.0,0.0,0.6931471805599453,7.0909098220799835,6.521114029626576,5.5044825455607045,0.0,12,2
9,5.031913792542936,0.545455,7.156644546714762,7.156644546714762,0.0,0.0,0.166667,0.0,0.0,1.3862943611198906,9.305741456739435,7.06113759883932,4.618108740719055,0.0,12,2
11,6.448564569245062,0.818182,7.308663352897687,7.308663352897687,0.0,0.0,0.25,0.0,0.0,1.9459101490553132,7.601402334583733,6.560491096026781,5.053369500772936,0.0,12,2
33,4.841509907585915,1.0,6.458009075556836,6.458009075556836,0.0,0.0,0.916667,0.0,0.0,2.4849066497880004,7.0909098220799835,6.050793496962728,5.2847349669616435,0.3,12,2
42,8.320134161099263,1.0,5.322131544647291,5.322131544647291,0.0,0.0,0.083333,0.0,0.0,0.6931471805599453,8.412054873292933,6.767659847255586,7.4967993979574,0.0,12,2
60,7.539087709835567,0.727273,4.736198448394496,4.736198448394496,0.0,0.0,0.166667,0.0,0.0,1.0986122886681098,8.77971129020447,8.16356689875695,6.308291202529203,0.0,12,2
61,7.350383665303308,1.0,4.207673247529104,4.207673247529104,0.0,0.0,0.083333,0.0,0.0,0.6931471805599453,7.3783837129967145,5.826246864544016,6.731275434910505,0.0,12,2
69,7.438639665474121,1.0,7.21868257559943,7.21868257559943,0.0,0.0,0.333333,0.0,0.0,1.6094379124341003,7.438971592395862,7.393150071761594,6.829259398021747,0.0,12,2
76,7.45508935392666,1.0,6.408709993751677,6.408709993751677,0.0,0.0,1.0,0.0,0.0,2.8903717578961645,9.305741456739435,7.993255493563906,6.437202687884413,0.0,12,2
85,4.912045891513179,1.0,7.129938369201223,7.129938369201223,0.0,0.0,1.0,0.0,0.0,3.1354942159291497,9.711176264112805,7.151665256518504,5.149569003726273,1.0,12,2
96,7.39077119748822,1.0,6.607244604091484,6.607244604091484,0.0,0.0,0.666667,0.0,0.0,2.4849066497880004,8.699681400989514,6.035788878081494,5.966501847859993,0.0,12,2
100,1.770856686983286,0.666667,3.044522437723423,3.044522437723423,0.0,0.0,0.111111,0.0,0.0,0.6931471805599453,7.313886831633462,3.3137465990571076,4.125739493280924,0.0,9,2
125,7.780686523789863,1.0,9.430554837704511,9.430554837704511,0.0,0.0,0.916667,0.0,0.0,5.384495062789089,7.937731775260109,9.361318788635828,7.601897424899848,0.0,12,2
140,6.8544924779680025,1.0,5.288570015093157,5.008366054652212,3.899950424193877,0.0,0.25,0.166667,0.0,1.791759469228055,6.90875477931522,6.2009156208437615,6.235163740171027,0.0,12,2
145,8.025647363195684,1.0,6.933423025730715,6.933423025730715,0.0,0.0,0.083333,0.0,0.0,1.0986122886681098,8.922791623969637,6.5508718776033765,6.710136513418341,0.0,12,2
159,6.954037930539315,1.0,5.69035945432406,5.69035945432406,0.0,4.54944401775926,0.083333,0.0,0.6931471805599453,1.0986122886681098,7.0909098220799835,6.087699485554833,5.896709222093264,0.0,12,2
190,3.67922409075358,0.727273,5.639777144680289,5.639777144680289,0.0,0.0,0.25,0.0,0.0,1.3862943611198906,8.724369949208368,5.542803472586815,4.03953174825184,0.090909,12,2
194,8.29027344549524,1.0,6.630076341269903,6.630076341269903,0.0,0.0,0.5,0.0,0.0,2.772588722239781,8.294299608857235,7.013799407823217,7.266967820195742,0.0,12,2
198,7.588229983832199,1.0,6.773080375655535,6.773080375655535,0.0,0.0,0.166667,0.0,0.0,1.791759469228055,8.987321812850125,6.296598198541751,6.638152564229121,0.0,12,2
200,3.7865481912430408,0.454545,5.916202062607435,5.916202062607435,0.0,0.0,0.166667,0.0,0.0,1.0986122886681098,10.043292972227004,7.100896606213867,4.244565860703615,0.0,12,2
213,6.645097388210662,1.0,5.82129880808404,5.82129880808404,0.0,0.0,0.75,0.0,0.0,2.302585092994046,8.699681400989514,6.85508855134046,5.384621903368336,0.0,12,2
222,3.7528488054926266,0.857143,4.343675543289958,4.343675543289958,0.0,0.0,0.142857,0.0,0.0,0.6931471805599453,7.901377353792616,4.250826579511947,4.60917960750465,0.0,7,2
224,8.790647128149205,1.0,9.14058506705357,9.14058506705357,0.0,0.0,0.333333,0.0,0.0,1.791759469228055,9.04793908261736,9.309074381960672,7.509707871111239,0.0,12,2
225,3.3830887048214366,1.0,4.61512051684126,4.61512051684126,0.0,0.0,0.083333,0.0,0.0,0.6931471805599453,8.294299608857235,4.84236786575048,4.662094020094143,0.0,12,2
233,7.710141224210775,1.0,3.8426729272933526,3.8426729272933526,0.0,0.0,0.083333,0.0,0.0,0.6931471805599453,7.824445930877619,6.298482777782041,6.444466702816838,0.0,12,2
243,6.327001884346925,1.0,6.447353404992669,6.447353404992669,0.0,0.0,0.090909,0.0,0.0,0.6931471805599453,8.612685172875459,6.057000764911925,5.367702066593485,0.0,11,2
253,5.229183304737058,1.0,7.440868674806571,7.440868674806571,0.0,0.0,1.0,0.0,0.0,2.6390573296152584,9.350189267092581,7.27934601711416,5.216555385520704,1.0,12,2
256,1.9274215694487498,0.818182,3.4236109764990554,3.4236109764990554,0.0,0.0,0.083333,0.0,0.0,0.6931471805599453,9.210440366976517,4.355985282943653,4.338534398542099,0.0,12,2
260,7.70777775304444,0.818182,8.065893546964274,8.065893546964274,0.0,0.0,0.166667,0.0,0.0,1.0986122886681098,9.105090961257085,8.249142815051423,6.445847598523064,0.0,12,2
267,7.914129508048533,1.0,6.331021307405378,6.331021307405378,0.0,0.0,0.916667,0.0,0.0,2.4849066497880004,8.922791623969637,6.577580878891232,6.508843132743614,0.0,12,2
268,4.40316178063534,1.0,6.347214062970213,6.347214062970213,0.0,0.0,0.166667,0.0,0.0,1.3862943611198906,9.15915233520675,6.453625085506861,4.5327384834936515,0.083333,12,2
275,1.270916337352555,0.181818,3.8907993689765195,3.8907993689765195,0.0,0.0,0.083333,0.0,0.0,0.6931471805599453,7.313886831633462,5.688694210466711,4.468731577217272,0.0,12,2
288,4.432580516388246,0.636364,6.738555257078154,6.738555257078154,0.0,0.0,0.5,0.0,0.0,2.8903717578961645,8.77971129020447,6.93270892286673,4.8190778979392865,0.5,12,2
292,8.19055240024497,1.0,7.484368643286131,7.484368643286131,0.0,0.0,0.166667,0.0,0.0,1.0986122886681098,8.517393171418904,6.753505920953012,6.6359626106758745,0.0,12,2
298,7.825687547996671,1.0,6.599734435534826,6.599734435534826,0.0,0.0,1.0,0.0,0.0,2.6390573296152584,8.006700845440367,7.390917747817354,6.75522846863154,0.0,12,2
310,3.9928362838280953,1.0,6.212946719095526,6.131269966798858,3.6926224403927708,0.0,0.916667,0.083333,0.0,2.70805020110221,9.61587214452889,6.417722737927813,5.099519294409634,0.909091,12,2
317,6.9028490400509535,1.0,4.845760650906022,4.845760650906022,0.0,0.0,0.833333,0.0,0.0,2.3978952727983707,7.576097340623111,5.753533979763926,6.03617556237428,0.0,12,2
323,7.711582121873132,1.0,6.100767281998432,6.100767281998432,0.0,0.0,0.166667,0.0,0.0,1.6094379124341003,8.987321812850125,6.950806884311888,6.364040787155004,0.0,12,2
331,4.537327470675015,0.909091,6.985641817639208,6.985641817639208,0.0,0.0,0.75,0.0,0.0,2.5649493574615367,8.699681400989514,6.982917172066037,5.135829501273646,1.0,12,2
342,7.135423856903657,1.0,5.893658755854265,5.893658755854265,0.0,5.296749858649195,0.166667,0.0,0.6931471805599453,1.0986122886681098,7.313886831633462,6.285265640109882,6.07232556602737,0.0,12,2
343,4.398596542358045,0.6,5.802118375377063,5.802118375377063,0.0,0.0,0.1,0.0,0.0,0.6931471805599453,7.496097345175956,5.8473937293483225,4.4577967586162215,0.0,10,2
346,7.548909986575619,1.0,6.047797620448143,6.047797620448143,0.0,0.0,1.0,0.0,0.0,2.5649493574615367,8.612685172875459,7.9938334085827805,6.089739282816309,0.0,12,2
354,3.7554809552192774,0.181818,6.457005106658288,6.457005106658288,0.0,0.0,0.166667,0.0,0.0,1.791759469228055,9.04793908261736,6.823736740072337,4.063034752528055,0.181818,12,2
366,5.475078962029993,1.0,5.561181506057179,5.561181506057179,0.0,0.0,0.083333,0.0,0.0,0.6931471805599453,7.741099090035366,7.89418218100818,7.825794319673401,0.25,12,2
375,2.2534255206017972,0.545455,4.176231721694285,4.176231721694285,0.0,0.0,0.166667,0.0,0.0,1.0986122886681098,8.853808274977197,5.179536899247055,4.349791379299933,0.0,12,2
378,5.489862732091052,0.909091,5.203512059274125,5.203512059274125,0.0,0.0,0.166667,0.0,0.0,1.9459101490553132,7.244941546337007,6.689423353209147,5.40022181538108,0.0,12,2
383,1.0431291766084978,0.272727,2.8622008809294686,2.8622008809294686,0.0,0.0,0.083333,0.0,0.0,0.6931471805599453,8.699681400989514,4.070650785212677,4.222334588127712,0.0,12,2
386,7.331392218040413,1.0,3.864302269216734,3.864302269216734,0.0,0.0,0.083333,0.0,0.0,0.6931471805599453,7.496097345175956,5.827218668468033,6.46699528309415,0.0,12,2
390,6.526435194540501,1.0,4.59511985013459,4.59511985013459,0.0,0.0,0.166667,0.0,0.0,1.0986122886681098,8.294299608857235,5.264605364148135,5.404369382064717,0.0,12,2
391,7.337098525647704,1.0,6.755023591908293,6.755023591908293,0.0,0.0,1.0,0.0,0.0,2.6390573296152584,8.787372988731876,8.08352295996069,6.023135306916686,0.083333,12,2
416,9.141666824856921,1.0,5.425962720383707,5.425962720383707,0.0,0.0,0.166667,0.0,0.0,1.791759469228055,9.61587214452889,7.542340698470868,8.513424636324274,0.0,12,2
432,6.296953823498766,0.636364,7.228910811491457,7.228910811491457,0.0,0.0,0.25,0.0,0.0,1.791759469228055,7.824445930877619,5.210456425144372,5.3070781584970845,0.0,12,2
440,3.65723245385374,0.363636,5.498642547781566,5.498642547781566,0.0,0.0,0.083333,0.0,0.0,1.0986122886681098,7.496097345175956,6.305211348903831,4.9125503435069975,0.25,12,2
444,8.053546565699435,1.0,8.025146795634955,8.025146795634955,0.0,0.0,0.75,0.0,0.0,3.295836866004329,8.412054873292933,7.69589152734092,6.666177707851132,0.0,12,2
447,3.9668592740635704,0.454545,6.807227511208115,6.807227511208115,0.0,0.0,0.25,0.0,0.0,1.9459101490553132,9.61587214452889,6.291275062988711,3.7448448858002346,0.0,12,2
450,7.336916955175114,1.0,7.297896913391455,7.297896913391455,0.0,0.0,1.0,0.0,0.0,3.1780538303479458,7.824445930877619,7.309827963322249,5.950614278750526,0.0,12,2
451,8.516202364709537,1.0,7.827197041141826,7.827197041141826,0.0,0.0,0.75,0.0,0.0,3.4339872044851463,9.04793908261736,7.115760336136773,7.407301494318518,0.0,12,2
469,5.33559805002164,0.363636,7.454528958904262,7.454528958904262,0.0,0.0,0.166667,0.0,0.0,1.6094379124341003,8.699681400989514,8.47749208846225,4.866261779414779,0.0,12,2
479,6.8159490015358974,1.0,4.2626798770413155,4.2626798770413155,0.0,0.0,0.083333,0.0,0.0,0.6931471805599453,9.04793908261736,6.340875498518622,5.391341462525567,0.0,12,2
485,5.324615426303534,1.0,8.788677282024238,8.788677282024238,0.0,0.0,1.0,0.0,0.0,4.31748811353631,8.853808274977197,8.678241389548655,5.139926346672685,0.916667,12,2
499,7.831122260640955,1.0,6.409549686572249,6.396846318410398,2.1598687907924505,0.0,0.833333,0.083333,0.0,2.70805020110221,7.919719760924575,6.951405737464149,7.203049895355761,0.0,12,2
502,4.39522284295278,1.0,6.590671858558904,6.590671858558904,0.0,0.0,0.583333,0.0,0.0,2.4849066497880004,9.90353755128617,6.7140834496617865,5.335884968873925,0.916667,12,2
515,4.599362232431104,1.0,6.811651784586988,6.811651784586988,0.0,0.0,1.0,0.0,0.0,2.5649493574615367,9.210440366976517,6.8133429097252804,5.224258777021126,1.0,12,2
535,4.277305678343271,0.181818,6.932252750582524,6.932252750582524,0.0,0.0,0.083333,0.0,0.0,1.0986122886681098,9.90353755128617,8.6782732641359,4.762712277045049,0.0,12,2
538,4.234682020115849,0.454545,6.600020147878862,6.600020147878862,0.0,0.0,0.333333,0.0,0.0,1.9459101490553132,8.517393171418904,7.338438054660707,4.6400951278213824,0.5,12,2
543,4.355882972945733,0.833333,5.627621113690637,5.627621113690637,0.0,0.0,0.333333,0.0,0.0,1.0986122886681098,9.04793908261736,6.703930387380491,4.704409862470606,0.333333,6,2
544,6.858106447513435,0.909091,8.92011506825162,8.92011506825162,0.0,0.0,0.818182,0.0,0.0,2.70805020110221,9.61587214452889,8.925617394148949,5.76968733692445,0.888889,11,2
546,6.277499549509287,1.0,8.748527109914146,8.748527109914146,0.0,0.0,0.833333,0.0,0.0,3.091042453358316,9.711176264112805,8.502270664683406,5.211062909107657,1.0,12,2
548,6.200651447896945,0.8,8.50216279887217,8.50216279887217,0.0,0.0,0.8,0.0,0.0,3.8918202981106265,9.259225769705994,8.14078128503677,5.013353110817578,1.0,10,2
559,5.206547916953728,1.0,4.900746020558973,4.900746020558973,0.0,5.394281237195394,0.25,0.0,1.0986122886681098,1.3862943611198906,7.824445930877619,5.132415002036888,5.138579266956253,0.0,12,2
566,3.3990015392304858,0.909091,5.559681130681944,5.559681130681944,0.0,0.0,0.666667,0.0,0.0,2.833213344056216,9.392745258631441,6.221556708814884,4.663763418871596,1.0,12,2
570,7.675627374169083,1.0,7.395764578826755,7.395764578826755,0.0,0.0,0.333333,0.0,0.0,2.1972245773362196,8.517393171418904,6.485407067467408,6.231771620852414,0.0,12,2
574,8.147154695647348,1.0,9.365859258239135,9.365859258239135,0.0,0.0,1.0,0.0,0.0,4.955827057601261,9.259225769705994,9.005369931310874,7.089755550002678,0.0,12,2
578,7.532414063643064,1.0,7.310215878070003,7.310215878070003,0.0,0.0,0.416667,0.0,0.0,2.1972245773362196,9.04793908261736,7.617065767640467,6.138623304601545,0.0,12,2
579,5.562477191109168,0.909091,6.472717168531608,6.472717168531608,0.0,0.0,0.083333,0.0,0.0,0.6931471805599453,9.210440366976517,6.293459163448492,5.215405554845676,0.0,12,2
586,0.2830707064278705,0.454545,3.2441536320524693,3.2441536320524693,0.0,0.0,0.083333,0.0,0.0,0.6931471805599453,7.496097345175956,3.8424608147669272,3.3268158387580344,0.0,12,2
592,7.40429429503713,1.0,7.647490200156314,7.647490200156314,0.0,0.0,0.416667,0.0,0.0,2.8903717578961645,8.412054873292933,6.359054690670204,6.323245435830639,0.0,12,2
594,7.574274582509904,1.0,6.021945254361569,6.021945254361569,0.0,4.605950691314548,0.25,0.0,0.6931471805599453,1.791759469228055,7.824445930877619,7.247270479659958,6.243288802627115,0.0,12,2
604,7.812242889265929,1.0,6.871226140290243,6.871226140290243,0.0,0.0,0.666667,0.0,0.0,2.833213344056216,8.853808274977197,6.341893012356714,6.462283294055003,0.0,12,2
605,5.314143701803915,0.545455,7.607287034697277,7.607287034697277,0.0,0.0,0.416667,0.0,0.0,2.1972245773362196,7.650168700845001,8.053742140501635,5.1124101870854455,0.8,12,2
625,7.421733207211542,1.0,6.678995988882291,6.678995988882291,0.0,0.0,0.666667,0.0,0.0,2.833213344056216,7.467942332285852,6.988990362262481,7.0878263912576545,0.0,12,2
632,4.388932807071805,0.636364,6.160595320114315,6.160595320114315,0.0,0.0,0.083333,0.0,0.0,0.6931471805599453,9.680406499268875,6.336525124906966,4.696651517827573,0.0,12,2
657,2.8171374040268398,0.272727,5.313205979041787,5.313205979041787,0.0,0.0,0.166667,0.0,0.0,1.0986122886681098,7.601402334583733,5.304148934852806,3.8046425844677856,0.0,12,2
661,6.013883921752169,1.0,8.205756532956224,8.205756532956224,0.0,0.0,1.0,0.0,0.0,3.5263605246161616,8.922791623969637,8.405601038264129,5.243913945991336,0.666667,12,2
662,6.883632504353271,1.0,7.733052899089674,7.733052899089674,0.0,4.6011276760440225,0.916667,0.0,1.0986122886681098,3.4011973816621555,9.90353755128617,7.6349112430015635,5.498134966864342,0.0,12,2
683,5.465077909670562,1.0,7.160224595678174,7.160224595678174,0.0,0.0,1.0,0.0,0.0,3.2188758248682006,8.294299608857235,7.14947291108135,5.389108395810962,0.0,12,2
691,6.107446381575012,1.0,7.431471461347677,7.431471461347677,0.0,0.0,0.5,0.0,0.0,2.1972245773362196,9.350189267092581,7.289610656604742,5.568466950462667,0.166667,12,2
703,8.1279928450257,1.0,5.152829059799431,5.152829059799431,0.0,0.0,0.416667,0.0,0.0,1.791759469228055,8.412054873292933,6.812198907475122,6.817031370339926,0.0,12,2
705,6.121573336489997,1.0,7.1152327556572095,7.1152327556572095,0.0,0.0,0.416667,0.0,0.0,2.833213344056216,7.901377353792616,7.026868967593729,5.267754658862006,0.0,12,2
711,6.7329452221034165,1.0,5.9311039529331815,5.9311039529331815,0.0,4.611028144596137,0.25,0.0,0.6931471805599453,1.3862943611198906,8.699681400989514,6.659367460569184,5.195325432473734,0.0,12,2
714,6.712854769044599,0.857143,7.235186770951201,7.235186770951201,0.0,0.0,0.285714,0.0,0.0,1.3862943611198906,7.313886831633462,5.477918605797723,5.04700297326713,0.0,7,2
717,6.933190937396792,1.0,4.369321262176328,4.369321262176328,0.0,0.0,0.166667,0.0,0.0,1.0986122886681098,7.0909098220799835,6.321188583614474,5.7194689067382845,0.0,12,2
719,2.8029005782437935,1.0,4.189654742026425,4.189654742026425,0.0,0.0,0.083333,0.0,0.0,0.6931471805599453,8.006700845440367,3.0067331909616546,4.228933189527034,0.0,12,2
722,7.526293196147514,1.0,3.503152104185149,3.503152104185149,0.0,3.656953836924328,0.083333,0.0,0.6931471805599453,0.6931471805599453,7.601402334583733,5.859602175178931,6.546073009286658,0.0,12,2
737,4.573327083217551,0.363636,7.0251649115989485,7.0251649115989485,0.0,0.0,0.083333,0.0,0.0,2.302585092994046,7.313886831633462,8.08533181245324,4.968901641086099,0.0,12,2
738,7.272636601001721,0.909091,6.3507286363154325,6.3507286363154325,0.0,0.0,0.25,0.0,0.0,1.791759469228055,7.650168700845001,7.853432969207307,6.629655123652931,0.0,12,2
746,7.208812473118937,1.0,6.466657811870248,6.466657811870248,0.0,0.0,0.5,0.0,0.0,2.5649493574615367,9.105090961257085,5.782849836064942,5.846360884741116,0.0,12,2
747,7.140839927047475,1.0,6.79256886917302,6.79256886917302,0.0,0.0,0.5,0.0,0.0,2.302585092994046,8.006700845440367,5.713975835381158,5.804768968211461,0.0,12,2
764,4.146452644579761,0.090909,6.664255947410854,6.664255947410854,0.0,0.0,0.083333,0.0,0.0,1.0986122886681098,8.006700845440367,7.986946996221429,5.6405517983610505,0.0,12,2
766,4.055608359674597,0.818182,5.564520407322694,5.564520407322694,0.0,0.0,0.083333,0.0,0.0,0.6931471805599453,8.612685172875459,5.634700677786934,4.533374687236324,0.0,12,2
770,7.5787485156163,1.0,6.223468726854389,6.223468726854389,0.0,0.0,0.083333,0.0,0.0,0.6931471805599453,9.259225769705994,6.531839523556307,6.207894170363083,0.0,12,2
775,7.351639554091277,1.0,5.651084685655752,5.324326185729087,4.386143150185721,0.0,0.125,0.125,0.0,1.0986122886681098,8.517393171418904,6.0540396349400405,5.645986847250569,0.0,8,2
794,1.724121572205594,0.181818,3.8188106237059674,3.8188106237059674,0.0,0.0,0.083333,0.0,0.0,0.6931471805599453,8.699681400989514,5.591538757358487,4.488955936642723,0.0,12,2
811,8.133295458109204,1.0,2.2407096892759584,2.2407096892759584,0.0,0.0,1.0,0.0,0.0,2.5649493574615367,9.259225769705994,6.924315666679689,6.6797136579354195,0.0,12,2
823,7.2397698822447545,1.0,5.4054213614622375,5.4054213614622375,0.0,0.0,0.666667,0.0,0.0,2.1972245773362196,7.438971592395862,5.914437050363729,5.688253359684525,0.0,12,2
824,6.19151338675788,0.727273,8.469948532338313,8.469948532338313,0.0,0.0,0.727273,0.0,0.0,3.332204510175204,7.824445930877619,7.59146472641325,5.01392038560294,0.454545,11,2
825,7.546150359851669,1.0,4.473921899378137,4.473921899378137,0.0,4.537276003578337,0.166667,0.0,1.0986122886681098,1.0986122886681098,7.601402334583733,6.282440240256379,6.976278183785378,0.0,12,2
849,5.14695842037017,0.909091,7.220593271315036,7.220593271315036,0.0,0.0,0.5,0.0,0.0,2.4849066497880004,7.601402334583733,8.147320782207839,4.944410267162492,0.4,12,2
850,7.148512399037486,0.909091,4.355939299910563,4.355939299910563,0.0,0.0,0.181818,0.0,0.0,1.0986122886681098,7.313886831633462,5.5533858700182055,5.630186830214581,0.0,11,2
897,2.51428258741439,0.555556,5.413875707182309,5.173320876373351,3.8918202981106265,0.0,0.222222,0.111111,0.0,1.6094379124341003,9.770013301136158,5.2668577103277325,4.566722235776602,0.0,9,2
907,6.9024029869877275,1.0,5.857590238551654,5.857590238551654,0.0,0.0,0.333333,0.0,0.0,1.6094379124341003,7.0909098220799835,5.818965006004464,5.546894637228553,0.0,12,2
921,7.54703228469022,1.0,6.520621127558696,6.520621127558696,0.0,0.0,1.0,0.0,0.0,2.5649493574615367,7.601402334583733,6.901303931720024,7.014287614191172,0.0,12,2
929,7.008469687781479,1.0,3.8426729272933526,3.8426729272933526,0.0,0.0,0.083333,0.0,0.0,0.6931471805599453,7.0909098220799835,5.686604830076322,6.109189065496708,0.0,12,2
935,5.802944049520073,1.0,4.00369019395397,4.00369019395397,0.0,0.0,0.25,0.0,0.0,1.9459101490553132,7.824445930877619,6.064047718414961,5.151261790173369,0.0,12,2
946,3.9543538003364214,0.25,6.603564348814605,6.603564348814605,0.0,0.0,0.5,0.0,0.0,1.791759469228055,8.412054873292933,7.418715817646704,4.015357107295707,1.0,8,2
953,6.989604279556747,1.0,5.602118820879701,5.602118820879701,0.0,0.0,0.25,0.0,0.0,1.3862943611198906,7.0909098220799835,5.919347170864492,5.441456317795939,0.0,12,2
955,2.865273754812837,0.272727,5.733858942238671,5.733858942238671,0.0,0.0,0.25,0.0,0.0,1.3862943611198906,7.824445930877619,5.679216476299909,3.3756112299846093,0.0,12,2
958,5.262883009692001,0.909091,6.90875477931522,6.90875477931522,0.0,0.0,0.083333,0.0,0.0,0.6931471805599453,7.313886831633462,7.029469553184332,5.06460371048549,0.090909,12,2
967,5.08646333560595,1.0,7.471226482385692,7.471226482385692,0.0,0.0,1.0,0.0,0.0,3.044522437723423,7.824445930877619,7.398816942636363,5.274759951751763,0.916667,12,2
974,7.104878224433113,1.0,4.3476939555933765,4.3476939555933765,0.0,0.0,0.166667,0.0,0.0,1.3862943611198906,7.0909098220799835,6.280556790426289,8.959654929956224,0.0,12,2
995,7.132013899575458,0.909091,6.09805181000363,6.09805181000363,0.0,0.0,0.272727,0.0,0.0,1.3862943611198906,8.160803920954665,5.616129604681209,5.563431458311035,0.0,11,2
1002,4.350059564130725,0.727273,4.248495242049359,4.248495242049359,0.0,0.0,0.083333,0.0,0.0,0.6931471805599453,8.412054873292933,6.138215640971719,4.61534994596593,0.0,12,2
1005,5.525944949548909,0.909091,7.884949182109525,7.884949182109525,0.0,0.0,0.916667,0.0,0.0,3.091042453358316,8.188966863648876,8.05734374392783,5.13470679436632,0.727273,12,2
1014,6.0227879153731845,0.909091,6.945840732587469,6.945840732587469,0.0,0.0,0.5,0.0,0.0,2.5649493574615367,8.77971129020447,7.287845745354252,5.374002478291608,0.1,12,2
1020,7.3681011891034665,1.0,3.8426729272933526,3.8426729272933526,0.0,0.0,0.090909,0.0,0.0,0.6931471805599453,7.438971592395862,5.7649127192121465,6.1784367333576835,0.0,11,2
1021,5.943808776271066,0.545455,7.080867896690782,7.080867896690782,0.0,0.0,0.083333,0.0,0.0,1.0986122886681098,9.105090961257085,7.808859410790655,5.071039072705095,0.0,12,2
1025,3.902403364690974,1.0,6.2460486242565105,6.2460486242565105,0.0,0.0,1.0,0.0,0.0,2.833213344056216,8.612685172875459,5.944409461443888,5.345050058429369,0.25,12,2
1026,6.982464739990878,1.0,3.8426729272933526,3.8426729272933526,0.0,3.9066253040130325,0.083333,0.0,0.6931471805599453,0.6931471805599453,7.0909098220799835,5.706412180613273,5.927932916219579,0.0,12,2
1028,3.279819943875266,0.454545,3.8426729272933526,3.8426729272933526,0.0,0.0,0.083333,0.0,0.0,0.6931471805599453,7.313886831633462,6.199404082924143,4.777512422925367,0.0,12,2
1036,6.999674224135769,1.0,4.787491742782046,4.787491742782046,0.0,4.0206964612345,0.083333,0.0,1.3862943611198906,0.6931471805599453,7.0909098220799835,5.902778268252995,6.294631156056513,0.0,12,2
1040,5.347956341803963,0.5,3.5553480614894135,2.995732273553991,2.772588722239781,0.0,0.166667,0.166667,0.0,1.3862943611198906,8.699681400989514,6.456627879431349,4.409137686335202,0.0,6,2
1046,4.951234386569316,0.363636,6.950354892600954,6.950354892600954,0.0,0.0,0.083333,0.0,0.0,0.6931471805599453,8.699681400989514,8.075161727261968,5.564776087277466,0.5,12,2
1048,7.432208076415558,1.0,5.638354669333745,5.638354669333745,0.0,3.914376314223596,0.166667,0.0,0.6931471805599453,1.3862943611198906,7.496097345175956,6.3080668508466164,6.5006668069314495,0.0,12,2
1051,6.31949012342162,1.0,4.51085950651685,4.51085950651685,0.0,0.0,0.083333,0.0,0.0,0.6931471805599453,8.853808274977197,6.028561523554973,5.252164359271622,0.0,12,2
1062,7.374959899655605,1.0,4.110873864173311,4.110873864173311,0.0,4.593647716572461,1.0,0.0,0.6931471805599453,2.5649493574615367,7.496097345175956,6.049180804907386,5.956862230126052,0.0,12,2
1064,6.76385685389639,1.0,4.215086179918229,4.215086179918229,0.0,4.3340796430595425,0.083333,0.0,0.6931471805599453,0.6931471805599453,6.90875477931522,6.02626958077087,5.486941151683076,0.0,12,2
1065,7.895341460201682,1.0,4.875197323201151,4.875197323201151,0.0,0.0,0.083333,0.0,0.0,0.6931471805599453,8.412054873292933,6.415793966614626,6.794233586890523,0.0,12,2
1069,6.40087099791071,1.0,3.6054978451748854,3.6054978451748854,0.0,0.0,0.083333,0.0,0.0,0.6931471805599453,6.621405651764134,5.547136769841135,5.384837472050255,0.0,12,2
1073,6.935248324745382,0.909091,5.043167019098741,5.043167019098741,0.0,0.0,0.083333,0.0,0.0,1.0986122886681098,9.04793908261736,7.424816020339263,5.58751002499009,0.090909,12,2
1074,3.7641179708897594,0.636364,6.120055631480957,6.120055631480957,0.0,0.0,0.25,0.0,0.0,1.3862943611198906,8.77971129020447,6.677456814715859,4.8553613347378075,1.0,12,2
1077,2.7860383072190786,0.272727,4.897839799950911,4.897839799950911,0.0,0.0,0.166667,0.0,0.0,1.0986122886681098,7.0909098220799835,6.660738853468965,4.505864812013195,0.0,12,2
1080,3.695707390610964,0.545455,6.069559204717347,6.069559204717347,0.0,0.0,0.333333,0.0,0.0,2.0794415416798357,7.313886831633462,6.615755159837639,4.689959166115552,0.0,12,2
1097,1.993164031707559,0.090909,5.147494476813453,5.147494476813453,0.0,0.0,0.166667,0.0,0.0,1.0986122886681098,8.294299608857235,6.208204758731734,4.491247978981926,0.0,12,2
1105,6.236826970912095,1.0,6.081625126815939,6.081625126815939,0.0,0.0,0.333333,0.0,0.0,1.791759469228055,8.160803920954665,6.184737041654277,5.4835120502903765,0.0,12,2
1115,6.037581668068987,1.0,5.8998973535824915,5.8998973535824915,0.0,0.0,0.083333,0.0,0.0,1.6094379124341003,8.517393171418904,6.947505795995334,5.358083436384761,0.0,12,2
1127,3.324574943193673,0.272727,4.74493212836325,4.74493212836325,0.0,0.0,0.083333,0.0,0.0,0.6931471805599453,7.0909098220799835,5.813515886252754,4.832261223715634,0.0,12,2
1129,6.860155942995294,1.0,4.874815570953721,4.874815570953721,0.0,0.0,0.083333,0.0,0.0,1.0986122886681098,7.313886831633462,7.491097593484876,6.218297476290273,0.083333,12,2
1130,8.714653292194246,1.0,3.1424266527047946,3.1424266527047946,0.0,0.0,0.083333,0.0,0.0,0.6931471805599453,9.105090961257085,6.345252251980518,10.326446494006802,0.0,12,2
1144,4.845139664108468,0.454545,6.3818160174060985,6.3818160174060985,0.0,0.0,0.083333,0.0,0.0,0.6931471805599453,7.824445930877619,7.2948664934725285,5.058320358979453,0.0,12,2
1146,7.56673628613302,1.0,4.795790545596741,4.795790545596741,0.0,0.0,0.083333,0.0,0.0,0.6931471805599453,7.650168700845001,6.168945398234987,6.62393510246809,0.0,12,2
1154,7.662970557633416,1.0,6.6125516571315055,6.6125516571315055,0.0,0.0,0.166667,0.0,0.0,2.9444389791664403,7.650168700845001,6.955218772083977,8.412138765130502,0.0,12,2
1156,4.344582107168528,1.0,6.833139485601347,6.833139485601347,0.0,0.0,1.0,0.0,0.0,2.5649493574615367,7.313886831633462,6.810927865961386,5.101483242026635,1.0,12,2
1157,3.283140758584146,0.181818,6.8586700712916455,6.8586700712916455,0.0,0.0,0.166667,0.0,0.0,1.0986122886681098,8.699681400989514,6.764126055003925,4.6951758215413175,0.0,12,2
1166,0.7222704510781124,0.181818,3.2771447329921766,3.2771447329921766,0.0,0.0,0.083333,0.0,0.0,0.6931471805599453,8.612685172875459,6.3363796458244686,4.438506407872686,0.5,12,2
1167,7.012445137199529,1.0,5.857304385421045,5.857304385421045,0.0,3.864026628126541,0.714286,0.0,0.6931471805599453,2.302585092994046,7.0909098220799835,6.086168622813776,6.382159263059096,0.0,7,2
1173,5.900282520492083,1.0,7.288504107553203,7.288504107553203,0.0,0.0,0.333333,0.0,0.0,1.791759469228055,7.824445930877619,7.528028118460246,5.392832766962516,0.083333,12,2
1174,4.300085238130894,0.272727,6.233547608241586,6.233547608241586,0.0,0.0,0.083333,0.0,0.0,1.0986122886681098,8.853808274977197,7.695518321545397,5.385974683207046,0.0,12,2
1204,3.713034532014517,0.3,6.070853194777054,6.070853194777054,0.0,0.0,0.2,0.0,0.0,1.3862943611198906,9.210440366976517,7.157372708953347,4.034633799792281,0.0,10,2
1207,7.772265258311895,1.0,5.389071729816501,5.389071729816501,0.0,0.0,0.333333,0.0,0.0,1.6094379124341003,8.77971129020447,6.274400982440622,6.267965743371145,0.0,12,2
1209,4.540978463375626,0.2,6.827434199233356,6.827434199233356,0.0,0.0,0.1,0.0,0.0,0.6931471805599453,7.0909098220799835,8.443577252501997,4.237901555144203,0.0,10,2
1210,1.6860477808051795,0.181818,4.343805421853684,4.343805421853684,0.0,0.0,0.083333,0.0,0.0,0.6931471805599453,7.313886831633462,5.7329166463018595,4.701869554967613,0.0,12,2
1215,1.266747865231108,0.181818,5.780681785491992,5.780681785491992,0.0,0.0,0.166667,0.0,0.0,1.3862943611198906,9.15915233520675,7.099556571593351,1.8654596439579947,0.0,12,2
1220,3.492754649305051,0.909091,5.743163431380052,5.743163431380052,0.0,0.0,0.916667,0.0,0.0,2.4849066497880004,8.699681400989514,5.771990165525069,4.778898946894511,1.0,12,2
1221,3.752330266723508,1.0,6.537271139769218,6.537271139769218,0.0,0.0,1.0,0.0,0.0,2.5649493574615367,9.210440366976517,6.578081889730309,5.261847186009377,1.0,12,2
1235,1.846913625885771,0.454545,3.6101067729485403,3.6101067729485403,0.0,0.0,0.083333,0.0,0.0,0.6931471805599453,7.601402334583733,4.431933353835152,4.585676839259746,0.0,12,2
1237,2.595907478929502,0.3,4.460144413937834,4.460144413937834,0.0,0.0,0.1,0.0,0.0,0.6931471805599453,7.313886831633462,6.028303768104739,4.29695120071849,0.0,10,2
1238,7.345509485862249,1.0,6.547688876257255,6.547688876257255,0.0,0.0,0.083333,0.0,0.0,1.0986122886681098,7.496097345175956,6.378986266164884,6.823667509901126,0.0,12,2
1252,7.001199723019774,1.0,5.431755004777753,5.431755004777753,0.0,0.0,0.083333,0.0,0.0,1.0986122886681098,7.824445930877619,5.988552217891151,5.8669583899581985,0.0,12,2
1253,4.331250732731562,0.272727,6.378511069692128,6.378511069692128,0.0,0.0,0.166667,0.0,0.0,1.791759469228055,9.105090961257085,6.56298980775906,2.9503696212490387,0.0,12,2
1260,2.984484706153211,0.5,4.0943445622221,4.0943445622221,0.0,0.0,0.166667,0.0,0.0,0.6931471805599453,7.0909098220799835,4.856886088112033,4.035182336208486,0.0,6,2
1263,5.764117052845422,1.0,8.389212081720878,8.389212081720878,0.0,0.0,0.916667,0.0,0.0,3.871201010907891,9.711176264112805,8.301367951813871,5.194043538009606,0.916667,12,2
1279,3.7870052799005136,0.727273,6.1993523185307415,6.1993523185307415,0.0,0.0,0.545455,0.0,0.0,2.0794415416798357,7.650168700845001,6.573289832410138,4.871851694654207,1.0,11,2
1284,4.395122705563878,0.454545,5.755742213586912,5.755742213586912,0.0,0.0,0.083333,0.0,0.0,0.6931471805599453,5.707110264748875,6.962222125970365,5.252961965819194,0.0,12,2
1287,5.984992365151011,1.0,8.378009281947865,8.378009281947865,0.0,0.0,0.916667,0.0,0.0,2.70805020110221,8.517393171418904,8.385364034879732,5.102121888457054,1.0,12,2
1291,8.436028791130695,1.0,5.817111159963204,5.817111159963204,0.0,0.0,0.166667,0.0,0.0,1.0986122886681098,8.699681400989514,8.755519845374957,7.4878582760805905,0.083333,12,2
1295,3.4804145486707476,0.272727,5.40042258948519,5.40042258948519,0.0,0.0,0.083333,0.0,0.0,1.0986122886681098,8.229777750081887,7.0904728023709716,4.5023803078530475,0.0,12,2
1298,7.668180648267087,1.0,3.8426729272933526,3.8426729272933526,0.0,0.0,0.083333,0.0,0.0,0.6931471805599453,7.824445930877619,6.592896878036331,6.628651009098686,0.0,12,2
1301,2.7833579009138627,0.666667,5.761768323854854,5.761768323854854,0.0,0.0,0.666667,0.0,0.0,1.9459101490553132,9.305741456739435,5.856029552353487,4.277907431602041,1.0,6,2
1304,5.924905754595792,0.909091,8.18986343467197,8.18986343467197,0.0,0.0,0.75,0.0,0.0,3.2188758248682006,8.699681400989514,8.466678491319156,5.143081912732834,1.0,12,2
1312,3.9403236573070477,0.636364,6.318481508887005,6.318481508887005,0.0,0.0,0.5,0.0,0.0,2.1972245773362196,9.472781556562168,5.919512399493743,4.783635826616456,0.545455,12,2
1313,6.998712081119201,1.0,3.58351893845611,3.58351893845611,0.0,2.9858937839463575,0.083333,0.0,0.6931471805599453,1.0986122886681098,7.0909098220799835,5.855342292525868,6.204492657419093,0.0,12,2
1321,6.659934862953557,1.0,6.537271139769218,6.537271139769218,0.0,0.0,1.0,0.0,0.0,2.5649493574615367,8.853808274977197,7.41699893669942,5.601430395777626,0.0,12,2
1322,5.50614278807915,1.0,7.715498198939774,7.715498198939774,0.0,0.0,0.916667,0.0,0.0,3.332204510175204,8.699681400989514,7.617906007873159,5.090725379109006,0.2,12,2
1344,4.142768214789916,0.818182,5.998018026077824,5.998018026077824,0.0,0.0,0.5,0.0,0.0,2.0794415416798357,8.699681400989514,6.694051386070905,4.875333703213952,0.2,12,2
1351,5.009480647748652,0.727273,8.12787108114526,8.12787108114526,0.0,3.8814532557514,0.583333,0.0,0.6931471805599453,2.833213344056216,9.711176264112805,8.40638937025941,4.939313441207783,1.0,12,2
1353,5.183293235985651,0.636364,6.0658296290632885,6.0658296290632885,0.0,0.0,0.25,0.0,0.0,1.6094379124341003,8.853808274977197,7.372712723878626,4.899879911537221,0.25,12,2
1356,8.352660349475112,1.0,7.937146098608293,7.937146098608293,0.0,3.901224510985912,0.428571,0.0,0.6931471805599453,1.6094379124341003,8.412054873292933,6.291996903609787,6.837902531121723,0.0,7,2
1370,4.310896717938642,1.0,6.792849350480779,6.792849350480779,0.0,0.0,1.0,0.0,0.0,2.8903717578961645,9.04793908261736,6.908362392651332,5.1509904286141035,0.363636,12,2
1373,7.935062831576835,1.0,9.175994238730139,9.175994238730139,0.0,0.0,0.416667,0.0,0.0,2.5649493574615367,9.04793908261736,8.699808614693874,6.526896860748703,0.0,12,2
1375,4.193483493901598,0.363636,6.935769199187321,6.935769199187321,0.0,0.0,0.25,0.0,0.0,2.0794415416798357,8.699681400989514,7.3519499944144435,5.116926464560524,0.666667,12,2
1377,3.217150537415354,0.636364,5.231375960794155,5.231375960794155,0.0,0.0,0.416667,0.0,0.0,2.0794415416798357,9.711176264112805,6.020535031112455,5.347325326045963,1.0,12,2
1383,7.560721502742404,1.0,5.124440056536745,5.124440056536745,0.0,4.897113133007354,0.166667,0.0,1.0986122886681098,1.0986122886681098,7.741099090035366,6.440200862364993,6.159749622637055,0.0,12,2
1386,0.9551471479100678,0.272727,5.241747015059643,5.241747015059643,0.0,5.011748167955698,0.083333,0.0,0.6931471805599453,0.6931471805599453,8.006700845440367,5.87904013801997,3.0120501105251076,0.0,12,2
1388,5.294881320095854,0.909091,6.191564625253579,6.191564625253579,0.0,0.0,0.166667,0.0,0.0,2.1972245773362196,8.006700845440367,4.512746735568316,5.293305357387667,0.0,12,2
1403,8.103442557140243,1.0,7.8550406749585155,7.8550406749585155,0.0,0.0,0.583333,0.0,0.0,3.1780538303479458,8.517393171418904,7.2530400324892375,6.648316190712079,0.0,12,2
1405,4.434141124288316,0.545455,6.803205545662573,6.803205545662573,0.0,0.0,0.333333,0.0,0.0,1.791759469228055,8.987321812850125,7.52176901382291,4.926777397837361,1.0,12,2
1414,8.361744249845117,1.0,6.914899696742457,6.914899696742457,0.0,0.0,0.3,0.0,0.0,2.302585092994046,8.922791623969637,6.730924011330301,6.826257524908495,0.0,10,2
1417,3.041934043099423,0.272727,5.14166355650266,5.14166355650266,0.0,0.0,0.083333,0.0,0.0,0.6931471805599453,8.77971129020447,6.600704211442139,5.118338764889857,1.0,12,2
1420,5.744146764445625,0.818182,7.73371421829225,7.73371421829225,0.0,0.0,0.666667,0.0,0.0,2.9444389791664403,9.105090961257085,7.7817848420546945,5.187689273756189,1.0,12,2
1425,3.4956949283392995,0.545455,4.559440334281917,4.559440334281917,0.0,0.0,0.083333,0.0,0.0,1.0986122886681098,7.650168700845001,4.750265420175799,4.949962046930961,0.0,12,2
1431,3.896167711948851,1.0,6.001662372084428,6.001662372084428,0.0,0.0,0.666667,0.0,0.0,2.1972245773362196,8.853808274977197,5.835384809093826,5.0735581607667655,0.666667,12,2
1443,7.757356263570089,1.0,6.652475857637857,6.652475857637857,0.0,0.0,0.833333,0.0,0.0,3.044522437723423,9.15915233520675,6.913499660385757,6.3616123846418295,0.0,12,2
1456,6.8737901411469675,1.0,5.375278407684165,5.375278407684165,0.0,0.0,0.25,0.0,0.0,1.3862943611198906,6.90875477931522,5.989163133385828,6.578106046836465,0.0,12,2
1470,4.872245681312613,0.636364,6.988450081687794,6.988450081687794,0.0,0.0,0.333333,0.0,0.0,2.3978952727983707,8.612685172875459,7.580425659052216,4.482362064459638,1.0,12,2
1471,5.572559873767298,1.0,7.873536881854297,7.873536881854297,0.0,0.0,1.0,0.0,0.0,3.6635616461296463,8.412054873292933,7.820419111200145,5.126651050515714,1.0,12,2
1476,7.814666518219983,0.909091,6.089044875446846,6.089044875446846,0.0,0.0,0.272727,0.0,0.0,1.3862943611198906,9.259225769705994,6.238440883906184,6.202137520993895,0.0,11,2
1480,3.1694463924103307,0.636364,2.5649493574615367,2.5649493574615367,0.0,0.0,0.083333,0.0,0.0,0.6931471805599453,7.3783837129967145,4.795043448407304,4.456556516918165,0.0,12,2
1483,6.964688456736121,1.0,6.917012300244814,6.917012300244814,0.0,0.0,0.916667,0.0,0.0,2.772588722239781,7.0909098220799835,6.988646869637158,6.0348751267489815,0.0,12,2
1495,6.981379195142515,1.0,5.017279836814924,5.017279836814924,0.0,0.0,0.083333,0.0,0.0,0.6931471805599453,7.0909098220799835,5.4167027007862085,6.097278570165781,0.0,12,2
1509,4.330899655402574,0.545455,6.175908849282915,6.175908849282915,0.0,0.0,0.083333,0.0,0.0,0.6931471805599453,7.576097340623111,6.187726107741738,4.471667832941916,0.0,12,2
1515,8.440007260218234,1.0,7.481814823264256,7.481814823264256,0.0,0.0,0.583333,0.0,0.0,2.5649493574615367,8.556606193773073,6.762931710764763,7.67574279848548,0.0,12,2
1521,6.677981872416398,1.0,7.176254532017144,7.176254532017144,0.0,0.0,0.166667,0.0,0.0,0.6931471805599453,8.006700845440367,7.33570428584435,4.759332131466178,0.0,6,2
1548,6.738575856387507,1.0,3.828641396489095,3.828641396489095,0.0,0.0,0.083333,0.0,0.0,0.6931471805599453,7.601402334583733,5.721650568550001,5.749053714986586,0.0,12,2
1564,3.700752218086066,0.545455,5.788919874624994,5.788919874624994,0.0,0.0,0.333333,0.0,0.0,2.0794415416798357,6.90875477931522,5.666562512797877,4.69050868616591,0.0,12,2
1565,2.2016967843162925,0.181818,5.180940498394464,5.180940498394464,0.0,0.0,0.166667,0.0,0.0,1.6094379124341003,8.699681400989514,5.588034256104591,5.141242783779706,1.0,12,2
1570,5.835918921045465,1.0,6.0589362622229945,6.0589362622229945,0.0,3.614803758362403,0.416667,0.0,0.6931471805599453,2.6390573296152584,8.006700845440367,6.391384814292634,5.181284054778452,0.0,12,2
1574,0.0,0.0,7.8636512654486515,7.8636512654486515,0.0,0.0,0.083333,0.0,0.0,0.6931471805599453,8.699681400989514,7.799039982366288,3.917679039865901,0.0,12,2
1576,5.1260848240595625,1.0,5.666426688112432,5.666426688112432,0.0,5.250731706172568,0.083333,0.0,0.6931471805599453,1.3862943611198906,8.699681400989514,5.680902294949953,5.131346967474043,0.0,12,2
1583,7.060296384997325,1.0,6.249975242259483,6.249975242259483,0.0,0.0,0.272727,0.0,0.0,2.5649493574615367,7.0909098220799835,6.2956710485482805,6.566563774111396,0.0,11,2
1609,5.861865165415133,0.636364,8.090855764095439,8.090855764095439,0.0,0.0,0.583333,0.0,0.0,3.258096538021482,8.922791623969637,8.422610093523787,4.964389527200946,1.0,12,2
1613,7.421265243479629,0.727273,8.137971687610671,8.137971687610671,0.0,0.0,0.25,0.0,0.0,3.4657359027997265,7.901377353792616,7.060950598598122,7.158202853209164,0.125,12,2
1618,8.93750127340694,1.0,8.218460956851892,8.218460956851892,0.0,0.0,0.666667,0.0,0.0,4.060443010546419,9.392745258631441,8.436299962802286,8.398997820036163,0.0,12,2
1619,3.27391582757,1.0,5.575646026920326,5.575646026920326,0.0,0.0,0.916667,0.0,0.0,2.4849066497880004,9.472781556562168,5.639660332598606,5.141767299659164,0.636364,12,2
1625,7.785205198331628,1.0,5.908517626287056,5.908517626287056,0.0,0.0,0.333333,0.0,0.0,2.1972245773362196,7.8636512654486515,6.5341713752217405,6.450534070987424,0.0,12,2
1630,7.112427023289882,1.0,5.691507443780589,5.691507443780589,0.0,0.0,0.416667,0.0,0.0,2.1972245773362196,7.0909098220799835,6.0873053860878175,7.157102879992412,0.0,12,2
1632,3.450792174412123,0.454545,5.955707827395863,5.955707827395863,0.0,0.0,0.333333,0.0,0.0,1.6094379124341003,9.581972891547895,6.212938551504024,4.469904089634689,0.272727,12,2
1637,8.569923011606349,1.0,6.527329064965399,6.507978958991441,2.6461747973841225,0.0,0.333333,0.083333,0.0,2.302585092994046,8.853808274977197,7.479961233673901,7.198745424471747,0.0,12,2
1654,4.575838188324444,1.0,6.8450284490738325,6.8450284490738325,0.0,5.010546190126615,1.0,0.0,0.6931471805599453,2.5649493574615367,8.987321812850125,8.22246077935959,5.211907285107635,0.416667,12,2
1663,5.975506453861013,1.0,8.298098930647983,8.298098930647983,0.0,0.0,1.0,0.0,0.0,3.295836866004329,8.922791623969637,8.068065551090287,5.181278928609955,0.916667,12,2
1671,7.066833018320859,0.909091,7.5210039081441975,7.5210039081441975,0.0,0.0,0.25,0.0,0.0,2.0794415416798357,8.006700845440367,8.030931316328266,6.752691886592794,0.1,12,2
1692,4.976822579853723,0.636364,6.516976792525597,6.516976792525597,0.0,0.0,0.166667,0.0,0.0,1.0986122886681098,8.294299608857235,7.573659930726864,5.609108688976838,0.0,12,2
1717,4.990764980509411,0.909091,8.08860785886727,8.08860785886727,0.0,0.0,0.916667,0.0,0.0,3.1354942159291497,8.77971129020447,8.160427342202889,4.329135933532296,0.25,12,2
1720,8.564099824377747,1.0,7.50891325917601,7.50891325917601,0.0,0.0,0.75,0.0,0.0,2.70805020110221,8.657129031713755,7.6538462559015725,7.885757756551136,0.0,12,2
1721,7.735876804859456,1.0,7.469916396245283,7.469916396245283,0.0,0.0,1.0,0.0,0.0,3.9318256327243257,7.824445930877619,6.89871427095962,7.0231320752985935,0.0,12,2
1726,1.8358709275251455,0.181818,4.256605125012738,4.256605125012738,0.0,0.0,0.083333,0.0,0.0,1.0986122886681098,8.294299608857235,6.023026165189772,4.436154421215307,0.0,12,2
1731,4.588932332728251,1.0,4.110873864173311,4.110873864173311,0.0,0.0,0.083333,0.0,0.0,0.6931471805599453,9.433563920090563,6.119026242117148,5.327293523356536,0.0,12,2
1743,2.5055147532547286,0.636364,4.933322190993586,4.933322190993586,0.0,0.0,0.166667,0.0,0.0,1.3862943611198906,9.210440366976517,5.461474346198513,4.6290692935927344,0.166667,12,2
1757,6.792653183392264,0.545455,6.077963292724599,6.077963292724599,0.0,0.0,0.166667,0.0,0.0,2.0794415416798357,7.496097345175956,8.112454035940685,7.006153686208641,0.0,12,2
1766,6.8323219529348265,0.909091,3.8426729272933526,3.8426729272933526,0.0,0.0,0.083333,0.0,0.0,0.6931471805599453,6.90875477931522,7.165995815636395,9.206206111687155,0.0,12,2
1793,2.8335392909297616,0.272727,5.02604922014861,5.02604922014861,0.0,0.0,0.166667,0.0,0.0,1.3862943611198906,8.517393171418904,6.113321163346187,4.895990374399366,0.5,12,2
1805,7.6121594417999106,1.0,5.897648250903697,5.897648250903697,0.0,0.0,1.0,0.0,0.0,2.6390573296152584,7.601402334583733,6.558539262238859,6.680678763694473,0.0,12,2
1807,7.250113125656173,0.909091,5.028082207699977,5.028082207699977,0.0,0.0,0.090909,0.0,0.0,0.6931471805599453,7.313886831633462,5.825678055527319,5.824299594481008,0.0,11,2
1812,4.022542874702138,1.0,4.663439094112067,4.663439094112067,0.0,0.0,0.083333,0.0,0.0,0.6931471805599453,8.294299608857235,5.800857236064199,5.170359237256223,0.0,12,2
1830,2.4411992464766983,0.363636,5.4900528067025665,5.4900528067025665,0.0,0.0,0.083333,0.0,0.0,0.6931471805599453,7.824445930877619,6.3259660717227,5.325745760303391,0.0,12,2
1848,3.984830376452489,1.0,6.23429307173859,6.23429307173859,0.0,0.0,1.0,0.0,0.0,2.5649493574615367,8.006700845440367,6.173439364628155,5.111974378628079,0.4,12,2
1849,4.701761118006318,1.0,5.770256621261527,5.770256621261527,0.0,0.0,0.666667,0.0,0.0,2.6390573296152584,8.160803920954665,6.395195535833218,5.133573563854416,0.0,12,2
1850,7.858460551690532,1.0,5.993961427306569,5.993961427306569,0.0,0.0,0.083333,0.0,0.0,0.6931471805599453,8.006700845440367,6.7885929189951675,6.8463690066836005,0.0,12,2
1853,7.675710653483297,1.0,4.653960350157523,4.653960350157523,0.0,4.526195396220523,0.090909,0.0,0.6931471805599453,0.6931471805599453,8.699681400989514,6.597788495250724,6.241168744662959,0.0,11,2
1863,2.083361349186644,0.454545,6.2212460186023755,6.052089168924417,4.373616367313912,0.0,0.166667,0.166667,0.0,1.791759469228055,7.824445930877619,6.739479104780748,3.275472240816914,0.0,12,2
1870,7.853169262337043,1.0,8.288031567776464,8.288031567776464,0.0,0.0,0.416667,0.0,0.0,1.791759469228055,8.294299608857235,7.778204184703678,6.504325472242238,0.0,12,2
1882,5.3565539439607015,0.818182,4.516448255927287,4.516448255927287,0.0,0.0,0.083333,0.0,0.0,0.6931471805599453,8.77971129020447,7.124289968599769,5.4466644724575035,0.0,12,2
1887,4.885394279221422,0.636364,7.057596687221297,7.057596687221297,0.0,0.0,0.5,0.0,0.0,2.1972245773362196,9.472781556562168,7.016079188049227,4.545787683047504,0.3,12,2
1892,7.0100386332312965,1.0,7.139763423434729,7.139763423434729,0.0,0.0,0.2,0.0,0.0,1.3862943611198906,8.77971129020447,7.350885211630243,5.478304174936834,0.0,10,2
1897,7.1935557956675416,1.0,7.17469368149597,7.17469368149597,0.0,2.9666841833768363,0.25,0.0,0.6931471805599453,2.0794415416798357,8.922791623969637,6.440012576713683,5.9992623178154805,0.0,12,2
1899,6.328207147177704,1.0,4.553876891600541,4.553876891600541,0.0,0.0,0.25,0.0,0.0,1.3862943611198906,8.612685172875459,5.544135217956384,5.3903457763219595,0.0,12,2
1939,5.13308416262032,1.0,5.1802655447719,4.700480365792417,4.230185785133514,0.0,0.083333,0.166667,0.0,1.6094379124341003,8.517393171418904,5.288641591850878,5.159388054190279,0.0,12,2
1941,7.173025079826142,1.0,3.8426729272933526,3.8426729272933526,0.0,0.0,0.083333,0.0,0.0,0.6931471805599453,7.313886831633462,5.866083467407488,8.538073846255395,0.0,12,2
1945,7.177249519269017,1.0,6.824014910044239,6.824014910044239,0.0,0.0,0.583333,0.0,0.0,3.1354942159291497,7.496097345175956,5.556959886987037,5.934144102200532,0.0,12,2
1964,3.9594280965408846,1.0,6.188284656752676,6.188284656752676,0.0,0.0,0.833333,0.0,0.0,2.6390573296152584,8.853808274977197,6.30086701154855,5.109619981288504,0.0,12,2
1976,8.374383982938204,1.0,5.811380485254219,5.811380485254219,0.0,4.29113362479442,0.416667,0.0,0.6931471805599453,2.0794415416798357,9.433563920090563,7.015963524505553,7.400003649174815,0.0,12,2
1981,7.603548378010474,1.0,7.313886831633462,7.313886831633462,0.0,0.0,0.083333,0.0,0.0,0.6931471805599453,8.006700845440367,6.516823411363577,6.5131774848985025,0.0,12,2
1990,7.372565890948759,1.0,6.515556778974358,6.515556778974358,0.0,0.0,0.75,0.0,0.0,2.4849066497880004,7.3783837129967145,6.723553581029969,6.926119444737426,0.0,12,2
1993,7.649027275749975,1.0,6.871309113210003,6.871309113210003,0.0,0.0,1.0,0.0,0.0,2.4849066497880004,7.650168700845001,6.435416464512477,7.133455867887437,0.0,6,2
1995,1.394074020938714,0.272727,3.654546775033431,3.654546775033431,0.0,0.0,0.083333,0.0,0.0,0.6931471805599453,8.922791623969637,4.489647476369027,4.055099743444948,0.0,12,2
2005,6.720939521178704,1.0,7.017506142941256,7.017506142941256,0.0,0.0,0.083333,0.0,0.0,0.6931471805599453,7.496097345175956,5.595810782471915,5.670262060683145,0.0,12,2
2006,8.350749060856876,1.0,3.507057772361633,3.507057772361633,0.0,0.0,0.083333,0.0,0.0,0.6931471805599453,9.546884034617925,7.141726976153205,7.060303695299082,0.0,12,2
2017,4.904727021039325,0.272727,5.5124201732100975,5.5124201732100975,0.0,0.0,0.416667,0.0,0.0,1.791759469228055,9.305741456739435,8.868417063099553,5.025625773322597,0.0,12,2
2022,7.085427973206865,1.0,6.537271139769218,6.537271139769218,0.0,0.0,1.0,0.0,0.0,2.5649493574615367,8.160803920954665,5.796577573081147,5.796194616778731,0.0,12,2
2029,5.744097316596324,0.909091,8.222121214087974,8.222121214087974,0.0,0.0,0.5,0.0,0.0,3.295836866004329,8.294299608857235,8.295524943556517,5.0599369845566615,0.714286,12,2
2047,5.268928781618704,1.0,7.569772924345162,7.569772924345162,0.0,0.0,1.0,0.0,0.0,3.4339872044851463,7.601402334583733,7.650550763975241,5.135855141324897,0.916667,12,2
2063,7.947949238803551,1.0,3.043569602968151,3.043569602968151,0.0,0.0,0.083333,0.0,0.0,1.0986122886681098,8.612685172875459,6.387250267387935,7.056443286115696,0.0,12,2
2064,7.2817088879966,1.0,5.332187251055652,5.332187251055652,0.0,0.0,0.25,0.0,0.0,1.3862943611198906,7.3783837129967145,6.219904438021337,6.198246742433935,0.0,12,2
2066,7.255505187214949,1.0,4.595927604621159,4.24017501043364,3.422958873443668,0.0,0.166667,0.083333,0.0,1.3862943611198906,7.313886831633462,6.2619409955793595,6.285776429347055,0.0,12,2
2068,6.1816695622085795,0.818182,8.35265104011426,8.35265104011426,0.0,0.0,0.333333,0.0,0.0,1.6094379124341003,8.699681400989514,8.758008004122296,4.854458438516133,1.0,12,2
2078,7.237478813541237,1.0,6.570700872933183,6.570700872933183,0.0,0.0,0.083333,0.0,0.0,0.6931471805599453,8.412054873292933,6.6873400648688,5.900279710611711,0.0,12,2
2098,7.034958901681858,1.0,4.9706462858798925,4.9706462858798925,0.0,0.0,0.1,0.0,0.0,0.6931471805599453,7.0909098220799835,5.6732109309651095,5.662423172617667,0.0,10,2
2104,5.800268596103383,1.0,4.301900590194597,4.301900590194597,0.0,0.0,0.083333,0.0,0.0,0.6931471805599453,8.006700845440367,6.1499078426062725,5.38123143560735,0.0,12,2
2113,6.551918163966712,1.0,6.680992686832539,6.680992686832539,0.0,0.0,0.083333,0.0,0.0,0.6931471805599453,8.699681400989514,6.695385010644671,7.3529605672203235,0.0,12,2
2127,6.17344221561247,1.0,6.967899785561695,6.948887625338279,3.044522437723423,0.0,0.083333,0.083333,0.0,1.6094379124341003,7.170888478512505,7.0594374642965025,5.345008901563548,0.0,12,2
2133,5.614032379891271,1.0,4.110873864173311,4.110873864173311,0.0,0.0,0.083333,0.0,0.0,0.6931471805599453,7.741099090035366,4.723485542158988,5.34699632453429,0.0,12,2
2137,6.049080173493676,0.727273,5.846034068897776,5.846034068897776,0.0,0.0,0.25,0.0,0.0,1.6094379124341003,9.04793908261736,7.313619150240374,5.22691601664691,0.0,12,2
2141,5.858180118271107,0.818182,7.852026869770702,7.852026869770702,0.0,5.233326065587817,0.363636,0.0,0.6931471805599453,2.1972245773362196,8.517393171418904,8.120849487726336,5.108368674969904,0.714286,11,2
2143,8.77366919930756,1.0,8.826950307269863,8.826950307269863,0.0,0.0,1.0,0.0,0.0,2.772588722239781,9.472781556562168,7.559464510777621,7.404966665554127,0.0,12,2
2146,6.692729717442715,1.0,8.29910683092879,8.29910683092879,0.0,0.0,0.833333,0.0,0.0,2.995732273553991,8.412054873292933,8.224085469378087,5.624043726060202,0.272727,12,2
2150,5.425083841125739,1.0,6.077825712756026,6.077825712756026,0.0,0.0,0.916667,0.0,0.0,2.772588722239781,8.922791623969637,8.24197034189439,5.200201671463468,0.2,12,2
2154,4.155577171725579,1.0,6.688479239194416,6.688479239194416,0.0,0.0,0.916667,0.0,0.0,3.091042453358316,9.472781556562168,6.5670103234843,5.148707171434562,0.818182,12,2
2160,4.2371219535577165,0.272727,6.660575149839686,6.660575149839686,0.0,0.0,0.166667,0.0,0.0,1.0986122886681098,8.071218539969863,5.284085197997807,2.710528062001062,0.0,12,2
2169,5.942190158095621,1.0,6.203547151062767,6.203547151062767,0.0,0.0,0.25,0.0,0.0,1.3862943611198906,8.294299608857235,8.104416403002604,8.130752806939167,0.272727,12,2
2186,3.859913904676847,0.545455,5.476421710051968,5.476421710051968,0.0,0.0,0.166667,0.0,0.0,1.0986122886681098,8.412054873292933,6.300396935581111,5.278570708285561,0.0,12,2
2199,3.6115549259243926,0.181818,5.616043560348194,5.616043560348194,0.0,0.0,0.083333,0.0,0.0,0.6931471805599453,8.612685172875459,5.167785755789782,5.562696415358361,1.0,12,2
2214,8.333063040421335,1.0,2.2407096892759584,2.2407096892759584,0.0,0.0,1.0,0.0,0.0,2.5649493574615367,8.922791623969637,6.909928326203857,7.559277260247551,0.0,12,2
2216,4.884773568523555,0.5,7.0129347782574865,7.0129347782574865,0.0,0.0,0.5,0.0,0.0,3.091042453358316,9.15915233520675,7.6678529484515865,4.505115967003628,1.0,10,2
2219,7.316770230932533,0.909091,6.338594078203183,6.338594078203183,0.0,0.0,0.25,0.0,0.0,1.3862943611198906,7.696667081526462,7.828960106486169,6.1576051983717,0.0,12,2
2228,3.721911683038065,0.5,5.767664530367487,5.767664530367487,0.0,0.0,0.2,0.0,0.0,1.0986122886681098,8.699681400989514,6.4050576450960355,4.054903332756885,0.0,10,2
2242,8.338596765538723,1.0,7.2754008251993,7.2754008251993,0.0,0.0,0.083333,0.0,0.0,0.6931471805599453,8.699681400989514,6.935516345877045,7.259585257306904,0.0,12,2
2243,5.099551439196099,0.545455,5.993961427306569,5.993961427306569,0.0,0.0,0.083333,0.0,0.0,0.6931471805599453,8.294299608857235,4.928743372123842,4.281889868117106,0.0,12,2
2247,7.3779507498250965,1.0,4.732419386903555,4.732419386903555,0.0,4.270593244160469,0.25,0.0,0.6931471805599453,1.3862943611198906,7.496097345175956,6.391168709455128,5.94269361100369,0.0,12,2
2250,7.461282348233422,1.0,4.950177325059141,4.950177325059141,0.0,0.0,1.0,0.0,0.0,2.5649493574615367,8.77971129020447,6.0724171253391175,6.383623867876815,0.0,12,2
2256,7.120957964006389,1.0,6.293419278846481,6.293419278846481,0.0,0.0,0.818182,0.0,0.0,2.302585092994046,8.294299608857235,7.667340359467176,5.515925936073119,0.090909,11,2
2260,6.863192925114493,1.0,6.966967138613983,6.966967138613983,0.0,0.0,0.111111,0.0,0.0,0.6931471805599453,7.650168700845001,5.247584167909153,5.370001476734597,0.0,9,2
2264,6.844044955594112,1.0,3.8426729272933526,3.8426729272933526,0.0,3.0442984602613916,0.083333,0.0,0.6931471805599453,0.6931471805599453,6.90875477931522,5.819517916162496,6.0943701877743655,0.0,12,2
2268,6.960911829928564,1.0,7.280008252884188,7.280008252884188,0.0,0.0,0.125,0.0,0.0,0.6931471805599453,7.313886831633462,5.9866794065624855,5.429973431844959,0.0,8,2
2269,7.538188911061763,1.0,5.1420728294642,4.7808027546312495,3.9678360702473587,0.0,0.166667,0.166667,0.0,1.0986122886681098,8.699681400989514,5.520732692770707,5.581605480939509,0.0,6,2
2270,2.2953803006982203,0.727273,4.67077064307204,4.67077064307204,0.0,0.0,0.416667,0.0,0.0,1.9459101490553132,8.160803920954665,5.299172980406082,4.497745786430804,0.5,12,2
2275,3.3185868883804694,0.363636,6.058725920416785,6.058725920416785,0.0,0.0,0.416667,0.0,0.0,1.791759469228055,8.699681400989514,5.280615829714573,4.492947524011725,0.0,12,2
2279,2.375407024265862,0.909091,5.395307951861665,5.395307951861665,0.0,0.0,1.0,0.0,0.0,2.5649493574615367,8.699681400989514,5.383809470025906,4.351624307014784,0.25,12,2
2282,7.257337246332094,1.0,4.980107355727298,4.980107355727298,0.0,0.0,0.416667,0.0,0.0,1.9459101490553132,7.313886831633462,5.8565156073810005,6.036212602953541,0.0,12,2
2283,7.386670049558124,1.0,5.53338948872752,5.53338948872752,0.0,0.0,0.166667,0.0,0.0,1.3862943611198906,7.496097345175956,6.726851563775589,6.385995617565393,0.0,12,2
2284,5.974303136376437,1.0,6.670943744902507,6.670943744902507,0.0,0.0,0.166667,0.0,0.0,1.0986122886681098,9.105090961257085,6.949575542106445,5.265030949776012,0.0,12,2
2289,2.787269061814706,0.272727,5.090678001769792,5.090678001769792,0.0,0.0,0.166667,0.0,0.0,0.6931471805599453,8.006700845440367,6.817543212883979,4.747861927958087,0.0,12,2
2294,6.165777592039023,0.727273,7.0530670101421915,7.0530670101421915,0.0,0.0,0.083333,0.0,0.0,0.6931471805599453,7.601402334583733,7.143597196492757,4.764258145935375,0.0,12,2
2295,7.019907731727336,0.909091,3.8426729272933526,3.8426729272933526,0.0,0.0,0.090909,0.0,0.0,0.6931471805599453,7.0909098220799835,5.664977281829057,5.91951817278664,0.0,11,2
2297,2.7526053786153892,0.363636,4.225957449023992,4.225957449023992,0.0,0.0,0.083333,0.0,0.0,0.6931471805599453,8.294299608857235,4.41884955956376,4.07012807918073,0.0,12,2
2315,3.1323608337496265,0.909091,5.254626677923303,5.254626677923303,0.0,3.9159446058915037,0.166667,0.0,0.6931471805599453,1.0986122886681098,9.04793908261736,5.053756071589153,4.211618357126309,0.0,12,2
2326,0.7224268176249254,0.363636,3.215269329274089,3.215269329274089,0.0,0.0,0.333333,0.0,0.0,1.6094379124341003,9.648659816955295,3.49182674472877,3.1390525731124526,0.111111,12,2
2328,5.462561871883108,1.0,4.418840607796598,4.418840607796598,0.0,0.0,0.083333,0.0,0.0,1.0986122886681098,8.343077871169383,5.862988878460356,5.3791342928984704,0.0,12,2
2338,8.258743155072954,1.0,2.5185025992165158,2.5185025992165158,0.0,0.0,0.166667,0.0,0.0,1.0986122886681098,9.210440366976517,8.893103765723081,6.922427598135431,0.083333,12,2
2350,6.835308316126841,1.0,6.41789174079966,6.384705240593424,3.044522437723423,0.0,0.5,0.166667,0.0,2.4849066497880004,7.0909098220799835,6.928075071544912,5.615416169256411,0.0,12,2
2356,6.409061239069727,1.0,5.706777983635999,5.706777983635999,0.0,0.0,0.25,0.0,0.0,1.3862943611198906,8.343077871169383,6.221866174744926,5.325192430005375,0.0,12,2
2371,1.9630629100113468,0.571429,5.459159891664867,5.459159891664867,0.0,0.0,0.428571,0.0,0.0,1.791759469228055,9.259225769705994,3.526660509028103,4.00631084463855,0.0,7,2
2390,4.705869355432408,1.0,5.181783550292085,5.181783550292085,0.0,0.0,0.083333,0.0,0.0,0.6931471805599453,7.576097340623111,5.1444143310543895,5.40344747716466,0.0,12,2
2407,6.417648571741431,1.0,6.641182169740591,6.641182169740591,0.0,0.0,0.125,0.0,0.0,0.6931471805599453,7.601402334583733,5.3252715710299565,4.992826413166266,0.0,8,2
2414,2.764538531226944,0.545455,4.154184562578117,4.154184562578117,0.0,0.0,0.083333,0.0,0.0,0.6931471805599453,8.006700845440367,4.842456148304246,5.109091326573819,0.0,12,2
2430,7.029723000835248,1.0,4.037597828336212,4.037597828336212,0.0,4.050978988322591,0.083333,0.0,0.6931471805599453,1.3862943611198906,7.0909098220799835,5.588320813773291,6.302111742728382,0.0,12,2
2455,4.690840790377048,0.875,4.780467127845082,4.780467127845082,0.0,6.1608238853235475,0.125,0.0,0.6931471805599453,1.0986122886681098,7.824445930877619,5.26673100344348,4.060437338116538,0.25,8,2
2456,4.777253577841955,0.727273,6.750282420157573,6.750282420157573,0.0,0.0,0.25,0.0,0.0,1.3862943611198906,7.601402334583733,6.748667716780644,4.31215120420344,0.0,12,2
2461,7.522534786422886,1.0,5.730489317484765,5.730489317484765,0.0,0.0,0.083333,0.0,0.0,1.0986122886681098,9.04793908261736,8.138227919738904,6.155266431017681,0.0,12,2
2476,4.5818953563682925,0.545455,7.297246819578986,7.297246819578986,0.0,0.0,1.0,0.0,0.0,2.70805020110221,8.294299608857235,7.375270386299042,3.5784788976503403,0.0,12,2
2482,7.74340565299212,1.0,5.5479080878770946,5.438166261664436,3.3207101307494686,2.7227559397326977,0.454545,0.181818,0.6931471805599453,2.1972245773362196,8.77971129020447,6.4320356871031015,6.228393716634441,0.0,11,2
2486,7.6053948416660235,1.0,4.33729074083249,4.33729074083249,0.0,0.0,0.166667,0.0,0.0,1.0986122886681098,8.517393171418904,6.187009280655569,6.40413828880564,0.0,12,2
2493,4.72748038080002,1.0,5.438079308923196,5.438079308923196,0.0,0.0,0.181818,0.0,0.0,1.6094379124341003,5.017279836814924,4.792701647628228,5.535426341786959,0.0,11,2
2497,6.911805906104039,1.0,7.395107546562485,7.395107546562485,0.0,0.0,0.333333,0.0,0.0,2.5649493574615367,7.0909098220799835,7.548646164249546,6.42148067729525,0.0,12,2
2500,6.227195394967805,0.909091,8.55210077021023,8.55210077021023,0.0,0.0,0.666667,0.0,0.0,3.5263605246161616,9.04793908261736,8.511774824141105,5.1584168540724855,0.6,12,2
2528,4.845247004861532,1.0,7.088508940603929,7.088508940603929,0.0,0.0,1.0,0.0,0.0,2.5649493574615367,9.105090961257085,6.843031667649766,5.198510605759327,0.454545,12,2
2539,4.214452596676588,1.0,6.374803330224424,6.374803330224424,0.0,0.0,1.0,0.0,0.0,2.5649493574615367,9.210440366976517,6.348227595415411,5.212831964665935,1.0,12,2
2544,6.8641203819585055,0.857143,7.281041488726066,7.281041488726066,0.0,0.0,0.571429,0.0,0.0,4.007333185232471,7.0909098220799835,5.353919930681285,6.788361317981988,0.0,7,2
2545,3.7287637451276447,1.0,6.271139649157846,6.271139649157846,0.0,0.0,1.0,0.0,0.0,2.833213344056216,7.601402334583733,5.954081717811018,5.169885514848241,0.333333,12,2
2559,6.1390182611562,1.0,7.185583965881403,7.185583965881403,0.0,0.0,0.083333,0.0,0.0,0.6931471805599453,8.160803920954665,4.595304863321625,5.644786941404116,0.0,12,2
2580,4.486410602413966,0.818182,6.690780163688303,6.690780163688303,0.0,0.0,0.5,0.0,0.0,2.1972245773362196,6.90875477931522,7.034722628082844,4.931483184722295,0.666667,12,2
2610,7.101203495110604,1.0,5.5843230346188735,5.5843230346188735,0.0,0.0,0.166667,0.0,0.0,1.0986122886681098,8.006700845440367,5.81040922530003,6.091571304917345,0.0,12,2
2611,5.355975253130705,1.0,6.499862225799305,6.499862225799305,0.0,0.0,0.2,0.0,0.0,1.791759469228055,8.922791623969637,6.591938004355878,4.951228528724854,0.0,10,2
2615,8.198235909912485,1.0,5.9511632503344565,5.9511632503344565,0.0,3.9153770543122683,0.083333,0.0,0.6931471805599453,1.0986122886681098,9.305741456739435,6.968552248298829,6.861141892512133,0.0,12,2
2617,4.47217733403879,0.818182,6.6726024035421965,6.6726024035421965,0.0,0.0,0.416667,0.0,0.0,1.791759469228055,7.824445930877619,7.223420918254997,4.792891322113577,0.111111,12,2
2634,6.298595296355207,1.0,5.400964203508179,5.400964203508179,0.0,0.0,0.166667,0.0,0.0,1.3862943611198906,7.601402334583733,6.413102218133718,5.122373852726437,0.0,12,2
2644,7.191921568054113,1.0,3.086486636822455,3.086486636822455,0.0,0.0,0.083333,0.0,0.0,0.6931471805599453,7.313886831633462,5.665353846387513,6.182597378686222,0.0,12,2
2654,7.035986982907131,1.0,6.256210588276705,6.256210588276705,0.0,0.0,0.583333,0.0,0.0,2.3978952727983707,7.0909098220799835,6.56188664880216,6.668182648902539,0.0,12,2
2656,6.639478493459398,1.0,7.115110853495733,7.115110853495733,0.0,0.0,1.0,0.0,0.0,3.5553480614894135,8.853808274977197,7.7930652055073955,5.689083387118128,0.0,12,2
2658,6.61493694114047,1.0,6.186558356975435,6.186558356975435,0.0,0.0,0.166667,0.0,0.0,1.0986122886681098,8.006700845440367,5.258076385498428,5.65908104470894,0.0,12,2
2663,6.846250739464144,1.0,3.9318256327243257,3.9318256327243257,0.0,0.0,0.083333,0.0,0.0,0.6931471805599453,6.90875477931522,5.757136130873162,6.44438001272153,0.0,12,2
2668,4.064867604131233,0.818182,6.160151912626133,6.160151912626133,0.0,0.0,0.75,0.0,0.0,2.302585092994046,8.885755383014674,6.395663151872598,5.1664063290102975,0.9,12,2
2675,3.742842975270699,0.363636,5.404837209925709,5.404837209925709,0.0,0.0,0.25,0.0,0.0,1.6094379124341003,9.510519035757246,7.125694503249021,5.127151589998727,0.666667,12,2
2703,3.382538787710204,0.545455,5.119190700650601,5.119190700650601,0.0,0.0,0.25,0.0,0.0,1.3862943611198906,8.612685172875459,5.468155929796196,4.5903797649734,0.181818,12,2
2712,5.310561826250356,1.0,7.768892644388264,7.768892644388264,0.0,0.0,1.0,0.0,0.0,2.6390573296152584,8.517393171418904,7.541556979462422,4.908657288333321,0.444444,12,2
2725,2.836324440748788,0.545455,4.852030263919617,4.852030263919617,0.0,0.0,0.166667,0.0,0.0,1.0986122886681098,8.412054873292933,5.253294058858223,4.958484151160078,0.0,12,2
2733,6.028751569770903,0.909091,6.679008559197492,6.679008559197492,0.0,0.0,0.090909,0.0,0.0,2.302585092994046,7.601402334583733,6.703600813344532,5.019165290018475,0.1,11,2
2743,5.439364087589343,1.0,7.650116343453433,7.650116343453433,0.0,0.0,1.0,0.0,0.0,2.70805020110221,8.006700845440367,7.812481783384302,5.1781883368232435,0.0,12,2
2747,7.6430101336220595,1.0,5.294660689044493,5.294660689044493,0.0,0.0,0.166667,0.0,0.0,1.0986122886681098,8.987321812850125,6.619472531494556,6.263742542368159,0.0,12,2
2754,4.36979409631517,0.454545,5.935079363660113,5.935079363660113,0.0,5.909908108488294,0.25,0.0,1.0986122886681098,2.1972245773362196,7.313886831633462,7.344894731869893,5.063735142348939,0.25,12,2
2758,8.380512888917687,1.0,6.557105007347188,6.557105007347188,0.0,0.0,1.0,0.0,0.0,2.5649493574615367,8.412054873292933,7.225060133667534,7.228458253201274,0.0,12,2
2773,7.238734420428733,1.0,6.275703197782002,6.275703197782002,0.0,0.0,0.25,0.0,0.0,1.3862943611198906,7.3783837129967145,6.354137286755708,6.181049290072271,0.0,12,2
2774,7.919308470612942,1.0,6.396095974467569,6.396095974467569,0.0,0.0,0.333333,0.0,0.0,3.5553480614894135,7.601402334583733,6.252482640509034,10.25710675148806,0.0,12,2
2787,2.7030832863784373,0.272727,6.139410301856289,6.049214452648886,3.713572066704308,0.0,0.25,0.083333,0.0,2.8903717578961645,7.601402334583733,6.954724890760808,4.790200179985743,1.0,12,2
2789,2.691309521256711,0.181818,5.372403909900735,5.372403909900735,0.0,0.0,0.083333,0.0,0.0,0.6931471805599453,7.313886831633462,7.285673080920061,5.191097428791474,0.0,12,2
2790,5.178849795984079,0.545455,6.398594934535208,6.398594934535208,0.0,0.0,0.083333,0.0,0.0,0.6931471805599453,7.313886831633462,6.538831447059223,4.360553184079523,0.0,12,2
2799,4.756832807449278,1.0,6.107356907675215,6.107356907675215,0.0,0.0,1.0,0.0,0.0,2.6390573296152584,9.105090961257085,6.05106415907538,5.169751590531802,0.0,12,2
2802,2.52038639989758,0.090909,5.5254529391317835,5.5254529391317835,0.0,0.0,0.083333,0.0,0.0,0.6931471805599453,7.496097345175956,7.277140429237453,4.44754606908993,0.0,12,2
2812,7.30389815916585,1.0,3.89630004496291,3.89630004496291,0.0,4.674926651196471,0.083333,0.0,0.6931471805599453,0.6931471805599453,7.438971592395862,5.82756529481463,6.298623386784022,0.0,12,2
2814,7.46152705877509,1.0,5.981414211254481,5.981414211254481,0.0,0.0,0.166667,0.0,0.0,1.0986122886681098,8.699681400989514,6.341231473541613,6.126892236250229,0.0,12,2
2819,6.621500143970711,1.0,5.743644008081332,5.743644008081332,0.0,0.0,0.166667,0.0,0.0,1.6094379124341003,6.90875477931522,6.301115888800033,5.2053412851155025,0.0,12,2
2833,5.818182820648759,1.0,8.082856275032126,8.082856275032126,0.0,0.0,0.75,0.0,0.0,2.995732273553991,7.601402334583733,8.051377583354308,4.834941477230797,0.571429,12,2
2844,7.40791858391366,1.0,4.855617571829646,4.855617571829646,0.0,0.0,0.083333,0.0,0.0,1.0986122886681098,8.160803920954665,6.028898104152547,6.1890415107768595,0.0,12,2
2877,3.729182970247499,1.0,6.458071790158384,6.458071790158384,0.0,0.0,0.666667,0.0,0.0,2.1972245773362196,8.922791623969637,6.509074979913801,5.2148199682969665,0.416667,12,2
2878,9.419372451976194,1.0,6.898028123223555,6.898028123223555,0.0,0.0,0.090909,0.0,0.0,1.0986122886681098,9.798182590890704,9.163589113854426,7.840346314523823,0.0,11,2
2880,4.589579845741002,0.818182,5.816307265498046,5.816307265498046,0.0,3.022948625662303,0.083333,0.0,0.6931471805599453,0.6931471805599453,7.824445930877619,5.46074203235313,4.773202993084627,0.25,12,2
2881,5.851577502907916,1.0,6.869139183011044,6.869139183011044,0.0,0.0,0.333333,0.0,0.0,1.6094379124341003,8.853808274977197,6.016433755588524,5.9266188001147135,0.0,12,2
2882,3.5034015613282126,0.636364,4.310127759130018,4.310127759130018,0.0,0.0,0.166667,0.0,0.0,1.0986122886681098,8.294299608857235,3.2643295722410817,5.101829810102773,0.0,12,2
2890,7.940984395495418,1.0,4.197201947661808,4.197201947661808,0.0,0.0,0.083333,0.0,0.0,0.6931471805599453,8.006700845440367,6.2823632543885415,7.550148772698086,0.0,12,2
2908,7.012213913767646,1.0,4.736198448394496,4.736198448394496,0.0,5.251231571366267,0.1,0.0,0.6931471805599453,1.0986122886681098,7.824445930877619,5.306988934587885,5.461932443057106,0.0,10,2
2909,6.877331785292673,1.0,3.948354934675536,3.948354934675536,0.0,0.0,0.166667,0.0,0.0,1.0986122886681098,7.0909098220799835,5.549314437809864,5.73665735837754,0.0,12,2
2910,4.396520538738637,0.545455,6.960840966073726,6.960840966073726,0.0,0.0,0.416667,0.0,0.0,2.5649493574615367,8.006700845440367,6.87882162889226,4.220449261772542,0.125,12,2
2921,7.075847520881242,1.0,4.875197323201151,4.2626798770413155,4.110873864173311,0.0,0.166667,0.166667,0.0,1.791759469228055,7.0909098220799835,5.636358938974541,5.686663151676812,0.0,12,2
2925,5.245453165247858,0.454545,6.804004577988209,6.804004577988209,0.0,0.0,0.083333,0.0,0.0,0.6931471805599453,7.0909098220799835,6.911531911519338,4.324172668699504,0.0,12,2
2950,7.334253327828656,1.0,6.872822160942021,6.872822160942021,0.0,0.0,0.3,0.0,0.0,2.3978952727983707,8.006700845440367,5.667694247740985,6.408400140280223,0.0,10,2
2952,5.549786447314075,0.181818,4.721974965530176,4.721974965530176,0.0,0.0,0.166667,0.0,0.0,1.6094379124341003,9.210440366976517,9.731713684972977,6.623644657300805,0.333333,12,2
2969,1.5570497030563695,0.272727,5.0466457316192885,5.0466457316192885,0.0,0.0,0.083333,0.0,0.0,0.6931471805599453,8.24301946898925,5.192387777887769,3.4413562123378685,0.0,12,2
2971,7.718848634334997,1.0,6.806198630550472,6.806198630550472,0.0,0.0,0.5,0.0,0.0,2.3978952727983707,7.824445930877619,6.672410633621585,6.560276401312527,0.0,12,2
2974,7.713444266591576,1.0,4.795790545596741,4.795790545596741,0.0,0.0,0.125,0.0,0.0,0.6931471805599453,7.824445930877619,5.840940984663538,6.570863896331499,0.0,8,2
2982,8.493391272660316,0.909091,6.746153575762523,6.746153575762523,0.0,0.0,0.454545,0.0,0.0,2.0794415416798357,9.350189267092581,7.001675198276564,7.182043144706932,0.0,11,2
2984,4.834157000141576,0.818182,5.710658778595633,5.710658778595633,0.0,0.0,0.083333,0.0,0.0,0.6931471805599453,8.517393171418904,6.598443540094167,4.904793210651421,0.0,12,2
2999,3.6272166607713845,0.545455,5.417876601605676,5.417876601605676,0.0,0.0,0.166667,0.0,0.0,1.0986122886681098,7.650168700845001,5.921828825287024,5.024406895444752,0.0,12,2
3005,7.253890087236022,1.0,7.154224655599844,7.154224655599844,0.0,0.0,0.166667,0.0,0.0,1.9459101490553132,9.259225769705994,7.168404881179198,5.794308123795936,0.0,12,2
3011,7.035119267709157,1.0,6.727407772468191,6.727407772468191,0.0,0.0,1.0,0.0,0.0,2.4849066497880004,8.922791623969637,5.656799561424554,5.221066167320121,0.0,8,2
3022,6.680104037028792,1.0,8.134177205545159,8.134177205545159,0.0,0.0,0.916667,0.0,0.0,2.4849066497880004,8.517393171418904,8.665278691455994,5.494747498516591,0.083333,12,2
3031,6.599855089570299,1.0,4.436396441739405,4.436396441739405,0.0,0.0,0.083333,0.0,0.0,0.6931471805599453,9.105090961257085,5.278983108549831,5.393886026579833,0.0,12,2
3044,4.772427274659934,0.818182,5.375278407684165,5.375278407684165,0.0,0.0,0.083333,0.0,0.0,0.6931471805599453,7.467942332285852,4.470532146970551,5.214905452801974,0.0,12,2
3049,6.837487968957557,0.666667,7.531284392661212,7.531284392661212,0.0,5.007580091714842,0.333333,0.0,1.6094379124341003,1.9459101490553132,7.601402334583733,5.2745552452913005,5.377786066433696,0.0,6,2
3050,7.303840926486368,1.0,5.14166355650266,5.14166355650266,0.0,0.0,0.416667,0.0,0.0,1.791759469228055,7.313886831633462,6.009279103912752,6.17428409030279,0.0,12,2
3057,5.428487071903299,1.0,6.507561254272764,6.507561254272764,0.0,0.0,1.0,0.0,0.0,3.258096538021482,8.987321812850125,6.998077106711458,5.162911738641343,0.083333,12,2
3058,5.382635927410514,1.0,5.602893428542784,5.602893428542784,0.0,5.4548148975074735,1.0,0.0,1.0986122886681098,2.5649493574615367,8.699681400989514,6.118958474613269,5.301478674344764,0.0,12,2
3061,6.9559773360950246,1.0,6.4819445962085425,6.4819445962085425,0.0,0.0,0.583333,0.0,0.0,2.0794415416798357,8.294299608857235,7.73011136924538,6.508150550753736,0.0,12,2
3075,6.608313346973863,1.0,5.017279836814924,5.017279836814924,0.0,0.0,0.083333,0.0,0.0,1.0986122886681098,7.496097345175956,7.501644945956519,5.919519131864642,0.0,12,2
3086,8.392641057571476,1.0,4.02749225523426,4.02749225523426,0.0,0.0,0.083333,0.0,0.0,0.6931471805599453,8.517393171418904,7.2687861916984975,7.619470706676993,0.0,12,2
3087,7.973014444870287,1.0,6.379240792345062,6.379240792345062,0.0,0.0,0.166667,0.0,0.0,1.0986122886681098,8.006700845440367,7.082060199912447,7.881939287307448,0.0,12,2
3090,6.6747099577981555,1.0,6.751335359710835,6.751335359710835,0.0,0.0,0.25,0.0,0.0,1.3862943611198906,8.902591637374087,8.584418032912213,8.627773546736126,0.416667,12,2
3091,6.857843219723689,1.0,6.93131554339115,6.93131554339115,0.0,0.0,0.166667,0.0,0.0,1.791759469228055,7.313886831633462,6.708223080297622,7.642056953178379,0.0,12,2
3097,7.724811234929463,0.727273,5.40357787720553,5.40357787720553,0.0,0.0,0.166667,0.0,0.0,1.6094379124341003,9.105090961257085,8.823527668441008,6.71890131117452,0.125,12,2
3098,5.943722460763056,0.909091,7.1043166335658015,7.1043166335658015,0.0,4.984005138180509,0.166667,0.0,0.6931471805599453,2.302585092994046,8.006700845440367,7.382086775734191,4.9161386852533075,0.111111,12,2
3110,2.1921320769838606,0.272727,4.04305126783455,4.04305126783455,0.0,0.0,0.083333,0.0,0.0,0.6931471805599453,9.259225769705994,5.747098415904406,4.430526435263317,0.0,12,2
3128,4.610433540205578,0.818182,6.966580636033274,6.966580636033274,0.0,0.0,0.666667,0.0,0.0,2.70805020110221,7.824445930877619,7.271967169050992,5.096294488966224,0.833333,12,2
3131,7.956250656491134,1.0,6.054063688864502,6.054063688864502,0.0,0.0,0.416667,0.0,0.0,1.9459101490553132,8.006700845440367,6.588673071288566,6.726995923316333,0.0,12,2
3133,5.488170973599374,0.181818,4.0943445622221,4.0943445622221,0.0,5.28779335287034,0.083333,0.0,0.6931471805599453,1.0986122886681098,8.517393171418904,8.54413332346591,5.66813824678134,0.0,12,2
3148,7.537584658622316,1.0,4.168523960396352,4.168523960396352,0.0,0.0,0.083333,0.0,0.0,0.6931471805599453,7.601402334583733,5.951355678461351,6.499675663025025,0.0,12,2
3154,7.354808920384629,1.0,5.8722304591842835,5.8722304591842835,0.0,0.0,0.916667,0.0,0.0,2.833213344056216,8.699681400989514,7.998653432403598,5.975800214546202,0.0,12,2
3162,6.677090044348892,1.0,1.7900914121273581,1.7900914121273581,0.0,0.0,0.083333,0.0,0.0,0.6931471805599453,7.824445930877619,7.028226637414106,5.4144436394194635,0.083333,12,2
3168,0.5211356918861465,0.181818,2.928523523860541,2.928523523860541,0.0,0.0,0.083333,0.0,0.0,0.6931471805599453,7.313886831633462,2.986944927671563,2.4046355063027685,0.0,12,2
3169,7.1926105086761725,1.0,4.948759890378168,4.948759890378168,0.0,0.0,0.083333,0.0,0.0,0.6931471805599453,7.3783837129967145,5.7913693793313294,6.294057443013745,0.0,12,2
3175,1.3341757262325522,0.272727,5.147029252334255,5.147029252334255,0.0,0.0,0.583333,0.0,0.0,2.0794415416798357,8.294299608857235,5.4310637004696005,3.6443411093858846,0.0,12,2
3177,7.671829367973289,0.909091,6.154497094681408,6.154497094681408,0.0,0.0,0.818182,0.0,0.0,2.3978952727983707,9.04793908261736,6.9343154704633445,6.171507894084906,0.0,11,2
3188,3.145996439231354,1.0,5.469240878389622,5.469240878389622,0.0,0.0,0.833333,0.0,0.0,2.3978952727983707,8.294299608857235,5.558591024142141,5.040072852742138,0.545455,12,2
3194,7.475767422093113,1.0,7.711683258885441,7.711683258885441,0.0,0.0,0.083333,0.0,0.0,1.0986122886681098,9.472781556562168,7.7007732702053895,6.007726000076102,0.0,12,2
3208,1.5944515761655373,0.454545,2.9338568698359038,2.9338568698359038,0.0,0.0,0.083333,0.0,0.0,0.6931471805599453,7.824445930877619,6.477808259584523,4.451523125989742,0.5,12,2
3209,4.192799760962623,0.454545,5.860786223465865,5.860786223465865,0.0,0.0,0.083333,0.0,0.0,0.6931471805599453,8.987321812850125,5.914500440467155,4.58736294398589,0.0,12,2
3213,7.034081281141459,1.0,3.5787855313168624,3.5787855313168624,0.0,0.0,0.166667,0.0,0.0,1.0986122886681098,7.0909098220799835,5.7376684867667,5.634947101480026,0.0,12,2
3214,6.961738306392419,1.0,4.9684234452869465,4.9684234452869465,0.0,0.0,0.166667,0.0,0.0,1.0986122886681098,7.0909098220799835,6.247592935777,5.771282811533976,0.0,12,2
3224,4.832796387197912,0.636364,7.423663962085254,7.423663962085254,0.0,0.0,0.583333,0.0,0.0,4.110873864173311,7.496097345175956,7.782398050737013,4.978580642746259,1.0,12,2
3226,5.527418094597711,1.0,6.2179425330110645,6.2179425330110645,0.0,0.0,0.166667,0.0,0.0,1.3862943611198906,9.392745258631441,6.381299623522428,5.2913712883054345,0.166667,12,2
3229,7.578616127884214,1.0,6.924946656794714,6.924946656794714,0.0,0.0,0.333333,0.0,0.0,2.302585092994046,8.922791623969637,6.17910512860897,6.391331219847445,0.0,12,2
3236,4.057642869670685,0.727273,6.372192874983733,6.372192874983733,0.0,0.0,0.5,0.0,0.0,2.1972245773362196,9.15915233520675,6.980424715081696,4.866735107989577,0.1,12,2
3240,5.209955458001072,1.0,7.568461909049742,7.568461909049742,0.0,0.0,0.833333,0.0,0.0,3.295836866004329,9.510519035757246,7.848072466784307,5.361858624959396,0.416667,12,2
3247,3.7841196541970104,1.0,5.442590855704461,5.442590855704461,0.0,0.0,0.25,0.0,0.0,1.6094379124341003,5.303304908059076,5.239043246768068,5.23486484749667,0.0,12,2
3266,4.306628440156522,0.636364,5.303105883279834,5.303105883279834,0.0,0.0,0.083333,0.0,0.0,0.6931471805599453,7.601402334583733,5.894435894324421,5.127437279791569,0.0,12,2
3272,4.829255997235945,0.363636,2.7713379403381286,2.7713379403381286,0.0,0.0,0.083333,0.0,0.0,0.6931471805599453,7.438971592395862,6.411054702047787,3.7973312892164275,0.0,12,2
3281,5.875284393025292,1.0,5.6011958858811,5.6011958858811,0.0,0.0,0.75,0.0,0.0,2.302585092994046,7.601402334583733,6.868623039354958,5.317260943593636,0.0,12,2
3285,6.768272504535986,1.0,3.709417105331484,3.5409593240373143,1.9919755158985601,0.0,0.083333,0.083333,0.0,1.0986122886681098,7.576097340623111,5.582448756530983,5.646077419670496,0.0,12,2
3287,6.717828653624227,1.0,8.833061765712646,8.833061765712646,0.0,0.0,0.833333,0.0,0.0,3.8501476017100584,9.259225769705994,8.768743003147842,5.376949173214836,0.4,12,2
3294,8.590515035924005,1.0,6.218779386491002,6.218779386491002,0.0,0.0,0.416667,0.0,0.0,1.9459101490553132,9.105090961257085,7.3006642078347435,7.562198758395057,0.0,12,2
3295,7.033167198341668,1.0,4.921366826338073,4.921366826338073,0.0,0.0,0.166667,0.0,0.0,1.0986122886681098,8.537191877922927,5.852163530740109,6.013444045946147,0.0,12,2
3299,7.407597673703238,1.0,5.7824396074794775,5.7824396074794775,0.0,0.0,0.75,0.0,0.0,2.302585092994046,8.517393171418904,6.508685458358951,6.411658782086337,0.0,12,2
3303,1.5962351381162956,0.636364,3.433664571799657,3.433664571799657,0.0,0.0,0.083333,0.0,0.0,0.6931471805599453,7.496097345175956,2.984118949193316,3.7635420920550025,0.0,12,2
3318,4.387787645637004,0.727273,6.9800480331956125,6.9800480331956125,0.0,0.0,0.416667,0.0,0.0,1.791759469228055,8.999742789830492,6.7658273222406295,4.766560836718696,0.222222,12,2
3322,5.9011688544715595,0.818182,6.958220230388349,6.958220230388349,0.0,0.0,0.416667,0.0,0.0,1.791759469228055,7.0909098220799835,7.087470127094494,5.161861627903001,0.0,12,2
3338,7.637521321101655,1.0,7.448397924075438,7.448397924075438,0.0,0.0,0.333333,0.0,0.0,2.0794415416798357,8.853808274977197,7.383413686042475,6.551879923858478,0.0,12,2
3363,4.846765963020482,0.909091,6.57787526583017,6.57787526583017,0.0,0.0,0.25,0.0,0.0,1.791759469228055,8.922791623969637,6.974454297999977,5.064749653202894,0.0,12,2
3368,4.244312277065516,1.0,6.654036534075647,6.654036534075647,0.0,0.0,1.0,0.0,0.0,2.5649493574615367,8.922791623969637,7.098988198045368,5.141577207745473,1.0,12,2
3376,2.5483265767823515,0.272727,4.2612704335380815,4.2612704335380815,0.0,0.0,0.083333,0.0,0.0,0.6931471805599453,7.601402334583733,5.588200650804533,4.764878445250335,0.0,12,2
3381,6.912518836206589,1.0,5.089261614551446,5.089261614551446,0.0,0.0,0.333333,0.0,0.0,2.1972245773362196,7.0909098220799835,5.5554295668868505,5.9120610827832065,0.0,12,2
3389,4.141888140201919,0.181818,6.48648085966721,6.48648085966721,0.0,0.0,0.166667,0.0,0.0,1.0986122886681098,7.313886831633462,4.762970480718668,5.155267860051128,0.0,12,2
3395,7.05598862616366,1.0,5.214935757608986,5.214935757608986,0.0,0.0,0.166667,0.0,0.0,1.3862943611198906,7.0909098220799835,5.607817981502244,5.875569928207261,0.0,12,2
3405,3.5911715545757126,1.0,3.1561489949598958,3.1561489949598958,0.0,0.0,0.083333,0.0,0.0,0.6931471805599453,8.922791623969637,4.237073518943627,5.3034759879514395,0.0,12,2
3406,4.487603780615673,0.545455,6.7980631732967165,6.7980631732967165,0.0,0.0,0.25,0.0,0.0,1.791759469228055,9.711176264112805,6.9880993929205495,4.648474463493163,0.0,12,2
3410,4.161520913724068,1.0,6.694203083206077,6.694203083206077,0.0,0.0,1.0,0.0,0.0,2.70805020110221,8.922791623969637,6.5603021332543685,5.005282245395602,0.181818,12,2
3415,6.089642789631051,1.0,6.794205769295225,6.794205769295225,0.0,0.0,0.25,0.0,0.0,1.3862943611198906,8.922791623969637,6.430124244497238,5.2421475856141955,0.0,12,2
3417,4.227063485299275,0.909091,6.4637780066406085,6.4637780066406085,0.0,0.0,0.75,0.0,0.0,2.5649493574615367,6.2166061010848646,6.277072876465105,5.095697548891876,0.090909,12,2
3418,6.439817707568299,1.0,7.103848239860009,7.103848239860009,0.0,0.0,0.083333,0.0,0.0,0.6931471805599453,7.824445930877619,5.700158599679167,6.265408543479461,0.0,12,2
3425,3.292026987997552,1.0,5.705946797485578,5.705946797485578,0.0,0.0,1.0,0.0,0.0,2.5649493574615367,9.105090961257085,5.5713141396428005,5.101134117867969,0.818182,12,2
3434,4.783012015436565,0.818182,7.3611657500712315,7.3611657500712315,0.0,0.0,0.583333,0.0,0.0,2.70805020110221,8.517393171418904,7.5172087905042995,4.885392405295968,0.8,12,2
3442,7.134703422846841,1.0,6.504258232968671,6.504258232968671,0.0,0.0,0.916667,0.0,0.0,2.5649493574615367,7.783640596221253,8.019420678907794,7.152836182934372,0.083333,12,2
3444,4.48069923474745,0.636364,6.800793481957337,6.800793481957337,0.0,0.0,0.416667,0.0,0.0,2.0794415416798357,8.294299608857235,6.781366294524684,4.741652347060164,0.2,12,2
3455,5.268393242684674,1.0,5.511652976871161,5.511652976871161,0.0,0.0,0.25,0.0,0.0,1.3862943611198906,6.398594934535208,8.172365934778172,7.59513077637732,0.083333,12,2
3464,7.329456331918157,1.0,7.501634457883413,7.501634457883413,0.0,0.0,0.1,0.0,0.0,0.6931471805599453,7.523481312573497,5.912316667081742,5.970900246362214,0.0,10,2
3478,8.238272829232532,1.0,4.110873864173311,4.110873864173311,0.0,4.658919196634736,0.083333,0.0,0.6931471805599453,0.6931471805599453,8.517393171418904,6.796886801201287,6.776776450933835,0.0,12,2
3487,6.56832314959706,1.0,5.052352887448124,5.052352887448124,0.0,0.0,0.166667,0.0,0.0,1.6094379124341003,9.04793908261736,6.424654085086463,5.253780956076488,0.0,12,2
3504,8.144472394288965,1.0,6.2166061010848646,6.2166061010848646,0.0,0.0,0.083333,0.0,0.0,0.6931471805599453,8.853808274977197,6.979391989511257,6.7728068634261005,0.0,12,2
3506,3.8016594844730505,1.0,6.262712313096338,6.262712313096338,0.0,0.0,1.0,0.0,0.0,2.772588722239781,8.77971129020447,6.200707334934907,5.158420862369844,0.75,12,2
3512,7.1116764211050825,1.0,7.519497157291392,7.519497157291392,0.0,0.0,0.583333,0.0,0.0,2.1972245773362196,7.0909098220799835,7.752698681235392,6.905295613483574,0.0,12,2
3521,5.43775519553456,1.0,7.642610461441853,7.642610461441853,0.0,0.0,1.0,0.0,0.0,3.367295829986474,6.90875477931522,7.618677145680378,5.281120819871901,1.0,12,2
3525,3.7448165418831802,1.0,6.4873643326873545,6.4873643326873545,0.0,0.0,1.0,0.0,0.0,2.6390573296152584,8.699681400989514,6.5323130998580545,5.22854605286785,1.0,12,2
3544,8.010904814427327,1.0,8.853745424837621,8.853745424837621,0.0,0.0,1.0,0.0,0.0,4.406719247264253,8.160803920954665,8.602992890537307,6.354139979552683,0.166667,12,2
3550,3.715266581422479,0.909091,6.726581063740067,6.726581063740067,0.0,0.0,1.0,0.0,0.0,2.5649493574615367,8.853808274977197,6.643263846195449,4.736131753187964,0.3,12,2
3551,7.689183286688799,1.0,5.945682354452854,5.945682354452854,0.0,0.0,0.333333,0.0,0.0,2.0794415416798357,7.783640596221253,6.96034231827073,6.835956968428457,0.0,12,2
3557,4.601946997091187,0.818182,6.293419278846481,6.293419278846481,0.0,0.0,0.75,0.0,0.0,2.302585092994046,7.438971592395862,5.901358496551909,5.137971873425338,0.125,12,2
3573,5.073032424091517,0.909091,6.6240652277998935,6.6240652277998935,0.0,0.0,0.25,0.0,0.0,1.6094379124341003,7.824445930877619,6.764083108319103,5.091973851025127,0.0,12,2
3579,3.5298134094833378,0.909091,5.066448358915468,5.066448358915468,0.0,0.0,0.333333,0.0,0.0,2.1972245773362196,7.496097345175956,5.160901301200487,4.917485742452916,0.142857,12,2
3582,4.969990395004791,1.0,7.180336403898678,7.180336403898678,0.0,0.0,0.916667,0.0,0.0,2.5649493574615367,5.707110264748875,7.101347153149419,5.1899899484290195,0.5,12,2
3616,3.741076380103446,1.0,5.481596797767104,5.481596797767104,0.0,0.0,0.583333,0.0,0.0,2.0794415416798357,8.699681400989514,5.738937964822303,5.016990894412837,0.083333,12,2
3619,6.1713206505011895,1.0,6.24726888066174,6.24726888066174,0.0,0.0,0.333333,0.0,0.0,1.791759469228055,8.922791623969637,6.416113066327745,5.630588411939487,0.0,12,2
3621,4.091198903153675,0.636364,5.916202062607435,5.916202062607435,0.0,3.0310841663097343,0.083333,0.0,0.6931471805599453,0.6931471805599453,7.0909098220799835,7.3028829601984615,4.9803892185365,0.090909,12,2
3633,5.953039316074887,1.0,8.794717346470254,8.794717346470254,0.0,0.0,1.0,0.0,0.0,4.634728988229636,9.15915233520675,8.382988376665354,5.441898250950705,0.916667,12,2
3635,5.6682426196251905,1.0,5.836855428880563,5.836855428880563,0.0,0.0,0.083333,0.0,0.0,0.6931471805599453,6.90875477931522,5.513127995298813,5.47242144381769,0.0,12,2
3655,8.411323492146435,1.0,6.8525173727275215,6.8525173727275215,0.0,0.0,0.25,0.0,0.0,1.6094379124341003,9.15915233520675,7.047690861933073,6.997899394900343,0.0,12,2
3657,7.238207326287906,1.0,6.586723226848802,6.586723226848802,0.0,0.0,0.5,0.0,0.0,2.302585092994046,8.853808274977197,6.90732689723978,6.07301634706721,0.0,12,2
3658,7.194125550399046,1.0,5.722277057292366,5.722277057292366,0.0,0.0,1.0,0.0,0.0,2.5649493574615367,8.987321812850125,7.1789189601606855,5.956312847081006,0.0,12,2
3659,5.185108365278613,1.0,7.29475087080664,7.29475087080664,0.0,0.0,1.0,0.0,0.0,3.258096538021482,10.12667110305036,7.237179868463295,5.575292300377381,0.916667,12,2
3662,1.7928816726555166,1.0,4.618086411254637,4.618086411254637,0.0,0.0,0.083333,0.0,0.0,0.6931471805599453,8.517393171418904,5.246095757198927,2.882219619325743,0.0,12,2
3675,6.822155387559725,1.0,5.059425458265688,5.059425458265688,0.0,0.0,0.083333,0.0,0.0,1.3862943611198906,7.0909098220799835,5.480459036329959,6.090277505468902,0.0,12,2
3678,3.5962335694212206,0.909091,5.939065378308774,5.939065378308774,0.0,0.0,0.083333,0.0,0.0,1.0986122886681098,7.601402334583733,5.9658254772682175,3.8864974014967992,0.0,12,2
3684,6.612564997003302,0.7,7.334087806770934,7.334087806770934,0.0,0.0,0.2,0.0,0.0,1.6094379124341003,8.006700845440367,5.977910649123897,5.263786696329123,0.0,10,2
3685,5.654279425944955,0.818182,4.4331949212482815,4.4331949212482815,0.0,0.0,0.083333,0.0,0.0,0.6931471805599453,8.77971129020447,6.942101911927787,4.996032091135996,0.090909,12,2
3689,7.932134184350825,1.0,7.072684800666519,7.072684800666519,0.0,0.0,0.583333,0.0,0.0,2.1972245773362196,9.04793908261736,8.340399856685513,6.6558564581200015,0.0,12,2
3704,4.290810886233647,1.0,5.409858741280944,5.409858741280944,0.0,0.0,0.333333,0.0,0.0,1.6094379124341003,8.922791623969637,5.969368034918399,5.001570667557861,0.0,12,2
3711,8.845695721987093,1.0,8.164692380791982,8.164692380791982,0.0,0.0,0.833333,0.0,0.0,2.0794415416798357,8.987321812850125,6.780162130889024,6.691727115647394,0.0,6,2
3715,8.064240994751723,1.0,5.041617031704984,5.041617031704984,0.0,0.0,0.416667,0.0,0.0,1.791759469228055,8.160803920954665,6.9845130392729295,6.661798348929758,0.0,12,2
3727,3.164748243998543,0.272727,5.090678001769792,5.090678001769792,0.0,0.0,0.083333,0.0,0.0,0.6931471805599453,7.601402334583733,6.841497322061737,4.414859186422689,0.0,12,2
3728,4.150868269122653,0.272727,5.673323267171493,5.673323267171493,0.0,0.0,0.083333,0.0,0.0,0.6931471805599453,8.476579508530941,4.368066214900957,5.209014281965026,0.0,12,2
3739,7.05282769752443,1.0,4.143452136329128,4.143452136329128,0.0,2.99978211187719,0.083333,0.0,0.6931471805599453,0.6931471805599453,7.0909098220799835,5.38804566477898,6.144725100175649,0.0,12,2
3745,4.492309256866105,1.0,6.508396489305733,6.508396489305733,0.0,0.0,1.0,0.0,0.0,2.5649493574615367,8.366602832783736,6.450663801549439,5.197809491096839,0.545455,12,2
3746,7.1346707221599015,1.0,4.481871969643598,4.481871969643598,0.0,0.0,0.083333,0.0,0.0,1.0986122886681098,8.77971129020447,5.718287650757629,5.733078841170004,0.0,12,2
3756,6.2971769032854885,1.0,6.051759702891737,6.051759702891737,0.0,0.0,1.0,0.0,0.0,2.5649493574615367,7.824445930877619,6.647762355262413,5.357189083512288,0.0,12,2
3763,4.535603289065773,1.0,6.7375717572803016,6.7375717572803016,0.0,0.0,0.916667,0.0,0.0,2.5649493574615367,9.15915233520675,6.4867378068884305,5.026158404760851,1.0,12,2
3773,5.241605714071837,1.0,4.762173934797756,4.762173934797756,0.0,0.0,0.166667,0.0,0.0,1.0986122886681098,8.294299608857235,5.501810959791527,5.142391437731663,0.0,12,2
3793,5.101910215914532,0.545455,6.135456660116754,6.135456660116754,0.0,0.0,0.083333,0.0,0.0,1.0986122886681098,7.313886831633462,5.099497347527322,4.364425451171172,0.0,12,2
3795,6.182624963339137,1.0,8.080020674463652,8.080020674463652,0.0,0.0,0.416667,0.0,0.0,3.5553480614894135,6.398594934535208,8.103296792154685,6.168135540327839,0.166667,12,2
3797,5.493726863874499,1.0,6.532334292222349,6.532334292222349,0.0,0.0,0.25,0.0,0.0,1.791759469228055,7.3783837129967145,4.388934271919223,4.963956738910506,0.0,12,2
3805,5.120638820279345,0.454545,6.682835150488822,6.682835150488822,0.0,0.0,0.083333,0.0,0.0,0.6931471805599453,9.15915233520675,7.784754642246973,5.34076168119507,0.0,12,2
3809,3.0239559130176112,0.909091,5.740596447778917,5.740596447778917,0.0,0.0,0.833333,0.0,0.0,2.6390573296152584,8.612685172875459,5.780540115478258,4.394518584360908,0.7,12,2
3819,6.793054619669063,0.909091,6.630327121660191,6.630327121660191,0.0,0.0,0.416667,0.0,0.0,2.302585092994046,8.006700845440367,7.5835420381817995,5.627064120469212,0.0,12,2
3820,4.067464765737915,1.0,5.827473946998751,5.827473946998751,0.0,0.0,0.166667,0.0,0.0,1.0986122886681098,8.853808274977197,5.873123902891837,5.29968385248072,0.125,12,2
3830,6.58999854228155,1.0,8.612146944071588,8.612146944071588,0.0,0.0,0.583333,0.0,0.0,3.5263605246161616,7.438971592395862,8.344971427889547,5.270041027448976,0.25,12,2
3832,3.788726734783117,1.0,5.783825182329737,5.783825182329737,0.0,0.0,1.0,0.0,0.0,2.5649493574615367,7.496097345175956,5.862209241833824,5.250139178333115,0.3,12,2
3841,6.236120846940897,0.454545,3.4931686602009657,3.4931686602009657,0.0,0.0,0.083333,0.0,0.0,0.6931471805599453,7.313886831633462,7.24210169264201,5.4754090086484455,0.0,12,2
3842,6.917571169115388,1.0,7.239810632664303,7.239810632664303,0.0,0.0,0.333333,0.0,0.0,2.0794415416798357,9.105090961257085,7.144304771762645,5.616798933642784,0.0,12,2
3851,6.099781280594856,0.636364,8.225690496338666,8.225690496338666,0.0,0.0,0.333333,0.0,0.0,2.0794415416798357,8.294299608857235,8.667311373642802,5.200785587318146,0.5,12,2
3861,4.0803698356740155,0.181818,6.086479228711559,6.086479228711559,0.0,0.0,0.083333,0.0,0.0,0.6931471805599453,8.922791623969637,7.46706775863854,5.604084953194863,0.0,12,2
3863,7.323012047270136,1.0,4.2626798770413155,4.2626798770413155,0.0,0.0,0.181818,0.0,0.0,1.0986122886681098,7.438971592395862,7.643027469888375,8.246265286647867,0.0,11,2
3865,4.5444095011655055,1.0,5.081404364984463,5.081404364984463,0.0,0.0,0.083333,0.0,0.0,0.6931471805599453,8.556606193773073,6.4523403804228066,6.19993515942924,0.1,12,2
3869,7.4444510196617575,1.0,5.8289456176102075,5.8289456176102075,0.0,0.0,0.166667,0.0,0.0,1.6094379124341003,7.601402334583733,6.419480701492736,6.167739916660697,0.0,12,2
3872,4.184757390766305,1.0,5.8991025172358125,5.8991025172358125,0.0,0.0,1.0,0.0,0.0,2.5649493574615367,8.699681400989514,5.840945425184773,5.147498110527781,0.083333,12,2
3877,5.855263213360694,1.0,6.54534966033442,6.54534966033442,0.0,0.0,0.083333,0.0,0.0,0.6931471805599453,8.294299608857235,6.156656520463673,5.1972470293443696,0.0,12,2
3879,3.7027174903150764,0.363636,3.8426729272933526,3.8426729272933526,0.0,0.0,0.083333,0.0,0.0,0.6931471805599453,8.006700845440367,6.724185749794473,5.474487835798734,0.0,12,2
3883,8.363138080888755,1.0,8.351381788849194,8.351381788849194,0.0,0.0,0.833333,0.0,0.0,3.4011973816621555,9.210440366976517,7.415372910639388,7.126864529838657,0.0,12,2
3892,4.888545254098375,1.0,6.6725771011789545,6.670107041465045,1.0818051703517284,0.0,1.0,0.083333,0.0,2.70805020110221,8.517393171418904,7.61327939084717,5.2398243902226564,0.916667,12,2
3898,4.290236662910504,1.0,6.90875477931522,6.90875477931522,0.0,0.0,0.083333,0.0,0.0,0.6931471805599453,7.0909098220799835,4.547871527020137,3.0859235102599207,0.0,12,2
3900,8.248937128682472,1.0,6.90875477931522,6.90875477931522,0.0,0.0,0.083333,0.0,0.0,0.6931471805599453,8.517393171418904,7.057526042105579,7.1987554075921745,0.0,12,2
3905,8.481866660595026,1.0,8.675300604468676,8.675300604468676,0.0,0.0,0.833333,0.0,0.0,3.295836866004329,8.853808274977197,8.260254448631969,7.117649778344344,0.0,12,2
3910,6.166837010618008,1.0,8.598354657661346,8.598354657661346,0.0,0.0,1.0,0.0,0.0,3.5553480614894135,9.259225769705994,8.614665227996069,5.219582612713161,1.0,12,2
3913,4.741703234133841,0.272727,6.683360945766275,6.683360945766275,0.0,0.0,0.083333,0.0,0.0,0.6931471805599453,8.517393171418904,8.383207912029272,4.448414417528758,0.0,12,2
3928,6.89277906421642,1.0,6.3978958549614715,6.3818160174060985,2.3589654264301534,0.0,0.333333,0.083333,0.0,1.791759469228055,8.006700845440367,6.664351322257334,5.323764996480093,0.0,12,2
3941,4.570548937461715,1.0,4.63443768366866,4.63443768366866,0.0,4.594321895489809,0.25,0.0,1.3862943611198906,1.3862943611198906,8.006700845440367,5.729970557091803,5.166668389638238,0.0,12,2
3951,3.514883622086327,0.454545,6.304229399927226,6.304229399927226,0.0,0.0,0.25,0.0,0.0,1.6094379124341003,7.601402334583733,7.004784228128544,5.023007633411916,0.5,12,2
3953,5.002374447061231,0.363636,7.192889107416232,7.192889107416232,0.0,0.0,0.166667,0.0,0.0,1.6094379124341003,8.294299608857235,8.435368772253705,4.689045794089462,1.0,12,2
3958,4.770839900545304,0.909091,6.440850842274075,6.440850842274075,0.0,0.0,0.545455,0.0,0.0,1.9459101490553132,9.305741456739435,6.443755162138369,5.336357233738609,0.142857,11,2
3962,1.4211693471878764,0.181818,2.833213344056216,2.833213344056216,0.0,0.0,0.083333,0.0,0.0,0.6931471805599453,8.612685172875459,6.48775301306029,4.799399414219442,1.0,12,2
3964,4.34297436233365,0.545455,6.7539512057465405,6.7539512057465405,0.0,0.0,0.272727,0.0,0.0,1.3862943611198906,7.741099090035366,6.058875940717766,4.24943200315164,0.0,11,2
3967,7.721373595018653,0.909091,4.820200917191751,4.61512051684126,3.177637076851603,0.0,0.083333,0.083333,0.0,1.0986122886681098,9.105090961257085,8.226530385789895,6.447879558485048,0.090909,12,2
3969,5.194120379283998,1.0,7.331335316515473,7.331335316515473,0.0,0.0,1.0,0.0,0.0,3.295836866004329,9.510519035757246,7.302015489363779,5.2571744924264285,0.916667,12,2
3978,7.261122390069048,1.0,5.07804469032551,5.07804469032551,0.0,0.0,0.1,0.0,0.0,1.3862943611198906,7.3783837129967145,6.150863898527956,5.723008000821029,0.0,10,2
3993,6.938772623829205,1.0,3.26804686887465,3.26804686887465,0.0,0.0,0.166667,0.0,0.0,1.0986122886681098,8.006700845440367,7.035588344811975,5.473433056666059,0.0,12,2
3994,7.259196131230333,1.0,5.977948617054461,5.977948617054461,0.0,0.0,0.416667,0.0,0.0,2.1972245773362196,7.313886831633462,6.162961994436232,6.426738675341523,0.0,12,2
3995,1.961395768385942,0.181818,4.312676556539088,4.312676556539088,0.0,0.0,0.083333,0.0,0.0,0.6931471805599453,8.294299608857235,4.289453935797278,2.8403544327392622,0.0,12,2
4007,5.447123430756598,1.0,7.345313192859787,7.345313192859787,0.0,0.0,1.0,0.0,0.0,2.5649493574615367,9.105090961257085,7.116209366471184,5.2862219864708795,0.333333,12,2
4029,4.926088992673403,0.636364,7.033982561421183,7.033982561421183,0.0,0.0,0.25,0.0,0.0,1.6094379124341003,9.711176264112805,8.476996976263559,5.460874602062127,0.428571,12,2
4042,6.707399665320946,1.0,6.9957661563048505,6.9957661563048505,0.0,0.0,0.083333,0.0,0.0,0.6931471805599453,7.8636512654486515,6.643233908132648,5.680524393550014,0.0,12,2
4044,5.362617756209558,0.545455,7.4383247047847245,7.4383247047847245,0.0,0.0,0.25,0.0,0.0,2.3978952727983707,8.006700845440367,7.960937530725056,5.258009203535425,1.0,12,2
4045,8.101446478592777,1.0,5.955837369464831,5.955837369464831,0.0,0.0,0.083333,0.0,0.0,0.6931471805599453,8.867990898182093,6.815900248967205,6.666999393302947,0.0,12,2
4047,3.810920323428844,0.454545,5.877735781779639,5.877735781779639,0.0,0.0,0.166667,0.0,0.0,1.0986122886681098,9.711176264112805,6.7306486993263155,5.332270504393128,0.0,12,2
4048,6.006931125552156,1.0,6.821151091806754,6.821151091806754,0.0,0.0,0.416667,0.0,0.0,2.70805020110221,6.2166061010848646,6.444509142367379,5.314208801170705,0.083333,12,2
4049,8.447635640742284,1.0,7.190155929244182,7.190155929244182,0.0,0.0,0.333333,0.0,0.0,1.791759469228055,8.412054873292933,7.632939153350729,8.700363418321151,0.0,12,2
4060,7.3397814007740445,1.0,4.61512051684126,4.61512051684126,0.0,0.0,0.083333,0.0,0.0,0.6931471805599453,8.006700845440367,6.043305536108452,6.112138885583751,0.0,12,2
4067,5.750540241571473,0.818182,6.940135340445052,6.940135340445052,0.0,0.0,0.5,0.0,0.0,2.3978952727983707,8.006700845440367,7.838081651594226,4.809481421181937,0.111111,12,2
4071,6.783804373438038,1.0,5.669018482219861,5.602118820879701,2.9831534913471307,0.0,0.083333,0.083333,0.0,1.3862943611198906,6.90875477931522,6.111705832125353,5.994388009624101,0.0,12,2
4078,7.251491613047089,1.0,4.973279507552487,4.973279507552487,0.0,0.0,0.083333,0.0,0.0,0.6931471805599453,8.006700845440367,6.071571735779497,5.709648260580112,0.0,12,2
4080,6.404613492118556,1.0,4.110873864173311,4.110873864173311,0.0,4.022966401765387,0.083333,0.0,1.0986122886681098,0.6931471805599453,7.0909098220799835,7.342302410318625,5.76468427844632,0.083333,12,2
4096,4.664092757785902,1.0,7.204795923073719,7.204795923073719,0.0,0.0,0.916667,0.0,0.0,2.5649493574615367,7.438971592395862,7.287697902434675,5.177890267810635,0.25,12,2
4104,7.270296112799872,1.0,6.039206543093403,6.039206543093403,0.0,0.0,0.333333,0.0,0.0,1.6094379124341003,7.67368812926773,6.8577346197140345,6.146679849309391,0.0,12,2
4114,7.930111641422163,1.0,7.587817219993427,7.587817219993427,0.0,0.0,0.166667,0.0,0.0,1.0986122886681098,8.77971129020447,6.448520156683297,6.591970986863836,0.0,12,2
4117,2.2593453864954838,0.181818,4.394449154672439,4.394449154672439,0.0,0.0,0.083333,0.0,0.0,0.6931471805599453,8.922791623969637,4.346256661861892,2.7515889499013393,0.0,12,2
4120,6.736664332144095,0.777778,7.817041536703409,7.817041536703409,0.0,0.0,0.555556,0.0,0.0,2.302585092994046,8.517393171418904,6.264473621328961,5.623348152256071,0.0,9,2
4124,5.277190119730657,1.0,7.551433815257063,7.551433815257063,0.0,0.0,0.916667,0.0,0.0,2.4849066497880004,8.853808274977197,7.548535787712075,5.000864542051182,0.75,12,2
4142,6.2565970898166325,1.0,7.683219502031296,7.683219502031296,0.0,0.0,0.666667,0.0,0.0,3.044522437723423,7.313886831633462,7.572884698681088,5.198476450943555,0.083333,12,2
4149,6.487247044791112,1.0,5.581049709273904,5.3171391207886245,4.13596623691292,0.0,0.083333,0.166667,0.0,1.9459101490553132,7.313886831633462,5.1992131339191285,5.691767894438896,0.0,12,2
4154,4.007235507734907,1.0,5.552959584921617,5.552959584921617,0.0,0.0,0.083333,0.0,0.0,1.3862943611198906,8.77971129020447,6.049872372469304,4.166699052686888,0.083333,12,2
4157,4.173314032644054,0.545455,6.4425083188273105,6.380292014063123,3.6604799795922385,0.0,0.416667,0.083333,0.0,2.3978952727983707,8.006700845440367,6.112871302487474,5.1235445402604824,0.5,12,2
4169,3.2572003288536826,1.0,6.581470968748414,6.581470968748414,0.0,2.99498634541876,1.0,0.0,0.6931471805599453,2.5649493574615367,9.105090961257085,6.499836696565836,1.4345939287760545,0.0,12,2
4170,6.71782687011035,1.0,5.260978880892669,5.084505142662711,3.471034341250935,0.0,0.25,0.083333,0.0,1.791759469228055,7.0909098220799835,6.096383273441274,5.4721724965833545,0.0,12,2
4180,4.0525013519940964,0.272727,5.789348362985848,5.789348362985848,0.0,0.0,0.083333,0.0,0.0,1.3862943611198906,8.071218539969863,7.171612873262043,4.925835411766865,0.0,12,2
4183,5.93753918396981,1.0,7.541704319816118,7.541704319816118,0.0,4.659252739772403,0.416667,0.0,0.6931471805599453,2.3978952727983707,8.517393171418904,7.719094194336261,5.108730912175121,0.222222,12,2
4184,8.099174682247464,1.0,6.883175660007747,6.883175660007747,0.0,0.0,1.0,0.0,0.0,3.258096538021482,9.210440366976517,6.971388908954161,6.827609027364778,0.0,12,2
4189,5.0290474256894475,0.363636,7.119085324810798,7.119085324810798,0.0,0.0,0.083333,0.0,0.0,1.3862943611198906,9.210440366976517,7.951093214088864,4.7147272946187195,0.0,12,2
4193,7.4065772294635375,1.0,5.017279836814924,5.017279836814924,0.0,0.0,0.083333,0.0,0.0,0.6931471805599453,7.496097345175956,6.312683021889035,6.537584941918672,0.0,12,2
4197,6.064151943757662,1.0,5.14166355650266,5.14166355650266,0.0,0.0,0.166667,0.0,0.0,1.0986122886681098,8.77971129020447,6.54520587413561,5.356515352345763,0.0,12,2
4207,3.1652695839967993,1.0,5.309158389725911,5.309158389725911,0.0,0.0,1.0,0.0,0.0,2.5649493574615367,8.006700845440367,5.251774973996116,4.928508897049045,0.363636,12,2
4209,6.0727220927208485,1.0,4.862289952857232,4.862289952857232,0.0,0.0,0.083333,0.0,0.0,0.6931471805599453,8.46611040118692,5.48390436929862,5.697858911613657,0.0,12,2
4212,8.201438594281015,1.0,7.746227161908221,7.746227161908221,0.0,0.0,0.916667,0.0,0.0,2.5649493574615367,8.412054873292933,7.483859497963309,7.04278636587784,0.0,12,2
4220,7.146621798854703,0.272727,9.795122527858004,9.795122527858004,0.0,0.0,0.166667,0.0,0.0,1.3862943611198906,9.798182590890704,10.834124550057611,7.048166872896726,0.0,12,2
4225,5.4284038698490376,1.0,5.354886718035931,5.354886718035931,0.0,0.0,0.083333,0.0,0.0,0.6931471805599453,8.160803920954665,5.690884468507019,5.181145526573514,0.0,12,2
4226,3.752865080245729,1.0,5.3612921657094255,5.3612921657094255,0.0,0.0,0.083333,0.0,0.0,0.6931471805599453,7.0909098220799835,6.393313155223002,3.874107179738785,0.083333,12,2
4227,5.679024045233283,1.0,4.867534450455582,4.867534450455582,0.0,0.0,0.083333,0.0,0.0,0.6931471805599453,8.612685172875459,5.654580976900708,5.307502285736538,0.0,12,2
4231,2.6844326903826583,0.363636,4.868764462910782,4.868764462910782,0.0,0.0,0.166667,0.0,0.0,1.0986122886681098,9.61587214452889,5.930548762595303,4.917247068154784,1.0,12,2
4233,7.019299820078547,1.0,5.484796933490655,5.484796933490655,0.0,0.0,0.166667,0.0,0.0,2.302585092994046,7.0909098220799835,5.906811660328882,6.92863522967858,0.0,12,2
4238,7.0192465782215745,1.0,5.212977319381022,5.212977319381022,0.0,4.70592333501425,0.333333,0.0,0.6931471805599453,1.6094379124341003,7.313886831633462,5.723006365889517,5.854170630774485,0.0,12,2
4242,7.533439017524247,1.0,3.363495514478144,3.363495514478144,0.0,3.891797297846123,0.083333,0.0,0.6931471805599453,1.0986122886681098,7.601402334583733,6.090647461368071,6.2501989855668505,0.0,12,2
4243,6.908989554950067,1.0,4.387138546560058,4.387138546560058,0.0,0.0,0.166667,0.0,0.0,1.0986122886681098,8.77971129020447,6.7677770851763235,5.580971503841716,0.0,12,2
4246,4.100293333146377,0.454545,6.413131034554154,6.413131034554154,0.0,0.0,0.333333,0.0,0.0,1.9459101490553132,8.699681400989514,7.334422183458768,4.90464433530647,1.0,12,2
4254,2.4479194804176796,0.545455,5.485833740219095,5.485833740219095,0.0,0.0,0.5,0.0,0.0,2.1972245773362196,7.901377353792616,6.154520491387505,4.710683598956528,1.0,12,2
4255,2.644601929870609,0.454545,4.255612709818223,4.255612709818223,0.0,0.0,0.083333,0.0,0.0,0.6931471805599453,5.993961427306569,4.597897685345109,4.1515043492092545,0.1,12,2
4270,7.242654968370251,1.0,5.354792213476015,5.354792213476015,0.0,0.0,0.166667,0.0,0.0,1.3862943611198906,7.313886831633462,6.557653125424454,6.093834378374122,0.0,12,2
4271,3.494827727092,1.0,6.013739605621659,6.013739605621659,0.0,0.0,1.0,0.0,0.0,2.5649493574615367,8.922791623969637,6.935771132266616,5.172880683185264,0.909091,12,2
4272,8.647340313802946,1.0,7.200215915886892,7.200215915886892,0.0,0.0,1.0,0.0,0.0,2.6390573296152584,9.15915233520675,7.470217579753118,7.163925181015377,0.0,12,2
4281,1.3538088753150244,0.181818,3.6375861597263857,3.6375861597263857,0.0,0.0,0.083333,0.0,0.0,0.6931471805599453,8.006700845440367,5.366287522573102,4.421842074788173,0.0,12,2
4294,3.492579523483302,0.818182,5.267445702880949,4.946629964120343,3.9930498440705193,0.0,0.083333,0.083333,0.0,1.0986122886681098,8.612685172875459,6.728183053311371,4.5364722852786965,0.090909,12,2
4296,8.655491512785757,1.0,9.014242759567491,9.014242759567491,0.0,0.0,0.75,0.0,0.0,2.8903717578961645,9.392745258631441,8.107497207863547,7.199818133530554,0.0,12,2
4298,8.64602021269264,0.909091,5.1837479118049,5.1837479118049,0.0,0.0,0.090909,0.0,0.0,0.6931471805599453,8.987321812850125,7.482560327245296,7.453178179271142,0.0,11,2
4303,7.156906528611567,1.0,3.784189633918261,3.784189633918261,0.0,0.0,0.083333,0.0,0.0,0.6931471805599453,7.313886831633462,5.701333591922384,5.66433074575417,0.0,12,2
4308,1.9112616189533111,0.181818,4.330733340286331,4.330733340286331,0.0,0.0,0.083333,0.0,0.0,1.0986122886681098,8.131824785007195,5.6724370292177975,4.880922377043739,0.0,12,2
4309,3.555843395933907,0.272727,6.205769149754987,6.205769149754987,0.0,0.0,0.083333,0.0,0.0,0.6931471805599453,8.294299608857235,6.125324636018461,3.002307856941377,0.0,12,2
4310,4.4105057523239815,0.727273,6.748032436786364,6.748032436786364,0.0,0.0,0.416667,0.0,0.0,1.9459101490553132,9.04793908261736,6.87282796725652,4.277963457663787,0.25,12,2
4315,4.076482463881124,1.0,6.111467339502679,6.111467339502679,0.0,0.0,0.5,0.0,0.0,1.9459101490553132,8.294299608857235,5.983132350569056,5.207467537572867,0.25,12,2
4319,7.866918682867446,1.0,4.177459468932607,4.177459468932607,0.0,0.0,0.083333,0.0,0.0,0.6931471805599453,8.006700845440367,6.474565093895122,6.86550691768428,0.0,12,2
4327,4.15511398924003,0.545455,5.744764456377822,5.744764456377822,0.0,0.0,0.166667,0.0,0.0,1.791759469228055,7.0909098220799835,6.267020226781525,4.476591548199907,0.0,12,2
4335,3.0247841997827756,0.545455,5.706578561958202,5.706578561958202,0.0,0.0,0.416667,0.0,0.0,1.9459101490553132,8.006700845440367,6.359614364392207,4.7626696324322015,0.8,12,2
4336,7.085635324350989,1.0,6.100722458044504,6.100722458044504,0.0,0.0,1.0,0.0,0.0,2.4849066497880004,7.0909098220799835,6.51406597957763,6.654643420290599,0.0,11,2
4338,2.2845221355943055,0.7,4.526776118560079,4.526776118560079,0.0,0.0,0.2,0.0,0.0,1.0986122886681098,7.313886831633462,4.360990761492505,3.851996189889926,0.0,10,2
4342,4.168459303400532,0.545455,6.87891331974724,6.87891331974724,0.0,0.0,0.5,0.0,0.0,2.0794415416798357,8.881975184248867,7.016266831405048,4.826183558080691,0.75,12,2
4345,1.6203099965599874,0.727273,5.57980529483649,5.57980529483649,0.0,0.0,0.25,0.0,0.0,1.6094379124341003,8.853808274977197,5.619285878407731,4.030198515167611,0.111111,12,2
4374,5.34571224823963,0.545455,7.763267877257526,7.763267877257526,0.0,0.0,0.25,0.0,0.0,2.0794415416798357,8.412054873292933,8.219377156179977,5.097659842665807,1.0,12,2
4390,6.843842205944452,1.0,4.382026634673881,4.382026634673881,0.0,0.0,0.083333,0.0,0.0,0.6931471805599453,7.313886831633462,5.882542886984319,5.370596524940836,0.0,12,2
4391,3.910544993706747,0.272727,5.726163474437768,5.726163474437768,0.0,0.0,0.090909,0.0,0.0,0.6931471805599453,8.006700845440367,6.341871339918843,3.7504535074305525,0.0,11,2
4398,7.262751970642993,1.0,3.9296664406007413,3.9296664406007413,0.0,4.10550828203359,0.2,0.0,1.3862943611198906,1.0986122886681098,7.313886831633462,5.8565899442088805,5.803784907390998,0.0,10,2
4399,7.611233131422767,0.727273,5.791915444647401,5.791915444647401,0.0,0.0,0.166667,0.0,0.0,1.0986122886681098,8.006700845440367,8.141837484039533,6.380284200102752,0.0,12,2
4405,2.609851680722015,0.181818,4.605170185988092,4.605170185988092,0.0,0.0,0.083333,0.0,0.0,0.6931471805599453,7.313886831633462,4.577340723875568,2.681463896608609,0.0,12,2
4408,7.231485855756517,1.0,4.28771595520264,4.28771595520264,0.0,0.0,0.083333,0.0,0.0,0.6931471805599453,8.160803920954665,5.722741622140274,6.031252897201851,0.0,12,2
4409,5.440082023889267,1.0,8.208143107092903,8.208143107092903,0.0,0.0,1.0,0.0,0.0,3.295836866004329,9.472781556562168,8.164300779816582,5.388705585168158,1.0,12,2
4420,3.913507762630443,0.818182,5.802873377300432,5.802873377300432,0.0,0.0,0.25,0.0,0.0,1.791759469228055,7.824445930877619,6.235016845911977,4.912425874220799,0.0,12,2
4435,7.338846051082068,0.818182,4.23410650459726,4.23410650459726,0.0,0.0,0.083333,0.0,0.0,0.6931471805599453,8.006700845440367,8.25482649096578,6.566493481303461,0.0,12,2
4436,7.841495189001474,1.0,7.550466692110015,7.550466692110015,0.0,0.0,0.75,0.0,0.0,3.4011973816621555,8.294299608857235,6.515821588410924,6.668489606890543,0.0,12,2
4441,4.150106052670586,1.0,6.565279054443217,6.565279054443217,0.0,0.0,1.0,0.0,0.0,2.5649493574615367,7.601402334583733,6.576082117954174,5.144129560198264,0.916667,12,2
4443,7.86787056198854,0.818182,5.798183150077685,5.798183150077685,0.0,0.0,0.333333,0.0,0.0,1.6094379124341003,8.987321812850125,8.356410530907185,6.841940033845886,0.0,12,2
4458,7.447690837661863,1.0,7.601402334583733,7.601402334583733,0.0,0.0,0.111111,0.0,0.0,0.6931471805599453,7.601402334583733,6.107691802053816,5.857465819585229,0.0,9,2
4460,5.093921382473363,0.818182,6.9535313816187205,6.9535313816187205,0.0,0.0,0.333333,0.0,0.0,2.0794415416798357,7.523481312573497,6.274999158847641,5.1505260049919865,0.125,12,2
4465,6.447220812965805,1.0,7.514211031363373,7.514211031363373,0.0,0.0,0.5,0.0,0.0,2.70805020110221,8.77971129020447,7.2629266449137795,5.447359591840285,0.0,12,2
4466,6.3439871454799235,1.0,7.4955586104120355,7.4955586104120355,0.0,0.0,0.833333,0.0,0.0,2.70805020110221,9.210440366976517,7.479566480776736,5.377759281474056,0.0,12,2
4478,5.612095120487052,1.0,5.4312735937966625,5.4312735937966625,0.0,0.0,1.0,0.0,0.0,2.5649493574615367,8.412054873292933,5.760126755142472,5.259120597508093,0.0,12,2
4499,6.363448017088567,1.0,6.227484836235871,6.227484836235871,0.0,0.0,0.333333,0.0,0.0,1.9459101490553132,7.576097340623111,5.243354896328646,5.715165969458273,0.0,12,2
4502,7.075612366229336,1.0,5.043102484233757,5.043102484233757,0.0,0.0,0.333333,0.0,0.0,1.791759469228055,8.77971129020447,7.554470406990705,5.903922990507068,0.0,12,2
4511,5.145265517784737,0.727273,5.860786223465865,5.860786223465865,0.0,0.0,0.083333,0.0,0.0,0.6931471805599453,8.006700845440367,6.72129834328343,5.174052353820974,0.142857,12,2
4521,1.5458429460087415,0.363636,3.3669509429335642,3.3669509429335642,0.0,0.0,0.083333,0.0,0.0,0.6931471805599453,8.77971129020447,5.237360333551627,4.044209526618352,0.5,12,2
4529,5.306187540324347,0.727273,5.872117789475416,5.872117789475416,0.0,0.0,0.083333,0.0,0.0,0.6931471805599453,7.0909098220799835,7.437789065149766,5.388501270331772,0.142857,12,2
4539,6.631955336264556,0.875,5.0651234793803255,5.0651234793803255,0.0,0.0,0.125,0.0,0.0,1.9459101490553132,7.0909098220799835,7.310202755951143,7.878382067145091,0.0,8,2
4541,6.169042263412141,1.0,6.139345613921645,6.139345613921645,0.0,0.0,1.0,0.0,0.0,2.5649493574615367,8.612685172875459,5.225762141335513,5.143267520925684,0.0,12,2
4543,5.506700269520734,0.363636,6.813444599510896,6.813444599510896,0.0,0.0,0.083333,0.0,0.0,0.6931471805599453,8.006700845440367,5.832473947491812,4.032660079993658,0.0,12,2
4544,2.982934834532079,0.363636,6.772737067304049,6.772737067304049,0.0,0.0,0.333333,0.0,0.0,2.4849066497880004,7.824445930877619,7.788236617234579,3.828243991447214,1.0,12,2
4545,2.0926870562587627,0.333333,3.3666059368925363,3.3666059368925363,0.0,0.0,0.111111,0.0,0.0,0.6931471805599453,7.824445930877619,4.073887826043342,5.045674417602793,0.0,9,2
4552,8.077324265345382,1.0,8.325487743311943,8.325487743311943,0.0,0.0,1.0,0.0,0.0,3.4657359027997265,9.259225769705994,8.709811703965505,7.015942945081359,0.0,12,2
4553,5.823573901033965,1.0,8.245570802465462,8.245570802465462,0.0,0.0,1.0,0.0,0.0,2.833213344056216,9.711176264112805,7.951066126803499,5.476779502014026,0.916667,12,2
4554,5.384960825864259,0.818182,7.990925618760812,7.990925618760812,0.0,0.0,0.166667,0.0,0.0,1.3862943611198906,8.517393171418904,8.04696444019245,4.780883003089108,0.125,12,2
4563,3.8323567685472537,0.636364,5.081404364984463,5.081404364984463,0.0,0.0,0.083333,0.0,0.0,0.6931471805599453,6.2166061010848646,5.2883646824921,4.558194557053411,0.0,12,2
4576,7.637892223959591,1.0,7.313886831633462,7.313886831633462,0.0,0.0,0.416667,0.0,0.0,2.772588722239781,7.696667081526462,7.6967945082097,7.270462981285992,0.0,12,2
4577,7.481174609021155,1.0,7.261723563220101,7.261723563220101,0.0,0.0,1.0,0.0,0.0,2.8903717578961645,8.517393171418904,7.252274026146384,6.049919364836489,0.0,12,2
4589,3.706680176975125,0.363636,6.265624354438156,6.265624354438156,0.0,0.0,0.083333,0.0,0.0,1.6094379124341003,9.04793908261736,6.2480367932520275,3.648314223502007,0.0,12,2
4590,4.610387263342818,0.818182,6.863667541055383,6.863667541055383,0.0,0.0,0.5,0.0,0.0,2.302585092994046,9.510519035757246,7.0924515863226425,4.614576170691971,0.666667,12,2
4592,3.3979236956613836,0.363636,5.13720920615328,5.13720920615328,0.0,0.0,0.083333,0.0,0.0,0.6931471805599453,7.0909098220799835,5.121929196349909,3.779116446126048,0.0,12,2
4594,7.562132318425974,1.0,4.716711560720999,4.716711560720999,0.0,0.0,0.166667,0.0,0.0,1.0986122886681098,8.006700845440367,6.31432984747494,6.339702070160395,0.0,12,2
4608,4.698356812648611,0.857143,6.621658615771368,6.621658615771368,0.0,0.0,0.714286,0.0,0.0,2.0794415416798357,7.824445930877619,6.213895502586077,4.573699219425058,0.0,7,2
4611,6.981719841638923,1.0,5.303304908059076,5.303304908059076,0.0,0.0,0.083333,0.0,0.0,0.6931471805599453,7.0909098220799835,6.313465180524983,5.676675936223101,0.0,12,2
4613,3.6887533211595094,1.0,6.069628568077336,6.069628568077336,0.0,0.0,1.0,0.0,0.0,2.5649493574615367,8.853808274977197,6.037613380795197,5.212739020460792,1.0,12,2
4615,4.844960464490046,0.8,5.962704925436557,5.962704925436557,0.0,0.0,0.7,0.0,0.0,3.2188758248682006,7.0909098220799835,5.356604434884473,5.167106821529167,0.0,10,2
4627,6.1179914127105945,0.454545,8.202709817985973,8.202709817985973,0.0,0.0,0.25,0.0,0.0,2.3978952727983707,8.922791623969637,5.348140549350898,5.108994330501147,0.0,12,2
4628,3.7437385459824415,0.454545,5.698434868329605,5.698434868329605,0.0,0.0,0.25,0.0,0.0,1.791759469228055,8.699681400989514,6.391013189063176,5.16052023142431,0.333333,12,2
4644,6.383680660281248,1.0,6.44204641401927,6.44204641401927,0.0,0.0,0.166667,0.0,0.0,1.0986122886681098,7.824445930877619,6.668954157689636,5.745043368046255,0.0,12,2
4657,5.257299201745983,1.0,7.678890750654019,7.678890750654019,0.0,0.0,0.75,0.0,0.0,3.2188758248682006,8.517393171418904,7.417008799441047,5.009237531013757,0.222222,12,2
4665,7.908622114406516,1.0,6.574810812456265,6.574810812456265,0.0,0.0,0.333333,0.0,0.0,2.0794415416798357,9.210440366976517,6.544059998618364,6.587217597321266,0.0,12,2
4671,6.699180085683716,1.0,4.476199804691132,4.476199804691132,0.0,0.0,0.083333,0.0,0.0,0.6931471805599453,8.922791623969637,5.540383558083349,5.356406659485567,0.0,12,2
4678,4.75761371517684,0.545455,5.872117789475416,5.872117789475416,0.0,0.0,0.166667,0.0,0.0,1.0986122886681098,9.711176264112805,8.424412212564986,5.356787575164426,0.0,12,2
4681,3.8385275840884003,0.909091,5.170483995038151,5.170483995038151,0.0,0.0,0.166667,0.0,0.0,1.0986122886681098,7.0909098220799835,5.363912803952783,5.412509647598868,0.0,12,2
4692,7.110622325970181,1.0,6.410174881966167,6.410174881966167,0.0,0.0,0.916667,0.0,0.0,2.6390573296152584,7.0909098220799835,6.146649790875081,6.8109113308563005,0.0,12,2
4693,4.441828883139911,0.727273,6.935992820393377,6.935992820393377,0.0,0.0,0.5,0.0,0.0,2.772588722239781,8.699681400989514,6.916686804891136,4.676630654451863,0.5,12,2
4698,5.086817105786036,0.666667,6.175867270105761,6.175867270105761,0.0,0.0,0.666667,0.0,0.0,2.1972245773362196,7.313886831633462,3.6831304351275005,4.472120026123936,0.0,6,2
4713,7.079426859736634,1.0,4.757891273005756,4.757891273005756,0.0,0.0,0.166667,0.0,0.0,1.3862943611198906,7.0909098220799835,6.1027561768826155,5.878946429602121,0.0,12,2
4733,3.3466901561968228,1.0,5.675383000134503,5.675383000134503,0.0,0.0,1.0,0.0,0.0,2.5649493574615367,7.601402334583733,5.756626414338341,5.14734177910924,0.083333,12,2
4734,7.03332662508049,1.0,6.255346889481134,6.255346889481134,0.0,0.0,0.583333,0.0,0.0,2.1972245773362196,7.0909098220799835,6.4672694895856,6.080134975651856,0.0,12,2
4746,3.225928178460445,1.0,5.251487779191239,5.251487779191239,0.0,0.0,0.333333,0.0,0.0,1.6094379124341003,8.006700845440367,5.223618335137817,4.621900067821812,0.0,12,2
4761,3.683759067279348,0.636364,5.440164090776273,5.440164090776273,0.0,0.0,0.25,0.0,0.0,1.3862943611198906,8.02322468471667,5.9760520093018314,4.896830955417454,0.0,12,2
4766,2.4299509552385024,0.454545,4.603468739348334,4.603468739348334,0.0,0.0,0.454545,0.0,0.0,1.791759469228055,8.853808274977197,4.764731643975134,4.985796585000976,0.666667,11,2
4768,4.598047801921428,0.545455,8.398814978677107,8.398814978677107,0.0,0.0,0.583333,0.0,0.0,2.995732273553991,7.313886831633462,8.875146666126069,4.788306285951668,0.75,12,2
4772,8.484239007259996,1.0,5.725543966437714,5.725543966437714,0.0,0.0,0.166667,0.0,0.0,1.0986122886681098,9.711176264112805,7.84342651613033,7.379862961279978,0.0,12,2
4777,4.045089995234371,0.181818,5.912069546293729,5.912069546293729,0.0,4.209464722236749,0.083333,0.0,1.0986122886681098,1.791759469228055,7.824445930877619,5.167471461913443,5.126750569442846,1.0,12,2
4783,4.713211587857003,0.727273,6.901616475022728,6.901616475022728,0.0,0.0,0.416667,0.0,0.0,2.5649493574615367,8.412054873292933,6.674691557584919,5.007549444422526,0.0,12,2
4786,2.100105072801754,0.363636,4.605170185988092,4.605170185988092,0.0,0.0,0.333333,0.0,0.0,1.6094379124341003,8.699681400989514,5.2860256621177495,4.461798571076802,0.0,12,2
4791,5.835246858322171,1.0,3.907613296939446,3.907613296939446,0.0,0.0,0.083333,0.0,0.0,0.6931471805599453,6.2166061010848646,5.551920110746955,5.562033793354933,0.0,12,2
4792,4.529428384477163,1.0,7.292405247376381,7.292405247376381,0.0,0.0,0.833333,0.0,0.0,3.332204510175204,8.006700845440367,7.315858329990782,4.710169780521724,0.5,12,2
4794,1.634257346250613,0.363636,3.284288963416433,3.284288963416433,0.0,0.0,0.083333,0.0,0.0,0.6931471805599453,8.412054873292933,5.102013742643867,4.862416027495325,0.0,12,2
4801,4.801213952796934,1.0,5.858275952864237,5.858275952864237,0.0,0.0,0.25,0.0,0.0,1.6094379124341003,7.901377353792616,5.951721379299032,5.102686484309784,0.0,12,2
4805,6.8570200057139425,1.0,3.8426729272933526,3.8426729272933526,0.0,3.887444472830405,0.083333,0.0,0.6931471805599453,0.6931471805599453,6.90875477931522,5.71850738573847,6.124720359576282,0.0,12,2
4806,3.575341818978438,0.181818,5.496758305221874,5.496758305221874,0.0,0.0,0.083333,0.0,0.0,1.0986122886681098,7.313886831633462,4.457724088467818,5.170248149046854,0.0,12,2
4808,3.9302733894020765,1.0,5.994435130552815,5.994435130552815,0.0,0.0,1.0,0.0,0.0,2.70805020110221,9.04793908261736,5.899084206629744,5.1830266368902524,0.727273,12,2
4816,7.1294551767298175,1.0,5.497168225293202,5.497168225293202,0.0,0.0,0.333333,0.0,0.0,2.302585092994046,7.0909098220799835,6.2730495897660346,6.824859075041103,0.0,12,2
4825,6.4526614545179095,1.0,6.723171164533923,6.723171164533923,0.0,0.0,0.416667,0.0,0.0,2.1972245773362196,8.699681400989514,6.211128856874658,5.483163446550028,0.0,12,2
4831,2.4380826514471097,0.333333,6.008641180478599,6.008641180478599,0.0,0.0,0.111111,0.0,0.0,0.6931471805599453,8.77971129020447,6.72473131796008,5.115594073068705,0.0,9,2
4840,6.834091023909891,1.0,7.187294286491451,7.187294286491451,0.0,0.0,0.25,0.0,0.0,2.772588722239781,8.412054873292933,6.270893784657277,5.579843528955757,0.0,12,2
4847,4.295555625295736,0.363636,6.126213947659596,6.126213947659596,0.0,0.0,0.25,0.0,0.0,1.6094379124341003,7.0909098220799835,5.7471222153917605,5.101942040541683,0.0,12,2
4854,4.388474415486527,0.818182,5.818241473299286,5.602118820879701,4.195395806291828,0.0,0.083333,0.083333,0.0,1.3862943611198906,8.006700845440367,6.028087217596167,4.812701270529242,0.111111,12,2
4858,7.092743447205429,1.0,6.077733982260158,6.077733982260158,0.0,0.0,0.916667,0.0,0.0,2.4849066497880004,7.0909098220799835,6.533728799793882,6.744045962431215,0.0,12,2
4864,3.4692157162199906,1.0,4.709530201312334,4.709530201312334,0.0,0.0,0.083333,0.0,0.0,0.6931471805599453,8.987321812850125,5.434560494717011,4.306044376373514,0.0,12,2
4867,4.5595191441146845,1.0,7.244620295598045,7.244620295598045,0.0,0.0,0.916667,0.0,0.0,2.5649493574615367,8.922791623969637,6.15838274984731,5.350074225722826,0.3,12,2
4875,2.0853592474688463,0.545455,5.77476891322269,5.77476891322269,0.0,0.0,0.916667,0.0,0.0,2.4849066497880004,8.006700845440367,5.658733688296066,3.9802252257661714,0.0,12,2
4876,5.871822312023435,1.0,7.637494721341672,7.637494721341672,0.0,5.175170219108804,0.75,0.0,1.6094379124341003,3.58351893845611,6.55250788703459,7.399311417190631,5.05893361669653,0.333333,12,2
4882,5.137819182204117,0.818182,7.349102198978068,7.349102198978068,0.0,0.0,0.5,0.0,0.0,2.1972245773362196,9.711176264112805,7.561143957126075,4.8433652291413285,0.8,12,2
4884,5.664671789316304,0.222222,7.444248649496705,7.444248649496705,0.0,0.0,0.111111,0.0,0.0,0.6931471805599453,7.733829502771792,8.54121254424738,5.56283980049153,0.0,9,2
4886,2.258736752872715,0.272727,5.014295254927743,5.014295254927743,0.0,0.0,0.083333,0.0,0.0,0.6931471805599453,8.517393171418904,6.105634661796116,4.586765616153986,0.0,12,2
4899,3.4647966180598977,0.666667,5.770412556953964,5.770412556953964,0.0,0.0,0.666667,0.0,0.0,1.791759469228055,8.922791623969637,4.646293971764784,4.039233551022231,0.0,6,2
4903,4.611586825255298,1.0,6.520149735174739,6.487196837426318,3.1354942159291497,0.0,1.0,0.083333,0.0,2.70805020110221,8.006700845440367,6.697871426763881,5.007214576774869,0.272727,12,2
4915,6.646236860186314,0.727273,6.01515665936477,6.01515665936477,0.0,0.0,0.25,0.0,0.0,2.0794415416798357,7.824445930877619,7.648240175609743,5.52886003277334,0.125,12,2
4922,7.283959873942808,1.0,5.58724865840025,5.58724865840025,0.0,5.132936492650318,0.222222,0.0,1.0986122886681098,1.6094379124341003,7.313886831633462,5.655874618638432,5.716164855577591,0.0,9,2
4928,3.9428331797168,0.909091,4.442651256490317,4.442651256490317,0.0,5.561087002687482,0.083333,0.0,1.0986122886681098,1.0986122886681098,7.601402334583733,6.163428652290524,5.40808133077977,0.3,12,2
4930,4.059497753586965,0.454545,5.796361655949294,5.796361655949294,0.0,0.0,0.166667,0.0,0.0,1.6094379124341003,8.77971129020447,6.084147264517782,4.778680151152526,0.0,12,2
4931,2.242974675448545,0.272727,4.110873864173311,4.110873864173311,0.0,0.0,0.083333,0.0,0.0,0.6931471805599453,8.699681400989514,5.526072607655349,4.812738185719912,0.0,12,2
4932,2.8220290916466326,0.363636,5.510561736993246,5.510561736993246,0.0,0.0,0.181818,0.0,0.0,1.6094379124341003,6.2166061010848646,5.0165278720410615,3.1914265160799884,0.0,11,2
4933,3.8201928074570044,0.363636,5.644386264699545,5.644386264699545,0.0,0.0,0.083333,0.0,0.0,1.0986122886681098,8.922791623969637,5.997585396431808,4.331810601936847,0.0,12,2
4938,2.765810048859331,0.818182,4.107589788972121,4.107589788972121,0.0,0.0,0.166667,0.0,0.0,1.0986122886681098,6.2166061010848646,4.597251304244246,4.795493418814322,0.0,12,2
4944,3.2771426575183247,0.727273,4.1515122352784415,4.1515122352784415,0.0,0.0,0.083333,0.0,0.0,0.6931471805599453,7.438971592395862,7.401547600820264,4.717285581985776,0.090909,12,2
4947,8.000225054986732,1.0,7.210463885450541,7.210463885450541,0.0,0.0,0.083333,0.0,0.0,0.6931471805599453,9.210440366976517,6.664249766598774,6.6351785482459915,0.0,12,2
4956,6.761723668297784,1.0,3.6454498961866,3.6454498961866,0.0,0.0,0.166667,0.0,0.0,1.0986122886681098,6.90875477931522,5.108025617990861,5.178640430468904,0.0,12,2
4971,1.1253700843722525,0.181818,3.3138223021771545,3.3138223021771545,0.0,0.0,0.083333,0.0,0.0,0.6931471805599453,8.922791623969637,4.37667897389018,3.7634134783517212,0.0,12,2
4978,7.318540871511323,1.0,5.347583607850955,5.347583607850955,0.0,0.0,0.25,0.0,0.0,1.6094379124341003,7.496097345175956,6.097238863638417,6.036965099289279,0.0,12,2
4986,5.768438938838218,0.818182,7.141466792158388,7.141466792158388,0.0,0.0,0.25,0.0,0.0,1.9459101490553132,9.259225769705994,7.209001134758484,5.392766330157586,0.125,12,2
4988,2.10032263134401,0.272727,4.489085706967289,4.489085706967289,0.0,0.0,0.083333,0.0,0.0,0.6931471805599453,7.313886831633462,6.317906745288747,4.462190504237789,0.0,12,2
4999,7.492743919729713,1.0,6.9136379421402925,6.9136379421402925,0.0,0.0,0.583333,0.0,0.0,2.3978952727983707,7.824445930877619,7.9003178860536005,6.146692791154327,0.0,12,2
5002,2.1410527354975613,0.181818,4.564348191467836,4.564348191467836,0.0,0.0,0.166667,0.0,0.0,1.0986122886681098,8.294299608857235,6.3078805653172205,4.442768990735838,0.0,12,2
5003,7.074268154448792,1.0,5.456815724368715,5.456815724368715,0.0,0.0,0.333333,0.0,0.0,1.9459101490553132,9.546884034617925,6.397577050610518,5.822237145455938,0.0,12,2
5005,8.848571818032061,1.0,7.990553176755884,7.990553176755884,0.0,0.0,0.333333,0.0,0.0,2.3978952727983707,8.987321812850125,6.9755023927016655,9.318650435039146,0.0,12,2
5006,5.911692256410146,1.0,6.93759559499302,6.93759559499302,0.0,0.0,0.416667,0.0,0.0,1.9459101490553132,8.77971129020447,7.240384878549721,5.1468043724671455,0.0,12,2
5012,5.829483828631021,1.0,4.945207488773801,4.945207488773801,0.0,0.0,0.25,0.0,0.0,1.3862943611198906,7.0909098220799835,6.778209774426784,5.125887027969044,0.090909,12,2
5024,3.9159759422685583,0.272727,6.551080335043404,6.551080335043404,0.0,0.0,0.083333,0.0,0.0,0.6931471805599453,7.496097345175956,4.261854733887417,5.121871720727198,0.0,12,2
5028,7.9459849020808715,1.0,7.942799242387084,7.942799242387084,0.0,0.0,1.0,0.0,0.0,3.713572066704308,8.922791623969637,7.048991376864642,6.497632239535532,0.0,12,2
5029,1.3558988114027977,0.181818,5.5254529391317835,5.5254529391317835,0.0,0.0,0.083333,0.0,0.0,0.6931471805599453,7.601402334583733,7.245813848140877,5.076064512195491,0.0,12,2
5043,7.189197029312095,1.0,7.530458535787816,7.530458535787816,0.0,0.0,0.416667,0.0,0.0,2.4849066497880004,8.38958706681109,6.862718472943106,5.782398669959989,0.0,12,2
5050,7.141745389120191,0.909091,6.0063531596017325,6.0063531596017325,0.0,0.0,1.0,0.0,0.0,2.4849066497880004,8.853808274977197,6.3759631835157355,6.0528961208981364,0.0,11,2
5067,3.9195701142214188,0.375,6.297735274996073,6.297735274996073,0.0,0.0,0.25,0.0,0.0,1.3862943611198906,7.901377353792616,5.963435556932022,4.74153253018519,1.0,8,2
5071,5.671732989604449,0.909091,7.104719112512962,7.104719112512962,0.0,0.0,0.5,0.0,0.0,2.302585092994046,8.517393171418904,6.671513798069149,5.246804637560159,0.0,12,2
5073,2.8676949039651856,0.545455,5.400332291954767,5.400332291954767,0.0,0.0,0.083333,0.0,0.0,0.6931471805599453,8.517393171418904,5.714326770991134,4.119985001905186,0.0,12,2
5084,6.083896427215505,0.909091,6.183426980938617,6.183426980938617,0.0,0.0,0.5,0.0,0.0,2.4849066497880004,8.699681400989514,7.3125199044762965,5.358049736308321,0.2,12,2
5087,7.5207166435040325,1.0,7.5225300228556815,7.5225300228556815,0.0,0.0,0.75,0.0,0.0,2.5649493574615367,8.131824785007195,7.123090839113915,6.060901284405261,0.0,12,2
5099,2.040858055454344,0.181818,4.184946706904381,4.184946706904381,0.0,0.0,0.083333,0.0,0.0,1.0986122886681098,9.259225769705994,5.923111501246096,4.412159847152992,0.0,12,2
5100,1.8527441830663203,0.181818,4.248495242049359,4.248495242049359,0.0,0.0,0.083333,0.0,0.0,0.6931471805599453,7.601402334583733,4.532942380597196,3.8558239289240084,0.0,12,2
5105,7.842034445263982,1.0,7.011700793998581,7.011700793998581,0.0,0.0,0.583333,0.0,0.0,3.295836866004329,8.006700845440367,6.263873292604143,6.7246232818701275,0.0,12,2
5115,5.957812389331057,1.0,5.455021925305676,5.455021925305676,0.0,0.0,0.5,0.0,0.0,1.9459101490553132,7.824445930877619,6.898450656934161,5.035407097046923,0.083333,12,2
5125,2.4577370428117344,0.727273,3.9318256327243257,3.9318256327243257,0.0,0.0,0.083333,0.0,0.0,0.6931471805599453,8.006700845440367,4.289170254339684,4.52748970771912,0.0,12,2
5150,5.067417928451048,0.909091,5.356916408850973,5.356916408850973,0.0,0.0,0.25,0.0,0.0,1.6094379124341003,7.244941546337007,6.903662358398435,5.234038006491998,0.1,12,2
5169,7.66699264637979,1.0,4.74493212836325,4.74493212836325,0.0,0.0,0.083333,0.0,0.0,1.0986122886681098,8.987321812850125,6.36029322060337,6.6458601040749326,0.0,12,2
5170,6.850744662337292,0.875,4.6443908991413725,4.6443908991413725,0.0,0.0,0.125,0.0,0.0,0.6931471805599453,6.90875477931522,5.376782012814304,6.019772142158891,0.0,8,2
5186,6.900679414997824,1.0,6.852697011231933,6.852697011231933,0.0,0.0,0.583333,0.0,0.0,2.3978952727983707,7.313886831633462,7.278815209995936,7.576564259790061,0.0,12,2
5199,4.291652865720212,1.0,6.410766812004168,6.410766812004168,0.0,0.0,1.0,0.0,0.0,2.5649493574615367,8.612685172875459,6.320356043819423,5.265829866354287,1.0,12,2
5213,7.558347566503445,1.0,6.752585746967883,6.752585746967883,0.0,0.0,0.545455,0.0,0.0,2.1972245773362196,8.732465848349879,6.2539528404220395,6.08493342821638,0.0,11,2
5215,7.188095270702165,1.0,6.118097198041348,6.118097198041348,0.0,0.0,0.5,0.0,0.0,2.0794415416798357,7.496097345175956,6.425376237228269,5.7622454079812275,0.0,12,2
5224,3.9389785386081253,0.363636,6.231602865798053,6.231602865798053,0.0,0.0,0.083333,0.0,0.0,1.0986122886681098,8.699681400989514,6.223080801487263,3.569208559447595,0.0,12,2
5227,7.096986609874099,0.9,5.886104031450156,5.886104031450156,0.0,0.0,0.4,0.0,0.0,1.6094379124341003,8.006700845440367,5.483568951613668,5.940318131406913,0.0,10,2
5234,5.583004815838377,1.0,6.846943139585379,6.846943139585379,0.0,0.0,0.166667,0.0,0.0,1.0986122886681098,8.699681400989514,6.625437506246505,5.196796741287858,0.0,12,2
5235,6.359384186323957,1.0,6.9865664594064265,6.9865664594064265,0.0,0.0,0.25,0.0,0.0,1.3862943611198906,8.699681400989514,6.243468520931041,5.2554422606279,0.0,12,2
5247,7.255218549433167,0.636364,5.8067000086628875,5.8067000086628875,0.0,4.072288471783998,0.166667,0.0,0.6931471805599453,1.0986122886681098,8.922791623969637,8.10832846565086,5.980608376555886,0.0,12,2
5292,1.2769578962855923,0.090909,4.2626798770413155,4.2626798770413155,0.0,0.0,0.083333,0.0,0.0,0.6931471805599453,7.601402334583733,5.985032988906501,4.455202639645355,0.0,12,2
5307,2.6940934572839446,0.909091,6.398594934535208,6.398594934535208,0.0,0.0,0.083333,0.0,0.0,0.6931471805599453,8.412054873292933,6.4112889420917245,4.5368204219489225,0.0,12,2
5314,3.9921890716465507,0.545455,4.110873864173311,4.110873864173311,0.0,5.62808846130126,0.083333,0.0,0.6931471805599453,0.6931471805599453,7.0909098220799835,7.697643332235267,5.618656613509281,0.0,12,2
5315,7.068980720134437,1.0,6.667834269928616,6.667834269928616,0.0,0.0,0.416667,0.0,0.0,2.1972245773362196,7.0909098220799835,6.162596908514568,6.430327285222406,0.0,12,2
5331,6.788585936596471,1.0,7.273425642545855,7.273425642545855,0.0,0.0,1.0,0.0,0.0,2.6390573296152584,7.496097345175956,5.738647607049946,5.679685148930774,0.0,12,2
5332,6.541793782469254,1.0,6.003887067106539,6.003887067106539,0.0,0.0,0.166667,0.0,0.0,1.0986122886681098,8.764209507142004,6.669798001732608,5.3089358305861545,0.0,12,2
5334,7.629424870060841,1.0,8.12406171046689,8.12406171046689,0.0,0.0,0.833333,0.0,0.0,3.4657359027997265,8.853808274977197,7.881629292671503,6.197213825391332,0.0,12,2
5335,6.341995977755171,0.909091,6.806829360392176,6.806829360392176,0.0,0.0,0.090909,0.0,0.0,0.6931471805599453,7.313886831633462,6.623470052045959,5.272505467289985,0.0,11,2
5336,7.242016154488524,1.0,6.870178014626771,6.870178014626771,0.0,0.0,0.583333,0.0,0.0,3.044522437723423,7.3783837129967145,6.987479267254656,6.471652741838644,0.0,12,2
5354,6.781043975445736,1.0,7.325517796382182,7.318910832418667,2.3978952727983707,0.0,0.583333,0.083333,0.0,2.772588722239781,7.438971592395862,7.502960457981093,5.753763345525981,0.166667,12,2
5372,6.123485032011077,0.909091,7.1718488166253005,7.1718488166253005,0.0,0.0,0.5,0.0,0.0,2.302585092994046,7.313886831633462,6.160053633245658,5.142789320253612,0.0,12,2
5373,6.491717274266956,1.0,6.4472900145550955,6.4472900145550955,0.0,0.0,0.083333,0.0,0.0,0.6931471805599453,8.699681400989514,5.871729691639981,5.515443581954924,0.0,12,2
5386,6.931195732338487,1.0,4.796534070766275,4.796534070766275,0.0,0.0,0.083333,0.0,0.0,0.6931471805599453,7.824445930877619,5.912760297466392,6.0208395169194,0.0,12,2
5399,7.645396278098116,1.0,7.854381210652365,7.854381210652365,0.0,0.0,0.25,0.0,0.0,1.6094379124341003,8.648396877031582,6.355265043641052,6.276988292672098,0.0,12,2
5405,7.896402051158921,1.0,5.647282667416716,5.647282667416716,0.0,0.0,0.416667,0.0,0.0,1.791759469228055,8.006700845440367,8.22911128570846,7.130467524497371,0.083333,12,2
5437,5.665794034742288,1.0,5.8888779583328805,5.8888779583328805,0.0,0.0,0.083333,0.0,0.0,0.6931471805599453,8.006700845440367,4.733371843272445,5.343517642391164,0.0,12,2
5441,3.436329684541654,0.454545,6.13770545558085,6.13770545558085,0.0,0.0,0.333333,0.0,0.0,1.6094379124341003,8.699681400989514,6.853297780619219,4.661649153501098,0.666667,12,2
5447,5.426474141757307,1.0,7.699724646840295,7.699724646840295,0.0,0.0,1.0,0.0,0.0,3.2188758248682006,9.210440366976517,7.545389785024085,5.325334757672323,0.818182,12,2
5454,6.42579281264031,0.818182,8.663854754829993,8.663854754829993,0.0,0.0,0.5,0.0,0.0,2.6390573296152584,8.853808274977197,8.68139355229564,5.658653646109739,0.2,12,2
5457,6.698378745892675,0.909091,7.2653527972182985,7.2653527972182985,0.0,0.0,0.181818,0.0,0.0,2.4849066497880004,7.824445930877619,7.36381363647018,5.983336304767856,0.0,11,2
5464,2.6309287390993426,0.363636,7.271112844384732,7.244798780971642,3.646754527813265,0.0,0.25,0.083333,0.0,1.6094379124341003,7.901377353792616,7.771915348289635,4.602843541448592,0.25,12,2
5467,5.2251569676126675,0.454545,7.431216733327698,7.431216733327698,0.0,0.0,0.25,0.0,0.0,1.791759469228055,8.699681400989514,8.262173678464007,4.852157818284213,0.0,12,2
5470,4.749475547905273,1.0,4.430816798843313,4.430816798843313,0.0,4.251747519086913,0.166667,0.0,1.0986122886681098,1.3862943611198906,5.707110264748875,5.284894298918598,5.31130968467463,0.083333,12,2
5482,5.868553696338616,1.0,7.514745263090908,7.514745263090908,0.0,0.0,0.416667,0.0,0.0,1.9459101490553132,7.824445930877619,7.484917876699505,5.245834849526002,0.4,12,2
5491,3.715387101458545,1.0,6.050605716211152,6.050605716211152,0.0,0.0,1.0,0.0,0.0,2.5649493574615367,8.853808274977197,6.067190038229419,5.241505679062146,0.083333,12,2
5494,4.528887569469931,0.363636,7.0130247904992125,7.0130247904992125,0.0,0.0,0.166667,0.0,0.0,1.0986122886681098,8.699681400989514,8.103325795646507,4.448178494305739,0.0,12,2
5501,4.058243075220856,1.0,6.619219508900875,6.619219508900875,0.0,0.0,1.0,0.0,0.0,2.5649493574615367,8.294299608857235,6.550819803965274,5.146185015191518,1.0,12,2
5503,2.5606982574032187,0.181818,4.499031589926425,4.499031589926425,0.0,0.0,0.083333,0.0,0.0,0.6931471805599453,7.919719760924575,6.06728461118839,5.043859841767544,0.0,12,2
5505,7.4785026873264435,1.0,4.169761201506855,4.169761201506855,0.0,0.0,0.083333,0.0,0.0,0.6931471805599453,7.601402334583733,6.622640058678189,5.940380017769598,0.0,12,2
5529,8.01728565021265,1.0,7.601702139712646,7.601702139712646,0.0,0.0,0.166667,0.0,0.0,1.3862943611198906,8.77971129020447,6.699635076158268,6.756115872267344,0.0,12,2
5533,3.44665096977439,1.0,6.2411916050718785,6.2411916050718785,0.0,0.0,1.0,0.0,0.0,2.5649493574615367,8.853808274977197,6.185529240908749,5.267386970751962,1.0,12,2
5534,4.524677898935556,0.909091,6.5547735068810224,6.5547735068810224,0.0,0.0,0.333333,0.0,0.0,1.9459101490553132,8.071218539969863,6.7012021093111125,4.950006375603923,0.1,12,2
5536,5.306156961463583,1.0,6.517523551514562,6.517523551514562,0.0,0.0,0.416667,0.0,0.0,2.1972245773362196,8.922791623969637,6.626058795763016,5.7352971654889995,0.083333,12,2
5540,3.306767391044318,0.545455,6.035481432524756,6.035481432524756,0.0,0.0,1.0,0.0,0.0,2.6390573296152584,8.77971129020447,6.868741327092272,4.472356741291552,0.111111,12,2
5565,7.45501903194916,1.0,6.4384873790212245,6.4384873790212245,0.0,0.0,0.333333,0.0,0.0,2.302585092994046,7.496097345175956,6.831119354709793,6.763975555724065,0.0,12,2
5574,5.962162242318153,1.0,5.540086381985411,5.540086381985411,0.0,0.0,0.416667,0.0,0.0,2.1972245773362196,8.006700845440367,5.2939762224022,5.306931706352559,0.0,12,2
5588,4.845439569490686,1.0,4.98292145552874,4.98292145552874,0.0,0.0,0.25,0.0,0.0,1.9459101490553132,6.111467339502679,7.176906608359973,7.198262970360088,0.333333,12,2
5589,6.871576080609793,1.0,6.5814293936048,6.5814293936048,0.0,0.0,1.0,0.0,0.0,2.5649493574615367,7.8636512654486515,7.7432188352682445,5.976147589137405,0.0,12,2
5595,4.976779803428715,1.0,3.8426729272933526,3.8426729272933526,0.0,0.0,0.083333,0.0,0.0,0.6931471805599453,6.90875477931522,5.664903327695879,5.18445045722447,0.0,12,2
5606,6.594493037978696,1.0,6.663898686070386,6.663898686070386,0.0,0.0,1.0,0.0,0.0,2.5649493574615367,9.392745258631441,5.634308580353466,5.479005076841414,0.0,12,2
5611,7.224036373816618,1.0,5.198497031265826,5.198497031265826,0.0,0.0,0.166667,0.0,0.0,1.0986122886681098,8.006700845440367,6.282369907929865,6.765181793571358,0.0,12,2
5613,4.5062305346131435,0.272727,7.069525428213925,7.069525428213925,0.0,0.0,0.181818,0.0,0.0,1.0986122886681098,9.433563920090563,6.5688129922974055,3.335571407239309,0.0,11,2
5616,2.307847721043423,0.272727,5.153291594497779,5.153291594497779,0.0,0.0,0.166667,0.0,0.0,1.0986122886681098,8.699681400989514,5.196529300973669,4.781783808475415,0.0,12,2
5618,6.219317061830472,1.0,4.684628107322807,4.684628107322807,0.0,0.0,0.25,0.0,0.0,1.3862943611198906,8.922791623969637,6.421887730129253,5.241952612970563,0.0,12,2
5623,3.732386089758209,1.0,4.62477671562701,4.62477671562701,0.0,0.0,0.333333,0.0,0.0,1.6094379124341003,5.993961427306569,5.432233848766043,5.284350801562802,0.0,12,2
5625,2.9668262921785282,0.454545,5.839187111662404,5.839187111662404,0.0,0.0,0.083333,0.0,0.0,1.0986122886681098,8.699681400989514,5.445693585731944,4.311702381756157,0.0,12,2
5633,3.5653302447348647,0.545455,3.8426729272933526,3.8426729272933526,0.0,0.0,0.083333,0.0,0.0,0.6931471805599453,7.313886831633462,4.384614732657138,5.344965776894521,0.0,12,2
5637,3.5052804216953466,1.0,7.078628216382349,7.078628216382349,0.0,0.0,0.583333,0.0,0.0,2.3978952727983707,8.987321812850125,6.063535805496194,5.177683899770053,0.666667,12,2
5643,5.5799249314802095,1.0,4.1588830833596715,4.1588830833596715,0.0,3.7077687723134414,0.083333,0.0,0.6931471805599453,0.6931471805599453,8.517393171418904,5.889221145974661,5.263082422851921,0.0,12,2
5644,5.39314986409854,1.0,6.344477795213722,6.344477795213722,0.0,0.0,0.333333,0.0,0.0,1.6094379124341003,8.006700845440367,5.637454727140671,5.49192249457305,0.0,12,2
5651,6.256751118244174,1.0,6.710876274853197,6.710876274853197,0.0,0.0,0.916667,0.0,0.0,2.4849066497880004,8.699681400989514,7.739023644001151,5.619198708633183,0.0,12,2
5660,5.88020815990727,1.0,6.835496365496058,6.835496365496058,0.0,0.0,1.0,0.0,0.0,2.6390573296152584,7.0909098220799835,7.3705855725144955,5.269598339946204,0.166667,12,2
5676,5.032104420899327,0.833333,6.797136518509772,6.797136518509772,0.0,0.0,0.5,0.0,0.0,1.791759469228055,8.294299608857235,5.720513697203683,4.443158621876376,0.0,6,2
5681,4.809512765461758,0.818182,6.293419278846481,6.293419278846481,0.0,0.0,0.583333,0.0,0.0,2.302585092994046,7.496097345175956,5.477307777063129,5.4474740313004455,0.285714,12,2
5706,4.676470969529335,1.0,6.946379660518905,6.946379660518905,0.0,0.0,0.666667,0.0,0.0,2.70805020110221,8.699681400989514,6.823317793236097,4.952633618929039,0.6,12,2
5722,7.291555755900317,1.0,6.3000148553640605,6.3000148553640605,0.0,0.0,0.25,0.0,0.0,1.6094379124341003,7.824445930877619,6.252194147393533,5.875729830026549,0.0,12,2
5732,4.832356330998211,1.0,7.086353245142494,7.086353245142494,0.0,0.0,0.916667,0.0,0.0,2.4849066497880004,8.922791623969637,6.8699446852230155,5.135836748081091,1.0,12,2
5743,4.0349348396166675,0.909091,5.309603438565004,5.309603438565004,0.0,0.0,0.083333,0.0,0.0,0.6931471805599453,8.922791623969637,6.149151276308647,4.978523312598028,0.111111,12,2
5748,7.14568635630172,1.0,4.682594082952895,4.182813210209709,3.7727609380946383,0.0,0.25,0.083333,0.0,1.791759469228055,8.294299608857235,6.228098125469332,5.9490000064304045,0.0,12,2
5749,7.091912181331906,1.0,4.778198695870453,4.778198695870453,0.0,0.0,0.333333,0.0,0.0,1.6094379124341003,7.0909098220799835,5.651423047238465,6.121758364437019,0.0,12,2
5753,7.296774058596698,1.0,4.672828834461906,4.672828834461906,0.0,3.6192241579150304,0.083333,0.0,1.0986122886681098,1.0986122886681098,8.006700845440367,5.858930297171406,6.076526444471427,0.0,12,2
5758,7.039389501617202,1.0,4.770684624465665,4.770684624465665,0.0,0.0,0.083333,0.0,0.0,0.6931471805599453,7.0909098220799835,6.200690555158064,6.082446724607462,0.0,12,2
5761,7.078108827346501,0.636364,5.925431576503544,5.925431576503544,0.0,0.0,0.083333,0.0,0.0,0.6931471805599453,9.392745258631441,8.80621302691389,5.953648392500369,0.0,12,2
5765,6.015484758077287,1.0,4.50413364181032,4.50413364181032,0.0,4.699681847061178,0.083333,0.0,0.6931471805599453,0.6931471805599453,8.006700845440367,5.120546820178394,5.359464595311081,0.0,12,2
5768,8.053788669049032,1.0,6.764969770233575,6.764969770233575,0.0,0.0,0.25,0.0,0.0,1.6094379124341003,8.160803920954665,6.926783617378333,6.886238222571865,0.0,12,2
5791,7.524357217889366,1.0,5.303304908059076,5.303304908059076,0.0,5.034952961606757,0.083333,0.0,0.6931471805599453,0.6931471805599453,7.601402334583733,6.569958459488237,6.683712059337713,0.0,12,2
5792,2.4278509953740035,0.272727,4.14883274750617,4.14883274750617,0.0,0.0,0.083333,0.0,0.0,0.6931471805599453,7.496097345175956,5.455169736379115,4.790065901790061,0.0,12,2
5820,2.5569595235776923,0.363636,4.465908118654584,4.465908118654584,0.0,0.0,0.083333,0.0,0.0,0.6931471805599453,8.987321812850125,6.1938342361900185,4.455276805985923,1.0,12,2
5846,7.553641922646131,1.0,6.188818384235889,6.365094931696128,0.0,0.0,0.25,0.0,0.0,2.70805020110221,7.601402334583733,6.570569942765833,7.273436009614796,0.0,12,2
5848,7.087726705548784,0.909091,5.122772794033106,5.122772794033106,0.0,0.0,0.083333,0.0,0.0,0.6931471805599453,8.853808274977197,7.555819606693846,5.888847639313707,0.0,12,2
5858,6.471596973644665,1.0,6.6293632534374485,6.6293632534374485,0.0,0.0,1.0,0.0,0.0,2.5649493574615367,6.398594934535208,7.175438498081665,6.784759119954915,0.0,12,2
5867,2.960426857611494,0.272727,5.0938115486181985,5.0938115486181985,0.0,0.0,0.083333,0.0,0.0,0.6931471805599453,8.853808274977197,5.590325328831832,4.20835694232797,0.0,12,2
5868,7.646428392854464,1.0,7.225343180833213,7.225343180833213,0.0,0.0,0.416667,0.0,0.0,2.833213344056216,7.719129840906732,6.979441179143354,7.03981832511339,0.0,12,2
5877,4.474988980927297,1.0,5.962061482738665,5.962061482738665,0.0,0.0,0.5,0.0,0.0,1.791759469228055,7.824445930877619,3.63796235211505,3.9938791754766743,0.0,6,2
5883,5.913450736704705,1.0,7.32476680325734,7.32476680325734,0.0,0.0,0.916667,0.0,0.0,3.4657359027997265,9.210440366976517,6.8861603938509655,5.299772911728009,0.333333,12,2
5885,2.8411623725324726,0.636364,3.9318256327243257,3.9318256327243257,0.0,0.0,0.083333,0.0,0.0,0.6931471805599453,8.853808274977197,4.703474107345655,5.32994828261406,0.0,12,2
5902,6.053992178229526,1.0,7.030857476116121,7.030857476116121,0.0,5.227267693794809,0.083333,0.0,0.6931471805599453,1.3862943611198906,7.313886831633462,4.90337678579681,5.304197400216703,0.0,12,2
5904,6.182916143787981,0.777778,7.910029192767815,7.910029192767815,0.0,0.0,0.666667,0.0,0.0,3.295836866004329,7.601402334583733,7.093988115904345,5.150404633545505,0.0,9,2
5906,3.932701464757728,0.555556,6.492179227123244,6.492179227123244,0.0,0.0,0.222222,0.0,0.0,1.0986122886681098,7.824445930877619,5.341000803508838,2.7132507879108547,0.0,9,2
5908,7.994423563507214,1.0,6.285942227026518,6.285942227026518,0.0,3.687703963495471,0.75,0.0,0.6931471805599453,2.3978952727983707,8.517393171418904,6.460506105899815,6.936268829312943,0.0,12,2
5911,6.457094124119643,1.0,7.323698631377929,7.323698631377929,0.0,0.0,0.5,0.0,0.0,2.302585092994046,7.313886831633462,7.201652307274149,5.737452245695048,0.0,12,2
5932,7.4271160027333565,1.0,6.3739850972210315,6.3739850972210315,0.0,0.0,0.75,0.0,0.0,2.4849066497880004,7.438971592395862,6.263227367989973,7.1827167049875875,0.0,12,2
5960,6.862163078222447,1.0,7.197210777983059,7.197210777983059,0.0,4.512704638378446,1.0,0.0,0.6931471805599453,2.6390573296152584,8.006700845440367,6.808692159701945,5.528920271578612,0.0,12,2
5966,4.17672949397675,0.818182,6.1903154058531475,6.1903154058531475,0.0,0.0,0.666667,0.0,0.0,2.6390573296152584,6.2166061010848646,6.122248275232351,4.857731939368842,0.2,12,2
5971,6.990176137228008,1.0,6.496005463406834,6.496005463406834,0.0,4.6865437553645,0.083333,0.0,0.6931471805599453,0.6931471805599453,7.496097345175956,7.870504832509781,5.706894437473133,0.090909,12,2
5980,5.811395514475571,0.636364,6.8885724595653635,6.8885724595653635,0.0,0.0,0.083333,0.0,0.0,0.6931471805599453,6.90875477931522,7.303981424341502,5.102282506753464,0.0,12,2
5981,8.447637092274936,1.0,8.271103376755777,8.271103376755777,0.0,0.0,1.0,0.0,0.0,2.5649493574615367,9.105090961257085,7.708734857180806,7.044204873759878,0.0,12,2
6000,5.409315722674455,1.0,7.767136977683106,7.767136977683106,0.0,0.0,0.916667,0.0,0.0,3.8066624897703196,8.517393171418904,7.746994471209297,5.2148468243067105,1.0,12,2
6011,6.615184372967527,1.0,3.917010546939185,3.917010546939185,0.0,0.0,0.083333,0.0,0.0,0.6931471805599453,6.90875477931522,5.917253318469647,5.376243571393418,0.0,12,2
6034,6.3988292980849,0.875,8.157373307333426,8.157373307333426,0.0,0.0,0.5,0.0,0.0,3.091042453358316,8.517393171418904,4.665517141023379,5.112313837606348,0.0,8,2
6035,5.3738878858010075,1.0,6.090042110468976,6.090042110468976,0.0,0.0,1.0,0.0,0.0,3.1354942159291497,8.006700845440367,6.295316636689026,5.289769134295073,0.0,12,2
6051,7.218860746713535,1.0,4.31748811353631,4.31748811353631,0.0,0.0,0.083333,0.0,0.0,0.6931471805599453,7.313886831633462,5.802420347905658,5.613568005968426,0.0,12,2
6059,4.479805832125861,0.727273,5.330106689037444,5.330106689037444,0.0,0.0,0.416667,0.0,0.0,1.791759469228055,7.3783837129967145,5.8190448576166185,4.961617878107085,0.090909,12,2
6061,6.312659753310968,1.0,5.273153392884487,5.273153392884487,0.0,0.0,0.583333,0.0,0.0,2.0794415416798357,8.294299608857235,6.380156887157246,5.38225174568149,0.0,12,2
6064,5.794769498832664,0.545455,7.76354838097604,7.76354838097604,0.0,0.0,0.25,0.0,0.0,2.833213344056216,8.77971129020447,8.277056813610747,5.4230948881008425,0.0,12,2
6088,7.000542499709187,1.0,5.750602445300092,5.750602445300092,0.0,0.0,0.083333,0.0,0.0,0.6931471805599453,8.517393171418904,6.221586041848058,5.720011829988578,0.0,12,2
6111,8.064001174642117,1.0,6.984947774812043,6.984947774812043,0.0,0.0,0.416667,0.0,0.0,2.3978952727983707,9.04793908261736,7.65447151659127,6.829031504383847,0.0,12,2
6118,7.086642331278526,1.0,5.903998521326706,5.903998521326706,0.0,0.0,0.416667,0.0,0.0,2.1972245773362196,7.0909098220799835,6.340975276235224,7.21766863010856,0.0,12,2
6127,6.134625597269539,1.0,6.7634344607057075,6.7634344607057075,0.0,0.0,0.833333,0.0,0.0,2.4849066497880004,8.006700845440367,7.539700725666013,5.895641727676414,0.25,12,2
6135,7.283954251804272,1.0,7.06721754163001,7.06721754163001,0.0,3.0262353385769436,0.363636,0.0,0.6931471805599453,3.258096538021482,8.216358332386156,5.862921395354595,5.840659886858403,0.0,11,2
6142,8.301282539506277,1.0,3.58351893845611,3.58351893845611,0.0,0.0,0.083333,0.0,0.0,0.6931471805599453,8.294299608857235,5.797566839481518,9.930743695010765,0.0,12,2
6164,6.966988108233893,1.0,5.305839007946883,5.305839007946883,0.0,0.0,0.25,0.0,0.0,1.791759469228055,7.0909098220799835,6.011321920454589,5.993167561156011,0.0,12,2
6177,4.357834231645345,0.363636,5.745595977469612,5.745595977469612,0.0,5.570135936355051,0.25,0.0,0.6931471805599453,1.6094379124341003,8.294299608857235,4.706867641826629,4.892677393151829,0.0,12,2
6185,6.879213985762668,1.0,6.336507096316959,6.336507096316959,0.0,0.0,0.833333,0.0,0.0,2.3978952727983707,7.989899374942939,5.861255791264327,5.925938861550573,0.0,12,2
6189,6.391700125028209,0.818182,6.898714534329988,6.898714534329988,0.0,0.0,0.083333,0.0,0.0,0.6931471805599453,8.006700845440367,6.641010392585652,5.425821928005821,0.0,12,2
6195,6.324103442283634,1.0,3.131136910560194,3.131136910560194,0.0,0.0,0.166667,0.0,0.0,1.0986122886681098,6.398594934535208,5.095422470495723,5.606217219078743,0.0,12,2
6203,7.268710742511003,1.0,3.9318256327243257,3.9318256327243257,0.0,0.0,0.083333,0.0,0.0,0.6931471805599453,7.313886831633462,5.622887188919031,6.127860267064997,0.0,12,2
6214,6.45576167991745,0.4,5.5254529391317835,5.5254529391317835,0.0,0.0,0.1,0.0,0.0,0.6931471805599453,8.987321812850125,8.51640348447978,5.654966565155361,0.0,10,2
6248,3.4741346902852093,1.0,5.41969393771455,5.41969393771455,0.0,0.0,1.0,0.0,0.0,2.833213344056216,7.496097345175956,5.653852906112071,5.421830663960939,0.166667,12,2
6260,6.167151732548206,1.0,6.85751406254539,6.85751406254539,0.0,0.0,0.083333,0.0,0.0,0.6931471805599453,8.412054873292933,4.783572907501015,5.674468092708249,0.0,12,2
6261,4.984194818549666,1.0,7.159089707063046,7.159089707063046,0.0,0.0,0.5,0.0,0.0,2.833213344056216,8.006700845440367,7.834184260289281,5.124153985160546,0.166667,12,2
6270,7.134325058866055,1.0,4.9344739331306915,4.02535169073515,4.430816798843313,0.0,0.083333,0.083333,0.0,1.0986122886681098,9.105090961257085,5.714265294075202,6.028622798309597,0.0,12,2
6273,6.87369586760589,1.0,9.09903667499568,9.09903667499568,0.0,0.0,0.916667,0.0,0.0,3.1780538303479458,8.612685172875459,8.977000119804707,5.570872656433327,1.0,12,2
6275,7.731082946460308,1.0,8.857375679391604,8.857375679391604,0.0,0.0,0.75,0.0,0.0,3.5263605246161616,8.160803920954665,8.710199911318226,7.733838775456075,0.083333,12,2
6290,8.347228352633714,1.0,8.897407497842147,8.897407497842147,0.0,0.0,0.5,0.0,0.0,2.4849066497880004,8.81001204797317,7.928134077494131,7.581476188984819,0.0,12,2
6332,3.621913723017417,1.0,6.9964069765767,6.9964069765767,0.0,5.42839811441481,0.916667,0.0,0.6931471805599453,2.5649493574615367,8.006700845440367,7.768505423581861,5.084841259543716,0.6,12,2
6339,5.6475229461095555,0.727273,5.14166355650266,5.14166355650266,0.0,0.0,0.083333,0.0,0.0,0.6931471805599453,8.612685172875459,7.313457566960932,5.349203675128098,0.0,12,2
6343,2.4212144370970545,0.181818,4.794136285500715,4.794136285500715,0.0,0.0,0.083333,0.0,0.0,1.0986122886681098,8.517393171418904,6.568752418431524,4.428357563114736,0.0,12,2
6352,6.011119876791695,1.0,7.869470517549423,7.869470517549423,0.0,0.0,1.0,0.0,0.0,4.343805421853684,8.366602832783736,8.575016749631946,7.92834098478611,0.75,12,2
6354,4.694887546001068,1.0,5.360822571899434,5.360822571899434,0.0,0.0,0.166667,0.0,0.0,1.0986122886681098,8.537191877922927,4.889248899131489,4.838960150586347,0.0,12,2
6356,2.0009344460170886,0.181818,4.382026634673881,4.382026634673881,0.0,0.0,0.083333,0.0,0.0,0.6931471805599453,8.922791623969637,4.684733329458326,3.838320877062538,0.0,12,2
6373,3.8708089548973095,0.454545,5.081404364984463,5.081404364984463,0.0,0.0,0.083333,0.0,0.0,0.6931471805599453,8.77971129020447,5.32357575076677,4.660595100964486,0.0,12,2
6379,7.397913130570014,1.0,4.732331331604771,4.732331331604771,0.0,0.0,0.181818,0.0,0.0,1.3862943611198906,7.438971592395862,6.087076694951732,6.538762670279488,0.0,11,2
6389,3.9505157421323975,0.454545,6.690158814097044,6.690158814097044,0.0,0.0,0.333333,0.0,0.0,2.1972245773362196,8.612685172875459,6.683085553656608,5.169524950074239,1.0,12,2
6398,3.7622594149031094,1.0,4.51085950651685,4.51085950651685,0.0,0.0,0.083333,0.0,0.0,0.6931471805599453,8.294299608857235,3.3863081518348808,4.962152922553813,0.0,12,2
6399,7.053162006494647,1.0,6.336825731146441,6.336825731146441,0.0,0.0,0.166667,0.0,0.0,1.9459101490553132,8.294299608857235,5.63495893168951,5.691916906406221,0.0,12,2
6400,7.269473207969514,1.0,6.150346872168174,6.150346872168174,0.0,0.0,1.0,0.0,0.0,2.5649493574615367,8.366602832783736,7.839846911718976,7.972250526206589,0.0,12,2
6404,8.09586311184549,0.875,8.782783017393202,8.782783017393202,0.0,0.0,0.75,0.0,0.0,2.0794415416798357,8.160803920954665,8.167781140699944,6.262297268148187,0.125,8,2
6409,3.8523563096540223,0.818182,6.096387467034761,6.096387467034761,0.0,0.0,0.25,0.0,0.0,1.3862943611198906,8.77971129020447,6.036319679183962,4.548988986283546,0.0,12,2
6439,4.498759930657429,0.727273,6.288898911002441,6.288898911002441,0.0,0.0,0.25,0.0,0.0,1.9459101490553132,7.824445930877619,6.336777910534027,5.35622892781236,0.0,12,2
6441,5.791646375366415,0.818182,7.990160269405833,7.990160269405833,0.0,0.0,0.583333,0.0,0.0,3.58351893845611,8.294299608857235,7.707635641362498,5.211413954639059,0.571429,12,2
6450,5.390349593366283,1.0,6.846028800344372,6.846028800344372,0.0,0.0,0.727273,0.0,0.0,2.1972245773362196,8.517393171418904,6.877430943845043,5.1318718557571295,0.0,11,2
6453,5.822304623767594,0.818182,8.033557871419555,8.033557871419555,0.0,0.0,0.5,0.0,0.0,3.1354942159291497,7.601402334583733,8.197540732835938,4.904196397194329,0.0,12,2
6456,4.8490778708306275,0.375,6.923923860143721,6.923923860143721,0.0,0.0,0.25,0.0,0.0,1.791759469228055,8.412054873292933,7.857201639667339,4.332841183013643,1.0,8,2
6463,2.7715683268133966,0.272727,5.638354669333745,5.638354669333745,0.0,0.0,0.083333,0.0,0.0,0.6931471805599453,5.707110264748875,5.721109432166106,3.758868096323287,0.0,12,2
6471,2.543600624790953,0.181818,5.187385805840755,5.187385805840755,0.0,0.0,0.083333,0.0,0.0,0.6931471805599453,7.313886831633462,6.9329031879094,4.462355689807609,0.0,12,2
6473,6.388200945629777,0.909091,7.048386408721883,7.048386408721883,0.0,0.0,0.083333,0.0,0.0,0.6931471805599453,8.575650760987806,7.691727508440112,6.819989942927699,0.090909,12,2
6475,7.05742611958288,0.909091,4.703747749349085,4.703747749349085,0.0,3.6409885230132315,0.090909,0.0,0.6931471805599453,1.0986122886681098,7.0909098220799835,5.425608219321241,5.636865443549566,0.0,11,2
6481,4.0118749105120255,0.8,5.763308453970228,5.763308453970228,0.0,0.0,0.3,0.0,0.0,1.6094379124341003,8.006700845440367,5.463386672070329,4.851603438467593,0.0,10,2
6502,7.438442390664928,1.0,4.310799125385514,4.310799125385514,0.0,0.0,0.083333,0.0,0.0,0.6931471805599453,7.438971592395862,6.064947477177879,6.901618445077534,0.0,12,2
6544,5.006468284157094,0.363636,6.398594934535208,6.398594934535208,0.0,0.0,0.083333,0.0,0.0,0.6931471805599453,7.824445930877619,6.596327169162936,5.18996414944536,0.0,12,2
6548,1.3628391763498189,0.2,3.9889840465642745,3.9889840465642745,0.0,0.0,0.1,0.0,0.0,0.6931471805599453,6.90875477931522,5.483423509447685,4.296828267733308,0.0,10,2
6558,3.818576589735985,0.363636,4.557029810660157,4.28771595520264,3.1570004211501135,0.0,0.083333,0.25,0.0,1.6094379124341003,7.824445930877619,6.846971090310588,5.002950810604355,0.0,12,2
6571,1.8966231114647254,0.363636,3.58351893845611,3.58351893845611,0.0,0.0,0.083333,0.0,0.0,0.6931471805599453,7.824445930877619,5.980812633878443,4.058397817115107,0.1,12,2
6577,6.33638182909668,0.909091,8.525353802864764,8.525353802864764,0.0,0.0,0.833333,0.0,0.0,3.258096538021482,8.294299608857235,8.458661403070284,5.304733573597451,0.777778,12,2
6579,5.67899129379147,1.0,7.33287267628889,7.33287267628889,0.0,0.0,0.416667,0.0,0.0,2.302585092994046,9.105090961257085,6.836346994160226,4.815692422545375,0.0,12,2
6580,4.2930326618210755,1.0,4.778282803696737,4.778282803696737,0.0,0.0,0.083333,0.0,0.0,1.0986122886681098,8.131824785007195,2.740884410036897,4.744616017535922,0.0,12,2
6582,6.436303159580872,0.727273,6.918695219020472,6.918695219020472,0.0,0.0,0.25,0.0,0.0,1.6094379124341003,8.517393171418904,7.632484952060869,5.19672700159876,0.0,12,2
6594,4.249019775886001,0.363636,6.635670927153411,6.635670927153411,0.0,0.0,0.166667,0.0,0.0,1.0986122886681098,8.853808274977197,5.2388453702035696,4.260231276029383,0.0,12,2
6605,3.6723054865819003,0.454545,4.907346704590325,4.907346704590325,0.0,0.0,0.083333,0.0,0.0,1.3862943611198906,8.699681400989514,5.893877831461219,4.312587364458699,0.181818,12,2
6609,7.213068860321994,1.0,4.20200243692861,3.711130063048756,3.2928695047765273,0.0,0.166667,1.0,0.0,2.70805020110221,8.294299608857235,6.204010788763364,5.968803813664852,0.0,12,2
6615,7.004433399092982,1.0,5.3981627015177525,5.3981627015177525,0.0,0.0,0.166667,0.0,0.0,1.0986122886681098,7.0909098220799835,5.846023726509245,6.437327468584296,0.0,12,2
6637,3.2129731985947836,0.363636,4.826311734631628,4.826311734631628,0.0,0.0,0.083333,0.0,0.0,0.6931471805599453,7.824445930877619,5.830490209408005,5.086595958479164,0.333333,12,2
6643,6.88136833043994,1.0,4.61512051684126,4.61512051684126,0.0,3.6498863070655245,0.083333,0.0,1.0986122886681098,0.6931471805599453,6.90875477931522,5.76590084458894,6.361177297026666,0.0,12,2
6648,4.706801517875578,1.0,7.333918038569416,7.333918038569416,0.0,0.0,1.0,0.0,0.0,2.5649493574615367,7.0909098220799835,7.427825772544922,4.838034560632513,0.111111,12,2
6652,5.1603857356304585,0.181818,7.350419828079407,7.350419828079407,0.0,0.0,0.083333,0.0,0.0,1.0986122886681098,7.313886831633462,9.047299775728083,7.055306757039953,0.0,12,2
6659,4.167038673440574,1.0,4.9883896851489355,4.9883896851489355,0.0,6.20278588260502,0.090909,0.0,0.6931471805599453,1.0986122886681098,7.313886831633462,6.411073594779116,4.3535027182532335,0.0,11,2
6662,5.084458708148113,1.0,6.800671056372463,6.800671056372463,0.0,0.0,0.666667,0.0,0.0,2.6390573296152584,7.0909098220799835,6.410168357273829,4.059044049698228,0.0,6,2
6663,6.820952393711144,1.0,5.621885270689127,5.621885270689127,0.0,0.0,0.142857,0.0,0.0,0.6931471805599453,7.0909098220799835,7.146295804586823,5.207598711542025,0.142857,7,2
6680,1.81098529621999,0.363636,3.9357395320454622,3.9357395320454622,0.0,0.0,0.166667,0.0,0.0,1.0986122886681098,6.90875477931522,5.308086156171117,4.7021342428380315,0.333333,12,2
6700,6.408107700765977,1.0,4.787491742782046,4.787491742782046,0.0,0.0,0.083333,0.0,0.0,0.6931471805599453,7.496097345175956,5.537559497557746,6.101569559818563,0.0,12,2
6723,5.19493936219315,1.0,6.210901236490865,6.210901236490865,0.0,0.0,0.416667,0.0,0.0,1.9459101490553132,7.0909098220799835,5.677168627175436,5.199011009653539,0.0,12,2
6725,1.2842048786838547,0.142857,3.786006164844659,3.786006164844659,0.0,0.0,0.142857,0.0,0.0,1.0986122886681098,5.707110264748875,4.975519080879909,3.905585368236386,0.0,7,2
6727,7.4838267875200435,1.0,6.1092475827643655,6.1092475827643655,0.0,0.0,0.416667,0.0,0.0,2.0794415416798357,8.160803920954665,6.065036922641152,6.538654099609374,0.0,12,2
6734,6.967225739481154,1.0,6.0044794841854765,6.0044794841854765,0.0,0.0,0.083333,0.0,0.0,0.6931471805599453,7.313886831633462,6.933163102089944,7.904158369888732,0.0,12,2
6762,6.170557522637903,1.0,4.283310661734724,4.283310661734724,0.0,0.0,0.083333,0.0,0.0,0.6931471805599453,6.55250788703459,5.778757597630713,5.384795017798087,0.0,12,2
6765,6.988093055118693,1.0,5.841280987841834,5.841280987841834,0.0,0.0,0.25,0.0,0.0,1.6094379124341003,7.0909098220799835,6.238164981437771,5.648209026447302,0.0,12,2
6766,6.963185236568515,1.0,7.301943710362531,7.301943710362531,0.0,0.0,0.333333,0.0,0.0,1.9459101490553132,7.313886831633462,7.258143353204919,7.91377558290419,0.0,12,2
6773,6.821033329922384,1.0,3.8426729272933526,3.8426729272933526,0.0,0.0,0.083333,0.0,0.0,0.6931471805599453,6.90875477931522,5.4187486746555615,5.804714781252425,0.0,12,2
6774,7.263053581484719,1.0,4.6443908991413725,4.6443908991413725,0.0,0.0,0.166667,0.0,0.0,1.0986122886681098,7.313886831633462,6.382444466252846,6.2490212487423005,0.0,12,2
6776,2.1181302623886884,0.181818,4.68213122712422,4.68213122712422,0.0,0.0,0.083333,0.0,0.0,0.6931471805599453,8.294299608857235,6.378453254592466,4.48644718870616,0.0,12,2
6783,5.05418160629088,0.818182,6.899047475871556,6.899047475871556,0.0,0.0,0.333333,0.0,0.0,2.1972245773362196,8.294299608857235,6.915291492256352,4.227813294550175,0.181818,12,2
6789,6.05442616543133,0.375,7.0909098220799835,7.0909098220799835,0.0,0.0,0.125,0.0,0.0,0.6931471805599453,7.0909098220799835,4.065023744326702,4.05560737215269,0.0,8,2
6803,4.790559656917198,0.909091,5.829269094697617,6.417793810395455,2.596000697293587,4.483537041917065,0.5,0.083333,1.0986122886681098,1.791759469228055,8.77971129020447,4.6840139814073085,5.238396928298646,0.0,12,2
6811,4.284390486902142,0.181818,6.478509642208569,6.478509642208569,0.0,0.0,0.083333,0.0,0.0,0.6931471805599453,7.824445930877619,8.244274968601754,4.472089354702705,0.0,12,2
6815,6.569372302259163,0.818182,5.289327074709904,5.289327074709904,0.0,0.0,0.083333,0.0,0.0,0.6931471805599453,7.313886831633462,7.485756877557487,5.640930878305035,0.1,12,2
6823,7.049865571388883,1.0,6.296648808758401,6.296648808758401,0.0,0.0,0.25,0.0,0.0,2.5649493574615367,7.496097345175956,7.6694647001208525,6.17178547689832,0.0,12,2
6824,5.5305143595017885,0.272727,7.529803801012502,7.529803801012502,0.0,0.0,0.25,0.0,0.0,3.4657359027997265,8.006700845440367,5.281865829073091,5.613563642915127,0.0,12,2
6843,4.08694548980637,0.875,5.76938293174015,5.76938293174015,0.0,5.6167639158226,0.125,0.0,0.6931471805599453,0.6931471805599453,7.0909098220799835,5.8719038708218045,4.515058962161112,0.0,8,2
6855,7.139009060489367,1.0,4.612840692292311,4.009694032601592,3.842458542042237,0.0,0.166667,0.083333,0.0,1.6094379124341003,7.313886831633462,6.467965755666178,5.64223178771546,0.0,12,2
6862,2.7108941532339412,0.727273,3.8875253738277458,3.8875253738277458,0.0,0.0,0.083333,0.0,0.0,0.6931471805599453,7.0909098220799835,4.145944252165738,5.240063238514835,0.0,12,2
6866,7.052064704992826,1.0,4.634728988229636,4.634728988229636,0.0,4.598326038149646,0.166667,0.0,1.0986122886681098,1.0986122886681098,7.0909098220799835,5.747607960577037,6.627350666795246,0.0,12,2
6870,0.8375717144027298,0.090909,3.4307561839036995,3.4307561839036995,0.0,0.0,0.083333,0.0,0.0,0.6931471805599453,8.699681400989514,3.6818135996559396,2.9921745523625205,0.0,12,2
6879,7.136849112999445,1.0,7.1808311990445555,7.1808311990445555,0.0,0.0,0.583333,0.0,0.0,3.4011973816621555,7.0909098220799835,7.27326258779576,7.560268407255412,0.0,12,2
6881,4.428244672331651,0.363636,6.0690735264349644,6.0690735264349644,0.0,0.0,0.083333,0.0,0.0,0.6931471805599453,8.006700845440367,6.600983890047517,5.160521092230957,0.0,12,2
6899,5.364199957456515,0.272727,5.156811404253857,5.156811404253857,0.0,0.0,0.166667,0.0,0.0,1.3862943611198906,8.853808274977197,8.586865516502304,5.383385484131554,0.0,12,2
6912,8.09298590746644,1.0,6.744059186311348,6.744059186311348,0.0,0.0,0.166667,0.0,0.0,1.3862943611198906,8.412054873292933,7.042824825790754,7.035086372291444,0.0,12,2
6919,3.064609338335605,0.272727,4.74493212836325,4.74493212836325,0.0,0.0,0.083333,0.0,0.0,0.6931471805599453,8.294299608857235,6.256897452323904,4.606105918054256,0.0,12,2
6947,3.1512876235129292,0.636364,6.221663152895869,6.221663152895869,0.0,0.0,0.416667,0.0,0.0,2.1972245773362196,6.111467339502679,6.811839000236953,4.083865178111601,0.0,12,2
6950,6.690452089503917,1.0,7.433625168151966,7.433625168151966,0.0,0.0,0.6,0.0,0.0,3.258096538021482,7.0909098220799835,7.486835266085053,6.235497002173078,0.0,10,2
6962,5.686905119974999,1.0,3.8426729272933526,3.8426729272933526,0.0,0.0,0.083333,0.0,0.0,0.6931471805599453,7.496097345175956,6.188394116686443,5.536815167742889,0.0,12,2
6971,4.22819624729752,0.454545,6.430670638445849,6.430670638445849,0.0,0.0,0.083333,0.0,0.0,0.6931471805599453,8.294299608857235,6.905835037497985,4.546703148037698,0.090909,12,2
6974,5.230705669371993,0.5,6.428072961984905,6.428072961984905,0.0,0.0,0.333333,0.0,0.0,2.6390573296152584,7.0909098220799835,4.085470083598991,4.4277048546209095,0.0,6,2
6975,0.34618915975601344,0.181818,7.080379972797227,7.080379972797227,0.0,0.0,0.916667,0.0,0.0,2.4849066497880004,8.699681400989514,7.102527998985828,2.3910584091629774,0.0,12,2
6980,3.9035554163698545,1.0,6.513378467859393,6.473288663314896,3.3138223021771545,0.0,1.0,0.083333,0.0,2.9444389791664403,8.699681400989514,6.502451072428623,5.235036486248595,1.0,12,2
6985,1.2484161059914112,0.363636,3.742420221041966,3.742420221041966,0.0,0.0,0.083333,0.0,0.0,0.6931471805599453,7.601402334583733,4.522793702176277,4.6542140608273925,0.0,12,2
7002,3.8429577741804333,0.454545,4.356708826689592,4.356708826689592,0.0,0.0,0.083333,0.0,0.0,0.6931471805599453,5.707110264748875,6.346457612982395,4.944318510119448,0.166667,12,2
7005,4.506096444863267,0.545455,6.899450892818522,6.899450892818522,0.0,0.0,0.25,0.0,0.0,2.302585092994046,8.294299608857235,7.873686586656562,4.640483641125483,0.5,12,2
7006,5.5467391150620395,0.454545,6.447353404992669,6.447353404992669,0.0,0.0,0.083333,0.0,0.0,0.6931471805599453,8.006700845440367,5.687602749318188,5.688459887775854,0.0,12,2
7014,4.446957067285368,0.909091,6.656623691127758,6.656623691127758,0.0,0.0,0.833333,0.0,0.0,2.3978952727983707,8.006700845440367,6.624741522301577,5.1205142800744,1.0,12,2
7017,3.920030321136503,0.727273,5.9251644753507495,5.739792912179234,4.16418152181088,0.0,0.25,0.083333,0.0,1.6094379124341003,8.517393171418904,6.373040820634666,5.039272441971405,0.571429,12,2
7044,4.612154518653736,0.555556,6.8178086893766645,6.8178086893766645,0.0,5.654801375259798,0.333333,0.0,0.6931471805599453,1.3862943611198906,7.0909098220799835,7.410353829195827,4.3997524009040285,0.5,9,2
7045,7.22983046145,1.0,3.828641396489095,3.828641396489095,0.0,0.0,0.5,0.0,0.0,2.302585092994046,7.313886831633462,5.7921478861938285,6.4405421989297285,0.0,12,2
7049,7.171045445439286,1.0,4.581799199664851,4.581799199664851,0.0,0.0,1.0,0.0,0.0,2.70805020110221,7.313886831633462,5.69774950953027,5.73418199135945,0.0,12,2
7059,5.259129754446909,1.0,6.759197264340988,6.759197264340988,0.0,0.0,0.583333,0.0,0.0,2.3978952727983707,6.68586094706836,6.9100656560045515,5.276259868741063,0.083333,12,2
7072,4.836594366067552,0.909091,7.021003603917475,7.021003603917475,0.0,3.0004246471291514,0.583333,0.0,0.6931471805599453,2.772588722239781,7.496097345175956,7.227945914626482,5.018401637824396,1.0,12,2
7074,6.803759736879459,1.0,5.528317358658732,5.528317358658732,0.0,0.0,0.5,0.0,0.0,1.9459101490553132,8.77971129020447,7.7680199569253885,5.561896062525744,0.083333,12,2
7099,6.808371587583628,1.0,5.0689042022202315,4.51085950651685,4.23410650459726,0.0,0.083333,0.333333,0.0,1.791759469228055,6.803505257608338,5.884765939381915,6.081310269376716,0.0,12,2
7100,1.2552649787128594,0.818182,5.716731604942411,5.716731604942411,0.0,0.0,1.0,0.0,0.0,2.5649493574615367,8.006700845440367,5.665560891273164,3.7425819141300716,0.0,12,2
7110,6.899501898344172,1.0,6.739869029984439,6.739869029984439,0.0,0.0,0.416667,0.0,0.0,1.9459101490553132,8.006700845440367,6.275633771101095,5.4333088701914685,0.0,12,2
7116,7.417781316163959,1.0,6.761514896759131,6.761514896759131,0.0,0.0,0.333333,0.0,0.0,1.791759469228055,7.550135342488429,6.896358763698187,6.795610721439049,0.0,12,2
7119,6.367472148610693,1.0,4.833500263989602,4.833500263989602,0.0,0.0,0.166667,0.0,0.0,1.0986122886681098,6.398594934535208,5.748244779200454,6.246980116557603,0.0,12,2
7130,3.399177175752992,1.0,4.4985867005853075,4.4985867005853075,0.0,0.0,0.166667,0.0,0.0,1.0986122886681098,7.313886831633462,5.126394641995662,5.017850309825839,0.0,12,2
7136,4.547827165697655,0.8,6.651313442266413,6.651313442266413,0.0,0.0,0.6,0.0,0.0,2.302585092994046,7.0909098220799835,6.747534295418331,4.655511746120241,1.0,10,2
7163,5.072931390377483,0.7,6.6597425369885626,6.6597425369885626,0.0,0.0,0.4,0.0,0.0,2.0794415416798357,7.0909098220799835,6.700817719573192,4.88263703020449,0.0,10,2
7167,5.450435791314587,0.888889,5.25227342804663,5.25227342804663,0.0,4.698377055385078,0.111111,0.0,1.0986122886681098,0.6931471805599453,7.0909098220799835,4.795300772785054,4.86719495437177,0.0,9,2
7168,6.253682533569675,1.0,5.579729825986222,5.579729825986222,0.0,0.0,0.166667,0.0,0.0,1.3862943611198906,8.517393171418904,5.468047166367415,5.323211973370346,0.0,12,2
7171,4.964875824728272,1.0,6.293419278846481,6.255750041753367,3.044522437723423,0.0,0.083333,0.083333,0.0,1.0986122886681098,8.294299608857235,5.507333157367191,4.824209727362266,0.0,12,2
7174,5.905591339430582,0.909091,7.06338201176419,7.06338201176419,0.0,5.303836642285262,0.5,0.0,1.3862943611198906,2.833213344056216,7.824445930877619,6.15595390316466,5.335188325998809,0.0,12,2
7177,4.49510764422249,1.0,5.878155861600981,5.878155861600981,0.0,0.0,0.75,0.0,0.0,3.332204510175204,7.3783837129967145,5.860326368461009,5.1269696067860275,0.0,12,2
7205,6.203027853460406,1.0,7.074692433732344,7.074692433732344,0.0,0.0,0.333333,0.0,0.0,1.6094379124341003,7.313886831633462,6.85563734888653,5.3189664933055685,0.0,12,2
7207,3.691519491147389,0.545455,5.3981627015177525,5.3981627015177525,0.0,0.0,0.083333,0.0,0.0,0.6931471805599453,8.006700845440367,6.060079506861956,4.599448870430711,0.0,12,2
7209,6.662212230346657,1.0,7.223434254934775,7.223434254934775,0.0,0.0,0.75,0.0,0.0,3.091042453358316,7.824445930877619,7.238986844386261,5.257973382762445,0.0,12,2
7214,5.735096651184029,1.0,6.523562306149512,6.523562306149512,0.0,0.0,0.166667,0.0,0.0,1.0986122886681098,7.824445930877619,7.14122164780735,5.218318486247401,0.083333,12,2
7215,7.070635736320846,1.0,5.045873729522275,5.045873729522275,0.0,3.6427665603555894,0.083333,0.0,0.6931471805599453,1.0986122886681098,8.294299608857235,7.554943291793084,6.057339081632087,0.083333,12,2
7221,7.051822190362399,1.0,5.69035945432406,5.69035945432406,0.0,0.0,0.333333,0.0,0.0,1.6094379124341003,7.0909098220799835,6.062949841260727,6.8723410092424375,0.0,12,2
7243,7.073902298693938,1.0,3.4339872044851463,3.4339872044851463,0.0,3.696946800392568,0.166667,0.0,1.0986122886681098,1.6094379124341003,7.0909098220799835,5.579851188432824,5.865744305003057,0.0,12,2
7249,5.904473434458484,1.0,7.065382764851323,7.065382764851323,0.0,0.0,0.333333,0.0,0.0,2.302585092994046,7.313886831633462,6.777676232148056,6.269951001664111,0.0,12,2
7261,3.3011377912413793,0.363636,4.828553708506909,4.828553708506909,0.0,0.0,0.083333,0.0,0.0,0.6931471805599453,6.90875477931522,5.737754723943858,5.400723912028816,0.0,12,2
7267,4.79832622061585,0.545455,6.484558896843658,6.484558896843658,0.0,0.0,0.416667,0.0,0.0,2.1972245773362196,7.824445930877619,7.191448465395466,5.282874116046059,0.2,12,2
7285,3.607193851794411,0.545455,5.892996887707326,5.892996887707326,0.0,0.0,0.454545,0.0,0.0,2.302585092994046,7.313886831633462,6.44061203971765,5.052702522590774,0.5,11,2
7293,7.125995843074493,1.0,2.9231615807191558,2.9231615807191558,0.0,0.0,0.083333,0.0,0.0,0.6931471805599453,8.294299608857235,6.381265398838438,6.160708328020125,0.0,12,2
7295,5.141037138121405,0.666667,6.881924518947615,6.881924518947615,0.0,0.0,0.166667,0.0,0.0,0.6931471805599453,7.601402334583733,3.3700020269989284,3.748499712903112,0.0,6,2
7299,5.6514051648660235,1.0,3.8426729272933526,3.8426729272933526,0.0,0.0,0.083333,0.0,0.0,0.6931471805599453,6.90875477931522,5.116926014979023,5.535269104541639,0.0,12,2
7304,4.107553587658967,1.0,5.737378424084716,5.671259282950641,3.0373539482448106,0.0,0.166667,0.083333,0.0,2.1972245773362196,7.601402334583733,6.516343362086729,6.056566366594494,0.25,12,2
7307,7.3592843184618495,1.0,5.932032963338555,5.932032963338555,0.0,3.6696254293078883,0.333333,0.0,1.0986122886681098,1.9459101490553132,7.438971592395862,6.274892306539751,6.9117867954876635,0.0,12,2
7312,6.528376238009113,1.0,6.561143813667682,6.561143813667682,0.0,0.0,0.916667,0.0,0.0,2.6390573296152584,7.313886831633462,7.522348055877819,6.576604956818819,0.0,12,2
7313,6.127022491139355,0.545455,7.149916836132109,7.149916836132109,0.0,0.0,0.083333,0.0,0.0,0.6931471805599453,7.824445930877619,7.876395216972786,5.008205030062096,0.0,12,2
7318,3.977036345071567,0.454545,6.49108765636598,6.49108765636598,0.0,0.0,0.166667,0.0,0.0,1.0986122886681098,8.294299608857235,7.384195089629903,5.0163623697130495,0.0,12,2
7331,4.733581887832745,0.909091,7.271272759282536,7.271272759282536,0.0,0.0,0.583333,0.0,0.0,2.8903717578961645,7.601402334583733,7.293056785810852,4.856661663039383,1.0,12,2
7351,5.268120918353515,0.875,7.199005976310943,7.199005976310943,0.0,4.529430034862358,0.875,0.0,0.6931471805599453,2.6390573296152584,9.210440366976517,7.634632981059607,4.603712423969159,0.5,8,2
7358,5.908174023694431,1.0,6.34344097026516,6.34344097026516,0.0,0.0,0.666667,0.0,0.0,2.1972245773362196,6.398594934535208,6.184571461435807,5.352032383696459,0.0,12,2
7360,7.531697827956973,1.0,6.023447592961033,6.023447592961033,0.0,0.0,0.166667,0.0,0.0,1.0986122886681098,7.601402334583733,6.393766113156247,6.504102562000513,0.0,12,2
7374,2.5473201020653313,0.272727,4.624972813284271,4.624972813284271,0.0,0.0,0.166667,0.0,0.0,1.0986122886681098,7.0909098220799835,5.111177598795816,5.13228154237256,0.0,12,2
7381,2.950784383386757,0.5,4.060443010546419,4.060443010546419,0.0,0.0,0.166667,0.0,0.0,0.6931471805599453,7.313886831633462,4.782803294163268,4.009852028463503,0.0,6,2
7383,5.07212173737904,0.454545,6.571778919393584,6.571778919393584,0.0,0.0,0.083333,0.0,0.0,1.0986122886681098,8.006700845440367,7.023155733656418,4.576212263382215,0.0,12,2
7411,4.656919909196159,0.818182,7.148023364897515,7.148023364897515,0.0,0.0,0.583333,0.0,0.0,2.1972245773362196,7.601402334583733,7.215588268070324,5.000249009562423,1.0,12,2
7415,3.7861872509884082,0.571429,4.897839799950911,4.897839799950911,0.0,0.0,0.142857,0.0,0.0,0.6931471805599453,8.006700845440367,5.248333488185231,4.583523845296438,0.0,7,2
7418,3.1303299474984807,1.0,4.500254016038531,4.500254016038531,0.0,0.0,0.083333,0.0,0.0,0.6931471805599453,7.824445930877619,5.272924350607494,4.583801401107129,0.0,12,2
7421,6.976937334705956,1.0,6.481439294356502,6.481439294356502,0.0,3.7154437286858806,0.416667,0.0,0.6931471805599453,3.784189633918261,7.0909098220799835,5.559787823996709,8.166759355752701,0.0,12,2
7423,3.2852274887685353,0.363636,6.109958441155771,6.109958441155771,0.0,0.0,0.166667,0.0,0.0,1.6094379124341003,8.517393171418904,6.99152603315436,4.888465957672389,1.0,12,2
7424,7.272683213810181,1.0,5.22413246835866,5.22413246835866,0.0,0.0,0.166667,0.0,0.0,1.0986122886681098,7.313886831633462,5.7070723271521775,8.475039800564431,0.0,12,2
7434,6.612750836627627,1.0,5.074861266395527,5.074861266395527,0.0,0.0,0.375,0.0,0.0,1.3862943611198906,6.68586094706836,5.5268438558206725,5.2267089310252075,0.0,8,2
7439,2.510935198885975,0.181818,4.729421148325948,4.729421148325948,0.0,0.0,0.083333,0.0,0.0,0.6931471805599453,8.006700845440367,6.457005985571816,4.4961437144734,0.0,12,2
7452,2.018461348843018,0.181818,3.9906493258833358,3.9906493258833358,0.0,0.0,0.083333,0.0,0.0,0.6931471805599453,6.90875477931522,5.738235320341411,4.476032202478292,0.0,12,2
7454,6.749381144412681,1.0,3.8426729272933526,3.8426729272933526,0.0,0.0,0.083333,0.0,0.0,0.6931471805599453,7.0909098220799835,5.962537083430299,5.44916651373789,0.0,12,2
7459,4.253286545401477,0.545455,5.360681650744587,5.360681650744587,0.0,0.0,0.083333,0.0,0.0,0.6931471805599453,7.244941546337007,6.077654837306428,4.905188678435635,0.0,12,2
7465,6.062851815071753,1.0,5.342334251964811,5.342334251964811,0.0,5.106142139409137,0.25,0.0,1.9459101490553132,1.6094379124341003,7.0909098220799835,6.883658995402273,5.272967517024781,0.0,12,2
7471,5.9516063952338,1.0,5.792220611118078,5.792220611118078,0.0,0.0,0.25,0.0,0.0,1.3862943611198906,6.398594934535208,6.266776344727653,5.301263307998289,0.0,12,2
7472,6.678160930945958,1.0,7.299750068342311,7.299750068342311,0.0,0.0,0.333333,0.0,0.0,2.3978952727983707,7.0909098220799835,6.586116214697208,6.1638503321927836,0.0,12,2
7473,3.955064429591317,1.0,7.185417318151592,7.185417318151592,0.0,0.0,1.0,0.0,0.0,2.9444389791664403,8.160803920954665,7.189506288652894,4.847358383285566,0.875,12,2
7475,4.538991974626278,1.0,6.58079169152868,6.58079169152868,0.0,0.0,0.583333,0.0,0.0,2.833213344056216,7.438971592395862,6.284936734445003,5.270423772277797,0.222222,12,2
7481,4.511785714816123,1.0,7.002901809032935,7.002901809032935,0.0,5.207983614760161,0.583333,0.0,0.6931471805599453,2.6390573296152584,8.006700845440367,7.176362309848049,4.955884809454717,0.428571,12,2
7489,5.3284934394039185,0.571429,7.109863123069493,7.109863123069493,0.0,0.0,0.428571,0.0,0.0,1.791759469228055,8.006700845440367,7.043888785669465,4.806762700989482,0.0,7,2
7496,6.522713080755128,1.0,5.702081028016443,5.702081028016443,0.0,5.034727986933354,0.083333,0.0,0.6931471805599453,1.6094379124341003,6.90875477931522,6.124997335044031,5.380065823219614,0.0,12,2
7499,6.6791740364359535,1.0,5.801997522153156,5.801997522153156,0.0,0.0,0.083333,0.0,0.0,0.6931471805599453,7.601402334583733,6.557638781340651,5.117996195647448,0.0,12,2
7508,4.699185882856242,1.0,8.078793650029494,8.078793650029494,0.0,0.0,1.0,0.0,0.0,3.6888794541139363,7.313886831633462,7.920652017260014,4.825885439371897,1.0,12,2
7509,2.1060366117425193,0.272727,4.015481713796376,4.015481713796376,0.0,0.0,0.083333,0.0,0.0,0.6931471805599453,7.601402334583733,5.082212181469992,5.328692384138876,0.0,12,2
7518,6.265632279602031,1.0,4.524285457247627,3.910021002757473,3.768845235751818,0.0,0.083333,0.25,0.0,1.6094379124341003,8.294299608857235,5.049470259781625,5.456779952446637,0.0,12,2
7519,6.238233093506875,1.0,5.1556587328104575,5.1556587328104575,0.0,0.0,0.083333,0.0,0.0,1.6094379124341003,7.0909098220799835,6.866936727164289,5.496227943202586,0.0,12,2
7533,5.936397060461275,1.0,6.298048105656029,6.298048105656029,0.0,0.0,0.5,0.0,0.0,2.302585092994046,6.90875477931522,6.343330840245028,5.1757914989242915,0.0,12,2
7540,2.73782548476433,0.636364,3.680090948080857,3.680090948080857,0.0,0.0,0.083333,0.0,0.0,0.6931471805599453,6.90875477931522,3.9831459826282254,5.09795760718469,0.0,12,2
7543,6.689664819269318,1.0,3.0325462466767075,3.0325462466767075,0.0,0.0,0.083333,0.0,0.0,0.6931471805599453,7.601402334583733,5.999322008744333,5.778874235826016,0.0,12,2
7545,6.843078919011897,1.0,5.0717303934560665,5.0717303934560665,0.0,0.0,0.25,0.0,0.0,1.3862943611198906,7.438971592395862,5.085735735018451,6.097036177229581,0.0,12,2
7557,3.416615935813824,0.545455,5.0106352940962555,5.0106352940962555,0.0,0.0,0.083333,0.0,0.0,0.6931471805599453,6.90875477931522,5.861288866350532,5.3762759747634465,0.0,12,2
7566,7.079417357362219,1.0,5.972969564471738,5.972969564471738,0.0,0.0,0.5,0.0,0.0,2.1972245773362196,7.0909098220799835,6.192760904984397,6.833766108540443,0.0,12,2
7573,2.5395043619020705,0.272727,4.343805421853684,4.343805421853684,0.0,0.0,0.083333,0.0,0.0,0.6931471805599453,8.294299608857235,6.1054906922583125,4.450600436696823,0.0,12,2
7576,6.6053891630642685,1.0,6.625352579417992,6.625352579417992,0.0,0.0,0.666667,0.0,0.0,2.4849066497880004,7.824445930877619,7.23996969895335,5.647790213536957,0.0,12,2
7581,5.534079973608117,1.0,6.02104762089963,6.02104762089963,0.0,0.0,0.833333,0.0,0.0,3.367295829986474,6.90875477931522,6.132241810826458,5.242389152760436,0.0,12,2
7588,6.344272213258385,1.0,4.948972633704149,4.948972633704149,0.0,0.0,0.083333,0.0,0.0,1.6094379124341003,7.0909098220799835,5.319896566764375,5.321053046081148,0.0,12,2
7614,6.120696627168833,1.0,7.217186612220868,7.217186612220868,0.0,0.0,0.25,0.0,0.0,2.302585092994046,8.294299608857235,7.405464085801215,5.032842818158356,0.166667,12,2
7640,5.860182334608982,1.0,5.995456568377519,5.995456568377519,0.0,0.0,0.416667,0.0,0.0,1.9459101490553132,6.111467339502679,5.733697025909296,5.143571127744066,0.0,12,2
7661,6.577533939730633,1.0,8.119473013755519,8.119473013755519,0.0,0.0,1.0,0.0,0.0,4.852030263919617,8.294299608857235,7.771317013498171,5.317094100148125,0.0,12,2
7679,7.373385164841717,1.0,5.921819677402093,5.921819677402093,0.0,0.0,0.166667,0.0,0.0,2.3978952727983707,8.294299608857235,5.966897969699843,6.355675174826247,0.0,12,2
7694,3.218153604129577,0.454545,7.567945289383974,7.567945289383974,0.0,0.0,0.416667,0.0,0.0,1.9459101490553132,7.824445930877619,8.22225927848227,4.019813436448949,1.0,12,2
7698,4.880363110190452,0.545455,7.300985849421959,7.300985849421959,0.0,0.0,0.333333,0.0,0.0,2.995732273553991,6.90875477931522,7.800870664724797,5.038922602247542,1.0,12,2
7703,6.711754595685277,1.0,5.99393648933976,5.99393648933976,0.0,0.0,0.083333,0.0,0.0,1.0986122886681098,7.824445930877619,7.039785079155797,5.324960203044194,0.0,12,2
7708,2.6006558408060614,0.727273,4.484921613391916,4.484921613391916,0.0,0.0,0.083333,0.0,0.0,1.791759469228055,7.601402334583733,4.822731956105828,4.473676715389134,0.0,12,2
7717,7.365556668411167,1.0,3.58351893845611,3.58351893845611,0.0,0.0,0.083333,0.0,0.0,0.6931471805599453,7.496097345175956,6.675225915918862,6.549678893482768,0.0,12,2
7729,6.915319313408246,0.909091,7.202378207863236,7.202378207863236,0.0,0.0,0.363636,0.0,0.0,5.231108616854587,7.0909098220799835,7.276001819505283,6.564714225445651,0.0,11,2
7740,0.7880504594094858,0.272727,3.044522437723423,3.044522437723423,0.0,0.0,0.083333,0.0,0.0,0.6931471805599453,6.2166061010848646,5.212012728850259,4.682215945757717,0.0,12,2
7752,2.663994720607322,0.636364,6.57779181427375,6.57779181427375,0.0,0.0,0.636364,0.0,0.0,2.70805020110221,8.612685172875459,6.763005102477949,4.541248317347948,0.75,11,2
7769,3.1507588553813544,0.181818,5.654242029096065,5.654242029096065,0.0,0.0,0.083333,0.0,0.0,1.0986122886681098,6.90875477931522,7.364959125019812,4.4679047103451,0.0,12,2
7789,4.087710488670853,0.181818,7.640848870851211,7.640848870851211,0.0,0.0,0.166667,0.0,0.0,2.0794415416798357,7.824445930877619,7.583785010874829,2.7240959763371513,0.0,12,2
7803,6.4244251474489475,0.666667,7.184128648410871,7.184128648410871,0.0,0.0,0.222222,0.0,0.0,1.0986122886681098,7.824445930877619,5.799077630105237,5.226876749990169,0.0,9,2
7810,3.51827029857723,0.636364,5.718703927333203,5.718703927333203,0.0,0.0,0.333333,0.0,0.0,1.791759469228055,7.0909098220799835,6.312064504343761,4.62311026609415,0.666667,12,2
7815,4.351968918745599,1.0,6.010727813288828,6.010727813288828,0.0,0.0,0.272727,0.0,0.0,1.3862943611198906,8.922791623969637,6.387653548189671,4.749377701707929,0.2,11,2
7833,4.980554592288822,0.363636,7.2101535352695985,7.2101535352695985,0.0,0.0,0.166667,0.0,0.0,1.3862943611198906,7.824445930877619,6.48883723911476,4.364010107351065,0.0,12,2
7851,7.032186316070854,1.0,4.795790545596741,4.795790545596741,0.0,0.0,0.083333,0.0,0.0,0.6931471805599453,7.0909098220799835,5.867063083835678,6.156424215203496,0.0,12,2
7854,7.199145951567384,1.0,7.416624991199611,7.416624991199611,0.0,0.0,0.5,0.0,0.0,2.3978952727983707,7.313886831633462,7.42168250340808,7.5990983811708785,0.0,12,2
7857,6.806875354909634,1.0,5.860786223465865,5.860786223465865,0.0,0.0,0.090909,0.0,0.0,1.0986122886681098,6.90875477931522,6.181054698548431,6.098178771089105,0.0,11,2
7865,2.5122102410489298,0.545455,4.920564697006408,4.920564697006408,0.0,0.0,0.333333,0.0,0.0,1.6094379124341003,7.0909098220799835,5.555212978231325,4.720983068833991,0.666667,12,2
7867,6.991961387048348,1.0,5.187385805840755,5.187385805840755,0.0,0.0,0.083333,0.0,0.0,1.0986122886681098,7.0909098220799835,5.850953858617398,6.007940534523244,0.0,12,2
7869,5.216488030470715,1.0,3.2088254890146994,3.2088254890146994,0.0,4.174483372969896,0.083333,0.0,1.0986122886681098,0.6931471805599453,6.2166061010848646,6.372772674066306,4.9462850787835855,0.083333,12,2
7875,6.502805165741348,1.0,6.2262797192825925,6.2262797192825925,0.0,5.60710484965805,0.166667,0.0,0.6931471805599453,1.0986122886681098,6.90875477931522,6.450355112178702,5.159244379038962,0.0,12,2
7878,2.9355577629223166,0.272727,5.003946305945459,5.003946305945459,0.0,0.0,0.083333,0.0,0.0,0.6931471805599453,9.259225769705994,4.7725773575395145,5.114247101654937,0.0,12,2
7881,6.144192374446278,1.0,6.2166061010848646,6.2166061010848646,0.0,0.0,0.111111,0.0,0.0,0.6931471805599453,6.90875477931522,4.707892906721817,5.88235178947571,0.0,9,2
7882,7.459683057763766,1.0,7.372815459494733,7.372815459494733,0.0,0.0,0.666667,0.0,0.0,3.332204510175204,7.901377353792616,6.1864881424447145,6.451234873952252,0.0,12,2
7883,5.316559360021847,1.0,5.7477993600729755,5.7477993600729755,0.0,5.145033386861015,0.166667,0.0,1.0986122886681098,1.3862943611198906,6.2166061010848646,5.243770110079299,5.347068829968604,0.0,12,2
7902,6.50903349248868,0.818182,8.425886785800431,8.425886785800431,0.0,0.0,0.25,0.0,0.0,1.791759469228055,9.105090961257085,8.52936232622906,5.117789905401588,0.0,12,2
7903,5.555143790829482,0.363636,7.997269640064833,7.997269640064833,0.0,0.0,0.333333,0.0,0.0,3.091042453358316,8.699681400989514,8.280962251614893,5.8847799580294815,0.333333,12,2
7925,3.5376102147801896,0.909091,4.703385233485046,4.253056253376921,3.713572066704308,0.0,0.166667,0.25,0.0,1.9459101490553132,7.0909098220799835,5.100232842393497,5.377232247695035,0.0,12,2
7928,4.452374432832981,0.636364,6.555811980276339,6.555811980276339,0.0,0.0,0.333333,0.0,0.0,1.6094379124341003,8.517393171418904,6.899774321699199,4.663521694474149,0.2,12,2
7931,6.929062035293213,1.0,5.330494098243258,5.330494098243258,0.0,0.0,0.166667,0.0,0.0,1.3862943611198906,7.0909098220799835,5.454128549833178,6.29172171310357,0.0,12,2
7944,4.117068408795575,0.5,6.569481420414296,6.569481420414296,0.0,0.0,0.2,0.0,0.0,1.6094379124341003,8.922791623969637,7.035235621624664,4.761799539934421,1.0,10,2
7945,6.151148783532013,1.0,4.02535169073515,4.02535169073515,0.0,4.010051324107299,0.083333,0.0,1.0986122886681098,0.6931471805599453,6.2166061010848646,5.511751360300863,5.800968902297119,0.0,12,2
7959,3.7319991908016283,0.636364,5.932245187448011,5.760477818332746,4.102643365036796,0.0,0.416667,0.083333,0.0,2.0794415416798357,9.210440366976517,5.914451498919511,4.961292965512107,0.333333,12,2
7979,6.8282958075266205,1.0,3.8426729272933526,3.8426729272933526,0.0,0.0,0.083333,0.0,0.0,0.6931471805599453,7.438971592395862,5.2589932184455455,5.739077781936475,0.0,12,2
7990,3.3412425792166305,0.454545,5.75984769858915,5.75984769858915,0.0,0.0,0.166667,0.0,0.0,1.0986122886681098,7.824445930877619,5.748665622717658,4.064131595895213,0.1,12,2
7994,4.718348627866258,1.0,6.1300736513074545,6.1300736513074545,0.0,0.0,0.25,0.0,0.0,1.3862943611198906,7.601402334583733,6.029768323175991,5.177138435736131,0.0,12,2
8009,6.793838995793307,1.0,6.021629961439708,6.021629961439708,0.0,0.0,0.333333,0.0,0.0,1.6094379124341003,7.313886831633462,6.950946742492246,5.329540322152885,0.0,12,2
8011,4.8010042446661485,0.636364,7.17869802742962,7.17869802742962,0.0,0.0,0.166667,0.0,0.0,2.302585092994046,7.824445930877619,6.357902765544547,5.280906610146636,0.0,12,2
8013,2.8178403116030015,0.727273,4.290459441148391,4.290459441148391,0.0,0.0,0.25,0.0,0.0,1.791759469228055,6.90875477931522,3.8088534877802487,5.330466306630194,0.0,12,2
8018,7.026699010548107,1.0,6.556849376363321,6.556849376363321,0.0,0.0,0.25,0.0,0.0,2.302585092994046,7.170888478512505,4.658490672732052,6.045360845613899,0.0,8,2
8025,4.878888350300238,0.454545,7.265408744012912,7.265408744012912,0.0,0.0,0.25,0.0,0.0,1.3862943611198906,8.853808274977197,7.276133098061862,4.363224069149189,0.0,12,2
8029,7.258341219910771,1.0,4.071758063549305,4.071758063549305,0.0,4.160219876952838,0.25,0.0,1.3862943611198906,1.3862943611198906,7.313886831633462,5.6885520990680964,5.687726362399753,0.0,12,2
8030,5.968905762848275,0.636364,7.053585727193677,7.053585727193677,0.0,0.0,0.083333,0.0,0.0,1.0986122886681098,9.259225769705994,7.44159654454524,5.514596257906223,0.0,12,2
8038,7.154052605630108,1.0,2.772588722239781,2.772588722239781,0.0,0.0,0.083333,0.0,0.0,0.6931471805599453,7.313886831633462,5.621218390148621,6.080199187176514,0.0,12,2
8051,7.3792536811230205,1.0,5.25227342804663,5.25227342804663,0.0,2.9774949295624626,0.25,0.0,0.6931471805599453,1.9459101490553132,7.313886831633462,5.212963090353629,9.433312783046736,0.0,12,2
8061,4.634629371617581,1.0,6.953722414534273,6.953722414534273,0.0,0.0,0.916667,0.0,0.0,2.4849066497880004,6.90875477931522,7.039362477281585,4.945655580536508,0.875,12,2
8070,6.480902874452643,1.0,6.397845902000499,6.397845902000499,0.0,0.0,0.333333,0.0,0.0,1.791759469228055,7.496097345175956,5.301842949370799,5.965809215502336,0.0,12,2
8073,5.519964346557854,1.0,7.877112731792985,7.877112731792985,0.0,0.0,1.0,0.0,0.0,2.8903717578961645,8.517393171418904,7.794043405916898,5.268303245564645,1.0,12,2
8077,7.028762598156413,1.0,6.04867157087756,6.04867157087756,0.0,5.018324019942745,0.333333,0.0,0.6931471805599453,2.1972245773362196,7.0909098220799835,5.125176375106861,8.032676934377644,0.0,12,2
8095,8.181397238983314,1.0,6.22455842927536,6.22455842927536,0.0,0.0,0.666667,0.0,0.0,2.1972245773362196,8.160803920954665,6.549512898685184,7.948054632430426,0.0,12,2
8113,4.9098589218458075,0.818182,6.4768185049003035,6.4768185049003035,0.0,5.692571907071535,0.25,0.0,1.0986122886681098,1.791759469228055,7.0909098220799835,6.151929874657972,5.06085070878014,0.25,12,2
8115,3.206490279686067,0.454545,5.115415641489016,5.115415641489016,0.0,0.0,0.166667,0.0,0.0,1.0986122886681098,8.160803920954665,6.133844307830846,4.771321811249551,1.0,12,2
8132,4.01223153235423,0.454545,7.636713520277701,7.636713520277701,0.0,0.0,0.5,0.0,0.0,2.6390573296152584,9.105090961257085,7.124906314988265,4.104269331692474,0.0,12,2
8133,6.853081464438023,1.0,5.5385539952884235,5.5385539952884235,0.0,5.032250617335263,0.333333,0.0,1.0986122886681098,1.6094379124341003,6.90875477931522,6.518404540195168,6.2865550473892595,0.0,12,2
8134,4.918834392897958,0.181818,7.01427512235981,7.01427512235981,0.0,0.0,0.166667,0.0,0.0,1.0986122886681098,6.957497370876951,8.324233375672833,4.9479960100433775,0.0,12,2
8149,7.601781596987489,1.0,6.688068247016164,6.688068247016164,0.0,0.0,0.25,0.0,0.0,1.791759469228055,8.006700845440367,6.289936565040871,6.302882237791708,0.0,12,2
8156,1.88804235761614,0.090909,4.74493212836325,4.74493212836325,0.0,0.0,0.083333,0.0,0.0,1.0986122886681098,8.294299608857235,6.0771909970573255,4.065585472292074,0.0,12,2
8157,1.9824621945905583,0.545455,3.58351893845611,3.58351893845611,0.0,2.959070519470369,0.083333,0.0,0.6931471805599453,0.6931471805599453,6.90875477931522,4.712398686874654,4.1022451700652205,0.333333,12,2
8163,6.904072130510485,1.0,4.855851080295389,4.51852237926242,3.6320445173613978,2.955148636041114,0.166667,0.083333,0.6931471805599453,1.6094379124341003,6.90875477931522,6.131099614043488,6.200064949628985,0.0,12,2
8178,3.7468250788553945,0.363636,5.275918371604558,5.275918371604558,0.0,0.0,0.166667,0.0,0.0,1.0986122886681098,7.696667081526462,6.155773396867295,5.141663152993806,0.0,12,2
8184,3.7524220497948466,0.454545,4.634728988229636,4.634728988229636,0.0,0.0,0.166667,0.0,0.0,1.791759469228055,6.90875477931522,5.631288549483972,3.74780670680232,0.0,12,2
8192,6.667209324153618,1.0,7.0970690001865435,7.0970690001865435,0.0,0.0,0.583333,0.0,0.0,3.091042453358316,7.0909098220799835,5.927542206758698,5.688914346469312,0.0,12,2
8194,0.3627559172859846,0.181818,2.066862759472976,2.066862759472976,0.0,0.0,0.083333,0.0,0.0,0.6931471805599453,9.04793908261736,1.7090216747351301,1.7515777210952224,0.0,12,2
8218,7.0086677592818045,1.0,5.303304908059076,5.303304908059076,0.0,0.0,0.083333,0.0,0.0,0.6931471805599453,7.0909098220799835,5.7341260627239095,6.588681208117682,0.0,12,2
8220,6.078829767321047,1.0,3.340030946424668,3.340030946424668,0.0,0.0,0.083333,0.0,0.0,0.6931471805599453,6.2166061010848646,5.084733234294896,5.402423435216142,0.0,12,2
8225,5.181736773917189,0.272727,6.639496676988346,6.639496676988346,0.0,0.0,0.083333,0.0,0.0,0.6931471805599453,7.0909098220799835,5.754467350661486,5.120149051094694,0.0,12,2
8231,6.244501640748527,1.0,3.8426729272933526,3.8426729272933526,0.0,0.0,0.083333,0.0,0.0,0.6931471805599453,6.90875477931522,4.653444579075245,7.539152141617462,0.0,12,2
8255,3.257791068293432,1.0,5.681877639268151,5.681877639268151,0.0,0.0,0.833333,0.0,0.0,2.4849066497880004,7.601402334583733,5.737521134287916,5.272154257807964,0.833333,12,2
8256,5.95315424460513,1.0,8.175671427362898,8.175671427362898,0.0,0.0,0.916667,0.0,0.0,3.7612001156935624,9.259225769705994,8.145345020364855,5.436510008650172,1.0,12,2
8260,1.3702122341710339,0.636364,3.730501128804756,3.730501128804756,0.0,0.0,0.166667,0.0,0.0,1.0986122886681098,8.160803920954665,3.4095182668776607,2.973993029225002,0.0,12,2
8277,4.454217578538203,0.4,5.638354669333745,5.638354669333745,0.0,0.0,0.1,0.0,0.0,0.6931471805599453,7.824445930877619,5.92703942754021,4.926955749474429,0.0,10,2
8293,2.7514334567909473,0.454545,4.699115798830619,4.699115798830619,0.0,0.0,0.333333,0.0,0.0,1.6094379124341003,6.90875477931522,5.143864792822067,4.927718591564226,0.0,12,2
8294,4.205405797854559,0.454545,6.515704791170833,6.515704791170833,0.0,0.0,0.416667,0.0,0.0,2.1972245773362196,6.398594934535208,6.289814310004448,5.125063672138542,1.0,12,2
8304,6.841660579092933,1.0,6.90875477931522,6.90875477931522,0.0,0.0,0.083333,0.0,0.0,0.6931471805599453,7.0909098220799835,5.323553840974842,5.378573892899192,0.0,12,2
8321,2.111195989977885,0.272727,4.060443010546419,4.060443010546419,0.0,0.0,0.090909,0.0,0.0,0.6931471805599453,7.313886831633462,5.68927575584844,4.388176311589181,0.0,11,2
8322,6.002185177738737,0.857143,5.342334251964811,5.342334251964811,0.0,6.085737079651638,0.142857,0.0,0.6931471805599453,0.6931471805599453,8.294299608857235,3.7031933448365177,4.903269168546822,0.0,7,2
8323,2.79790589584887,0.571429,3.9516282600205055,3.9516282600205055,0.0,0.0,0.142857,0.0,0.0,1.0986122886681098,8.294299608857235,4.2946952519424215,4.2684710616298025,0.0,7,2
8336,4.666581171480727,0.375,5.726847747587197,5.726847747587197,0.0,0.0,0.125,0.0,0.0,1.0986122886681098,8.699681400989514,4.634602057844218,4.781843169587697,0.0,8,2
8353,6.902193810646601,1.0,7.016842840567592,7.016842840567592,0.0,0.0,0.416667,0.0,0.0,2.3978952727983707,7.313886831633462,6.368262303597732,6.023122544981277,0.0,12,2
8359,7.426307197909933,1.0,7.521756433063109,7.521756433063109,0.0,0.0,0.625,0.0,0.0,2.9444389791664403,8.160803920954665,5.8626278258201046,5.698782023211829,0.0,8,2
8360,6.485931604146674,1.0,6.447305862541213,6.447305862541213,0.0,0.0,0.083333,0.0,0.0,0.6931471805599453,7.824445930877619,6.593530748797644,5.204249767420484,0.0,12,2
8368,4.744993839502556,0.636364,7.830381896673797,7.830381896673797,0.0,0.0,0.333333,0.0,0.0,1.791759469228055,7.601402334583733,6.888490330810626,4.658320895811085,0.0,12,2
8375,5.728352783832856,1.0,7.515072202936889,7.515072202936889,0.0,4.100134518031069,0.666667,0.0,1.0986122886681098,3.091042453358316,6.55250788703459,7.143104188939306,4.978819434816751,0.0,12,2
8386,3.3088669380312847,0.363636,7.046917041285263,7.046917041285263,0.0,0.0,0.25,0.0,0.0,1.3862943611198906,8.699681400989514,7.058905108186187,3.870411407586555,0.1,12,2
8387,5.307810667236254,0.428571,7.00397413672268,7.00397413672268,0.0,0.0,0.142857,0.0,0.0,0.6931471805599453,7.00397413672268,7.572592860096725,5.543413139007574,0.0,7,2
8392,5.951812342075468,1.0,7.056227006900694,7.044957426136122,2.6390573296152584,0.0,0.75,0.083333,0.0,3.367295829986474,6.2166061010848646,7.206341146160264,5.573143295547073,0.083333,12,2
8412,2.991133766609191,0.272727,4.844187086458591,4.844187086458591,0.0,0.0,0.090909,0.0,0.0,0.6931471805599453,6.90875477931522,6.468362362991531,4.410938650124034,0.0,11,2
8447,5.448556354245,0.875,6.714085574844582,6.714085574844582,0.0,0.0,0.375,0.0,0.0,2.5649493574615367,7.0909098220799835,4.803305682365224,4.813975985217092,0.0,8,2
8448,4.665159340055306,0.272727,6.669612296534018,6.627340072122261,3.5151211279804695,0.0,0.25,0.083333,0.0,2.4849066497880004,7.824445930877619,6.735270436686267,4.997996371684385,0.0,12,2
8450,7.121594445647003,1.0,6.478509642208569,6.478509642208569,0.0,0.0,0.083333,0.0,0.0,0.6931471805599453,7.313886831633462,6.040689116909623,6.1261794659639515,0.0,12,2
8467,6.4022668171948665,1.0,6.873163834212518,6.873163834212518,0.0,0.0,0.25,0.0,0.0,1.791759469228055,7.0909098220799835,5.5597128234114175,5.354615258022572,0.0,12,2
8473,6.835306284118147,0.727273,7.392031567514591,7.392031567514591,0.0,0.0,0.166667,0.0,0.0,1.0986122886681098,7.496097345175956,5.5984784055533865,5.426786770146623,0.0,12,2
8490,1.1134171538127844,0.181818,3.315276319154516,3.315276319154516,0.0,0.0,0.083333,0.0,0.0,0.6931471805599453,7.824445930877619,5.056072389038683,4.422997906051792,0.0,12,2
8494,1.1314904946819655,0.181818,4.189654742026425,4.189654742026425,0.0,0.0,0.083333,0.0,0.0,0.6931471805599453,8.006700845440367,5.646820642669244,3.748916727004168,0.0,12,2
8497,0.9725126406634423,0.090909,3.772531026609547,3.772531026609547,0.0,0.0,0.083333,0.0,0.0,0.6931471805599453,7.0909098220799835,5.448807215130572,4.475516761458829,0.0,12,2
8507,6.0875862134770955,1.0,6.761271797590838,6.761271797590838,0.0,4.514397350849023,0.666667,0.0,1.6094379124341003,3.1354942159291497,6.90875477931522,6.672261005529342,5.346001300022236,0.0,12,2
8531,6.170150415288377,1.0,3.912023005428146,3.912023005428146,0.0,0.0,0.083333,0.0,0.0,0.6931471805599453,6.2166061010848646,4.735871666937075,5.4536347712013935,0.0,12,2
8542,2.849007834151383,0.3,7.03214753664512,7.03214753664512,0.0,0.0,0.2,0.0,0.0,1.3862943611198906,8.006700845440367,6.83945110279013,4.256479256244212,0.0,10,2
8554,7.070079875998578,1.0,7.006441571480835,7.006441571480835,0.0,4.922909640253458,0.571429,0.0,1.791759469228055,2.3978952727983707,7.0909098220799835,4.998359689555095,5.246531261275463,0.0,7,2
8559,4.762483562071959,0.727273,4.94021282979971,4.94021282979971,0.0,6.026464275483505,0.181818,0.0,1.0986122886681098,1.3862943611198906,7.313886831633462,5.763885536169979,4.475152407670633,0.1,11,2
8568,0.6520058642285735,0.181818,5.531411248715415,5.531411248715415,0.0,0.0,0.166667,0.0,0.0,1.6094379124341003,7.0909098220799835,6.569992945944288,3.7634299533381093,0.0,12,2
8570,4.9063291483210225,0.909091,7.456263895754023,7.456263895754023,0.0,0.0,0.666667,0.0,0.0,2.4849066497880004,7.0909098220799835,7.459903550864453,4.855640769443189,0.333333,12,2
8611,3.7745468366808734,0.909091,8.309667050997104,8.309667050997104,0.0,0.0,0.916667,0.0,0.0,3.58351893845611,6.2166061010848646,8.220909076319433,4.533231798582382,0.75,12,2
8634,6.528233685150746,1.0,4.454347296253507,4.454347296253507,0.0,0.0,0.083333,0.0,0.0,0.6931471805599453,8.006700845440367,6.105323819307433,5.37312448781148,0.0,12,2
8637,3.922361914240466,0.545455,5.351858133476067,5.351858133476067,0.0,6.103708753955738,0.083333,0.0,0.6931471805599453,0.6931471805599453,6.2166061010848646,6.786993244260915,4.856258025266315,0.0,12,2
8638,2.1243106953917366,0.555556,6.175264177679167,6.175264177679167,0.0,4.567464300104416,0.333333,0.0,1.0986122886681098,2.5649493574615367,8.006700845440367,7.082582011281419,2.949286107573098,1.0,9,2
8642,3.1989345935669298,0.181818,5.551757312093597,5.551757312093597,0.0,0.0,0.083333,0.0,0.0,1.791759469228055,7.0909098220799835,7.235445113677024,4.509006725243107,0.0,12,2
8655,5.046111370224148,1.0,6.182642602415141,6.182642602415141,0.0,4.695582883589553,0.416667,0.0,1.0986122886681098,2.0794415416798357,6.2166061010848646,5.588118669344058,5.209012926133225,0.0,12,2
8656,3.2814915360910533,0.545455,4.993828175779875,4.993828175779875,0.0,0.0,0.416667,0.0,0.0,1.791759469228055,6.2166061010848646,5.66396002209407,4.964600004772104,0.0,12,2
8658,6.0999639607670035,1.0,5.3917621712579,5.3917621712579,0.0,0.0,0.083333,0.0,0.0,1.6094379124341003,6.2166061010848646,5.41508408592995,5.428336018592181,0.0,12,2
8670,4.756406463066352,0.363636,6.950239890588293,6.950239890588293,0.0,0.0,0.25,0.0,0.0,1.6094379124341003,7.601402334583733,7.559591856609676,4.501640448987388,0.25,12,2
8689,5.911659854023393,0.909091,8.994042088267166,8.994042088267166,0.0,0.0,0.833333,0.0,0.0,3.8501476017100584,7.601402334583733,8.983136342692829,5.397081524496278,0.777778,12,2
8691,6.43783162893798,0.909091,6.2166061010848646,6.2166061010848646,0.0,0.0,0.083333,0.0,0.0,0.6931471805599453,8.517393171418904,4.691788253141547,5.7781545593100985,0.0,12,2
8723,6.6190922028368755,0.818182,6.697021901911263,6.697021901911263,0.0,5.138909574791398,0.090909,0.0,1.791759469228055,0.6931471805599453,6.90875477931522,5.15175749351088,5.535918860291055,0.0,11,2
8738,6.889882516458435,1.0,7.223295679562314,7.223295679562314,0.0,0.0,0.083333,0.0,0.0,0.6931471805599453,7.244941546337007,6.393064664084606,6.114975252745027,0.0,12,2
8748,6.9506392118456874,0.625,8.281723990411392,8.281723990411392,0.0,0.0,0.25,0.0,0.0,1.3862943611198906,8.055475141757274,8.744485363849142,5.718549181526003,0.0,8,2
8758,7.503037418607684,0.857143,7.979023777124671,7.979023777124671,0.0,0.0,0.571429,0.0,0.0,1.791759469228055,8.006700845440367,5.5144333824779155,5.698419556550182,0.0,7,2
8765,4.254181189227471,0.571429,5.916202062607435,5.916202062607435,0.0,5.947105933721356,0.142857,0.0,1.3862943611198906,0.6931471805599453,6.2166061010848646,6.64855668777939,3.9329039530886756,0.5,7,2
8784,1.6787518257149532,0.181818,4.2626798770413155,4.2626798770413155,0.0,0.0,0.090909,0.0,0.0,0.6931471805599453,6.2166061010848646,5.8978376338153575,4.331124408546012,0.0,11,2
8801,5.620476768633552,1.0,7.572502985020384,7.572502985020384,0.0,0.0,0.6,0.0,0.0,2.302585092994046,6.2166061010848646,7.271787533811597,4.964530432273093,0.555556,10,2
8807,3.4884161565877907,0.7,4.564348191467836,4.564348191467836,0.0,0.0,0.1,0.0,0.0,0.6931471805599453,6.2166061010848646,4.813692217975994,4.801285421078702,0.0,10,2
8811,5.132952467588872,0.666667,5.9020867359567655,5.9020867359567655,0.0,0.0,0.333333,0.0,0.0,1.6094379124341003,6.2166061010848646,4.642846707490904,4.81014654060018,0.0,9,2
8841,5.020984951148697,0.833333,5.911717629017726,5.911717629017726,0.0,0.0,0.5,0.0,0.0,1.6094379124341003,7.0909098220799835,4.237643329607911,4.4563317909569635,0.0,6,2
8843,6.623521705616477,0.444444,7.601402334583733,7.601402334583733,0.0,0.0,0.111111,0.0,0.0,0.6931471805599453,7.601402334583733,5.586942008391687,5.869587176088153,0.0,9,2
8862,5.581865622792853,0.375,7.048386408721883,7.048386408721883,0.0,0.0,0.125,0.0,0.0,0.6931471805599453,7.0909098220799835,8.016443410758436,4.45932193706812,0.0,8,2
8867,6.090435388960299,1.0,6.398594934535208,6.398594934535208,0.0,0.0,0.125,0.0,0.0,0.6931471805599453,6.90875477931522,5.376742261652871,4.933365448484933,0.0,8,2
8871,6.1365508118285215,1.0,6.373319789577012,6.373319789577012,0.0,0.0,0.125,0.0,0.0,0.6931471805599453,6.90875477931522,5.556954038320135,5.028451852423261,0.0,8,2
8876,4.806432013061156,0.75,5.956510717844453,5.956510717844453,0.0,5.139056506127375,0.5,0.0,1.3862943611198906,2.0794415416798357,6.2166061010848646,4.597393193423411,4.744450490655298,0.0,8,2
8909,6.4650282676392905,1.0,6.621405651764134,6.621405651764134,0.0,0.0,0.142857,0.0,0.0,0.6931471805599453,6.90875477931522,4.66892348016565,5.716184849595881,0.0,7,2
8910,5.878040200425575,1.0,6.144185634125646,6.144185634125646,0.0,0.0,0.142857,0.0,0.0,0.6931471805599453,6.90875477931522,4.785616552377639,4.702543472487109,0.0,7,2
8924,2.1206799294963687,0.333333,4.31748811353631,4.31748811353631,0.0,0.0,0.166667,0.0,0.0,0.6931471805599453,8.006700845440367,5.374912641725878,3.8123084546058106,0.0,6,2
8939,6.592157220047748,1.0,6.600414568867172,6.600414568867172,0.0,5.484344706770236,0.333333,0.0,1.0986122886681098,1.0986122886681098,6.90875477931522,4.297693989403979,4.718059471201583,0.0,6,2
8943,1.927413274606999,0.5,3.086486636822455,3.086486636822455,0.0,0.0,0.166667,0.0,0.0,0.6931471805599453,6.2166061010848646,4.088408361125816,3.794898385468568,0.0,6,2
8949,5.923474944499889,0.666667,6.997824476071004,6.997824476071004,0.0,4.852342777582135,0.666667,0.0,1.0986122886681098,3.1780538303479458,7.0909098220799835,4.1614641869440385,4.491877807221997,0.0,6,2
