,BALANCE,BALANCE_FREQUENCY,PURCHASES,ONEOFF_PURCHASES,INSTALLMENTS_PURCHASES,CASH_ADVANCE,ONEOFF_PURCHASES_FREQUENCY,PURCHASES_INSTALLMENTS_FREQUENCY,CASH_ADVANCE_TRX,PURCHASES_TRX,CREDIT_LIMIT,PAYMENTS,MINIMUM_PAYMENTS,PRC_FULL_PAYMENT,TENURE,KMC_clusters
6,627.260806,1.0,7091.01,6402.63,688.38,0.0,1.0,1.0,0,64,13500.0,6354.314328,198.065894,1.0,12,1
8,1014.926473,1.0,861.49,661.49,200.0,0.0,0.083333,0.25,0,5,7000.0,688.278568,311.963409,0.0,12,1
12,1516.92862,1.0,3217.99,2500.23,717.76,0.0,0.25,0.916667,0,26,3000.0,608.263689,490.207013,0.25,12,1
13,921.693369,1.0,2137.93,419.96,1717.97,0.0,0.166667,0.75,0,26,7500.0,1655.891435,251.137986,0.083333,12,1
18,1989.072228,1.0,504.35,166.0,338.35,0.0,0.083333,0.583333,0,9,13000.0,1720.837373,744.613395,0.0,12,1
44,5315.945594,1.0,1525.44,469.8,1055.64,0.0,0.333333,1.0,0,20,8500.0,1430.341501,1318.71492,0.0,12,1
48,229.867179,1.0,2390.6,1402.93,987.67,0.0,0.666667,1.0,0,87,3300.0,2543.953559,175.657825,0.916667,12,1
51,1078.888565,1.0,3107.85,2221.74,886.11,0.0,0.583333,0.5,0,18,2500.0,1399.82834,1322.446601,0.0,12,1
57,2386.330629,1.0,5217.62,4789.09,428.53,0.0,0.916667,0.5,0,42,7500.0,5678.729613,1311.514878,0.083333,12,1
65,1758.059987,1.0,412.33,325.21,87.12,0.0,0.333333,0.166667,0,11,1800.0,777.451648,897.905444,0.0,12,1
68,3990.523579,1.0,263.5,190.6,72.9,0.0,0.083333,0.583333,0,8,6000.0,6876.836205,1001.607366,0.083333,12,1
73,1808.972419,1.0,713.9,503.08,210.82,0.0,0.1,0.4,0,8,2250.0,889.017418,622.757696,0.0,10,1
74,532.334517,0.909091,791.94,516.64,275.3,0.0,0.090909,0.181818,0,7,6000.0,1305.177304,175.510344,0.0,11,1
75,5860.433624,1.0,561.87,249.5,312.37,0.0,0.166667,0.75,0,14,6000.0,1990.044998,2161.428274,0.0,12,1
102,3539.801912,1.0,2823.8,1540.41,1283.39,0.0,0.916667,0.833333,0,75,5700.0,9172.788366,2103.796148,0.083333,12,1
110,156.216753,0.818182,1354.86,585.63,769.23,0.0,0.333333,0.833333,0,34,5500.0,858.976682,108.319927,0.0,12,1
114,175.341651,0.818182,1508.9,1252.36,256.54,0.0,0.416667,0.333333,0,14,5000.0,1884.227778,136.639824,1.0,12,1
115,680.195157,1.0,1045.57,667.95,377.62,0.0,0.583333,1.0,0,25,3000.0,552.432305,207.720441,0.0,12,1
127,4245.855092,1.0,1957.3,1077.3,880.0,0.0,0.166667,0.583333,0,19,5000.0,1004.35474,1086.428906,0.0,12,1
131,4637.848144,1.0,1271.12,351.54,919.58,0.0,0.25,0.833333,0,33,5000.0,1906.032044,3572.279251,0.0,12,1
135,1562.633343,1.0,1330.62,1169.63,160.99,0.0,0.166667,0.25,0,8,2000.0,1020.783647,709.610053,0.0,12,1
136,2494.868559,1.0,5491.79,1390.5,4101.29,0.0,0.5,1.0,0,52,17000.0,1015.311953,615.92402,0.0,12,1
138,19043.13856,1.0,22009.92,9449.07,12560.85,0.0,0.75,1.0,0,216,18000.0,23018.57583,18621.01331,0.0,12,1
143,10598.46777,1.0,2084.48,1300.48,784.0,0.0,0.416667,0.583333,0,13,21500.0,3219.621433,3068.125648,0.0,12,1
144,2163.678757,1.0,5779.36,3436.53,2342.83,0.0,1.0,1.0,0,97,6500.0,4416.41268,546.439139,0.0,12,1
148,1108.22253,0.909091,944.96,164.96,780.0,0.0,0.25,0.416667,0,9,1500.0,1955.198953,992.652486,0.0,12,1
151,1523.911458,1.0,4075.37,3322.28,753.09,0.0,1.0,1.0,0,31,6500.0,2254.26002,329.29648,0.0,12,1
154,106.455975,0.636364,2463.12,789.53,1673.59,0.0,0.5,1.0,0,46,4000.0,2573.722764,95.342224,0.636364,12,1
158,2765.748281,1.0,7283.31,5087.31,2196.0,0.0,1.0,0.666667,0,77,11000.0,14373.3929,1058.128452,0.25,12,1
162,871.568977,1.0,648.22,115.0,533.22,0.0,0.083333,1.0,0,27,1200.0,1110.886425,208.298424,0.0,12,1
163,1610.040203,1.0,557.19,525.64,31.55,0.0,0.083333,0.166667,0,5,4000.0,422.711848,616.005839,0.0,12,1
169,349.441102,1.0,1975.4,1393.5,581.9,0.0,0.416667,0.333333,0,17,4000.0,1795.012223,167.219681,0.0,12,1
178,336.799916,1.0,3535.8,1614.7,1921.1,0.0,0.416667,0.916667,0,44,20000.0,2814.231227,186.230835,1.0,12,1
180,903.29781,1.0,2697.48,150.5,2546.98,0.0,0.333333,1.0,0,39,2500.0,1686.196344,303.361632,0.0,12,1
184,117.442684,1.0,653.73,493.0,160.73,0.0,0.416667,0.416667,0,15,10000.0,441.588141,136.827952,0.0,12,1
187,874.583247,1.0,516.54,159.07,357.47,0.0,0.333333,0.916667,0,30,900.0,579.749308,693.894717,0.0,12,1
195,5588.846272,1.0,3507.35,603.75,2903.6,0.0,0.166667,0.833333,0,34,11500.0,1412.597253,1825.176503,0.0,12,1
196,281.170378,0.818182,3163.69,56.8,3106.89,0.0,0.083333,0.666667,0,36,8000.0,2422.911622,187.046284,0.888889,12,1
197,130.251538,0.909091,1343.19,1082.79,260.4,0.0,1.0,0.583333,0,33,15000.0,1043.55929,182.429461,0.545455,12,1
204,4559.779234,1.0,10848.5,8208.0,2640.5,0.0,0.666667,1.0,0,123,7500.0,9423.715495,2925.275522,0.0,12,1
209,64.080909,0.454545,927.0,600.0,327.0,0.0,0.083333,0.166667,0,4,5000.0,1260.16384,59.04439,0.222222,12,1
211,3670.50596,1.0,965.5,876.13,89.37,0.0,0.5,0.083333,0,9,7500.0,1034.932404,941.496383,0.0,12,1
220,9047.621884,1.0,11188.62,6099.16,5089.46,0.0,0.75,1.0,0,151,10000.0,11994.41815,8517.258683,0.0,12,1
221,3061.213971,1.0,1829.2,1792.7,36.5,0.0,1.0,0.083333,0,17,7000.0,971.234118,985.954762,0.0,12,1
223,5431.622968,1.0,1824.16,1598.56,225.6,0.0,0.916667,0.75,0,23,14500.0,1508.016452,1370.519926,0.0,12,1
226,4178.625215,1.0,1431.89,430.69,1001.2,0.0,0.416667,0.833333,0,39,4000.0,2384.542045,3868.70983,0.0,12,1
227,3019.019487,1.0,2260.41,1356.33,904.08,0.0,0.416667,0.75,0,25,8500.0,2187.930651,739.224894,0.0,12,1
229,2723.369217,0.909091,10410.49,1158.84,9251.65,0.0,0.666667,0.583333,0,41,19500.0,9695.650901,726.696049,0.363636,12,1
230,1070.999446,1.0,990.7,482.0,508.7,0.0,0.25,0.583333,0,13,1400.0,505.317328,438.324017,0.0,12,1
239,1874.716289,1.0,301.1,83.0,218.1,0.0,0.166667,0.333333,0,10,1950.0,586.974046,1089.040271,0.0,12,1
241,237.235398,0.636364,2410.07,1670.5,739.57,0.0,0.083333,0.333333,0,15,4000.0,3773.727455,169.879335,1.0,12,1
242,1272.927288,1.0,5350.19,4783.34,566.85,0.0,1.0,0.916667,0,101,8000.0,5825.602115,318.305326,0.166667,12,1
244,2814.207626,1.0,3197.24,2080.02,1117.22,0.0,0.666667,1.0,0,49,3000.0,3574.480603,1328.897516,0.0,12,1
246,435.862142,1.0,1646.16,1023.42,622.74,0.0,0.583333,0.75,0,33,12000.0,1055.835407,236.619362,0.0,12,1
249,7938.559134,1.0,3677.52,3543.73,133.79,0.0,1.0,0.5,0,98,12500.0,2657.856602,1912.298544,0.0,12,1
261,2903.781184,1.0,3014.23,1340.34,1673.89,103.610197,0.833333,1.0,1,93,4500.0,1350.370286,655.633916,0.0,12,1
264,614.263149,0.727273,408.93,74.8,334.13,0.0,0.083333,0.5,0,10,9000.0,2161.153147,312.343947,0.0,12,1
265,8097.334733,1.0,3999.92,200.0,3799.92,0.0,0.083333,1.0,0,14,7500.0,5624.074339,9952.672511,0.0,12,1
266,1082.33027,1.0,2980.46,657.78,2322.68,0.0,0.5,1.0,0,50,6000.0,1116.967993,289.439818,0.0,12,1
272,156.278339,1.0,1385.1,1005.1,380.0,0.0,0.5,0.75,0,21,14000.0,1280.473571,193.369942,0.833333,12,1
273,5131.319584,1.0,32539.78,26547.43,5992.35,0.0,1.0,1.0,0,98,11500.0,26652.34432,1971.129435,0.083333,12,1
280,7645.108427,1.0,4693.15,4332.65,360.5,0.0,0.416667,0.333333,0,12,13500.0,4786.64868,1741.158024,0.0,12,1
282,668.956687,1.0,224.2,148.12,76.08,0.0,0.083333,0.416667,0,9,9500.0,568.336995,272.270427,0.0,12,1
283,2302.184366,1.0,2856.57,922.84,1933.73,0.0,0.25,1.0,0,62,2500.0,2914.419813,2173.680619,0.0,12,1
290,280.142117,1.0,2236.49,758.52,1477.97,0.0,1.0,0.666667,0,34,10000.0,1986.838064,233.614975,1.0,12,1
295,635.090434,0.818182,5758.71,2252.37,3506.34,0.0,0.25,0.75,0,48,2900.0,7943.57021,197.416104,1.0,12,1
301,2762.479434,1.0,2702.47,1526.31,1176.16,0.0,0.25,1.0,0,27,11000.0,7596.768364,1013.086448,0.083333,12,1
303,388.873921,0.727273,1579.15,1462.35,116.8,0.0,0.5,0.25,0,15,2700.0,451.600059,199.955286,0.0,12,1
305,208.131845,1.0,2161.38,451.5,1709.88,0.0,0.166667,1.0,0,41,4500.0,2059.879468,165.05215,1.0,12,1
306,169.088238,1.0,1482.19,446.07,1036.12,0.0,0.583333,0.666667,0,26,6000.0,1289.570234,173.686552,0.666667,12,1
307,133.911556,1.0,1446.05,544.45,901.6,0.0,0.083333,1.0,0,16,3500.0,1364.121036,186.240772,0.833333,12,1
326,4194.033835,0.727273,2006.87,420.6,1586.27,0.0,0.083333,0.666667,0,26,21000.0,19714.09728,1479.309409,0.1,12,1
329,353.198215,1.0,3085.69,3032.97,52.72,0.0,1.0,0.083333,0,21,8500.0,2690.525687,192.66679,1.0,12,1
332,706.675991,1.0,2721.16,2417.41,303.75,0.0,0.5,1.0,0,32,6500.0,4952.900653,280.821958,0.083333,12,1
333,361.319366,1.0,3095.96,1383.56,1712.4,0.0,0.916667,0.833333,0,32,14000.0,4003.782858,197.186568,0.583333,12,1
337,498.208616,1.0,4786.61,4397.64,388.97,0.0,0.833333,0.5,0,61,9000.0,3805.669705,163.459999,1.0,12,1
344,260.838885,1.0,2854.11,1797.96,1056.15,0.0,0.833333,0.916667,0,51,9500.0,2437.332725,176.283228,1.0,12,1
347,1032.241153,1.0,1005.52,464.5,541.02,0.0,0.5,0.833333,0,33,3000.0,1866.265366,237.328382,0.0,12,1
351,1732.715258,1.0,3244.16,2480.85,763.31,0.0,0.666667,0.5,0,29,11500.0,5674.185857,563.827502,0.0,12,1
355,1937.246177,1.0,3018.93,1702.62,1316.31,0.0,1.0,1.0,0,99,5000.0,3909.837604,444.12429,0.166667,12,1
356,99.955082,1.0,1222.97,202.97,1020.0,0.0,0.25,1.0,0,16,19500.0,1142.077891,185.657751,1.0,12,1
360,601.92037,1.0,983.77,603.77,380.0,0.0,0.416667,0.25,0,15,2400.0,389.411161,219.465695,0.0,12,1
362,85.285023,0.75,423.24,287.0,136.24,0.0,0.375,0.375,0,9,11000.0,296.01675,134.448872,0.0,8,1
370,426.372628,1.0,5749.96,5439.96,310.0,0.0,1.0,0.25,0,50,12000.0,5711.540654,202.73209,0.833333,12,1
373,1128.229387,1.0,5068.88,3529.88,1539.0,0.0,1.0,1.0,0,76,4500.0,3904.568067,373.931063,0.083333,12,1
376,11278.95243,1.0,6855.59,2762.92,4092.67,0.0,0.75,0.833333,0,39,18500.0,4868.088671,2861.890896,0.0,12,1
384,507.144348,1.0,5708.18,4584.78,1123.4,0.0,0.75,0.75,0,47,4000.0,5589.952268,232.131169,1.0,12,1
400,437.789873,1.0,1532.1,223.0,1309.1,0.0,0.166667,0.666667,0,14,5000.0,1834.368953,212.770698,0.0,12,1
403,140.730723,1.0,1667.13,1063.14,603.99,0.0,0.916667,0.833333,0,38,13000.0,1669.260634,208.701639,0.25,12,1
405,3298.692478,1.0,1088.83,518.39,570.44,0.0,0.083333,0.333333,0,6,9000.0,6862.520735,994.384835,0.0,12,1
409,154.641707,0.363636,1897.92,97.92,1800.0,0.0,0.166667,0.166667,0,5,13500.0,5563.437084,248.700571,1.0,12,1
411,62.287137,1.0,1263.29,279.99,983.3,0.0,1.0,0.583333,0,25,9500.0,1356.425369,179.894243,0.4,12,1
415,681.615445,1.0,4117.24,290.0,3827.24,0.0,0.166667,1.0,0,229,6000.0,4561.589382,199.730537,0.0,12,1
417,6404.955912,1.0,3970.8,2267.0,1703.8,0.0,0.583333,0.916667,0,64,7500.0,3879.252512,1868.983718,0.0,12,1
418,133.405494,0.545455,1346.9,1028.0,318.9,0.0,0.083333,0.416667,0,14,8000.0,1369.437449,98.678839,0.333333,12,1
423,6032.740391,1.0,7553.48,2643.53,4909.95,0.0,0.75,1.0,0,85,13500.0,5377.338091,1365.123434,0.0,12,1
446,576.635957,1.0,1671.6,480.0,1191.6,0.0,0.333333,1.0,0,48,1800.0,1021.907217,179.585842,0.0,12,1
455,87.442862,0.818182,786.32,186.32,600.0,0.0,0.090909,0.545455,0,7,7500.0,881.284581,97.186371,0.666667,11,1
457,395.052994,1.0,1239.46,752.28,487.18,0.0,0.416667,0.416667,0,14,1500.0,401.217047,177.766827,0.0,12,1
460,636.669685,1.0,2022.38,1892.38,130.0,0.0,0.916667,0.333333,0,19,6000.0,939.306791,301.000749,0.0,12,1
461,223.772475,1.0,3654.08,291.41,3362.67,0.0,0.166667,1.0,0,32,2500.0,3301.334578,180.338402,0.333333,12,1
462,1122.603377,1.0,883.73,457.62,426.11,0.0,0.333333,0.75,0,26,3000.0,632.062443,568.410749,0.0,12,1
466,2070.069187,1.0,1382.57,1077.75,304.82,0.0,0.666667,0.833333,0,33,2400.0,1580.0815,466.772558,0.0,12,1
472,2597.400267,1.0,1748.73,518.44,1230.29,0.0,0.416667,1.0,0,31,6500.0,2497.488126,1584.520204,0.0,12,1
477,150.952465,0.727273,6407.67,3725.33,2682.34,0.0,0.666667,1.0,0,44,14500.0,3484.429075,108.937025,0.3,12,1
481,456.648662,1.0,3355.33,2305.33,1050.0,0.0,0.583333,0.833333,0,27,6500.0,2087.871747,207.584121,0.363636,12,1
484,285.813075,1.0,3220.09,2941.39,278.7,0.0,1.0,0.416667,0,24,15000.0,826.764555,212.075152,1.0,12,1
487,327.445978,1.0,4305.05,2905.71,1399.34,0.0,0.916667,0.916667,0,38,9500.0,4030.061017,197.534405,0.666667,12,1
489,155.644239,0.727273,1626.83,828.85,797.98,0.0,0.75,0.166667,0,17,13000.0,1924.101393,123.522314,0.571429,12,1
492,813.185305,1.0,8194.05,7280.27,913.78,0.0,1.0,1.0,0,121,6000.0,7069.804042,216.277252,0.583333,12,1
500,1199.942209,1.0,1447.01,306.31,1140.7,49.912813,0.166667,0.916667,1,19,2400.0,642.723723,457.255269,0.0,12,1
501,13479.28821,1.0,41050.4,40624.06,426.34,0.0,0.666667,0.416667,0,157,17000.0,36066.75068,15914.48462,0.083333,12,1
503,839.897907,1.0,1869.88,815.11,1054.77,0.0,0.363636,0.909091,0,30,4000.0,999.235386,280.393252,0.0,11,1
507,2643.343414,1.0,26402.39,22257.39,4145.0,0.0,1.0,0.333333,0,114,16500.0,24529.27662,534.032339,1.0,12,1
511,2549.128288,1.0,13771.63,4503.31,9268.32,0.0,0.5,1.0,0,83,14500.0,16826.42443,451.636081,0.25,12,1
514,1191.584153,1.0,4238.79,2220.39,2018.4,0.0,0.5,1.0,0,33,10500.0,3528.728592,287.515344,0.083333,12,1
521,4497.213951,1.0,2001.19,210.43,1790.76,0.0,0.083333,1.0,0,30,4500.0,3058.768463,5067.863223,0.0,12,1
523,257.997181,1.0,1020.47,185.0,835.47,0.0,0.083333,0.916667,0,27,6500.0,1099.15757,163.155119,0.0,12,1
524,4507.733288,1.0,4754.32,3636.53,1117.79,0.0,0.833333,0.75,0,43,9500.0,1924.73689,957.077692,0.0,12,1
528,77.45581,1.0,558.28,270.52,287.76,0.0,0.25,0.833333,0,14,8000.0,601.746596,149.982513,0.333333,12,1
532,1112.070216,1.0,179.24,59.0,120.24,0.0,0.083333,0.333333,0,7,4000.0,217.546584,368.652894,0.0,12,1
534,2883.906333,1.0,4620.34,4300.42,319.92,0.0,0.583333,1.0,0,21,7500.0,6476.333335,1090.368608,0.083333,12,1
536,3366.051663,1.0,6344.3,4438.8,1905.5,0.0,0.833333,0.666667,0,54,12000.0,2890.901993,694.340138,0.083333,12,1
541,64.329876,0.272727,627.03,482.03,145.0,0.0,0.166667,0.166667,0,8,6000.0,1513.704151,112.874987,1.0,12,1
545,5178.179489,1.0,3937.59,2606.42,1331.17,0.0,0.75,0.833333,0,54,9500.0,1248.498168,1143.849403,0.0,12,1
560,1311.732049,1.0,10700.63,2912.65,7787.98,0.0,0.5,1.0,0,222,6000.0,9853.313787,280.014823,0.818182,12,1
563,1202.975648,1.0,11313.77,10133.7,1180.07,0.0,1.0,0.833333,0,98,6000.0,10718.04224,281.611634,0.833333,12,1
568,23.290641,0.727273,293.99,194.99,99.0,0.0,0.25,0.166667,0,6,12500.0,287.796655,93.027601,0.333333,12,1
581,313.387813,1.0,3608.88,2124.75,1484.13,0.0,0.75,0.75,0,37,15000.0,2419.651857,182.527745,1.0,12,1
584,2690.771926,1.0,12465.21,9805.73,2659.48,0.0,0.583333,1.0,0,79,13000.0,9290.702248,653.194444,0.0,12,1
587,2492.726282,1.0,27957.68,23032.97,4924.71,0.0,1.0,0.916667,0,70,9000.0,27255.00752,537.372671,1.0,12,1
588,47.424621,0.545455,372.0,273.6,98.4,0.0,0.166667,0.25,0,7,4000.0,662.401178,149.47264,0.2,12,1
590,2450.031338,1.0,1678.07,824.21,853.86,0.0,0.25,1.0,0,33,6500.0,682.930065,512.073385,0.0,12,1
591,8781.831676,1.0,11674.64,9400.96,2273.68,0.0,1.0,0.916667,0,93,16000.0,10377.3612,2372.97281,0.0,12,1
597,5935.917803,1.0,1956.06,1777.14,178.92,0.0,0.916667,0.333333,0,48,11500.0,1553.147417,1338.082337,0.0,12,1
603,724.261595,1.0,625.46,198.4,427.06,0.0,0.166667,0.5,0,10,7500.0,721.081023,234.277687,0.0,12,1
609,1246.393805,1.0,1757.47,907.05,850.42,0.0,0.416667,1.0,0,80,5000.0,1254.376139,309.542834,0.0,12,1
612,32.612745,1.0,1223.41,769.41,454.0,0.0,1.0,0.916667,0,25,6000.0,1222.343069,129.304142,0.8,12,1
616,837.950585,1.0,8273.18,2904.89,5368.29,0.0,1.0,1.0,0,53,7000.0,7883.621179,208.069929,1.0,12,1
619,3774.063585,1.0,7680.08,5050.97,2629.11,0.0,0.583333,1.0,0,64,11500.0,2529.085319,1256.196236,0.0,12,1
620,1088.031913,1.0,9734.63,3756.01,5978.62,0.0,1.0,1.0,0,194,8500.0,8571.945329,204.762568,0.083333,12,1
624,3123.339488,1.0,11202.09,10929.53,272.56,0.0,1.0,0.583333,0,100,7500.0,8317.163283,887.495688,0.083333,12,1
626,537.389322,0.9,1704.22,150.5,1553.72,0.0,0.2,0.8,0,16,1500.0,679.888456,160.592311,0.125,10,1
629,544.879717,1.0,6477.6,3301.6,3176.0,0.0,1.0,0.916667,0,83,7500.0,6381.236136,235.661045,0.833333,12,1
635,62.32157,0.636364,601.35,468.0,133.35,0.0,0.333333,0.333333,0,10,7000.0,704.075312,161.420141,0.25,12,1
639,164.649775,1.0,1764.86,1149.34,615.52,0.0,0.666667,0.916667,0,21,10000.0,1768.463643,212.73674,1.0,12,1
640,299.765294,1.0,2352.2,1136.7,1215.5,0.0,0.666667,0.75,0,30,6500.0,2671.279796,185.468819,0.25,12,1
642,306.877248,1.0,3877.85,2183.56,1694.29,0.0,0.666667,0.75,0,29,12500.0,3639.443058,205.024983,1.0,12,1
643,14411.95798,1.0,5958.17,3161.46,2796.71,0.0,0.583333,1.0,0,98,15000.0,7839.750264,8096.79502,0.0,12,1
645,1482.235539,1.0,14604.87,2475.93,12128.94,0.0,0.583333,1.0,0,219,15500.0,14462.63056,340.717801,1.0,12,1
647,5619.157028,1.0,2790.76,2549.25,241.51,0.0,1.0,0.333333,0,36,14000.0,1778.284067,1355.651702,0.0,12,1
652,7760.5254,1.0,14332.92,10588.97,3743.95,0.0,0.909091,0.909091,0,152,16000.0,7116.531862,2117.186083,0.0,11,1
656,558.989996,0.818182,4552.44,1234.0,3318.44,0.0,0.166667,0.583333,0,15,5000.0,5496.343824,173.931803,1.0,12,1
660,2515.968879,1.0,1877.24,926.9,950.34,0.0,0.166667,0.083333,0,29,8500.0,4503.07943,810.909841,0.083333,12,1
664,2331.38017,1.0,1919.66,1310.9,608.76,0.0,0.416667,0.75,0,34,6000.0,6725.483653,609.161536,0.0,12,1
665,27.20711,0.818182,685.08,220.0,465.08,0.0,0.25,0.5,0,24,13000.0,798.047921,66.969941,0.25,12,1
668,331.586253,1.0,3703.36,1653.98,2049.38,0.0,1.0,1.0,0,54,7500.0,3229.189675,195.370312,0.916667,12,1
672,654.747715,1.0,1969.24,567.47,1401.77,0.0,0.25,0.916667,0,30,12000.0,2011.781378,219.067764,0.0,12,1
675,278.142977,1.0,1901.94,367.0,1534.94,0.0,0.166667,1.0,0,34,4500.0,1624.241905,168.938924,0.0,12,1
677,983.339069,1.0,5601.54,3073.82,2527.72,36.336457,0.75,1.0,1,182,7500.0,4807.552996,207.134142,0.166667,12,1
688,2119.537904,1.0,342.07,270.07,72.0,0.0,0.5,0.166667,0,11,3000.0,3505.371815,894.910352,0.0,12,1
690,318.186198,1.0,3548.64,2949.37,599.27,0.0,0.916667,1.0,0,51,20000.0,3908.960912,199.621137,1.0,12,1
693,546.844163,1.0,2427.26,1587.34,839.92,0.0,1.0,1.0,0,30,5000.0,1747.703784,176.211823,0.333333,12,1
695,1495.801569,1.0,420.03,320.03,100.0,0.0,0.25,1.0,0,16,6600.0,1283.885302,389.191998,0.0,12,1
698,255.052529,1.0,3267.03,1439.07,1827.96,0.0,1.0,1.0,0,101,6000.0,2841.850383,173.710118,1.0,12,1
699,1167.045536,1.0,294.13,65.0,229.13,0.0,0.083333,0.833333,0,12,1500.0,686.376349,266.50397,0.0,12,1
704,963.572006,1.0,2210.97,1741.3,469.67,0.0,1.0,0.416667,0,50,9500.0,2946.752322,345.15359,0.0,12,1
712,446.735142,1.0,5228.36,2337.44,2890.92,0.0,1.0,1.0,0,71,3000.0,4843.737867,177.051156,0.454545,12,1
725,1355.180523,0.909091,8820.67,2549.65,6271.02,0.0,0.583333,0.583333,0,37,6500.0,3609.323897,416.412205,0.0,12,1
728,1433.857464,1.0,1613.74,800.87,812.87,0.0,0.416667,0.833333,0,37,1500.0,1361.684623,1854.077627,0.0,12,1
729,142.406825,1.0,1214.74,574.33,640.41,0.0,0.333333,1.0,0,48,11000.0,941.91753,180.400442,0.75,12,1
730,660.397749,1.0,776.89,698.99,77.9,0.0,0.083333,0.083333,0,2,1500.0,487.294072,215.007957,0.0,12,1
733,492.916599,1.0,4371.82,2765.16,1606.66,0.0,0.916667,1.0,0,97,20000.0,3603.230966,207.887409,0.583333,12,1
749,1646.715644,1.0,2720.68,2580.19,140.49,0.0,0.833333,0.666667,0,49,5000.0,2800.406648,357.591488,0.0,12,1
759,756.041971,0.875,2486.1,2052.75,433.35,0.0,0.875,0.5,0,33,4000.0,948.092359,1356.087629,0.0,8,1
771,432.915949,1.0,4430.17,3628.67,801.5,0.0,1.0,1.0,0,78,8500.0,4301.600928,186.739077,1.0,12,1
774,1822.43199,1.0,177.23,70.26,106.97,0.0,0.083333,0.083333,0,3,2500.0,1136.340121,428.353499,0.0,12,1
790,2435.823938,1.0,749.3,393.5,355.8,0.0,0.083333,0.5,0,8,8500.0,2501.125038,541.51241,0.0,12,1
798,1716.622291,1.0,455.76,36.0,419.76,0.0,0.083333,1.0,0,13,1700.0,881.425823,1066.801936,0.0,12,1
804,81.762162,0.909091,777.04,521.46,255.58,0.0,0.5,0.75,0,20,7500.0,753.811533,162.763716,0.0,12,1
806,1773.445786,1.0,4504.25,2986.66,1517.59,0.0,0.5,0.416667,0,37,8500.0,278.70437,561.333282,0.0,12,1
807,227.07351,1.0,2370.01,1682.03,687.98,0.0,0.333333,1.0,0,35,4200.0,1948.361057,162.995748,0.833333,12,1
808,155.924331,0.818182,517.14,460.57,56.57,0.0,0.25,0.166667,0,7,3000.0,369.733274,131.403254,0.0,12,1
821,1011.110679,1.0,186.11,61.11,125.0,0.0,0.083333,0.25,0,5,3000.0,634.853367,227.160721,0.0,12,1
827,920.968431,1.0,977.38,615.99,361.39,0.0,0.25,0.833333,0,18,3350.0,549.396517,266.850585,0.0,12,1
828,227.781773,1.0,1497.82,690.57,807.25,0.0,0.333333,0.833333,0,31,3500.0,342.79543,183.964777,0.090909,12,1
838,161.198861,1.0,536.68,103.0,433.68,0.0,0.083333,1.0,0,13,1000.0,280.826685,165.304588,0.090909,12,1
861,268.493643,1.0,4917.48,3300.1,1617.38,0.0,0.25,1.0,0,31,13500.0,3552.167671,78.898037,0.375,12,1
862,1827.200326,1.0,1325.27,1161.66,163.61,0.0,0.5,0.416667,0,21,4000.0,666.371943,531.303374,0.0,12,1
871,2767.545277,1.0,3480.24,2767.28,712.96,0.0,1.0,0.666667,0,60,12500.0,4062.447703,1082.201074,0.0,12,1
874,1890.397414,1.0,2493.67,358.0,2135.67,0.0,0.083333,1.0,0,26,3000.0,916.285608,494.455132,0.0,12,1
884,902.099225,0.818182,5080.85,4674.21,406.64,0.0,0.333333,0.25,0,12,8000.0,177.879919,258.715978,0.0,12,1
886,9255.143419,1.0,5153.28,3352.28,1801.0,0.0,0.583333,1.0,0,105,11500.0,4872.818088,9642.502512,0.0,12,1
887,228.909884,1.0,2617.85,2426.43,191.42,0.0,0.916667,0.416667,0,35,1800.0,1774.318305,143.208454,0.7,12,1
889,337.317432,1.0,4193.91,3076.01,1117.9,0.0,1.0,0.583333,0,27,3000.0,3690.904874,210.035264,1.0,12,1
890,2643.39225,1.0,965.84,737.79,228.05,0.0,0.75,0.666667,0,33,4300.0,771.299727,627.391113,0.0,12,1
894,233.694622,1.0,1772.55,1352.55,420.0,0.0,1.0,0.75,0,29,1200.0,764.816144,227.726516,0.083333,12,1
895,150.52492,1.0,1850.31,1815.31,35.0,0.0,1.0,0.083333,0,41,14000.0,1856.821119,192.520664,0.636364,12,1
908,939.152528,1.0,3393.25,3364.59,77.66,0.0,0.25,0.083333,0,5,9000.0,2768.821579,267.093439,0.0,12,1
912,31.702357,0.181818,1051.52,732.2,319.32,0.0,0.083333,1.0,0,16,4600.0,5384.409792,13.545097,0.0,12,1
913,1023.323593,1.0,253.37,196.37,57.0,0.0,0.5,0.5,0,16,1200.0,463.956486,250.187987,0.0,12,1
916,6725.109914,1.0,6335.65,912.12,5423.53,0.0,0.583333,1.0,0,108,11000.0,3203.884297,2658.77669,0.0,12,1
917,515.135703,1.0,2457.48,1272.5,1184.98,0.0,0.583333,1.0,0,69,7000.0,2858.180367,177.692271,0.25,12,1
925,55.741802,0.818182,963.35,300.0,663.35,0.0,0.083333,0.583333,0,11,14000.0,1062.303105,142.613239,0.7,12,1
926,179.290727,1.0,2540.9,1234.77,1306.13,0.0,0.833333,0.916667,0,30,5000.0,2478.954766,168.750901,1.0,12,1
927,634.825209,1.0,1478.36,1343.45,134.91,0.0,0.416667,0.166667,0,12,1200.0,1371.998686,336.282655,0.0,12,1
934,1803.898764,1.0,562.01,63.6,498.41,0.0,0.083333,1.0,0,19,1800.0,2010.58964,2411.664639,0.0,12,1
936,1168.040482,0.909091,1113.1,801.19,311.91,0.0,0.416667,0.75,0,26,6500.0,4239.684074,563.283083,0.0,12,1
938,391.179957,0.909091,7363.38,6965.06,398.32,0.0,0.666667,0.416667,0,42,4500.0,11891.44907,889.95708,1.0,12,1
940,95.645669,0.272727,566.43,463.8,102.63,0.0,0.166667,0.083333,0,3,9000.0,73.895095,199.884984,0.0,12,1
941,2072.457624,1.0,17409.21,11263.17,6146.04,0.0,1.0,1.0,0,175,19500.0,19517.1616,517.324081,0.333333,12,1
944,460.432607,1.0,1009.44,858.48,150.96,0.0,0.583333,0.75,0,25,4000.0,1292.401995,221.145007,0.0,12,1
951,1518.813947,1.0,2110.98,1748.98,362.0,0.0,0.5,0.6,0,20,1700.0,663.894987,555.397214,0.0,10,1
952,1538.569369,1.0,3852.37,2681.99,1170.38,0.0,0.75,0.75,0,35,6000.0,3386.915692,393.411779,0.272727,12,1
970,3108.393701,0.9,26582.34,15158.9,11423.44,0.0,0.8,0.8,0,55,28000.0,26557.09724,586.029097,0.875,10,1
979,1464.19148,1.0,367.94,246.2,121.74,0.0,0.25,0.416667,0,9,1500.0,719.945677,1546.605424,0.0,12,1
981,1355.312146,0.818182,1682.06,1383.74,298.32,0.0,0.25,1.0,0,15,13000.0,6965.353704,487.620635,0.0,12,1
982,357.62718,1.0,3070.45,1864.11,1206.34,0.0,0.916667,0.416667,0,20,18500.0,4023.111073,169.763154,1.0,12,1
988,165.700863,1.0,1806.97,132.81,1674.16,0.0,0.25,1.0,0,28,3500.0,1595.482975,163.30874,1.0,12,1
990,1532.278572,1.0,2612.1,1375.5,1236.6,0.0,0.916667,0.75,0,135,6500.0,1348.321843,433.618672,0.0,12,1
993,2845.16043,0.727273,735.09,652.94,82.15,0.0,0.25,0.333333,0,8,10500.0,6006.492582,888.901116,0.0,12,1
999,1460.178578,1.0,937.96,100.0,837.96,0.0,0.083333,1.0,0,40,1500.0,1186.859701,1320.855292,0.0,12,1
1008,97.649883,0.454545,1092.59,673.11,419.48,0.0,0.166667,1.0,0,26,18000.0,1399.323719,108.410954,0.090909,12,1
1010,1239.889457,1.0,3914.15,2643.0,1271.15,0.0,0.25,0.416667,0,12,9500.0,3980.107176,511.121978,0.083333,12,1
1018,640.595851,1.0,2496.57,1837.56,659.01,0.0,0.333333,0.166667,0,14,3000.0,1145.707252,201.050218,0.0,12,1
1019,270.096134,0.818182,3061.26,1913.26,1148.0,0.0,0.333333,0.666667,0,20,6000.0,3594.046318,152.391012,0.454545,12,1
1022,445.409094,1.0,307.11,163.29,143.82,0.0,0.25,0.666667,0,12,1500.0,467.844102,171.370838,0.0,12,1
1023,117.949494,1.0,1368.88,1088.23,280.65,0.0,0.166667,1.0,0,15,4500.0,455.527411,179.475148,1.0,12,1
1031,300.782119,0.909091,2590.95,2330.95,260.0,0.0,0.666667,0.25,0,18,10000.0,3286.584674,168.321916,0.875,12,1
1038,328.242971,1.0,1555.66,1023.9,531.76,0.0,0.25,1.0,0,26,3500.0,1052.275904,206.423078,0.0,12,1
1043,68.690623,1.0,734.37,59.0,675.37,0.0,0.083333,1.0,0,30,10500.0,837.517806,178.75204,0.75,12,1
1052,65.645186,0.545455,735.69,85.5,650.19,0.0,0.083333,0.416667,0,16,3000.0,1302.778971,140.751691,1.0,12,1
1054,230.161419,0.888889,750.05,160.05,590.0,0.0,0.111111,0.555556,0,7,14000.0,1207.021598,116.531467,0.0,9,1
1058,224.937583,1.0,1956.8,105.8,1851.0,0.0,0.083333,1.0,0,31,10000.0,1908.733611,185.371629,1.0,12,1
1061,160.852061,0.888889,4704.98,2017.22,2687.76,0.0,0.666667,0.777778,0,45,4500.0,4372.542801,129.801874,0.833333,9,1
1078,206.305547,1.0,1594.0,1084.0,510.0,0.0,0.25,0.166667,0,10,4500.0,1605.613993,119.213806,0.090909,12,1
1081,413.987831,1.0,985.79,892.8,92.99,0.0,0.5,0.25,0,16,3000.0,887.885624,176.216309,0.0,12,1
1084,85.79793,1.0,931.98,289.03,642.95,0.0,1.0,0.75,0,23,7500.0,875.423848,186.610054,0.416667,12,1
1085,48.157955,0.363636,648.24,286.0,362.24,0.0,0.25,0.25,0,6,2000.0,753.720188,58.719455,0.363636,12,1
1087,4046.574741,1.0,1757.44,242.89,1514.55,19.677306,0.25,1.0,1,68,4500.0,1721.705144,1111.315878,0.0,12,1
1090,72.251911,0.727273,665.5,228.0,437.5,0.0,0.166667,0.333333,0,12,4000.0,1443.726409,106.632133,0.5,12,1
1101,35.578362,0.909091,464.51,133.0,331.51,0.0,0.083333,0.75,0,10,3000.0,452.522327,147.243614,0.777778,12,1
1103,3140.698358,1.0,1961.78,1107.29,854.49,0.0,0.166667,1.0,0,24,6000.0,5361.346807,742.308918,0.0,12,1
1118,293.029263,0.818182,3094.97,185.0,2909.97,0.0,0.25,0.666667,0,12,14500.0,2543.550697,124.465257,0.666667,12,1
1125,2391.843543,1.0,3279.57,777.63,2501.94,0.0,0.583333,0.916667,0,119,5000.0,1226.566229,547.949563,0.0,12,1
1137,710.199118,1.0,3442.08,2718.42,723.66,0.0,0.833333,1.0,0,63,7000.0,3082.037592,231.798854,0.25,12,1
1138,2847.608209,1.0,1399.05,383.05,1016.0,0.0,0.166667,0.583333,0,10,7500.0,1094.003828,888.841589,0.0,12,1
1142,1180.758966,1.0,1274.54,396.24,878.3,0.0,0.833333,0.416667,0,21,4500.0,1351.787519,285.440312,0.0,12,1
1150,741.294747,1.0,7096.36,4287.78,2808.58,0.0,1.0,1.0,0,84,7500.0,6642.324858,211.053637,1.0,12,1
1151,802.618739,1.0,2860.32,2435.82,424.5,0.0,0.416667,0.416667,0,28,4500.0,2024.536409,232.97847,0.0,12,1
1165,74.568421,0.454545,600.0,200.0,400.0,0.0,0.083333,0.25,0,5,6000.0,1307.801313,143.732476,1.0,12,1
1169,348.965773,1.0,1019.4,444.4,575.0,0.0,0.25,1.0,0,25,1000.0,214.987376,176.525876,0.25,12,1
1176,229.913693,1.0,2406.77,1955.67,451.1,0.0,1.0,0.5,0,35,10000.0,2239.201417,194.72626,1.0,12,1
1183,189.969435,1.0,2071.55,2001.55,70.0,47.875577,0.916667,0.166667,1,19,9000.0,1679.943402,191.234533,1.0,12,1
1187,2191.369256,1.0,1197.2,869.06,328.14,0.0,0.333333,0.416667,0,13,4500.0,1643.269684,603.954203,0.0,12,1
1190,1893.611922,1.0,22746.81,15795.42,6951.39,0.0,1.0,1.0,0,140,18000.0,22558.28457,505.125031,1.0,12,1
1197,915.981419,0.909091,2037.24,1587.24,450.0,0.0,0.583333,0.666667,0,22,3500.0,411.176707,296.885026,0.125,12,1
1198,177.355165,0.909091,1179.3,997.3,182.0,0.0,0.5,0.416667,0,13,7500.0,815.01939,175.485133,0.714286,12,1
1199,653.004882,0.818182,2035.29,1259.58,775.71,0.0,0.5,0.5,0,29,9500.0,7590.280949,319.680283,0.0,12,1
1200,3322.31489,1.0,676.0,601.0,75.0,0.0,0.25,0.333333,0,9,10000.0,867.587298,753.39587,0.0,12,1
1202,5022.775729,1.0,2117.05,1947.05,170.0,0.0,0.833333,0.166667,0,19,7000.0,1588.794697,1082.482851,0.0,12,1
1212,156.536773,1.0,1903.66,1788.08,115.58,0.0,0.833333,0.166667,0,35,9000.0,2093.551911,169.81431,1.0,12,1
1213,233.393741,1.0,2346.94,1829.5,517.44,0.0,0.75,0.75,0,39,4500.0,2029.208283,155.235425,0.875,12,1
1218,599.044829,1.0,6528.65,4859.87,1668.78,0.0,1.0,1.0,0,113,12000.0,5779.079513,176.295409,1.0,12,1
1226,341.467517,1.0,3446.96,2831.62,615.34,0.0,1.0,0.333333,0,46,10500.0,3273.239834,187.681228,1.0,12,1
1233,55.58459,0.818182,395.05,150.05,245.0,0.0,0.25,0.166667,0,6,5500.0,531.9538,81.364934,0.111111,12,1
1240,527.965041,1.0,2808.2,1332.96,1475.24,0.0,0.583333,1.0,0,71,7000.0,2823.313675,175.39498,0.583333,12,1
1241,998.231433,1.0,1622.23,872.26,749.97,0.0,0.916667,0.916667,0,54,2500.0,987.085976,203.838712,0.0,12,1
1247,1121.833202,1.0,2940.0,750.0,2190.0,0.0,0.083333,0.916667,0,13,3500.0,1279.460209,365.872805,0.3,12,1
1248,1222.083116,1.0,1492.21,722.91,769.3,0.0,0.5,0.916667,0,27,7000.0,1409.156293,287.150626,0.0,12,1
1250,51.640786,0.727273,434.72,99.0,335.72,0.0,0.083333,0.583333,0,9,4500.0,998.961098,153.216454,1.0,12,1
1256,4010.621974,1.0,40040.71,24543.52,15497.19,0.0,1.0,1.0,0,358,18000.0,33994.72785,703.503256,1.0,12,1
1268,12.659909,0.272727,5252.04,2501.0,2751.04,0.0,0.166667,1.0,0,40,7350.0,4086.011768,29.259869,0.083333,12,1
1269,2425.836071,1.0,3502.99,2968.85,534.14,0.0,0.833333,0.416667,0,74,7000.0,3871.983102,587.744916,0.0,12,1
1271,208.19101,1.0,2395.88,1516.09,879.79,0.0,1.0,0.75,0,63,5000.0,2131.759516,177.898546,0.75,12,1
1273,1727.333496,1.0,560.75,168.65,392.1,0.0,0.181818,0.363636,0,11,2500.0,509.825296,599.949312,0.0,11,1
1274,1727.295159,1.0,719.76,626.53,93.23,0.0,0.166667,0.416667,0,12,1800.0,724.437944,732.309926,0.0,12,1
1275,801.110294,1.0,4276.89,1734.5,2542.39,0.0,0.333333,0.916667,0,58,7500.0,4750.947157,195.583027,0.083333,12,1
1276,144.129221,0.727273,949.59,272.0,677.59,0.0,0.25,0.333333,0,11,4000.0,999.711434,121.912794,0.1,12,1
1277,1497.129794,1.0,2571.48,1867.92,703.56,0.0,0.333333,0.666667,0,26,2500.0,3177.11973,851.600335,0.0,12,1
1280,200.971458,1.0,569.68,291.7,277.98,0.0,0.083333,0.25,0,10,4000.0,311.300085,128.751781,0.0,12,1
1283,1469.212816,1.0,220.69,64.09,156.6,0.0,0.090909,0.272727,0,6,2000.0,416.172003,481.887743,0.0,11,1
1285,249.140601,1.0,655.94,223.0,432.94,0.0,0.083333,0.75,0,17,10500.0,907.604425,200.878822,0.0,12,1
1288,5858.617133,1.0,2761.41,2484.65,276.76,0.0,0.666667,0.666667,0,24,11000.0,1919.207449,1365.627377,0.0,12,1
1290,2006.218006,1.0,4572.63,3484.5,1088.13,0.0,0.416667,0.25,0,28,6500.0,1670.202477,1842.365907,0.0,12,1
1292,123.089579,1.0,1150.78,1127.78,23.0,0.0,1.0,0.083333,0,81,14500.0,1035.0287,179.685335,0.9,12,1
1297,5561.206188,1.0,1120.29,965.09,155.2,0.0,0.583333,0.583333,0,19,6000.0,2013.621078,2741.09648,0.0,12,1
1299,275.956562,0.363636,1943.1,1644.79,298.31,0.0,0.25,0.25,0,10,1800.0,5018.330901,268.760421,0.333333,12,1
1302,541.240795,1.0,5999.95,4104.58,1895.37,0.0,1.0,1.0,0,97,16000.0,6850.328106,200.169985,1.0,12,1
1308,272.7004,1.0,3298.55,2520.55,778.0,0.0,0.833333,0.166667,0,33,16000.0,3629.836534,194.460262,0.75,12,1
1309,68.845891,0.363636,853.44,603.84,249.6,0.0,0.166667,0.083333,0,4,11500.0,789.202649,138.72196,0.0,12,1
1314,2249.731727,1.0,2598.54,1941.08,657.46,0.0,0.5,1.0,0,31,9000.0,1152.945008,593.311661,0.0,12,1
1316,3143.23132,1.0,255.08,129.52,125.56,0.0,0.166667,0.333333,0,11,5500.0,734.825068,841.525188,0.0,12,1
1317,1392.814234,1.0,845.51,773.17,72.34,0.0,0.333333,0.083333,0,7,1700.0,622.228025,451.616978,0.0,12,1
1325,1200.435451,1.0,886.56,661.56,225.0,0.0,1.0,0.25,0,15,1200.0,1118.707982,989.542477,0.0,12,1
1326,1152.710352,1.0,1392.0,1062.0,330.0,0.0,0.25,1.0,0,16,9500.0,1147.368802,245.51294,0.0,12,1
1329,363.344239,0.818182,665.86,234.98,430.88,0.0,0.75,0.75,0,34,4000.0,1734.889908,232.164739,0.090909,12,1
1331,341.456099,1.0,2091.44,1242.9,848.54,0.0,0.5,1.0,0,38,3000.0,2252.250986,179.459441,0.083333,12,1
1338,325.47428,1.0,3030.4,1358.32,1672.08,92.358043,1.0,0.916667,2,76,3000.0,3117.11898,179.10451,1.0,12,1
1340,80.363442,0.909091,2370.44,47.5,2322.94,0.0,0.083333,1.0,0,63,1500.0,2373.35922,141.350236,0.818182,12,1
1342,5161.854898,1.0,4542.33,4051.67,490.66,0.0,1.0,0.583333,0,105,7500.0,3376.37909,1171.273248,0.0,12,1
1343,319.388468,1.0,1674.9,689.23,985.67,0.0,1.0,0.833333,0,24,7500.0,1907.796411,194.793488,0.083333,12,1
1347,130.977369,1.0,527.0,415.0,112.0,0.0,0.25,0.083333,0,6,7500.0,493.086038,169.34887,0.3,12,1
1358,187.2126,1.0,1807.08,967.08,840.0,0.0,0.416667,0.916667,0,19,10000.0,1681.194004,175.755159,1.0,12,1
1360,1186.928037,1.0,2178.0,1546.5,631.5,0.0,1.0,0.333333,0,28,7000.0,2565.252377,300.082054,0.0,12,1
1368,1140.787563,1.0,2796.54,2096.49,700.05,0.0,0.166667,0.75,0,15,4500.0,2139.874585,260.662747,0.0,12,1
1369,281.469522,1.0,2500.03,2170.26,329.77,0.0,0.916667,0.416667,0,25,12000.0,2463.043567,199.936768,0.909091,12,1
1381,841.398158,1.0,860.2,264.35,595.85,0.0,0.166667,0.666667,0,16,15500.0,1198.790549,194.362209,0.0,12,1
1384,304.664917,1.0,2601.67,2508.57,93.1,0.0,0.583333,0.083333,0,18,4000.0,2875.007088,150.184354,0.166667,12,1
1394,931.047119,1.0,494.0,444.0,50.0,0.0,0.25,0.083333,0,7,4000.0,415.139393,354.783499,0.0,12,1
1395,438.753147,1.0,1252.1,1057.1,195.0,0.0,1.0,0.416667,0,21,6500.0,867.534492,172.363941,0.0,12,1
1396,364.398745,1.0,1087.66,561.06,526.6,0.0,0.583333,0.833333,0,22,3000.0,763.738703,189.953723,0.0,12,1
1398,27.164388,1.0,554.35,464.63,89.72,0.0,1.0,0.166667,0,16,3000.0,446.722613,145.306865,0.272727,12,1
1399,468.693449,1.0,4930.68,4012.0,918.68,0.0,0.416667,1.0,0,40,12000.0,4552.742211,217.937998,0.833333,12,1
1406,227.636073,1.0,3050.64,1070.12,1980.52,0.0,0.666667,0.916667,0,46,8000.0,2597.767395,168.621828,0.363636,12,1
1409,116.626679,1.0,533.99,178.8,355.19,0.0,0.5,0.666667,0,32,4000.0,606.890738,169.514793,0.0,12,1
1412,972.665818,1.0,10549.19,9180.41,1368.78,0.0,1.0,1.0,0,248,9000.0,10114.18854,209.881639,1.0,12,1
1415,920.922411,1.0,1227.93,459.55,768.38,0.0,0.166667,0.916667,0,15,8500.0,2219.82375,224.328091,0.0,12,1
1421,21.986298,0.454545,568.78,208.78,360.0,0.0,0.083333,0.333333,0,10,3800.0,1448.573986,83.666499,0.0,12,1
1422,1245.890862,1.0,5380.3,3976.99,1403.31,0.0,0.5,0.75,0,32,4500.0,6133.623121,442.215058,0.1,12,1
1423,867.444685,1.0,8751.49,6206.99,2544.5,0.0,1.0,0.666667,0,63,4000.0,8622.953253,209.975643,1.0,12,1
1427,1337.162883,1.0,4544.48,2384.44,2160.04,0.0,0.083333,0.666667,0,25,7500.0,3394.95009,380.300298,0.083333,12,1
1432,58.949864,1.0,2074.57,998.17,1076.4,0.0,0.583333,0.5,0,25,6000.0,1694.490864,138.951551,0.333333,12,1
1436,1887.119184,1.0,2450.73,1450.73,1000.0,0.0,0.166667,0.416667,0,13,4200.0,1534.31902,612.83515,0.0,12,1
1437,67.32184,1.0,685.15,567.65,117.5,0.0,1.0,0.416667,0,20,9000.0,526.120039,169.900038,0.3,12,1
1438,912.857498,1.0,831.03,93.0,738.03,0.0,0.285714,0.714286,0,8,5500.0,95.682798,195.497298,0.0,7,1
1439,961.391452,1.0,3783.25,2991.45,791.8,0.0,0.916667,0.75,0,38,11000.0,1906.997697,226.703216,0.0,12,1
1441,44.687434,0.454545,679.0,620.0,59.0,0.0,0.083333,0.166667,0,5,3750.0,717.927436,80.817599,0.3,12,1
1444,619.375758,1.0,6133.45,5932.61,200.84,0.0,1.0,0.5,0,129,7000.0,5505.517545,182.916276,0.833333,12,1
1445,1168.007346,1.0,539.0,39.0,500.0,0.0,0.090909,0.454545,0,6,8500.0,946.105536,255.864629,0.0,11,1
1447,8151.985277,1.0,25615.07,25122.77,492.3,0.0,1.0,0.583333,0,56,17000.0,17575.20083,2465.465414,0.166667,12,1
1454,916.63778,1.0,4627.8,2742.39,1885.41,0.0,1.0,1.0,0,89,16500.0,6083.511913,289.474616,0.083333,12,1
1459,1708.478796,1.0,1406.14,993.0,413.14,0.0,0.416667,0.916667,0,27,6500.0,449.234708,571.97134,0.0,12,1
1460,222.321892,0.909091,2417.54,1709.14,708.4,0.0,0.333333,0.5,0,17,8500.0,2222.490788,162.999636,1.0,12,1
1463,668.102701,1.0,4943.92,2300.09,2643.83,0.0,0.916667,1.0,0,52,7000.0,4869.034025,199.727571,1.0,12,1
1465,1687.08958,1.0,5094.17,4568.17,526.0,0.0,1.0,0.416667,0,70,8000.0,3606.985963,460.572295,0.0,12,1
1466,1995.089853,1.0,8335.69,7400.85,934.84,0.0,0.818182,0.272727,0,69,7000.0,3348.095046,1298.363292,0.0,11,1
1474,1895.786893,1.0,2131.31,510.65,1620.66,0.0,0.666667,0.916667,0,29,5500.0,1095.198415,563.713408,0.0,12,1
1477,1499.19943,1.0,3245.23,2870.33,374.9,0.0,1.0,0.833333,0,51,8000.0,2961.631164,373.675969,0.0,12,1
1479,39.761286,0.454545,2858.26,1027.72,1830.54,0.0,0.75,1.0,0,40,7500.0,3327.955123,71.20589,0.3,12,1
1484,180.315352,1.0,1642.26,446.32,1195.94,47.031268,0.25,0.833333,1,24,7000.0,1609.27261,177.262274,0.916667,12,1
1488,937.434519,1.0,1124.88,1085.63,39.25,0.0,0.333333,0.083333,0,9,2500.0,993.196174,252.572491,0.0,12,1
1490,1177.125233,1.0,8190.9,6949.66,1241.24,0.0,0.916667,0.5,0,56,5000.0,7007.797351,354.703333,0.416667,12,1
1494,167.505508,0.818182,1219.0,843.0,376.0,0.0,0.75,0.416667,0,21,4500.0,1989.674433,161.279514,0.666667,12,1
1497,136.743106,1.0,1466.05,1344.79,121.26,0.0,1.0,0.5,0,21,6000.0,1519.011448,191.955443,1.0,12,1
1498,2619.752921,1.0,3563.07,2675.63,887.44,0.0,0.666667,0.666667,0,69,4500.0,1227.952887,688.645056,0.0,12,1
1502,632.679411,1.0,1363.79,800.0,563.79,0.0,0.083333,0.666667,0,16,6000.0,2432.980638,219.177144,0.0,12,1
1503,3145.204423,1.0,3613.83,2752.76,861.07,0.0,0.416667,0.5,0,19,5700.0,1241.075833,1015.020218,0.0,12,1
1511,1229.938869,1.0,699.96,412.47,287.49,0.0,0.166667,0.166667,0,9,2250.0,1333.446631,240.345071,0.0,12,1
1519,211.84382,0.636364,2176.55,1043.31,1133.24,0.0,0.5,0.5,0,45,8000.0,1826.642642,166.132353,0.285714,12,1
1522,8281.348085,1.0,4231.12,3101.11,1130.01,0.0,1.0,0.583333,0,43,10500.0,2856.165405,2046.341231,0.0,12,1
1523,100.904785,1.0,1281.44,1202.44,79.0,0.0,1.0,0.166667,0,31,12000.0,1271.161266,184.798996,0.916667,12,1
1524,140.741786,1.0,1547.68,1459.59,88.09,0.0,1.0,0.416667,0,27,7500.0,1157.317558,151.597832,0.875,12,1
1533,1579.158781,1.0,4175.25,2095.35,2079.9,0.0,0.166667,0.916667,0,50,8000.0,1980.952607,406.75838,0.0,12,1
1550,2945.285382,1.0,185.98,55.0,130.98,0.0,0.083333,0.333333,0,9,3000.0,1009.97564,1102.79511,0.0,12,1
1552,1209.733106,1.0,1298.56,169.9,1128.66,0.0,0.083333,1.0,0,47,1200.0,1558.812198,1543.178369,0.0,12,1
1555,1247.384513,1.0,405.5,138.5,267.0,0.0,0.166667,0.416667,0,12,6500.0,1131.607754,291.293418,0.0,12,1
1559,498.355964,1.0,2434.7,931.7,1503.0,0.0,0.416667,1.0,0,27,4500.0,4242.383449,245.295678,0.25,12,1
1566,83.004246,1.0,726.89,482.51,244.38,0.0,0.583333,0.666667,0,23,3000.0,666.292539,179.204296,0.166667,12,1
1567,197.02206,1.0,3824.78,1722.51,2102.27,0.0,0.666667,1.0,0,80,3000.0,3458.142743,133.505122,0.833333,12,1
1568,223.818492,1.0,1702.42,725.0,977.42,0.0,0.083333,0.833333,0,12,7300.0,1913.220366,208.079912,0.25,12,1
1572,1050.527038,0.818182,8880.59,2269.45,6611.14,0.0,0.333333,1.0,0,64,8500.0,7713.262155,266.749027,0.0,12,1
1579,2650.518784,1.0,503.0,128.0,375.0,0.0,0.083333,0.416667,0,6,3000.0,1229.096798,1327.177817,0.0,12,1
1582,1229.397644,1.0,11414.48,6754.38,4660.1,0.0,0.916667,1.0,0,176,9000.0,9686.614183,263.250811,0.916667,12,1
1585,8809.504736,1.0,25378.36,20646.07,4732.29,0.0,1.0,1.0,0,136,14500.0,25825.32482,2921.628286,0.0,12,1
1586,82.803156,1.0,756.68,597.35,159.33,0.0,1.0,0.166667,0,14,4000.0,699.109729,177.91561,1.0,12,1
1588,171.616134,1.0,4996.17,4726.17,270.0,0.0,0.75,0.166667,0,35,4500.0,4736.750346,86.731068,0.666667,12,1
1593,70.457831,0.818182,1146.59,650.78,495.81,0.0,0.166667,0.5,0,14,4500.0,904.796957,82.491959,0.5,12,1
1594,1160.206649,0.9,1600.0,1400.0,200.0,0.0,0.1,0.1,0,5,2000.0,876.757279,474.632979,0.0,10,1
1595,4060.966003,1.0,823.1,407.0,416.1,0.0,0.166667,0.333333,0,13,11500.0,3347.328701,1220.529171,0.0,12,1
1601,1191.662907,1.0,979.92,849.92,130.0,0.0,0.416667,0.416667,0,18,4350.0,278.328435,470.064242,0.0,12,1
1603,705.232653,1.0,1902.4,1669.8,232.6,0.0,1.0,0.833333,0,29,900.0,1941.959847,618.228223,0.0,12,1
1604,3391.70218,1.0,38902.71,33803.84,5098.87,0.0,1.0,1.0,0,195,18000.0,35843.62593,716.027656,1.0,12,1
1610,2763.049499,1.0,1921.85,1715.55,206.3,0.0,0.5,0.666667,0,20,3050.0,1614.5512,2228.715586,0.0,12,1
1615,1034.555485,1.0,5787.66,5093.0,694.66,0.0,0.666667,0.75,0,63,2700.0,5651.220766,263.619684,0.583333,12,1
1616,502.653982,1.0,4748.5,1845.75,2902.75,0.0,1.0,1.0,0,82,12000.0,4517.823754,205.244926,0.583333,12,1
1617,1216.570617,1.0,5140.49,4882.68,257.81,0.0,0.75,0.5,0,57,4500.0,5671.221416,366.088817,0.0,12,1
1634,49.416158,0.727273,590.0,350.0,240.0,0.0,0.083333,0.5,0,7,6000.0,836.812414,127.768461,1.0,12,1
1638,314.507915,0.727273,3492.21,3195.21,297.0,0.0,0.583333,0.166667,0,13,8500.0,4089.583027,152.410485,0.833333,12,1
1639,2150.212841,1.0,4096.08,3238.27,857.81,0.0,0.666667,0.833333,0,45,8500.0,587.669772,503.201988,0.0,12,1
1641,3454.094319,1.0,31299.35,19064.3,12235.05,0.0,0.666667,0.833333,0,121,7500.0,22542.58705,1193.03103,0.583333,12,1
1644,188.424847,1.0,1576.35,1063.85,512.5,0.0,0.833333,0.333333,0,20,6500.0,1271.233538,176.001997,0.25,12,1
1645,1250.885289,1.0,892.19,363.85,528.34,0.0,0.083333,0.416667,0,6,1800.0,461.638318,296.027848,0.0,12,1
1647,3272.586986,1.0,1146.57,991.58,154.99,0.0,1.0,0.5,0,20,12000.0,1132.705302,762.149727,0.0,12,1
1649,246.864346,1.0,2995.55,2301.11,694.44,0.0,0.75,1.0,0,35,6000.0,2734.138816,181.027921,0.916667,12,1
1650,2004.914139,1.0,3628.29,1937.35,1690.94,0.0,0.916667,1.0,0,73,11500.0,1718.220924,551.63308,0.0,12,1
1655,8953.743398,1.0,254.85,83.97,170.88,0.0,0.083333,0.25,0,5,12000.0,2105.588422,3520.422846,0.0,12,1
1664,104.57287,1.0,937.56,630.0,307.56,0.0,0.083333,0.666667,0,13,6000.0,870.874657,179.369855,0.583333,12,1
1667,7533.854422,1.0,5253.06,3096.1,2156.96,0.0,0.833333,0.75,0,78,20500.0,1790.394949,1727.487481,0.0,12,1
1669,165.808096,0.714286,981.19,823.39,157.8,0.0,0.571429,0.285714,0,16,9000.0,672.446893,105.350665,0.25,7,1
1670,5329.544052,1.0,1651.64,1088.79,562.85,0.0,0.166667,0.416667,0,18,5500.0,1587.462442,2098.664454,0.0,12,1
1672,99.912238,1.0,730.2,165.0,565.2,0.0,0.142857,0.857143,0,13,1000.0,463.326909,101.919615,0.5,7,1
1674,287.099648,0.818182,2693.64,640.5,2053.14,0.0,0.25,0.75,0,33,9000.0,2258.647459,190.21182,0.125,12,1
1678,262.723622,0.818182,2365.07,2125.07,240.0,0.0,0.5,0.416667,0,26,9000.0,3095.831769,177.879065,0.636364,12,1
1681,433.677841,1.0,1391.89,1088.83,303.06,0.0,0.833333,0.333333,0,19,7000.0,2312.220888,178.06847,0.25,12,1
1685,117.617134,1.0,1081.23,100.0,981.23,0.0,0.083333,0.833333,0,29,2100.0,1024.806886,173.322076,1.0,12,1
1691,51.923357,0.3,835.31,250.0,585.31,0.0,0.1,0.4,0,13,7000.0,832.140348,70.583398,0.25,10,1
1697,11670.17985,1.0,4872.6,0.0,4872.6,0.0,0.0,1.0,0,52,11500.0,5031.032515,9627.891511,0.0,12,1
1702,2391.214539,1.0,4186.49,3313.0,873.49,0.0,0.916667,0.916667,0,50,4000.0,2710.98198,561.918093,0.0,12,1
1703,2270.950105,1.0,1403.42,77.0,1326.42,0.0,0.083333,0.916667,0,12,8500.0,830.130725,582.489074,0.0,12,1
1704,5193.415429,1.0,3584.8,2204.52,1380.28,0.0,1.0,1.0,0,52,15500.0,1734.349114,1322.868997,0.0,12,1
1707,279.253475,1.0,3243.86,3002.52,241.34,0.0,0.666667,0.916667,0,33,8500.0,3105.312146,192.561842,1.0,12,1
1708,2369.91046,1.0,916.22,716.4,199.82,0.0,1.0,0.083333,0,26,6500.0,795.94344,752.616787,0.0,12,1
1709,1917.441126,0.909091,12617.19,76.19,12541.0,0.0,0.166667,0.166667,0,5,15000.0,13733.55783,336.823302,0.428571,12,1
1715,154.439292,1.0,1047.94,440.0,607.94,0.0,0.083333,0.583333,0,17,6000.0,1032.089965,173.484575,0.333333,12,1
1719,161.792222,1.0,2883.58,1933.56,950.02,0.0,1.0,0.166667,0,20,2000.0,3051.442623,185.380301,0.75,12,1
1727,314.675322,1.0,1310.9,838.76,472.14,0.0,0.916667,1.0,0,35,10000.0,1425.2566,203.356235,0.0,12,1
1728,467.244925,1.0,4001.7,1769.36,2232.34,0.0,0.583333,1.0,0,109,16000.0,2259.241805,183.138427,0.181818,12,1
1734,103.629108,1.0,1106.62,866.22,240.4,0.0,0.416667,1.0,0,25,6000.0,1343.893653,159.496615,0.545455,12,1
1738,555.131027,1.0,1586.45,1111.6,474.85,0.0,0.416667,1.0,0,51,5500.0,3219.285764,244.624549,0.416667,12,1
1742,340.082231,1.0,3177.21,430.0,2747.21,0.0,0.083333,0.666667,0,19,7500.0,2658.629277,141.256176,0.333333,12,1
1744,108.548004,1.0,1099.19,885.97,213.22,0.0,0.583333,0.916667,0,25,4000.0,1181.316469,174.477061,0.583333,12,1
1745,601.68828,0.8,1358.2,468.33,889.87,0.0,0.2,0.7,0,26,1500.0,310.912113,157.872552,0.0,10,1
1747,306.90901,1.0,2768.93,1281.14,1487.79,0.0,0.25,0.916667,0,23,10500.0,2605.175646,174.261548,0.5,12,1
1753,354.527499,1.0,3751.42,1201.42,2550.0,0.0,0.416667,1.0,0,62,9000.0,4001.942901,167.998751,1.0,12,1
1754,912.36003,1.0,10709.17,9689.36,1019.81,0.0,1.0,1.0,0,49,15000.0,11381.63396,299.249818,1.0,12,1
1763,1547.714145,1.0,2476.31,804.4,1671.91,0.0,0.416667,1.0,0,82,3500.0,4061.48987,333.50034,0.0,12,1
1764,144.346693,1.0,1976.32,859.79,1116.53,0.0,0.25,0.916667,0,28,4500.0,1828.116915,166.497851,0.583333,12,1
1765,1377.812538,1.0,14300.98,10394.67,3906.31,0.0,0.916667,0.916667,0,55,18000.0,13535.67697,352.090849,1.0,12,1
1767,10822.05811,1.0,4850.35,2847.8,2002.55,0.0,0.916667,1.0,0,208,15500.0,2740.09442,2621.071099,0.0,12,1
1768,1238.932482,1.0,280.09,69.0,211.09,0.0,0.083333,0.916667,0,12,1500.0,1575.457164,6422.472544,0.0,12,1
1771,1592.48626,1.0,1449.48,460.0,989.48,0.0,0.333333,1.0,0,19,10500.0,1695.90191,419.784527,0.0,12,1
1772,9502.256762,1.0,2776.09,1424.05,1352.04,0.0,0.583333,0.916667,0,36,10500.0,4177.324826,4264.641552,0.0,12,1
1775,2286.9003,0.909091,4536.48,3275.0,1261.48,0.0,0.333333,1.0,0,37,4000.0,5981.014712,1542.926815,0.0,12,1
1782,80.55139,0.909091,2132.7,914.0,1218.7,0.0,1.0,1.0,0,38,10000.0,1731.530778,129.508802,0.545455,12,1
1784,6224.464489,1.0,4439.11,3884.1,555.01,0.0,0.5,0.75,0,59,6500.0,2546.344149,4299.471274,0.0,12,1
1791,291.991838,1.0,2971.56,1671.6,1299.96,0.0,0.333333,0.833333,0,31,13500.0,2238.594868,171.648662,1.0,12,1
1792,2929.747983,1.0,376.04,222.0,154.04,0.0,0.083333,0.5,0,8,3000.0,1037.958748,1405.916655,0.0,12,1
1796,1020.292184,1.0,1788.1,921.1,867.0,0.0,0.25,0.833333,0,22,1500.0,492.184722,745.734369,0.0,12,1
1797,4751.924842,1.0,1394.93,576.13,818.8,0.0,0.333333,1.0,0,37,5000.0,2635.439016,4247.46441,0.0,12,1
1806,102.228073,1.0,1074.29,249.21,825.08,0.0,0.166667,1.0,0,21,5000.0,1075.317643,188.241729,0.083333,12,1
1814,102.832194,1.0,1067.85,669.21,398.64,0.0,0.583333,1.0,0,21,10000.0,1480.49182,147.450493,0.545455,12,1
1815,1628.609633,1.0,1340.83,695.04,645.79,0.0,0.416667,0.5,0,28,2000.0,586.263693,1190.488094,0.0,12,1
1820,2447.783112,1.0,431.96,290.0,141.96,0.0,0.166667,0.416667,0,9,2500.0,740.165746,1096.264703,0.0,12,1
1821,94.280326,1.0,846.06,312.4,533.66,0.0,0.166667,0.916667,0,21,9000.0,922.71497,171.595701,0.75,12,1
1823,396.667584,1.0,2559.41,2469.41,90.0,0.0,0.333333,0.166667,0,8,4000.0,827.889811,188.185292,0.0,12,1
1824,5036.762745,1.0,3393.73,1702.72,1691.01,0.0,0.833333,1.0,0,71,10000.0,1331.175753,1206.79054,0.0,12,1
1827,4624.411724,1.0,2537.67,1774.91,762.76,0.0,0.75,0.666667,0,39,7000.0,1045.881353,1194.290831,0.0,12,1
1834,112.87035,0.818182,918.6,603.6,315.0,0.0,0.416667,0.583333,0,17,7500.0,1129.696171,177.258588,1.0,12,1
1836,1274.142457,1.0,5219.95,2568.35,2651.6,0.0,0.833333,1.0,0,66,7500.0,3984.42893,3453.797867,0.0,12,1
1842,3817.693096,1.0,4974.27,3825.87,1148.4,0.0,0.25,1.0,0,33,5000.0,6752.531183,1468.156345,0.0,12,1
1844,1276.941373,1.0,2196.54,1037.8,1158.74,0.0,0.333333,1.0,0,44,1000.0,1410.009813,3446.470208,0.0,12,1
1847,78.910866,0.909091,828.14,301.0,527.14,0.0,0.333333,0.166667,0,9,2600.0,903.603701,519.561892,0.285714,12,1
1855,693.643988,1.0,358.91,152.0,206.91,0.0,0.25,1.0,0,39,5000.0,338.79121,170.609681,0.0,12,1
1871,177.556406,0.818182,2228.35,1600.99,627.36,0.0,0.666667,0.583333,0,29,12000.0,1842.340524,110.44378,0.454545,12,1
1875,911.298036,1.0,954.15,425.35,528.8,0.0,0.25,0.666667,0,12,1200.0,283.608489,282.489805,0.0,12,1
1880,1265.781431,1.0,1585.79,1257.32,328.47,0.0,0.416667,1.0,0,22,3000.0,338.977714,399.110239,0.0,12,1
1884,311.121985,1.0,744.09,689.09,55.0,0.0,1.0,0.166667,0,19,7500.0,652.002188,171.056157,0.0,12,1
1885,3310.573808,1.0,717.14,649.14,68.0,0.0,0.333333,0.083333,0,7,12500.0,1372.959063,775.796181,0.0,12,1
1888,365.005559,1.0,421.04,341.0,80.04,0.0,0.083333,0.333333,0,6,4000.0,1386.413639,110.535797,0.0,12,1
1893,2205.471982,1.0,3278.42,1640.05,1638.37,0.0,0.666667,1.0,0,147,6000.0,2726.198575,966.350823,0.0,12,1
1898,117.063942,0.909091,1035.05,64.9,970.15,0.0,0.083333,0.666667,0,10,3000.0,1336.493092,154.164663,0.777778,12,1
1902,2623.967336,1.0,3005.89,2438.85,567.04,0.0,0.75,0.75,0,40,5500.0,1245.201203,679.379333,0.0,12,1
1906,206.376314,1.0,1886.21,1230.31,655.9,0.0,1.0,1.0,0,65,3000.0,2089.598011,170.955794,0.083333,12,1
1908,102.055178,0.727273,999.19,586.29,412.9,0.0,0.25,0.416667,0,16,7500.0,2181.215224,148.095996,0.875,12,1
1910,1046.787477,1.0,517.08,282.6,234.48,0.0,0.333333,0.583333,0,13,1200.0,477.482016,345.156866,0.0,12,1
1911,869.091492,1.0,438.22,263.5,174.72,0.0,0.25,0.166667,0,6,3000.0,336.521212,381.780101,0.0,12,1
1912,5292.905315,1.0,5539.68,2603.79,2935.89,0.0,0.916667,1.0,0,273,6000.0,3597.677582,3838.484817,0.0,12,1
1914,127.240494,1.0,760.36,89.0,671.36,0.0,0.083333,1.0,0,17,2500.0,371.387459,176.24916,0.090909,12,1
1918,1941.539209,1.0,1366.74,95.94,1270.8,0.0,0.083333,1.0,0,20,6300.0,495.133413,500.750411,0.0,12,1
1929,332.888212,1.0,419.56,74.0,345.56,0.0,0.25,0.916667,0,26,3000.0,473.166128,193.267629,0.0,12,1
1946,1009.062757,1.0,702.4,265.6,436.8,0.0,0.25,1.0,0,28,7500.0,1184.723606,245.887258,0.0,12,1
1948,151.006318,1.0,1455.97,412.69,1043.28,0.0,0.333333,0.833333,0,39,1800.0,1380.904206,156.994712,0.363636,12,1
1952,2919.796228,1.0,217.9,118.9,99.0,0.0,0.083333,1.0,0,25,7500.0,832.687649,764.627545,0.0,12,1
1953,1925.094714,1.0,5189.51,3609.24,1580.27,0.0,1.0,0.833333,0,102,7500.0,5851.06442,492.87619,0.0,12,1
1956,124.285688,1.0,662.4,108.71,553.69,0.0,0.222222,0.888889,0,23,1000.0,367.258695,134.119873,0.428571,9,1
1959,5715.854635,1.0,2173.99,1556.19,617.8,0.0,0.583333,0.5,0,33,8500.0,1828.965006,1313.883915,0.0,12,1
1960,274.038592,1.0,286.19,58.0,228.19,0.0,0.083333,0.416667,0,7,1700.0,911.371697,179.244755,0.0,12,1
1961,3476.603507,1.0,9683.28,7253.28,2430.0,0.0,0.5,0.25,0,15,12500.0,6084.947427,722.986478,0.0,12,1
1973,2023.72438,1.0,1103.86,253.99,849.87,0.0,0.25,1.0,0,34,6500.0,667.73252,537.415298,0.0,12,1
1975,107.801738,1.0,922.64,876.3,46.34,0.0,1.0,0.083333,0,16,9500.0,912.762084,168.173968,0.181818,12,1
1977,49.869884,1.0,363.52,124.51,239.01,0.0,0.166667,0.666667,0,11,9100.0,383.100848,175.869439,0.181818,12,1
1979,360.774263,1.0,2437.8,1788.3,649.5,0.0,1.0,0.5,0,30,7500.0,2204.789548,186.937922,0.083333,12,1
1982,216.685655,0.545455,921.18,469.78,451.4,0.0,0.166667,0.166667,0,9,4500.0,892.146005,69.378949,0.0,12,1
1986,610.678403,0.909091,3724.25,3301.53,422.72,72.477223,0.833333,1.0,1,39,4000.0,6486.900601,173.296445,0.2,12,1
1989,1046.273731,1.0,420.89,45.65,375.24,0.0,0.083333,1.0,0,13,1000.0,616.193938,8289.636536,0.0,12,1
1991,1513.075264,1.0,15704.04,12618.86,3085.18,0.0,0.916667,0.916667,0,185,3000.0,14399.70318,310.712671,0.916667,12,1
2004,1418.215497,1.0,1003.95,408.83,595.12,0.0,0.166667,0.5,0,15,11000.0,2218.323066,454.602396,0.0,12,1
2009,497.726827,1.0,1234.5,653.0,581.5,0.0,0.333333,0.416667,0,14,3000.0,206.102367,382.086744,0.0,12,1
2011,996.619846,0.727273,581.8,520.0,61.8,0.0,0.083333,0.166667,0,3,8500.0,2088.919798,238.591204,0.0,12,1
2012,498.761608,1.0,1159.15,119.0,1040.15,0.0,0.083333,1.0,0,28,4750.0,5978.807577,583.437092,0.083333,12,1
2013,2551.023341,1.0,485.6,303.6,182.0,0.0,0.083333,0.25,0,7,4500.0,478.461522,825.271126,0.0,12,1
2015,5919.198579,1.0,9321.13,4678.79,4642.34,0.0,1.0,1.0,0,171,15000.0,7303.897866,1395.715133,0.0,12,1
2024,595.655746,1.0,6562.24,4892.43,1669.81,0.0,1.0,1.0,0,114,8000.0,6240.58958,219.062841,1.0,12,1
2025,3006.594256,1.0,9362.96,5098.75,4264.21,0.0,0.916667,1.0,0,103,7500.0,7079.1781,645.403234,0.0,12,1
2030,556.43723,0.636364,403.3,303.1,100.2,0.0,0.416667,0.333333,0,14,7500.0,1318.460544,129.682608,0.0,12,1
2033,101.176482,1.0,807.66,325.0,482.66,0.0,0.166667,0.666667,0,11,16000.0,699.466354,167.403184,0.583333,12,1
2051,7842.784061,1.0,5930.99,3862.79,2068.2,0.0,0.916667,1.0,0,168,11500.0,12493.77894,1780.353532,0.0,12,1
2053,3474.972612,1.0,324.18,293.0,31.18,0.0,0.166667,0.25,0,6,9500.0,950.735955,867.128283,0.0,12,1
2054,2928.480007,1.0,5747.76,4021.77,1725.99,0.0,0.583333,1.0,0,81,8000.0,4901.164291,788.689176,0.0,12,1
2055,3433.295973,1.0,4342.07,4247.87,94.2,0.0,0.666667,0.166667,0,20,11000.0,3903.861413,806.9871,0.0,12,1
2057,1262.645703,1.0,329.9,257.0,72.9,0.0,0.166667,0.166667,0,6,1800.0,905.863527,271.464874,0.0,12,1
2059,1051.484848,1.0,3805.44,2715.52,1089.92,0.0,0.416667,1.0,0,24,1500.0,3818.15076,941.610478,0.0,12,1
2067,137.636267,1.0,1567.25,60.2,1507.05,0.0,0.083333,1.0,0,232,7000.0,1541.979811,190.253479,1.0,12,1
2071,876.366489,1.0,4537.12,4285.11,252.01,0.0,0.75,0.833333,0,56,2500.0,2689.043472,350.182281,0.333333,12,1
2077,2986.422406,1.0,5132.08,4664.84,467.24,0.0,1.0,0.583333,0,66,10000.0,11454.46623,910.850489,0.0,12,1
2081,1998.339616,1.0,2238.0,1170.0,1068.0,0.0,0.583333,0.416667,0,22,6500.0,1985.047114,464.932133,0.0,12,1
2082,2048.573881,1.0,3111.44,1671.09,1440.35,0.0,0.5,1.0,0,50,6000.0,1648.50704,685.226291,0.0,12,1
2084,1109.911791,1.0,3150.0,2430.0,720.0,0.0,0.083333,1.0,0,14,2500.0,2694.972436,431.443631,0.083333,12,1
2088,10599.4423,1.0,4029.24,2926.43,1102.81,0.0,1.0,1.0,0,102,12500.0,2343.311066,2351.640064,0.0,12,1
2094,120.220573,1.0,1348.08,230.43,1117.65,0.0,0.583333,1.0,0,50,12000.0,1196.209266,183.557875,0.75,12,1
2102,41.936627,0.545455,717.92,122.86,595.06,0.0,0.166667,0.416667,0,10,13000.0,628.811269,92.899006,0.4,12,1
2103,1346.309166,1.0,652.13,567.76,84.37,0.0,0.416667,0.083333,0,10,6000.0,385.145146,275.434078,0.0,12,1
2107,84.067421,1.0,852.26,265.92,586.34,0.0,1.0,0.25,0,20,18500.0,643.541055,181.197901,0.916667,12,1
2109,231.995439,1.0,2310.21,1660.51,649.7,0.0,1.0,0.916667,0,67,3000.0,1871.658725,173.610118,0.727273,12,1
2110,430.282584,1.0,888.85,278.63,610.22,0.0,0.166667,1.0,0,27,3500.0,1134.356357,185.277576,0.5,12,1
2112,916.200655,1.0,1827.62,1408.82,418.8,0.0,0.5,0.666667,0,34,1200.0,1731.206869,253.774892,0.0,12,1
2115,740.826233,1.0,2055.13,302.05,1753.08,0.0,0.916667,1.0,0,74,7500.0,1631.166246,217.082846,0.0,12,1
2116,120.984184,1.0,1122.17,802.77,319.4,0.0,1.0,0.333333,0,29,6000.0,1138.136359,162.528519,0.636364,12,1
2124,2508.405988,1.0,875.05,509.9,365.15,0.0,0.5,1.0,0,29,2600.0,1261.11301,1209.124265,0.0,12,1
2125,208.362536,1.0,2252.77,238.0,2014.77,0.0,0.333333,1.0,0,30,10000.0,2018.393951,178.930636,0.833333,12,1
2126,33.528505,0.818182,477.5,193.5,284.0,0.0,0.166667,0.333333,0,17,3000.0,591.867645,157.374987,0.625,12,1
2129,312.636004,1.0,3866.29,808.12,3058.17,0.0,1.0,1.0,0,95,7500.0,3688.890803,190.88614,0.75,12,1
2132,309.150506,1.0,3157.86,1178.02,1979.84,0.0,0.916667,1.0,0,31,7000.0,3291.320691,170.010384,0.833333,12,1
2136,146.756706,1.0,1664.95,64.17,1600.78,0.0,0.166667,1.0,0,55,4000.0,1458.490552,188.635203,0.75,12,1
2138,1571.382204,1.0,1849.26,1616.76,232.5,0.0,1.0,0.5,0,19,7000.0,1522.895942,414.775083,0.0,12,1
2140,3932.482783,1.0,1674.11,649.0,1025.11,0.0,0.333333,1.0,0,43,11500.0,1166.117797,954.24196,0.0,12,1
2157,1502.926021,1.0,2635.9,2116.92,518.98,0.0,0.75,0.75,0,54,4500.0,951.372467,293.129375,0.0,12,1
2158,951.061932,1.0,1699.87,1262.04,437.83,0.0,0.666667,0.75,0,31,1800.0,2096.121508,306.046439,0.083333,12,1
2161,1297.153644,1.0,839.14,419.88,419.26,0.0,0.333333,0.666667,0,16,6000.0,362.337779,295.29696,0.0,12,1
2164,1094.300448,1.0,1967.86,558.69,1409.17,0.0,0.5,1.0,0,140,11500.0,1413.122627,387.054045,0.0,12,1
2175,97.000375,1.0,552.09,95.0,457.09,0.0,0.083333,0.833333,0,13,12000.0,601.430928,188.896158,0.083333,12,1
2177,238.962984,1.0,2402.64,537.21,1865.43,0.0,1.0,1.0,0,48,8500.0,2022.102581,182.612129,1.0,12,1
2182,4623.886448,1.0,883.94,741.44,142.5,0.0,1.0,0.25,0,15,6000.0,2790.54214,1419.287973,0.0,12,1
2185,3086.75297,1.0,1015.91,293.41,722.5,0.0,0.333333,0.833333,0,23,10500.0,938.131271,807.263772,0.0,12,1
2187,390.55064,1.0,1261.99,1141.99,120.0,0.0,0.416667,0.416667,0,16,3000.0,18.496532,1151.777196,0.0,12,1
2188,250.060059,1.0,2405.97,2182.22,223.75,0.0,0.916667,0.416667,0,36,10000.0,2105.342196,188.130216,0.916667,12,1
2203,1781.739723,1.0,2289.92,1584.4,705.52,0.0,0.583333,0.416667,0,37,10500.0,2065.553347,446.67084,0.0,12,1
2205,4068.162699,1.0,3387.47,1938.13,1449.34,0.0,1.0,1.0,0,86,8500.0,1312.481879,1245.153414,0.0,12,1
2217,288.978275,0.909091,2555.91,694.89,1861.02,0.0,0.363636,0.727273,0,20,5000.0,12020.18009,159.547502,1.0,11,1
2218,331.686553,1.0,2289.42,1227.08,1062.34,0.0,1.0,0.666667,0,37,9500.0,2184.371316,188.333341,0.0,12,1
2220,1928.971964,1.0,2061.55,369.55,1692.0,0.0,1.0,1.0,0,30,8500.0,2200.93868,450.459621,0.0,12,1
2225,313.87913,1.0,2746.84,2170.0,576.84,0.0,0.916667,0.916667,0,59,2500.0,2562.579256,193.157628,0.25,12,1
2230,69.141919,1.0,872.94,137.3,735.64,0.0,0.333333,0.916667,0,24,10000.0,721.050386,167.657169,0.6,12,1
2236,1475.871356,1.0,826.77,664.21,162.56,0.0,1.0,0.333333,0,18,1500.0,1182.627097,1332.067827,0.0,12,1
2238,105.642966,0.818182,916.46,527.78,388.68,0.0,0.416667,0.333333,0,12,10500.0,2243.559789,164.15189,0.444444,12,1
2241,107.452196,1.0,1196.35,945.79,250.56,0.0,1.0,0.5,0,37,5500.0,1597.772035,174.857103,0.5,12,1
2251,21.311946,0.727273,3618.19,2804.79,813.4,0.0,1.0,0.5,0,40,15000.0,3570.597218,53.62807,1.0,12,1
2252,462.916347,1.0,270.97,107.15,163.82,0.0,0.333333,0.25,0,7,10000.0,1293.523382,181.597864,0.083333,12,1
2253,1281.276331,1.0,792.14,703.58,88.56,0.0,0.5,0.75,0,18,1500.0,397.388693,706.199917,0.0,12,1
2255,2463.60548,1.0,654.0,300.0,354.0,0.0,0.166667,1.0,0,17,2400.0,1149.733036,3175.27696,0.0,12,1
2257,1563.48528,1.0,1910.13,1852.06,58.07,0.0,0.916667,0.166667,0,35,13000.0,5142.624134,425.204466,0.111111,12,1
2259,598.423093,1.0,5835.57,3974.7,1860.87,0.0,0.833333,0.75,0,53,9000.0,6083.426724,204.763572,0.916667,12,1
2261,847.191896,1.0,11507.4,5904.78,5602.62,0.0,1.0,1.0,0,148,10500.0,10414.467,258.364994,0.833333,12,1
2265,776.255666,1.0,6842.23,4938.13,1904.1,0.0,1.0,1.0,0,112,3500.0,5588.683151,280.509038,0.5,12,1
2272,137.909416,1.0,897.42,684.12,213.3,0.0,0.916667,0.583333,0,27,7000.0,965.182597,191.931603,0.083333,12,1
2285,936.041324,1.0,1141.24,999.08,142.16,0.0,0.166667,0.583333,0,12,1200.0,1225.983876,2595.332901,0.0,12,1
2286,527.761784,1.0,2702.57,1942.77,759.8,0.0,0.5,0.75,0,32,3000.0,1942.140315,188.998017,0.083333,12,1
2291,248.200613,1.0,2329.12,1567.22,761.9,0.0,0.916667,0.583333,0,31,5500.0,812.097275,231.774034,0.166667,12,1
2301,447.808002,1.0,1593.29,214.2,1379.09,0.0,0.25,0.916667,0,36,7000.0,1660.750541,188.340279,0.0,12,1
2309,4920.036231,1.0,1562.43,249.24,1313.19,0.0,0.25,1.0,0,42,13000.0,1851.996908,1178.476722,0.0,12,1
2310,4071.792166,1.0,1721.66,551.17,1170.49,0.0,0.5,1.0,0,27,10000.0,1065.894938,1173.307383,0.0,12,1
2311,1138.534442,1.0,8665.38,6120.4,2544.98,0.0,1.0,1.0,0,104,9500.0,8216.880805,240.601287,0.166667,12,1
2314,299.464702,1.0,1439.49,593.0,846.49,0.0,0.166667,1.0,0,31,6000.0,1323.74446,200.986504,0.0,12,1
2317,74.34204,1.0,724.52,200.0,524.52,0.0,0.083333,1.0,0,13,4000.0,529.362717,189.362616,0.916667,12,1
2327,1095.041551,1.0,1132.36,377.44,754.92,0.0,0.333333,1.0,0,43,2500.0,410.973222,405.230106,0.0,12,1
2332,4395.237251,1.0,2514.3,985.11,1529.19,0.0,0.666667,1.0,0,32,5000.0,2095.014385,1960.982734,0.0,12,1
2341,3338.863375,1.0,775.0,365.0,410.0,0.0,0.166667,0.416667,0,8,8500.0,920.748289,784.929199,0.0,12,1
2345,5925.120611,1.0,1763.89,258.43,1505.46,0.0,0.25,1.0,0,195,6500.0,2557.841292,2268.544117,0.0,12,1
2354,3778.609797,1.0,878.29,631.27,247.02,0.0,0.5,0.25,0,13,8500.0,883.744982,858.064557,0.0,12,1
2359,906.107168,1.0,2354.06,215.87,2138.19,0.0,0.333333,1.0,0,51,4000.0,2230.320729,224.547489,0.0,12,1
2362,205.123752,1.0,2066.08,1245.3,820.78,0.0,1.0,1.0,0,41,7500.0,2597.718416,201.214315,0.916667,12,1
2363,788.257316,1.0,9113.78,6138.57,2975.21,0.0,1.0,1.0,0,128,12000.0,7035.994095,243.938058,1.0,12,1
2367,372.924756,0.909091,462.7,162.7,300.0,0.0,0.083333,0.416667,0,7,1800.0,1193.383862,114.183944,0.181818,12,1
2369,2092.855291,1.0,1624.05,1205.75,418.3,0.0,0.25,0.333333,0,13,8500.0,3794.796448,559.169569,0.083333,12,1
2373,7803.470739,1.0,7184.73,6519.19,665.54,0.0,0.583333,0.916667,0,78,11500.0,2250.502094,3745.116848,0.0,12,1
2376,152.227891,1.0,946.0,536.0,410.0,0.0,0.25,0.416667,0,18,6500.0,804.255916,169.229664,0.2,12,1
2384,320.35306,1.0,2542.61,696.08,1846.53,0.0,0.583333,1.0,0,27,7500.0,3158.530331,192.272514,0.5,12,1
2395,495.069704,1.0,2610.3,902.6,1707.7,0.0,0.416667,1.0,0,34,8500.0,2217.869091,219.629629,0.25,12,1
2398,608.752081,1.0,5446.88,3466.22,1980.66,0.0,0.25,0.916667,0,45,9500.0,5623.305898,233.917424,1.0,12,1
2400,4005.344926,1.0,9134.26,2002.9,7131.36,0.0,0.25,1.0,0,65,10500.0,3579.298838,1148.902535,0.0,12,1
2406,397.003171,1.0,3042.08,1419.07,1623.01,0.0,1.0,1.0,0,98,8500.0,2764.893686,246.737259,0.333333,12,1
2410,1176.992085,1.0,890.0,400.0,490.0,0.0,0.083333,0.416667,0,7,3000.0,640.607666,289.747401,0.0,12,1
2418,229.540732,1.0,694.91,37.5,657.41,0.0,0.166667,0.833333,0,15,7500.0,1016.090423,189.29217,0.083333,12,1
2421,160.15008,1.0,1639.97,971.97,668.0,0.0,1.0,0.416667,0,20,7000.0,1579.491353,178.416176,0.916667,12,1
2431,451.905949,1.0,4468.71,3870.15,598.56,0.0,1.0,0.416667,0,53,4000.0,4009.961094,184.31048,1.0,12,1
2433,3490.186741,1.0,816.0,638.91,177.09,0.0,0.25,0.5,0,15,11500.0,947.039165,1076.480794,0.0,12,1
2434,1368.99507,1.0,521.31,140.0,381.31,0.0,0.083333,1.0,0,20,3000.0,616.095965,467.239217,0.0,12,1
2440,46.054436,1.0,812.97,598.09,214.88,0.0,0.916667,1.0,0,24,6000.0,1314.537349,191.480116,1.0,12,1
2443,215.213174,1.0,2326.52,136.8,2189.72,0.0,0.166667,1.0,0,75,3500.0,2374.80576,177.683227,0.833333,12,1
2444,96.155647,1.0,1070.73,432.8,637.93,0.0,1.0,0.75,0,27,10000.0,1229.025203,192.197394,1.0,12,1
2445,1101.656754,1.0,1398.21,1243.5,154.71,0.0,0.416667,0.416667,0,16,7000.0,257.24454,346.844936,0.0,12,1
2453,1487.657507,1.0,4115.98,3975.98,140.0,0.0,0.666667,0.25,0,31,5000.0,3922.394684,474.667356,0.083333,12,1
2468,407.177714,0.909091,4236.36,2325.16,1911.2,0.0,0.5,0.75,0,29,18500.0,3746.674803,167.823077,1.0,12,1
2472,3664.282588,1.0,493.34,260.0,233.34,0.0,0.083333,0.416667,0,6,9500.0,1050.91005,821.066878,0.0,12,1
2477,4968.771623,1.0,3441.3,2416.7,1024.6,0.0,0.333333,0.833333,0,26,11500.0,1385.717858,1499.391822,0.0,12,1
2478,1031.936983,0.727273,2308.0,608.0,1700.0,0.0,0.083333,0.333333,0,9,3000.0,245.914697,564.472958,0.0,12,1
2481,1589.449271,1.0,255.75,187.0,68.75,0.0,0.166667,0.166667,0,5,3500.0,599.044421,586.693702,0.0,12,1
2492,705.645246,1.0,1325.21,1017.21,308.0,0.0,0.583333,0.416667,0,14,3000.0,860.265446,227.004657,0.0,12,1
2498,220.938626,1.0,2310.61,1375.61,935.0,0.0,1.0,0.5,0,33,18000.0,2588.893066,190.034881,1.0,12,1
2503,236.507753,1.0,2692.65,2072.32,620.33,0.0,1.0,0.583333,0,45,1500.0,2375.560677,178.352824,1.0,12,1
2506,3312.222433,1.0,3729.7,2169.35,1560.35,0.0,1.0,1.0,0,81,8000.0,4974.329762,931.22828,0.0,12,1
2518,537.491488,1.0,1672.99,972.01,700.98,0.0,0.416667,0.416667,0,25,1600.0,1306.526458,968.817429,0.25,12,1
2522,5115.712849,1.0,4378.8,3195.58,1183.22,0.0,0.333333,0.75,0,19,10000.0,2241.246911,1320.011574,0.0,12,1
2523,984.724235,1.0,10243.48,4316.82,5926.66,0.0,0.333333,1.0,0,56,7500.0,11112.38396,252.899236,1.0,12,1
2524,952.379745,1.0,481.75,431.75,50.0,0.0,0.666667,0.416667,0,20,1200.0,449.280028,273.503587,0.0,12,1
2525,160.681189,0.909091,993.5,896.0,97.5,0.0,0.166667,0.166667,0,9,6500.0,980.963861,140.519148,0.090909,12,1
2527,232.638142,1.0,3161.02,2012.38,1148.64,0.0,0.583333,1.0,0,22,7000.0,2608.402427,156.424862,0.4,12,1
2534,74.254958,1.0,952.16,463.04,489.12,0.0,0.916667,0.583333,0,24,7000.0,913.302873,174.963013,1.0,12,1
2549,93.964086,1.0,815.34,149.04,666.3,0.0,0.25,0.75,0,14,2500.0,361.786239,125.693866,0.3,12,1
2551,680.889818,1.0,2445.24,2253.76,191.48,0.0,1.0,0.333333,0,36,3400.0,2082.619124,192.20043,0.0,12,1
2553,1055.833418,1.0,351.54,61.54,290.0,0.0,0.083333,0.916667,0,13,3000.0,585.022975,251.539573,0.0,12,1
2560,195.575108,1.0,2984.34,2754.92,229.42,0.0,1.0,0.416667,0,28,14500.0,1885.940209,196.257674,1.0,12,1
2567,297.004363,1.0,2729.0,1409.0,1320.0,0.0,0.083333,1.0,0,14,16500.0,1275.398838,177.970856,0.25,12,1
2568,2895.765754,0.909091,2753.35,1960.0,793.35,0.0,0.090909,0.636364,0,8,9000.0,861.251403,906.390801,0.0,11,1
2589,1872.934017,1.0,382.5,310.0,72.5,0.0,0.416667,0.083333,0,7,1950.0,463.938794,1005.849526,0.0,12,1
2600,1965.755378,1.0,889.66,580.09,309.57,0.0,0.583333,1.0,0,34,2500.0,2612.998677,691.369848,0.0,12,1
2623,134.238558,1.0,420.0,287.0,133.0,0.0,0.083333,0.416667,0,7,7500.0,519.436959,190.475641,0.0,12,1
2629,549.915249,1.0,1556.66,912.7,643.96,0.0,1.0,1.0,0,41,11000.0,2285.324243,178.691151,0.0,12,1
2635,2362.643772,1.0,2826.99,1496.59,1330.4,0.0,0.75,1.0,0,97,3000.0,1748.687628,984.331832,0.0,12,1
2636,4164.796859,1.0,784.63,617.54,167.09,0.0,0.454545,0.181818,0,16,9000.0,1072.433416,1311.061985,0.0,11,1
2641,1510.111755,1.0,1895.25,541.57,1353.68,0.0,0.166667,0.75,0,23,9000.0,1711.89518,313.131912,0.0,12,1
2662,2123.483416,1.0,2453.18,2051.52,401.66,0.0,0.5,0.5,0,33,7500.0,517.974559,519.270488,0.0,12,1
2671,4644.779013,1.0,4820.68,4063.61,757.07,0.0,0.75,0.5,0,54,9200.0,1076.138168,1324.445876,0.0,12,1
2672,7418.314012,1.0,901.62,858.82,42.8,0.0,0.166667,0.166667,0,4,14500.0,2273.945099,1696.786737,0.0,12,1
2686,432.793131,1.0,540.13,315.3,224.83,0.0,0.166667,0.5,0,13,6500.0,737.522982,163.94759,0.0,12,1
2687,127.808682,1.0,2802.08,2213.43,588.65,0.0,1.0,0.583333,0,36,6500.0,2384.646953,160.547945,0.363636,12,1
2688,374.276019,1.0,3589.05,3138.48,450.57,0.0,0.833333,0.5,0,31,6000.0,3493.186695,173.108861,0.636364,12,1
2698,2416.555714,1.0,2266.01,1291.62,974.39,0.0,0.75,0.666667,0,46,4000.0,4075.880525,1439.224679,0.0,12,1
2701,127.062095,0.818182,453.3,330.8,122.5,0.0,0.416667,0.166667,0,9,7000.0,593.965783,127.194961,0.166667,12,1
2702,259.623619,1.0,377.79,290.29,87.5,0.0,0.25,0.583333,0,10,1500.0,1575.021839,212.402519,0.0,12,1
2707,276.446975,1.0,1429.39,100.0,1329.39,0.0,0.083333,1.0,0,21,2800.0,1296.041874,193.607553,0.1,12,1
2709,499.409588,1.0,6636.91,6157.74,479.17,109.211535,0.583333,1.0,1,44,8000.0,4290.962037,206.810115,0.8,12,1
2714,35.942931,0.818182,425.67,257.72,167.95,0.0,0.083333,0.166667,0,4,6500.0,439.687694,126.895337,0.0,12,1
2717,511.569448,0.727273,2938.32,1685.35,1252.97,0.0,0.5,0.583333,0,69,7500.0,832.586508,265.118787,0.166667,12,1
2718,5901.592192,1.0,1704.95,1141.55,563.4,0.0,0.25,0.333333,0,9,8000.0,1886.692272,1474.409318,0.0,12,1
2721,1136.796512,1.0,869.38,391.86,477.52,0.0,1.0,0.5,0,23,7000.0,1785.242525,418.490057,0.0,12,1
2724,2065.035103,1.0,1462.6,1262.6,200.0,0.0,0.333333,0.416667,0,17,3500.0,3587.267621,533.024631,0.083333,12,1
2728,5266.121863,1.0,9030.08,6345.65,2684.43,0.0,0.25,0.833333,0,28,6000.0,7973.983573,6567.292367,0.083333,12,1
2732,259.15982,1.0,1971.9,1580.98,390.92,19.395458,0.5,0.5,1,20,1800.0,2170.921218,167.050694,0.166667,12,1
2735,30.530541,0.363636,360.1,192.0,168.1,0.0,0.083333,0.25,0,6,1500.0,872.540799,177.17546,1.0,12,1
2740,810.52348,0.727273,985.33,856.09,129.24,0.0,0.166667,0.166667,0,10,5500.0,5964.049531,502.623056,0.090909,12,1
2750,1141.349418,1.0,6003.86,3474.35,2529.51,0.0,0.916667,1.0,0,110,2500.0,6848.237541,287.30865,0.083333,12,1
2751,766.261051,1.0,1462.73,1100.23,362.5,0.0,0.5,0.416667,0,26,6000.0,202.561336,195.306688,0.0,12,1
2752,155.566852,1.0,1303.78,207.09,1096.69,0.0,0.25,0.916667,0,24,10000.0,1392.740366,176.247286,0.083333,12,1
2757,343.003474,1.0,3429.49,2789.85,639.64,0.0,1.0,0.666667,0,40,10500.0,2700.228732,211.715095,0.416667,12,1
2759,2900.668727,1.0,3056.73,260.68,2796.05,0.0,0.25,1.0,0,54,10000.0,5402.934943,671.845831,0.0,12,1
2760,3569.826878,1.0,3056.06,1994.34,1061.72,0.0,1.0,0.833333,0,50,8500.0,2333.314296,899.222632,0.0,12,1
2765,300.140362,1.0,2366.36,555.0,1811.36,0.0,0.166667,1.0,0,23,4000.0,2324.527168,184.880812,0.666667,12,1
2768,49.901311,0.727273,790.65,538.01,252.64,0.0,0.333333,0.583333,0,17,4000.0,680.166806,145.25185,0.181818,12,1
2776,149.345328,1.0,1424.4,1330.91,93.49,0.0,1.0,0.083333,0,17,5000.0,1214.676732,179.371816,0.75,12,1
2777,1364.390161,1.0,786.0,646.0,140.0,0.0,0.166667,0.416667,0,10,5000.0,599.435586,323.619258,0.0,12,1
2781,95.843629,0.818182,1210.95,201.99,1008.96,0.0,0.25,0.666667,0,21,8000.0,1110.838265,127.360837,0.727273,12,1
2783,6380.474771,1.0,4381.33,2080.87,2300.46,0.0,0.416667,0.5,0,45,11500.0,1297.408037,2129.183138,0.0,12,1
2784,937.052256,1.0,2003.98,455.62,1548.36,0.0,0.166667,1.0,0,49,1200.0,1033.879447,725.200106,0.0,12,1
2786,111.902733,1.0,1554.86,1499.12,55.74,0.0,0.833333,0.083333,0,25,4000.0,1411.67445,128.359788,0.272727,12,1
2791,2124.720599,1.0,1006.01,686.01,320.0,0.0,0.166667,0.166667,0,10,5000.0,583.205075,579.876616,0.0,12,1
2793,801.513783,1.0,1697.02,1217.02,480.0,0.0,1.0,1.0,0,40,5500.0,959.353093,296.563549,0.0,12,1
2801,111.789941,1.0,1157.94,943.94,214.0,0.0,1.0,0.583333,0,22,7000.0,1209.840603,179.358734,0.916667,12,1
2803,169.019496,1.0,4769.98,1164.35,3605.63,0.0,0.583333,1.0,0,56,4500.0,3998.399141,178.551031,1.0,12,1
2806,2486.194077,1.0,2869.17,1761.23,1107.94,0.0,0.5,0.666667,0,41,5500.0,718.693733,596.134475,0.0,12,1
2816,302.142293,1.0,3612.24,3340.05,272.19,0.0,1.0,0.083333,0,35,10500.0,2866.24778,192.523653,1.0,12,1
2822,877.603886,1.0,7786.4,215.0,7571.4,0.0,0.083333,1.0,0,68,6500.0,7328.487542,2494.776569,0.916667,12,1
2823,11642.60156,1.0,15108.47,2370.0,12738.47,0.0,0.5,1.0,0,298,12000.0,16005.45204,11652.56511,0.0,12,1
2834,8214.860286,1.0,5213.41,2396.6,2816.81,0.0,0.833333,0.916667,0,79,15000.0,2137.637765,2046.519248,0.0,12,1
2835,745.72702,0.727273,137.7,35.0,102.7,0.0,0.083333,0.166667,0,3,2000.0,2443.972329,3239.395001,0.0,12,1
2837,438.550144,1.0,3647.61,3403.79,243.82,0.0,1.0,0.916667,0,65,7500.0,3130.109064,172.078686,0.25,12,1
2843,199.753857,1.0,1569.23,940.51,628.72,0.0,0.666667,0.833333,0,42,7500.0,1480.652512,187.544352,0.916667,12,1
2847,101.138672,1.0,1411.82,546.02,865.8,0.0,1.0,0.833333,0,42,3500.0,1357.403057,176.899874,0.75,12,1
2850,67.86054,0.363636,295.64,189.0,106.64,0.0,0.083333,0.666667,0,9,3000.0,374.782336,68.395337,0.0,12,1
2854,4028.756012,1.0,361.07,104.38,256.69,0.0,0.166667,1.0,0,18,4300.0,1279.931508,1537.985,0.0,12,1
2864,1539.46423,1.0,629.78,423.89,205.89,0.0,0.083333,0.166667,0,6,2000.0,559.336578,467.519551,0.0,12,1
2868,234.544023,1.0,2453.46,408.97,2044.49,0.0,0.333333,1.0,0,54,6500.0,2869.929774,199.539528,0.75,12,1
2871,2341.625484,1.0,2153.83,1260.08,893.75,0.0,0.083333,0.916667,0,13,7500.0,774.4989,688.1366,0.0,12,1
2873,1497.869891,1.0,806.64,681.69,124.95,0.0,0.75,0.416667,0,26,1700.0,826.296904,857.418392,0.0,12,1
2876,512.058666,0.818182,921.2,664.73,256.47,0.0,0.166667,0.25,0,7,5500.0,1851.553319,786.58816,0.0,12,1
2885,600.777518,1.0,760.38,269.53,490.85,0.0,0.166667,1.0,0,35,4500.0,829.712416,186.053091,0.0,12,1
2893,162.722336,1.0,222.7,94.7,128.0,0.0,0.166667,0.333333,0,8,4250.0,367.719858,166.661302,0.0,12,1
2899,78.287038,1.0,1045.76,63.2,982.56,0.0,0.083333,1.0,0,25,7000.0,944.999337,133.973858,0.4,12,1
2900,1307.937701,1.0,1280.58,237.4,1043.18,0.0,0.083333,0.833333,0,28,1800.0,544.411381,337.179545,0.0,12,1
2903,807.091888,1.0,1272.53,356.64,915.89,0.0,0.5,1.0,0,66,6000.0,2274.388713,227.352478,0.25,12,1
2905,1290.524209,1.0,1518.26,1024.83,493.43,39.054692,0.333333,0.916667,1,22,1700.0,294.227995,383.572166,0.0,12,1
2907,811.564879,1.0,558.08,492.04,66.04,0.0,0.416667,0.166667,0,12,8500.0,694.594504,201.679842,0.0,12,1
2913,1758.703148,1.0,3955.35,3502.36,452.99,0.0,0.916667,0.166667,0,29,7500.0,3561.755293,395.409663,0.0,12,1
2914,169.062888,1.0,1556.66,209.33,1347.33,0.0,0.083333,0.833333,0,23,1000.0,1234.677121,169.47941,0.25,12,1
2917,241.097264,1.0,790.6,63.9,726.7,0.0,0.083333,1.0,0,42,1500.0,478.948292,168.169675,0.166667,12,1
2920,1687.570137,1.0,162.04,73.04,89.0,0.0,0.083333,0.166667,0,4,1800.0,331.015115,919.874346,0.0,12,1
2931,1534.294061,1.0,6508.72,3342.9,3165.82,0.0,0.25,1.0,0,44,6000.0,4954.001262,379.022468,0.0,12,1
2951,180.230777,0.818182,1653.91,997.1,656.81,0.0,0.666667,0.583333,0,35,11500.0,1785.782313,159.46795,0.555556,12,1
2967,22.720976,0.545455,853.75,123.5,730.25,0.0,0.166667,0.333333,0,8,6000.0,594.205112,45.492655,0.0,12,1
2970,5968.583246,1.0,22381.97,19150.02,3231.95,0.0,1.0,0.583333,0,87,14500.0,20343.28681,1966.191831,0.0,12,1
2972,326.648686,1.0,1086.16,188.0,898.16,0.0,0.166667,1.0,0,17,7000.0,2579.973654,191.872793,0.666667,12,1
2975,1611.720259,1.0,955.59,873.85,81.74,0.0,0.916667,0.083333,0,19,5000.0,703.220116,457.013405,0.0,12,1
2985,1820.216623,1.0,4877.66,2341.16,2536.5,0.0,1.0,1.0,0,154,4500.0,1297.994539,408.293375,0.166667,12,1
2986,212.080181,1.0,618.0,333.0,285.0,0.0,0.083333,0.333333,0,7,6000.0,378.383325,169.341588,0.0,12,1
2988,523.329585,1.0,5819.46,4646.02,1173.44,0.0,1.0,1.0,0,114,6000.0,5279.91437,194.433112,0.916667,12,1
2993,169.850339,1.0,1693.03,39.0,1654.03,0.0,0.083333,0.916667,0,15,4000.0,1382.622524,181.773223,0.454545,12,1
2996,982.165343,1.0,435.72,45.65,390.07,0.0,0.083333,0.5,0,20,2300.0,917.52463,1319.508567,0.0,12,1
2997,233.376877,1.0,1178.12,901.5,276.62,0.0,0.25,1.0,0,28,6000.0,1098.390459,177.323148,0.0,12,1
2998,1201.149593,1.0,851.21,260.45,590.76,0.0,0.25,0.75,0,21,3600.0,978.569968,362.83664,0.0,12,1
3006,3473.463277,1.0,1182.95,718.75,464.2,0.0,0.583333,1.0,0,36,6000.0,955.667752,1243.191013,0.0,12,1
3007,411.894578,1.0,2948.1,2706.59,241.51,0.0,0.916667,0.5,0,22,4000.0,2520.35969,185.983855,0.333333,12,1
3010,449.456201,1.0,3597.02,2833.13,763.89,0.0,1.0,1.0,0,65,2000.0,3901.786339,177.54056,0.25,12,1
3013,177.550964,1.0,2188.88,101.0,2087.88,0.0,0.166667,1.0,0,48,7500.0,2372.21499,188.138313,0.333333,12,1
3015,1088.568358,1.0,436.8,150.0,286.8,0.0,0.166667,1.0,0,16,1000.0,363.125659,1618.005527,0.0,12,1
3017,1289.327381,1.0,892.0,563.0,329.0,0.0,0.25,0.25,0,14,3500.0,655.143647,360.636863,0.0,12,1
3020,1492.035204,1.0,2429.23,1680.7,748.53,0.0,0.166667,1.0,0,44,7000.0,4373.664316,373.988419,0.0,12,1
3021,112.514659,0.6,459.51,274.65,184.86,0.0,0.2,0.3,0,13,1200.0,211.625556,103.297347,0.0,10,1
3030,491.91535,1.0,4527.64,4327.31,200.33,0.0,1.0,0.333333,0,49,2300.0,4139.307545,287.805087,0.090909,12,1
3047,310.666963,1.0,881.87,509.87,372.0,0.0,0.363636,0.272727,0,12,7500.0,274.936052,212.361801,0.0,11,1
3052,74.653975,0.818182,603.6,253.6,350.0,0.0,0.25,0.416667,0,11,2500.0,431.710102,134.295856,0.090909,12,1
3054,668.742738,1.0,951.97,664.83,287.14,0.0,0.083333,0.583333,0,12,1000.0,1362.945215,310.674253,0.083333,12,1
3055,3790.510114,1.0,2626.06,2236.68,389.38,0.0,1.0,1.0,0,62,7500.0,2057.425716,2605.968939,0.0,12,1
3059,1552.53528,1.0,2072.43,1518.4,554.03,0.0,0.5,0.5,0,30,7000.0,2522.068213,389.675365,0.0,12,1
3069,744.112849,1.0,1628.08,626.23,1001.85,0.0,0.666667,0.75,0,27,6000.0,892.732912,263.48702,0.0,12,1
3073,1057.142919,1.0,789.96,739.96,50.0,0.0,1.0,0.166667,0,21,8000.0,1328.926056,216.592529,0.0,12,1
3081,1792.255588,1.0,582.85,482.21,100.64,0.0,0.416667,0.833333,0,25,11500.0,4247.404958,451.556429,0.0,12,1
3088,2600.500163,1.0,1301.9,1169.9,132.0,0.0,0.666667,0.416667,0,21,4500.0,530.552146,1230.24842,0.0,12,1
3105,725.529062,1.0,8754.59,8636.73,117.86,0.0,1.0,0.25,0,116,4000.0,8648.305093,195.873012,0.916667,12,1
3108,1487.517111,1.0,614.53,311.22,303.31,0.0,0.333333,0.333333,0,15,1700.0,570.147403,429.203871,0.0,12,1
3123,9753.114706,1.0,10199.63,4585.44,5614.19,113.120409,0.916667,1.0,2,131,15000.0,8292.65306,2296.958624,0.0,12,1
3132,432.058764,1.0,817.62,254.14,563.48,0.0,0.25,0.666667,0,25,5100.0,2797.052769,314.307392,0.0,12,1
3140,216.702671,1.0,2205.51,1073.49,1132.02,0.0,1.0,1.0,0,53,7500.0,1941.251813,140.28742,0.454545,12,1
3144,429.887213,1.0,898.34,295.0,603.34,0.0,0.25,0.416667,0,11,6500.0,865.94452,178.267406,0.0,12,1
3145,1884.252524,1.0,1358.88,116.63,1242.25,0.0,0.166667,1.0,0,79,1200.0,303.560901,18959.86938,0.0,12,1
3146,1801.045046,1.0,1684.29,1620.69,63.6,0.0,0.916667,0.166667,0,18,8000.0,4376.057598,600.900522,0.0,12,1
3150,410.021801,0.636364,1438.76,1060.66,378.1,0.0,0.5,0.333333,0,24,3000.0,424.595959,258.959313,0.0,12,1
3151,292.688812,1.0,2815.82,2047.65,768.17,0.0,1.0,1.0,0,71,7000.0,4382.773241,206.099083,0.5,12,1
3156,2251.631886,1.0,3727.77,3227.85,499.92,0.0,0.083333,1.0,0,14,3150.0,3516.064225,795.92781,0.083333,12,1
3160,226.35396,0.909091,2455.75,2230.75,225.0,0.0,0.666667,0.25,0,17,6000.0,1999.316204,162.122511,0.727273,12,1
3161,148.7321,1.0,532.66,342.66,190.0,0.0,0.166667,0.25,0,12,3000.0,476.194293,174.358116,0.083333,12,1
3185,1076.586375,1.0,2204.54,877.89,1326.65,0.0,0.166667,1.0,0,50,1000.0,2514.502136,2301.241067,0.0,12,1
3189,132.993735,0.454545,1383.67,1358.77,24.9,0.0,0.333333,0.166667,0,10,7000.0,1270.735859,103.971481,0.0,12,1
3191,666.123984,1.0,1999.7,351.0,1648.7,0.0,0.25,0.75,0,15,3100.0,667.118376,264.338574,0.2,12,1
3195,452.094148,1.0,5073.53,4752.26,321.27,0.0,1.0,0.666667,0,54,7000.0,3923.560419,176.275371,1.0,12,1
3203,333.810017,1.0,4678.63,3389.73,1288.9,0.0,1.0,1.0,0,60,2500.0,3789.993246,162.295285,1.0,12,1
3230,81.860834,0.909091,710.09,392.0,318.09,0.0,0.166667,0.416667,0,8,7500.0,684.774819,97.399107,0.1,12,1
3231,165.544411,0.818182,468.6,335.4,133.2,18.126683,0.25,1.0,1,15,1700.0,1389.092134,198.260864,0.0,12,1
3234,833.62924,1.0,1171.28,856.28,315.0,0.0,1.0,1.0,0,24,6500.0,1034.871633,262.137054,0.0,12,1
3238,2675.636728,1.0,1257.27,1115.92,141.35,0.0,0.916667,0.583333,0,28,6000.0,1380.967309,622.738695,0.0,12,1
3239,1907.364819,1.0,192.88,138.0,54.88,0.0,0.083333,0.5,0,9,7500.0,1484.679588,684.377166,0.0,12,1
3241,243.590067,1.0,1995.25,410.21,1585.04,0.0,0.416667,1.0,0,49,5700.0,2413.9198,227.534843,0.166667,12,1
3246,1166.660018,1.0,2452.69,1541.69,911.0,0.0,0.416667,0.416667,0,13,1500.0,1259.60563,271.109376,0.083333,12,1
3251,210.670699,1.0,2675.53,1132.69,1542.84,0.0,0.5,1.0,0,42,5000.0,2496.741743,173.308474,0.727273,12,1
3255,82.483732,1.0,1301.05,30.0,1271.05,0.0,0.083333,1.0,0,22,7500.0,1264.358895,194.410326,0.833333,12,1
3267,8341.513474,1.0,5410.31,2265.38,3144.93,0.0,0.5,1.0,0,111,11100.0,4058.304036,2575.6226,0.0,12,1
3276,13.141343,0.545455,850.44,150.0,700.44,0.0,0.083333,1.0,0,22,1000.0,766.489028,28.116598,0.0,12,1
3278,189.722981,1.0,1771.78,231.23,1540.55,0.0,0.166667,0.916667,0,27,6700.0,1678.622679,188.591146,0.166667,12,1
3284,76.046682,1.0,1440.93,26.61,1414.32,0.0,0.083333,0.75,0,15,12000.0,1311.209483,147.350402,0.875,12,1
3288,423.629272,1.0,2485.54,2349.3,136.24,0.0,0.166667,0.583333,0,10,4500.0,2590.141003,180.488982,0.375,12,1
3292,3642.140907,1.0,3338.1,218.82,3119.28,0.0,0.166667,1.0,0,32,6000.0,1793.138722,871.776232,0.0,12,1
3309,50.582235,0.909091,428.0,110.0,318.0,0.0,0.083333,0.333333,0,7,1700.0,541.419745,139.585651,0.428571,12,1
3315,168.909599,0.909091,2313.68,125.4,2188.28,0.0,0.166667,1.0,0,22,8000.0,2987.023425,164.438353,0.909091,12,1
3320,790.367002,1.0,3663.31,2744.88,918.43,0.0,1.0,0.833333,0,70,5000.0,4232.922974,250.545557,0.0,12,1
3324,302.768674,1.0,3028.94,2033.94,995.0,0.0,0.833333,0.166667,0,22,2400.0,2893.951915,163.750989,0.9,12,1
3325,870.783501,1.0,1813.87,916.2,897.67,0.0,0.5,1.0,0,25,7500.0,1483.654129,232.0668,0.0,12,1
3326,2806.264846,1.0,1021.66,25.0,996.66,0.0,0.083333,0.083333,0,3,6500.0,728.025537,1026.321014,0.0,12,1
3327,425.966019,1.0,2219.33,2060.5,158.83,0.0,0.083333,0.333333,0,8,9000.0,2268.864868,211.168736,0.083333,12,1
3330,1068.046178,1.0,1632.83,285.0,1347.83,0.0,0.166667,1.0,0,22,3600.0,3541.399754,549.246265,0.0,12,1
3336,465.332882,1.0,6920.08,5182.71,1737.37,0.0,0.583333,0.5,0,34,9500.0,5691.439238,235.694396,0.636364,12,1
3342,146.647091,1.0,866.57,684.87,181.7,0.0,0.333333,0.166667,0,12,2500.0,1085.866453,119.015325,0.090909,12,1
3344,48.272361,0.727273,750.0,250.0,500.0,0.0,0.083333,0.333333,0,8,6500.0,912.949944,74.0589,0.0,12,1
3347,473.679359,1.0,2580.63,1608.74,971.89,0.0,1.0,0.833333,0,64,8500.0,2358.035548,263.453051,0.0,12,1
3357,1467.458994,0.909091,497.83,434.8,63.03,0.0,0.545455,0.181818,0,14,1500.0,726.488879,856.508162,0.0,11,1
3358,1737.037252,1.0,2432.9,1800.0,632.9,0.0,0.083333,0.916667,0,19,5000.0,1500.221266,468.467422,0.0,12,1
3369,589.130175,1.0,1669.58,1060.58,609.0,0.0,0.583333,0.416667,0,17,3000.0,2883.911526,292.720686,0.0,12,1
3371,282.873015,1.0,484.49,305.0,179.49,0.0,0.416667,0.416667,0,15,1000.0,341.883623,979.920602,0.083333,12,1
3372,3367.300661,1.0,898.18,798.78,99.4,0.0,0.166667,0.083333,0,7,6500.0,855.157235,1315.440072,0.0,12,1
3374,93.358273,0.857143,1094.41,220.01,874.4,0.0,0.142857,0.714286,0,16,1500.0,780.526454,102.598525,1.0,7,1
3377,1694.125362,1.0,437.52,172.6,264.92,0.0,0.166667,0.916667,0,13,1800.0,797.134098,666.656548,0.0,12,1
3378,62.986919,1.0,693.43,62.0,631.43,0.0,0.083333,0.916667,0,15,8500.0,593.0196,152.069656,1.0,12,1
3382,877.354533,1.0,6954.28,6441.4,512.88,61.792952,1.0,1.0,1,105,9000.0,7486.398825,236.319631,0.166667,12,1
3387,3278.259894,1.0,1581.43,1296.74,284.69,0.0,0.333333,0.5,0,41,8500.0,996.350965,1147.212494,0.0,12,1
3388,930.286054,1.0,3039.16,439.16,2600.0,0.0,1.0,0.916667,0,26,2500.0,2991.900221,548.880214,0.083333,12,1
3391,962.855497,0.909091,1839.69,1501.05,338.64,0.0,0.25,0.583333,0,19,5000.0,1331.30538,247.588037,0.0,12,1
3392,935.367518,0.818182,2186.22,1774.12,412.1,0.0,0.333333,0.25,0,35,1700.0,3159.774947,291.825678,0.0,12,1
3396,1518.339584,1.0,1435.79,762.12,673.67,0.0,0.333333,0.75,0,27,1500.0,1075.686261,1136.154471,0.0,12,1
3402,434.71366,1.0,1971.57,450.94,1520.63,0.0,0.25,0.5,0,24,6700.0,616.189722,223.258848,0.0,12,1
3404,8161.84873,1.0,5519.0,4986.43,532.57,0.0,1.0,0.583333,0,91,9000.0,3723.833142,4650.41017,0.0,12,1
3408,3333.963106,1.0,934.07,841.07,93.0,0.0,0.916667,0.416667,0,19,11500.0,867.272423,935.819727,0.0,12,1
3411,1326.334307,1.0,2484.76,374.18,2110.58,0.0,0.25,1.0,0,39,7500.0,400.178807,367.804459,0.0,12,1
3423,186.130209,0.636364,2546.94,1136.36,1410.58,0.0,0.333333,0.583333,0,15,12000.0,4633.517467,216.399562,1.0,12,1
3427,1965.881663,1.0,3782.09,2450.0,1332.09,0.0,0.083333,0.666667,0,11,1800.0,3988.944816,2687.313856,0.083333,12,1
3435,551.175183,1.0,1711.11,537.42,1173.69,0.0,0.416667,1.0,0,51,4000.0,1581.285232,189.328101,0.0,12,1
3438,122.062129,1.0,924.69,422.0,502.69,0.0,0.083333,0.416667,0,11,6300.0,789.33314,164.279979,0.363636,12,1
3439,72.033516,1.0,837.43,39.0,798.43,0.0,0.083333,1.0,0,22,2500.0,948.576582,169.887225,0.583333,12,1
3446,52.485431,1.0,1476.02,644.07,831.95,0.0,0.833333,1.0,0,41,7000.0,1149.01904,97.339489,0.454545,12,1
3451,634.088475,0.75,2194.29,2065.25,129.04,0.0,0.625,0.375,0,14,10000.0,408.701268,201.735817,0.2,8,1
3452,1337.229284,1.0,6661.25,5805.5,855.75,0.0,1.0,0.5,0,108,1700.0,5936.298921,554.610686,0.0,12,1
3454,433.436164,1.0,2552.55,626.51,1926.04,0.0,1.0,0.916667,0,28,5000.0,2828.817452,184.724863,0.0,12,1
3460,1199.490675,1.0,2093.55,1727.08,366.47,0.0,0.916667,0.333333,0,35,4000.0,2833.409817,344.952165,0.083333,12,1
3466,84.537586,0.909091,547.54,157.54,390.0,0.0,0.083333,0.416667,0,7,6000.0,657.978173,161.430668,0.111111,12,1
3467,2271.936696,1.0,2386.88,173.26,2213.62,0.0,0.083333,1.0,0,40,5000.0,917.290601,1633.568519,0.0,12,1
3479,1294.145453,1.0,3059.1,1836.98,1222.12,0.0,0.416667,1.0,0,42,7000.0,5560.033502,497.637767,0.083333,12,1
3485,651.236224,1.0,1696.62,1425.22,271.4,0.0,1.0,0.333333,0,36,4600.0,1677.445455,221.961649,0.0,12,1
3491,10092.23573,1.0,8710.72,6799.79,1910.93,0.0,0.75,0.833333,0,83,18000.0,4557.360839,2831.402596,0.0,12,1
3492,2447.872198,1.0,2108.56,1563.4,545.16,0.0,0.416667,0.916667,0,14,7000.0,730.926311,718.232165,0.0,12,1
3495,4315.123399,1.0,3927.58,2238.34,1689.24,0.0,0.416667,1.0,0,21,11000.0,1518.432988,1317.32547,0.0,12,1
3498,2280.447419,1.0,1681.78,1219.0,462.78,0.0,0.25,0.916667,0,21,7500.0,1398.406343,513.533438,0.0,12,1
3503,387.646975,1.0,2900.84,900.6,2000.24,0.0,0.416667,1.0,0,54,7500.0,2581.347865,179.407624,0.333333,12,1
3509,2341.505917,1.0,1231.59,390.05,841.54,0.0,0.083333,1.0,0,26,7600.0,1218.749713,572.244747,0.0,12,1
3510,10124.47214,1.0,4795.49,2006.02,2789.47,0.0,0.666667,1.0,0,87,15000.0,2552.784306,2780.902332,0.0,12,1
3511,134.786311,1.0,515.42,137.0,378.42,0.0,0.25,1.0,0,32,2000.0,166.24989,170.243513,0.0,12,1
3513,190.650694,1.0,1954.08,776.49,1177.59,0.0,0.583333,1.0,0,64,4000.0,2012.696604,177.147238,1.0,12,1
3520,536.104848,1.0,8591.31,8008.5,582.81,0.0,0.666667,0.166667,0,14,1000.0,8390.497243,659.502436,0.416667,12,1
3522,3193.320102,1.0,1887.25,1103.23,784.02,0.0,0.833333,1.0,0,48,10500.0,8817.138726,662.651314,0.166667,12,1
3527,3822.394483,1.0,2239.1,1789.7,449.4,0.0,1.0,0.666667,0,39,5300.0,944.21011,919.346978,0.0,12,1
3531,1861.08737,1.0,1752.06,1417.18,334.88,0.0,0.583333,0.666667,0,32,3500.0,737.941555,437.075647,0.0,12,1
3537,1677.722492,1.0,3088.18,1480.64,1607.54,0.0,1.0,1.0,0,50,4100.0,1669.635458,459.391698,0.0,12,1
3538,149.139346,1.0,1415.42,182.0,1233.42,0.0,0.083333,1.0,0,26,6000.0,1186.629453,163.029483,0.916667,12,1
3541,555.340226,1.0,621.03,534.33,86.7,0.0,0.333333,0.166667,0,9,10500.0,347.749694,188.666431,0.0,12,1
3542,612.311544,1.0,1115.0,715.0,400.0,0.0,0.166667,0.083333,0,4,1800.0,1407.537644,188.77787,0.0,12,1
3553,5555.173827,1.0,6613.09,3594.45,3018.64,0.0,1.0,1.0,0,119,9500.0,5503.365097,1340.151555,0.0,12,1
3576,1245.943963,1.0,5848.55,3843.33,2005.22,0.0,1.0,1.0,0,73,5000.0,4833.588891,271.982369,0.0,12,1
3581,536.846283,0.727273,2660.21,2565.24,94.97,0.0,0.416667,0.416667,0,13,4000.0,931.515333,199.627117,0.0,12,1
3585,216.842907,0.909091,2480.88,279.09,2201.79,0.0,0.25,0.833333,0,36,7000.0,2897.619018,141.539131,0.3,12,1
3589,544.423104,1.0,710.19,381.03,329.16,0.0,0.333333,0.5,0,14,1800.0,1453.969557,242.240752,0.0,12,1
3595,47.872617,0.818182,649.0,147.42,501.58,0.0,0.166667,0.666667,0,19,6000.0,624.293646,191.993448,0.875,12,1
3608,132.471933,1.0,1767.75,500.0,1267.75,0.0,0.083333,0.833333,0,12,6000.0,1757.458646,169.684838,1.0,12,1
3609,3516.835582,1.0,4019.73,1932.75,2086.98,0.0,0.916667,1.0,0,73,12000.0,3376.57379,910.942173,0.0,12,1
3611,93.672733,1.0,674.3,69.5,604.8,0.0,0.166667,1.0,0,26,5400.0,812.396962,194.901529,0.083333,12,1
3612,1106.910402,1.0,515.98,286.81,229.17,0.0,0.166667,0.416667,0,7,12000.0,1867.692351,283.339719,0.0,12,1
3613,13.173883,0.272727,1243.48,643.44,600.04,0.0,0.25,0.583333,0,24,4800.0,1490.981521,17.053725,0.0,12,1
3630,47.722183,0.636364,440.37,105.0,335.37,0.0,0.083333,0.5,0,8,1200.0,674.726783,168.430684,0.8,12,1
3631,971.268179,0.777778,2336.32,1845.99,490.33,0.0,0.777778,0.555556,0,31,4000.0,299.485824,252.187792,0.0,9,1
3650,2671.282197,1.0,2307.35,2165.12,142.23,0.0,0.833333,0.25,0,31,7500.0,645.688177,623.12516,0.0,12,1
3652,8700.079439,1.0,20421.59,16864.56,3557.03,0.0,1.0,1.0,0,204,17000.0,13002.30393,2746.592199,0.083333,12,1
3663,531.349404,1.0,1599.02,817.8,781.22,0.0,0.25,1.0,0,46,8000.0,1369.654983,200.078137,0.0,12,1
3669,5970.705432,1.0,6091.51,2071.52,4019.99,0.0,0.666667,1.0,0,111,8500.0,2516.606708,1333.818771,0.0,12,1
3674,712.91077,1.0,602.3,413.99,188.31,0.0,1.0,0.666667,0,26,7500.0,455.465188,205.19717,0.0,12,1
3676,837.142436,1.0,5344.92,3666.78,1678.14,0.0,0.916667,1.0,0,157,8500.0,4522.48655,222.642044,0.0,12,1
3680,561.974673,1.0,2930.99,2279.0,651.99,0.0,0.333333,0.666667,0,20,4000.0,510.35919,262.710453,0.0,12,1
3688,1210.573775,1.0,2077.09,1578.62,498.47,0.0,1.0,0.5,0,20,1500.0,879.902552,525.459448,0.0,10,1
3691,9630.367575,1.0,5245.28,2931.2,2314.08,0.0,0.5,0.333333,0,29,21000.0,5669.928467,2420.224884,0.0,12,1
3692,105.216147,1.0,1445.55,1135.55,310.0,0.0,1.0,0.416667,0,32,13500.0,1267.655533,179.377143,0.9,12,1
3694,954.260731,1.0,611.08,567.32,43.76,0.0,0.666667,0.083333,0,14,3500.0,795.002019,189.893901,0.0,12,1
3695,5779.287938,1.0,5233.92,3277.47,1956.45,0.0,0.75,1.0,0,61,6000.0,3555.592453,4277.740666,0.0,12,1
3699,148.511058,0.363636,562.24,349.0,213.24,0.0,0.083333,0.25,0,5,9000.0,18.208604,74.16386,0.0,12,1
3705,224.313303,1.0,2426.96,859.5,1567.46,0.0,0.25,0.5,0,16,17500.0,1660.462764,214.351604,0.0,12,1
3707,423.479877,1.0,1944.47,1021.09,923.38,0.0,1.0,0.666667,0,45,11500.0,1768.256214,206.145472,0.0,12,1
3710,30.186422,0.909091,345.99,120.0,225.99,0.0,0.25,0.583333,0,15,9000.0,99.876601,149.179856,0.083333,12,1
3714,142.833472,1.0,1400.18,85.0,1315.18,0.0,0.083333,0.833333,0,22,3000.0,1575.110682,154.612528,0.636364,12,1
3719,2692.671422,1.0,13013.5,9849.05,3164.45,0.0,1.0,0.833333,0,200,7000.0,11250.01917,723.647022,0.0,12,1
3725,133.428199,1.0,1268.22,406.28,861.94,0.0,1.0,0.666667,0,21,6000.0,1551.580661,182.743266,1.0,12,1
3729,797.925938,1.0,3143.21,2352.5,790.71,0.0,1.0,1.0,0,70,6500.0,4268.871085,289.372678,0.0,12,1
3730,430.592769,1.0,1741.39,564.0,1177.39,0.0,0.25,1.0,0,57,5000.0,1125.765206,248.140964,0.083333,12,1
3740,336.565042,1.0,875.52,341.0,534.52,0.0,0.25,0.916667,0,22,4000.0,299.441751,191.111282,0.0,12,1
3742,369.384435,1.0,3303.03,87.9,3215.13,0.0,0.166667,0.75,0,28,6000.0,2353.184431,173.56131,0.0,12,1
3757,757.67311,1.0,2553.46,568.46,1985.0,0.0,0.25,1.0,0,25,7000.0,2559.544182,241.597164,0.0,12,1
3761,62.082275,0.909091,791.68,568.66,223.02,0.0,0.583333,0.583333,0,22,4500.0,892.892557,176.794551,0.75,12,1
3770,7291.244386,1.0,3509.25,2299.45,1209.8,64.517949,1.0,1.0,1,73,12000.0,1543.281435,2581.26123,0.0,12,1
3774,381.627688,1.0,1266.2,1153.56,112.64,0.0,0.666667,0.166667,0,21,1500.0,693.809552,179.077356,0.0,12,1
3777,290.175484,1.0,345.17,219.8,125.37,0.0,0.181818,0.545455,0,11,6000.0,376.607432,184.176753,0.0,11,1
3778,102.58313,0.636364,2044.73,1294.39,750.34,0.0,1.0,0.666667,0,24,10000.0,2329.319937,64.668944,0.3,12,1
3779,224.812081,1.0,388.9,119.0,269.9,0.0,0.083333,0.416667,0,7,1500.0,671.924423,171.946342,0.0,12,1
3783,683.849179,1.0,7387.83,3894.51,3493.32,0.0,0.5,0.916667,0,50,8000.0,6873.576182,229.157755,0.75,12,1
3788,4199.989868,1.0,11653.14,6884.6,4768.54,0.0,1.0,0.916667,0,84,16500.0,13660.2412,1056.912965,0.0,12,1
3789,2288.181566,1.0,177.45,88.0,89.45,0.0,0.083333,0.25,0,5,5000.0,712.897132,666.545104,0.0,12,1
3791,1851.372165,1.0,6006.79,5506.81,499.98,0.0,1.0,0.916667,0,93,7600.0,5389.6734,586.24393,0.083333,12,1
3794,182.709228,0.909091,2463.21,1295.84,1167.37,0.0,1.0,1.0,0,44,9500.0,2362.519923,115.016047,0.444444,12,1
3803,1565.98205,0.818182,1677.26,614.85,1062.41,0.0,0.166667,0.75,0,22,4500.0,7364.974854,815.300574,0.444444,12,1
3807,1819.405059,1.0,5671.86,2086.05,3585.81,0.0,0.416667,1.0,0,58,6000.0,834.969649,540.276017,0.0,12,1
3823,224.202679,1.0,1522.91,990.17,532.74,0.0,1.0,1.0,0,60,7500.0,1306.491984,201.004982,0.333333,12,1
3836,680.671377,1.0,8040.78,2946.69,5094.09,0.0,0.666667,1.0,0,66,7000.0,6331.737868,194.172362,0.833333,12,1
3843,723.172037,1.0,2095.14,238.0,1857.14,0.0,0.166667,0.583333,0,25,5000.0,1509.479538,283.139714,0.0,12,1
3854,101.682988,1.0,610.34,86.0,524.34,0.0,0.166667,1.0,0,40,1500.0,324.924223,152.877812,0.090909,12,1
3856,42.68579,0.909091,708.0,326.0,382.0,0.0,0.166667,0.5,0,20,3000.0,755.300687,149.306085,0.625,12,1
3857,146.261257,1.0,3139.97,2499.22,640.75,0.0,1.0,0.916667,0,41,5000.0,2990.926573,176.657439,0.833333,12,1
3864,80.00717,1.0,1548.37,28.58,1519.79,0.0,0.083333,0.75,0,21,9500.0,1105.365158,149.982961,0.7,12,1
3868,4564.860642,1.0,1701.13,1322.61,378.52,0.0,0.916667,0.833333,0,39,12000.0,1205.113895,1141.311115,0.0,12,1
3870,94.83691,1.0,1027.84,93.0,934.84,0.0,0.083333,1.0,0,28,18000.0,1041.284778,173.91503,0.416667,12,1
3878,846.380946,1.0,8397.44,6812.04,1585.4,0.0,1.0,1.0,0,118,10000.0,8067.500812,202.618759,1.0,12,1
3881,719.427666,1.0,734.4,180.0,554.4,0.0,0.083333,0.5,0,8,1000.0,285.477654,282.063918,0.0,12,1
3885,3126.109251,1.0,3357.24,2197.01,1160.23,0.0,1.0,1.0,0,154,7000.0,1149.614601,707.168238,0.0,12,1
3887,469.380653,1.0,5117.56,2562.27,2555.29,0.0,1.0,1.0,0,81,4300.0,5270.796852,216.41101,0.333333,12,1
3897,948.944615,1.0,678.94,201.4,477.54,0.0,0.166667,1.0,0,44,2000.0,1750.388539,612.055723,0.083333,12,1
3915,26.506901,0.909091,400.91,115.61,285.3,0.0,0.083333,0.416667,0,19,2500.0,465.179466,147.891541,0.5,12,1
3916,157.66813,0.857143,1263.51,87.0,1176.51,0.0,0.142857,0.428571,0,8,10000.0,1458.713508,101.798289,1.0,7,1
3920,1914.092562,1.0,538.85,487.5,51.35,0.0,0.416667,0.166667,0,9,2000.0,1022.911305,980.069709,0.0,12,1
3926,2275.53087,1.0,1343.65,1262.29,81.36,0.0,0.666667,1.0,0,25,3000.0,718.5624,563.556704,0.0,12,1
3935,3048.011738,1.0,1271.34,1239.42,31.92,0.0,0.75,0.083333,0,24,3200.0,1216.277275,1864.446362,0.0,12,1
3937,2997.977825,1.0,35131.16,34087.73,1043.43,0.0,1.0,0.833333,0,344,12000.0,28896.66522,767.01418,0.75,12,1
3946,138.596394,1.0,1333.9,663.9,670.0,0.0,0.583333,0.333333,0,14,7500.0,1000.797013,142.442556,0.333333,12,1
3948,592.416944,1.0,6228.01,3454.7,2773.31,0.0,1.0,1.0,0,117,4500.0,6052.32316,169.979797,1.0,12,1
3950,8.585976,0.545455,512.59,352.5,160.09,0.0,0.083333,0.333333,0,10,2500.0,908.190297,67.458687,0.25,12,1
3954,349.855056,1.0,3200.5,2097.88,1102.62,0.0,1.0,1.0,0,50,7000.0,3119.528249,192.900599,1.0,12,1
3955,816.765152,1.0,7967.04,7839.22,127.82,0.0,1.0,0.416667,0,81,10000.0,8455.311569,193.562444,1.0,12,1
3956,3177.232656,1.0,5877.73,5430.68,447.05,0.0,1.0,1.0,0,100,6000.0,6686.89278,1475.596139,0.0,12,1
3960,1087.567113,1.0,564.54,357.9,206.64,0.0,0.083333,0.666667,0,16,1400.0,443.196272,473.446195,0.0,12,1
3965,1459.518449,1.0,393.82,134.07,259.75,0.0,0.25,0.833333,0,35,1500.0,438.601342,848.38389,0.0,12,1
3971,2046.402647,1.0,3976.4,3298.79,677.61,0.0,0.833333,0.416667,0,23,7000.0,3413.229693,513.763932,0.0,12,1
3977,501.453416,1.0,1199.46,447.0,752.46,0.0,0.166667,0.666667,0,17,6500.0,495.243088,183.429357,0.0,12,1
3991,162.850565,1.0,1326.72,1023.27,303.45,0.0,0.666667,0.166667,0,26,6000.0,967.490298,146.021103,0.142857,12,1
3997,488.340514,1.0,4908.93,2290.36,2618.57,0.0,0.916667,1.0,0,108,7500.0,4589.621491,195.304936,0.75,12,1
4002,1724.945864,1.0,2075.18,1841.7,233.48,0.0,0.916667,0.416667,0,25,8500.0,3792.747568,451.651522,0.0,12,1
4004,99.029726,1.0,1496.87,429.27,1067.6,0.0,0.333333,0.833333,0,48,5000.0,1760.086698,164.9079,0.416667,12,1
4010,421.796337,1.0,2748.74,1623.74,1125.0,0.0,1.0,0.666667,0,48,4500.0,2684.86037,169.599243,0.25,12,1
4012,5376.338384,1.0,5899.35,3732.48,2166.87,0.0,0.75,0.916667,0,112,6000.0,2816.619335,2785.379085,0.0,12,1
4014,3971.701463,1.0,721.51,175.0,546.51,0.0,0.083333,1.0,0,53,13500.0,1169.633242,1354.544785,0.0,12,1
4015,2454.552939,1.0,461.32,24.0,437.32,0.0,0.083333,0.333333,0,6,8000.0,1010.442597,681.475934,0.0,12,1
4019,196.967268,1.0,1915.07,1808.25,106.82,0.0,1.0,0.833333,0,67,7500.0,1776.394323,175.483698,1.0,12,1
4025,187.204739,1.0,2816.01,2565.97,250.04,0.0,1.0,0.5,0,19,6000.0,2078.813618,163.082736,0.8,12,1
4032,70.392491,1.0,1008.56,180.0,828.56,0.0,0.166667,0.916667,0,14,6000.0,1321.09625,151.452457,0.8,12,1
4033,4252.504676,1.0,2172.77,1491.73,681.04,0.0,1.0,1.0,0,45,11000.0,1425.671686,1217.875041,0.0,12,1
4036,285.645503,1.0,1265.24,893.54,371.7,0.0,0.5,0.5,0,24,7000.0,1791.285108,197.065604,0.083333,12,1
4051,70.963378,1.0,759.73,432.37,327.36,0.0,1.0,0.916667,0,25,7800.0,691.394748,181.926756,0.75,12,1
4053,134.581135,0.636364,2300.42,2093.42,207.0,0.0,0.5,0.25,0,13,6000.0,3251.065775,154.277109,1.0,12,1
4059,1674.490411,1.0,421.71,334.94,86.77,0.0,0.5,0.166667,0,11,1700.0,790.338065,691.969013,0.0,12,1
4068,382.159579,0.363636,287.68,165.0,122.68,0.0,0.083333,0.416667,0,6,2500.0,1879.689693,139.703904,0.0,12,1
4072,788.618659,1.0,2053.78,1094.91,958.87,0.0,0.25,0.833333,0,15,2500.0,1875.180759,239.173819,0.0,12,1
4075,1204.187686,1.0,674.85,226.96,447.89,0.0,0.166667,0.75,0,11,7500.0,741.851507,285.994556,0.0,12,1
4076,1711.589245,1.0,1659.26,1152.26,507.0,0.0,0.25,0.583333,0,13,6500.0,774.909705,545.130096,0.0,12,1
4081,438.429112,1.0,5044.36,3015.56,2028.8,0.0,0.416667,0.916667,0,35,5500.0,4591.418823,186.28407,1.0,12,1
4085,552.464447,0.818182,1866.81,1075.17,791.64,0.0,0.25,0.583333,0,35,3000.0,3158.4173,481.438547,0.111111,12,1
4086,6832.111113,1.0,6508.08,0.0,6508.08,0.0,0.0,1.0,0,72,6000.0,8210.115891,13621.70839,0.0,12,1
4087,1155.692527,1.0,981.2,326.2,655.0,0.0,0.166667,0.416667,0,12,1200.0,1279.911936,1176.743934,0.0,12,1
4090,1847.255047,1.0,186.33,117.58,68.75,0.0,0.25,0.416667,0,8,2000.0,494.841702,575.035999,0.0,12,1
4092,1495.080484,1.0,2323.5,2082.52,240.98,0.0,0.916667,0.333333,0,34,8500.0,2326.318039,431.826129,0.0,12,1
4099,822.755885,1.0,531.14,359.24,171.9,0.0,0.428571,0.571429,0,10,3000.0,267.707871,117.131173,0.0,7,1
4102,10116.70899,1.0,10166.69,3300.0,6866.69,0.0,0.333333,0.666667,0,45,14000.0,2190.466875,4253.469898,0.0,12,1
4105,1160.514847,1.0,3726.79,664.0,3062.79,0.0,0.083333,1.0,0,89,3000.0,3312.651656,310.179028,0.083333,12,1
4108,968.504914,1.0,257.71,45.65,212.06,0.0,0.083333,0.166667,0,4,1000.0,623.314494,842.242726,0.0,12,1
4109,200.806352,1.0,1957.45,1799.14,158.31,0.0,1.0,0.166667,0,49,6000.0,1934.825977,193.934077,0.75,12,1
4110,1634.559235,1.0,1062.94,1006.18,56.76,0.0,0.5,0.166667,0,15,1800.0,584.660133,1332.692469,0.0,12,1
4115,1138.592025,1.0,327.99,248.99,79.0,0.0,0.25,0.166667,0,9,1200.0,559.386373,902.962826,0.0,12,1
4119,3803.111606,1.0,2025.96,541.39,1484.57,0.0,0.333333,0.833333,0,51,5600.0,1354.420552,990.395353,0.0,12,1
4122,382.449723,1.0,4162.66,917.78,3244.88,0.0,0.416667,1.0,0,60,5000.0,4103.998759,190.768834,0.833333,12,1
4126,346.013906,0.818182,3561.31,1542.67,2018.64,0.0,0.333333,0.583333,0,39,5500.0,3156.901501,141.404986,0.5,12,1
4133,3039.972975,1.0,5988.29,4484.77,1503.52,0.0,1.0,1.0,0,68,7000.0,2458.531724,878.361313,0.0,12,1
4136,58.647973,0.909091,528.65,108.32,420.33,0.0,0.083333,0.416667,0,12,2000.0,539.9677,115.495581,0.571429,12,1
4140,18495.55855,1.0,5288.28,3657.3,1630.98,0.0,0.583333,1.0,0,76,22000.0,4246.168346,4227.08158,0.0,12,1
4141,494.045664,1.0,583.2,240.44,342.76,0.0,0.25,0.916667,0,25,2000.0,370.803775,333.663101,0.0,12,1
4146,2015.554911,1.0,1446.48,493.88,952.6,0.0,0.25,0.666667,0,27,13000.0,4537.716739,563.63857,0.0,12,1
4152,697.141393,1.0,1027.28,567.0,460.28,0.0,0.083333,0.416667,0,13,2000.0,1822.954828,175.169946,0.0,12,1
4161,1044.704008,1.0,1142.6,346.0,796.6,0.0,0.333333,1.0,0,61,5000.0,1881.871223,249.300419,0.083333,12,1
4164,123.632161,1.0,506.0,146.0,360.0,0.0,0.166667,1.0,0,14,6000.0,662.272892,184.935623,0.083333,12,1
4182,39.086623,0.545455,374.63,91.63,283.0,0.0,0.083333,0.5,0,11,1600.0,767.182519,168.259829,1.0,12,1
4192,190.324034,1.0,322.33,238.97,83.36,0.0,0.083333,0.166667,0,3,6500.0,524.430161,175.583266,0.0,12,1
4206,889.090252,1.0,9751.9,5896.76,3855.14,0.0,1.0,0.916667,0,115,4500.0,8418.403666,206.69023,0.666667,12,1
4211,534.728906,1.0,976.98,251.05,725.93,0.0,0.666667,0.833333,0,18,7000.0,742.950103,237.529082,0.0,12,1
4213,12.423203,0.909091,2292.41,2003.99,288.42,96.310823,0.916667,0.916667,1,36,7500.0,2411.035394,41.854466,0.0,12,1
4216,240.110414,1.0,3510.42,1732.87,1777.55,0.0,0.416667,0.75,0,37,6500.0,3868.013636,188.187607,0.545455,12,1
4229,213.205306,0.818182,2536.27,370.5,2165.77,0.0,0.083333,0.75,0,17,6000.0,2298.104409,154.476891,0.666667,12,1
4240,251.715214,0.909091,2722.34,1744.63,977.71,0.0,0.75,0.583333,0,32,1200.0,2165.330989,167.725809,0.777778,12,1
4245,1832.539694,1.0,1311.8,1076.16,235.64,0.0,0.5,0.416667,0,30,2500.0,384.218293,652.773095,0.0,12,1
4247,48.068313,0.7,788.08,448.0,340.08,0.0,0.2,0.5,0,10,13000.0,689.403349,85.608786,0.555556,10,1
4250,1121.44991,1.0,219.4,85.0,134.4,0.0,0.083333,0.666667,0,9,1200.0,591.736846,747.662321,0.0,12,1
4257,1832.940008,1.0,1839.69,914.19,925.5,0.0,0.416667,0.416667,0,35,5000.0,477.773934,602.380043,0.0,12,1
4258,13.713339,0.636364,504.08,137.9,366.18,0.0,0.083333,0.5,0,11,4500.0,448.622511,76.110182,0.4,12,1
4269,420.215198,1.0,1681.1,834.8,846.3,0.0,0.5,0.833333,0,20,2400.0,758.24314,156.101823,0.181818,12,1
4276,2001.407378,1.0,4793.35,1131.42,3661.93,0.0,0.083333,1.0,0,68,2700.0,647.406275,4623.542177,0.0,12,1
4282,2004.816462,1.0,20747.34,13007.07,7740.27,0.0,1.0,1.0,0,95,10000.0,17005.40969,410.800069,1.0,12,1
4285,531.615661,1.0,3196.22,2098.97,1097.25,0.0,0.833333,0.916667,0,44,4000.0,3556.432004,289.062155,0.166667,12,1
4287,2436.843864,1.0,2647.9,2495.0,152.9,0.0,0.75,0.166667,0,17,9000.0,7657.885804,883.173758,0.0,12,1
4288,1430.209699,1.0,1123.59,361.0,762.59,0.0,0.166667,1.0,0,41,5000.0,561.72022,438.620932,0.0,12,1
4290,639.73038,1.0,951.05,785.05,166.0,0.0,0.5,0.083333,0,8,2600.0,693.302893,227.955037,0.0,12,1
4291,674.119098,1.0,3146.25,449.1,2697.15,0.0,0.333333,1.0,0,93,4000.0,2602.065596,189.152731,0.0,12,1
4297,258.223705,1.0,2391.44,1203.18,1188.26,49.410478,0.666667,1.0,1,32,5000.0,2536.830662,210.770458,0.333333,12,1
4311,152.758442,0.727273,276.0,81.0,195.0,0.0,0.083333,0.083333,0,3,1200.0,1316.604491,132.449236,0.142857,12,1
4323,231.90824,0.818182,711.8,497.8,214.0,0.0,0.166667,0.416667,0,10,8500.0,2007.282363,146.809491,0.111111,12,1
4326,722.689568,1.0,6493.25,6454.25,39.0,0.0,1.0,0.083333,0,38,3200.0,5777.820302,221.688527,0.75,12,1
4339,566.383268,1.0,1454.16,1043.25,410.91,0.0,0.75,1.0,0,44,3000.0,1828.965302,208.822523,0.0,12,1
4343,1172.183909,1.0,1700.0,900.0,800.0,0.0,0.083333,0.666667,0,10,8000.0,1271.291305,360.944075,0.0,12,1
4344,374.405467,0.636364,1034.4,249.0,785.4,0.0,0.166667,0.416667,0,11,1200.0,1905.378315,174.443043,0.0,12,1
4346,1739.13388,1.0,191.98,96.0,95.98,0.0,0.083333,0.25,0,4,2000.0,978.453301,634.093114,0.0,12,1
4353,69.795639,1.0,1293.04,67.86,1225.18,0.0,0.166667,1.0,0,20,7500.0,891.734089,92.437942,0.7,12,1
4364,339.566873,0.818182,2956.2,1398.57,1557.63,0.0,0.333333,0.666667,0,17,5500.0,2845.336693,181.388411,0.375,12,1
4366,1451.584485,1.0,1216.58,561.9,654.68,0.0,0.166667,0.666667,0,12,4000.0,603.722261,318.083871,0.0,12,1
4375,1639.513143,1.0,1225.0,651.0,574.0,0.0,0.583333,1.0,0,24,1900.0,1467.532097,1476.718269,0.0,12,1
4376,10571.41107,1.0,7739.48,0.0,7739.48,0.0,0.0,1.0,0,44,8000.0,2688.447014,76406.20752,0.0,12,1
4378,640.394092,1.0,2476.9,2324.38,152.52,0.0,1.0,0.916667,0,39,7000.0,2190.775297,298.614416,0.083333,12,1
4379,339.956112,1.0,2199.65,815.15,1384.5,0.0,0.083333,0.833333,0,13,6000.0,2577.703016,242.28511,0.2,12,1
4387,2070.627593,1.0,2564.08,1165.0,1399.08,0.0,0.583333,1.0,0,57,8500.0,1363.695769,628.433833,0.0,12,1
4388,1607.053725,1.0,451.9,335.0,116.9,0.0,0.083333,0.166667,0,6,2500.0,569.867313,482.831701,0.0,12,1
4393,1862.566976,1.0,1847.57,841.59,1005.98,0.0,0.25,0.5,0,35,3350.0,1652.359591,624.9314,0.0,12,1
4403,344.543487,1.0,2219.53,1432.86,786.67,0.0,0.916667,1.0,0,43,5700.0,2073.117846,183.251598,0.333333,12,1
4421,1494.221853,1.0,356.62,308.26,48.36,0.0,0.25,0.166667,0,6,1600.0,641.34086,663.87709,0.0,12,1
4422,1317.547661,1.0,1987.76,1062.44,925.32,0.0,0.5,0.916667,0,36,6000.0,753.735014,306.442797,0.0,12,1
4427,66.066065,0.818182,995.62,402.79,592.83,0.0,1.0,0.666667,0,30,7500.0,767.241839,133.121651,0.5,12,1
4428,700.100691,1.0,7244.98,2457.47,4787.51,0.0,0.833333,1.0,0,110,6200.0,6151.929937,197.28441,0.75,12,1
4434,1654.369427,1.0,736.24,480.0,256.24,0.0,0.166667,0.916667,0,20,7000.0,2267.012612,518.201767,0.083333,12,1
4440,1360.590356,1.0,2834.03,1972.22,861.81,0.0,0.5,1.0,0,54,6000.0,1333.71178,301.821505,0.0,12,1
4445,1689.238956,1.0,261.89,139.19,122.7,0.0,0.083333,0.333333,0,7,1700.0,309.348573,1196.937133,0.0,12,1
4446,203.499251,1.0,2115.76,530.0,1585.76,0.0,0.5,1.0,0,52,4000.0,1953.639143,172.233875,1.0,12,1
4451,80.762254,0.636364,861.9,150.0,711.9,0.0,0.083333,0.416667,0,7,6000.0,1426.507994,147.707838,1.0,12,1
4456,289.512368,1.0,4185.94,898.14,3287.8,0.0,0.666667,1.0,0,90,6000.0,3836.06844,175.475265,0.909091,12,1
4457,404.182321,1.0,3682.11,2473.8,1208.31,0.0,1.0,1.0,0,76,10000.0,3259.008834,218.502255,0.833333,12,1
4464,3682.667737,1.0,2214.64,1250.3,964.34,0.0,0.666667,1.0,0,34,9000.0,1428.539668,930.608759,0.0,12,1
4467,300.395286,1.0,394.95,277.95,117.0,0.0,0.25,0.75,0,33,6000.0,339.702306,175.28579,0.0,12,1
4476,2707.058356,1.0,2018.13,1545.23,472.9,0.0,0.25,0.666667,0,26,7000.0,2575.541309,661.487315,0.0,12,1
4480,82.029477,1.0,1126.32,580.44,545.88,0.0,1.0,1.0,0,49,9000.0,1136.224986,177.605867,0.5,12,1
4482,3258.237364,1.0,921.12,521.14,399.98,0.0,0.5,0.5,0,14,6200.0,1323.776141,1011.025921,0.0,12,1
4488,2368.338673,1.0,1307.18,762.5,544.68,0.0,0.333333,0.666667,0,20,9000.0,2167.293003,539.880492,0.0,12,1
4495,56.149055,0.909091,493.32,149.93,343.39,0.0,0.166667,0.5,0,14,5000.0,471.382074,153.842106,0.75,12,1
4501,551.580225,1.0,2955.91,952.51,2003.4,0.0,1.0,0.833333,0,62,8000.0,2456.581737,209.435975,0.25,12,1
4505,9962.070262,1.0,7465.91,6075.62,1390.29,0.0,0.833333,0.666667,0,57,18500.0,2403.16006,2207.068883,0.0,12,1
4516,99.256215,0.636364,1554.39,1174.39,380.0,0.0,0.454545,0.181818,0,9,6000.0,1006.702329,139.902685,0.5,11,1
4517,376.15858,1.0,2724.76,572.76,2152.0,0.0,1.0,1.0,0,70,8500.0,2600.70524,190.766768,0.0,12,1
4518,380.517893,1.0,2590.27,2102.46,487.81,0.0,0.916667,0.416667,0,49,2500.0,1825.405687,173.164117,0.090909,12,1
4519,1311.952719,0.909091,2092.0,1242.0,850.0,0.0,0.333333,0.5,0,15,5181.818182,3476.019003,330.828719,0.0,12,1
4530,2329.869472,1.0,1497.2,1301.26,195.94,0.0,0.25,0.083333,0,5,7000.0,1453.119488,632.472511,0.0,12,1
4532,2996.761878,1.0,3644.35,3610.6,33.75,0.0,0.583333,0.083333,0,23,3500.0,3879.940821,864.045134,0.0,12,1
4534,72.679836,0.545455,800.55,586.55,214.0,0.0,0.333333,0.333333,0,13,7000.0,1584.89763,147.859998,0.666667,12,1
4535,4995.229116,1.0,1580.34,1364.34,216.0,0.0,1.0,0.416667,0,26,5500.0,1712.233039,1485.721729,0.0,12,1
4540,8315.894044,1.0,8391.55,0.0,8391.55,0.0,0.0,1.0,0,199,8500.0,6322.388249,7912.050279,0.0,12,1
4542,776.919827,1.0,11522.9,11146.28,376.62,0.0,1.0,0.416667,0,68,4500.0,11082.51429,237.006434,0.916667,12,1
4546,1632.421395,1.0,993.96,245.59,748.37,0.0,0.181818,0.636364,0,22,6000.0,2752.623744,489.842903,0.090909,11,1
4557,154.271153,1.0,1498.28,667.0,831.28,0.0,0.416667,0.583333,0,24,12000.0,1343.450205,189.406063,0.583333,12,1
4567,39.523885,0.727273,592.88,451.18,141.7,0.0,0.583333,0.083333,0,9,12000.0,1111.148943,120.742325,0.833333,12,1
4572,147.085066,0.818182,1381.14,1027.14,354.0,0.0,0.333333,0.25,0,11,2500.0,1457.406626,128.626652,1.0,12,1
4573,152.459665,1.0,1248.09,829.45,418.64,0.0,1.0,0.25,0,21,5000.0,1316.455236,210.906103,0.166667,12,1
4575,290.246277,1.0,2617.61,1342.69,1274.92,0.0,1.0,0.75,0,52,2500.0,2948.963493,164.864181,0.916667,12,1
4586,151.194794,0.818182,2634.7,2411.53,223.17,0.0,1.0,0.363636,0,42,7500.0,2295.964836,103.773786,0.5,11,1
4588,149.59894,1.0,2009.64,206.0,1803.64,0.0,0.083333,1.0,0,23,16500.0,1886.871621,150.495102,0.636364,12,1
4610,787.341687,1.0,2732.66,2548.47,184.19,0.0,1.0,0.416667,0,30,16500.0,2548.494077,388.363232,0.166667,12,1
4614,1154.381343,1.0,2421.85,468.65,1953.2,0.0,0.333333,1.0,0,69,9000.0,1421.087219,422.043729,0.0,12,1
4618,6057.280526,1.0,2235.12,1102.4,1132.72,0.0,0.5,1.0,0,103,10500.0,1489.016246,1494.385566,0.0,12,1
4625,21.345298,0.727273,1019.0,119.0,900.0,0.0,0.083333,0.75,0,10,4500.0,1274.379409,161.692199,1.0,12,1
4630,107.600851,1.0,1461.15,1034.03,427.12,0.0,1.0,0.916667,0,33,7500.0,1334.893122,193.531249,0.833333,12,1
4633,244.653051,1.0,1181.03,607.4,573.63,0.0,0.166667,0.666667,0,15,4500.0,1047.448996,181.476998,0.5,12,1
4634,268.966315,0.727273,784.0,659.0,125.0,0.0,0.25,0.333333,0,12,10500.0,514.650308,159.17308,0.166667,12,1
4636,183.992665,0.818182,1402.4,1140.5,261.9,0.0,0.583333,0.416667,0,19,7200.0,1262.938606,239.059144,0.142857,12,1
4639,534.168335,0.909091,3916.8,2170.37,1746.43,107.838419,0.636364,0.545455,1,60,3000.0,3291.567762,144.195071,0.571429,11,1
4643,451.23106,1.0,1293.7,725.6,568.1,0.0,0.916667,0.916667,0,40,1200.0,894.932094,204.619343,0.0,12,1
4645,253.640197,0.909091,2607.88,1142.96,1464.92,73.579253,0.833333,0.666667,1,43,4000.0,1954.784637,154.583752,0.583333,12,1
4648,237.344299,1.0,1266.03,170.0,1096.03,0.0,0.083333,1.0,0,46,1800.0,729.118157,189.433393,0.5,12,1
4661,1396.279238,1.0,3380.44,1449.92,1930.52,0.0,0.333333,1.0,0,27,3500.0,5451.794841,385.003688,0.083333,12,1
4662,975.252077,1.0,1146.74,796.74,350.0,0.0,0.142857,0.714286,0,8,1000.0,1273.063087,252.66907,0.0,7,1
4666,347.226798,1.0,1535.49,1203.69,331.8,0.0,0.5,0.5,0,24,1000.0,778.913464,149.966517,0.25,10,1
4669,289.353197,1.0,461.68,201.0,260.68,0.0,0.083333,0.166667,0,7,4500.0,282.328051,183.50739,0.0,12,1
4677,218.948323,1.0,1858.33,1380.0,478.33,0.0,0.333333,0.333333,0,14,4500.0,1934.821016,177.124786,0.5,12,1
4679,199.462047,1.0,1296.2,745.82,550.38,0.0,0.25,0.166667,0,14,1800.0,18.125527,110.486344,0.0,12,1
4680,143.737177,1.0,1456.0,361.0,1095.0,0.0,0.166667,0.583333,0,17,2500.0,1416.600792,139.685178,0.818182,12,1
4687,2021.514867,1.0,1582.84,1554.89,27.95,0.0,0.416667,0.083333,0,8,2500.0,565.380786,486.702058,0.0,12,1
4696,451.404363,1.0,2196.0,2154.34,41.66,0.0,0.75,0.083333,0,14,1800.0,2142.056177,184.805024,0.166667,12,1
4703,158.634812,0.909091,1765.38,84.8,1680.58,0.0,0.083333,0.583333,0,24,9500.0,1661.464986,135.26688,0.666667,12,1
4707,1475.396878,1.0,5055.77,2931.91,2123.86,0.0,0.333333,1.0,0,69,1900.0,4826.844372,1879.122243,0.0,12,1
4709,782.392041,1.0,8168.9,3000.97,5167.93,0.0,0.666667,1.0,0,59,16500.0,7455.296139,232.694923,0.916667,12,1
4712,1904.495561,1.0,4044.14,2961.8,1082.34,0.0,0.916667,1.0,0,66,6700.0,6312.820074,520.454965,0.0,12,1
4716,2005.438728,1.0,956.05,818.73,137.32,0.0,0.5,0.25,0,16,2500.0,915.734963,592.444909,0.0,12,1
4726,1091.437438,1.0,1237.37,447.6,789.77,0.0,0.166667,0.75,0,13,4500.0,833.893431,279.421489,0.0,12,1
4729,1512.218864,1.0,1002.93,825.89,177.04,0.0,0.833333,0.333333,0,23,4000.0,328.446221,344.205824,0.0,12,1
4742,299.179091,0.454545,1147.23,1071.7,75.53,0.0,0.083333,0.25,0,6,4000.0,1460.796216,80.470536,0.181818,12,1
4751,86.206262,1.0,626.28,210.7,415.58,0.0,0.416667,0.666667,0,22,3000.0,729.334233,164.106431,0.0,12,1
4756,3139.267322,1.0,5393.36,2094.44,3298.92,0.0,0.583333,1.0,0,86,3000.0,4173.119357,5573.463031,0.0,12,1
4758,1406.627442,1.0,2315.86,1339.26,976.6,0.0,0.416667,0.833333,0,27,4000.0,3176.971719,462.419982,0.0,12,1
4759,1594.485356,1.0,2650.91,2123.9,527.01,0.0,0.25,1.0,0,33,7000.0,1416.618009,427.14706,0.0,12,1
4760,3755.184007,1.0,3211.86,1420.58,1791.28,0.0,0.75,0.833333,0,22,11000.0,3198.261943,960.856638,0.0,12,1
4763,1723.804529,1.0,3145.79,997.29,2148.5,0.0,0.333333,1.0,0,26,6000.0,995.065501,387.473541,0.0,12,1
4773,131.069154,1.0,1315.39,313.08,1002.31,0.0,1.0,1.0,0,50,3500.0,1123.656185,182.23728,1.0,12,1
4774,49.564532,1.0,433.5,273.94,159.56,0.0,0.181818,0.909091,0,13,9000.0,465.466079,148.914581,0.272727,11,1
4802,105.385636,1.0,1536.31,344.91,1191.4,0.0,0.166667,0.416667,0,8,3000.0,1639.344093,161.467632,0.625,12,1
4810,1118.479084,1.0,325.95,203.96,121.99,0.0,0.333333,0.25,0,9,2400.0,290.888289,369.130795,0.0,12,1
4815,2363.615492,1.0,1441.32,374.64,1066.68,0.0,0.083333,0.833333,0,11,6000.0,1055.392983,988.408977,0.0,12,1
4817,336.640397,1.0,589.59,165.0,424.59,0.0,0.083333,0.75,0,17,5000.0,839.728514,184.635553,0.0,12,1
4820,965.236679,1.0,2786.08,763.82,2022.26,0.0,0.333333,0.666667,0,33,4500.0,1399.589495,244.198717,0.0,12,1
4821,260.409355,1.0,545.34,257.34,288.0,0.0,0.166667,0.166667,0,9,1500.0,384.809868,189.1629,0.0,12,1
4826,5830.700298,1.0,4079.01,507.0,3572.01,0.0,0.333333,1.0,0,72,11500.0,2038.201869,1375.326986,0.0,12,1
4828,344.532447,1.0,3603.0,1990.05,1612.95,0.0,1.0,1.0,0,44,6000.0,2912.826118,186.295633,1.0,12,1
4830,1161.901683,1.0,10903.22,7841.79,3061.43,0.0,1.0,1.0,0,136,12000.0,10799.00074,235.88019,1.0,12,1
4841,821.933113,1.0,987.26,872.64,114.62,0.0,0.833333,0.416667,0,29,6500.0,1605.098906,212.082883,0.0,12,1
4843,42.755706,0.545455,350.94,284.29,66.65,0.0,0.25,0.25,0,9,5000.0,1191.823088,195.006921,0.4,12,1
4844,95.731707,1.0,632.3,200.0,432.3,0.0,0.083333,0.916667,0,12,2000.0,606.576346,173.221204,0.5,12,1
4845,889.767658,1.0,2997.02,1823.02,1174.0,0.0,0.416667,0.916667,0,22,7000.0,2199.48968,244.279734,0.0,12,1
4848,405.052353,1.0,515.14,69.0,446.14,0.0,0.083333,0.416667,0,11,4500.0,281.491353,280.482025,0.0,12,1
4860,176.162762,0.909091,1814.64,1614.64,200.0,0.0,0.583333,0.083333,0,25,4000.0,1847.959268,81.667964,0.333333,12,1
4865,503.732786,1.0,1730.3,1401.15,329.15,0.0,0.583333,0.333333,0,21,2500.0,2293.371099,179.553478,0.083333,12,1
4868,661.940291,1.0,755.14,482.9,272.24,0.0,0.75,0.75,0,29,6500.0,2284.482833,247.277952,0.333333,12,1
4869,8.799432,0.454545,1591.48,218.8,1372.68,0.0,0.25,0.666667,0,23,2000.0,1496.045221,72.016021,0.2,12,1
4879,3096.831684,1.0,4492.85,1076.95,3415.9,0.0,1.0,1.0,0,40,10000.0,3853.65899,708.700191,0.0,12,1
4889,955.159037,1.0,440.57,45.65,394.92,0.0,0.083333,0.666667,0,13,1000.0,684.090131,591.385845,0.0,12,1
4891,2472.017517,1.0,2317.89,1716.02,601.87,0.0,0.583333,0.75,0,55,5500.0,647.118596,769.790351,0.0,12,1
4892,22.322215,0.363636,448.0,190.0,258.0,0.0,0.083333,0.25,0,5,3000.0,1262.320878,132.889435,1.0,12,1
4900,201.463595,1.0,2148.34,638.34,1510.0,0.0,1.0,0.166667,0,32,5000.0,1951.521978,147.236428,1.0,12,1
4901,322.411152,1.0,1506.92,813.02,693.9,0.0,1.0,0.583333,0,33,2500.0,1567.278435,167.076537,0.0,12,1
4904,651.394216,1.0,2529.64,1014.32,1515.32,0.0,0.916667,1.0,0,83,7500.0,2334.314811,200.435964,0.0,12,1
4906,194.927,0.909091,2061.48,1613.06,448.42,0.0,0.5,0.5,0,23,8500.0,1937.914753,144.660755,0.636364,12,1
4911,3347.700395,1.0,5967.42,5016.08,951.34,0.0,1.0,1.0,0,73,11500.0,3012.483841,811.061687,0.0,12,1
4917,1710.119356,1.0,1697.15,122.9,1574.25,0.0,0.166667,0.916667,0,37,7500.0,1161.146904,390.404693,0.0,12,1
4920,3007.664861,1.0,534.26,365.51,168.75,0.0,0.583333,0.75,0,21,16000.0,3007.94197,807.008705,0.0,12,1
4925,129.836526,0.909091,1433.99,743.99,690.0,0.0,0.454545,0.636364,0,19,4000.0,1363.134203,141.64886,0.875,11,1
4946,164.583178,0.454545,1489.28,918.48,570.8,0.0,0.25,0.25,0,8,3500.0,1858.087268,176.445411,0.0,12,1
4950,468.294595,1.0,4164.14,3215.54,948.6,0.0,1.0,1.0,0,53,4000.0,3958.926162,203.066713,1.0,12,1
4959,559.917793,1.0,4760.11,2907.18,1852.93,19.930337,1.0,1.0,1,85,4000.0,3632.719723,239.701062,0.181818,12,1
4965,261.462528,1.0,2893.57,1690.63,1202.94,0.0,1.0,1.0,0,71,10000.0,2567.609796,182.974604,1.0,12,1
4969,69.37782,0.545455,588.02,71.3,516.72,0.0,0.083333,0.333333,0,5,7000.0,1596.674994,241.434175,0.4,12,1
4979,2220.864979,1.0,2884.42,1327.83,1556.59,0.0,0.583333,0.666667,0,46,4500.0,1355.527973,555.596549,0.0,12,1
4981,3583.515054,1.0,5683.71,219.98,5463.73,0.0,0.166667,1.0,0,110,3000.0,4752.379612,8296.912755,0.0,12,1
4984,217.993205,1.0,2435.21,1681.89,753.32,0.0,1.0,0.666667,0,30,7500.0,2024.009974,193.289032,1.0,12,1
4997,858.857651,1.0,1013.61,631.13,382.48,0.0,0.25,0.416667,0,13,2500.0,739.761292,257.745004,0.0,12,1
4998,6537.852206,0.909091,2598.51,2422.55,175.96,0.0,0.090909,0.272727,0,26,16000.0,2209.410409,1385.561503,0.0,11,1
5001,1893.704851,1.0,4124.81,3035.9,1088.91,0.0,0.75,1.0,0,72,6500.0,3235.222635,415.452888,0.0,12,1
5009,41.049799,0.727273,413.31,133.31,280.0,0.0,0.083333,0.416667,0,8,6000.0,475.939508,106.476161,0.625,12,1
5013,477.16584,1.0,1342.51,1072.51,270.0,0.0,0.583333,0.083333,0,20,8500.0,1089.226019,211.335301,0.0,12,1
5014,3711.955487,1.0,1241.4,626.4,615.0,0.0,0.25,0.666667,0,22,11000.0,848.624102,855.287602,0.0,12,1
5016,2251.896834,1.0,1331.0,1321.1,9.9,0.0,1.0,0.083333,0,24,12500.0,4571.887377,502.626418,0.0,12,1
5018,9309.635579,1.0,9007.67,8775.37,232.3,0.0,1.0,0.25,0,87,15000.0,5528.180381,2618.776868,0.0,12,1
5020,62.996845,1.0,779.7,290.0,489.7,0.0,0.166667,0.833333,0,14,9000.0,775.601851,155.518201,0.5,12,1
5027,169.639713,1.0,1970.49,1009.85,960.64,0.0,1.0,0.666667,0,40,12000.0,1643.812227,195.514075,0.416667,12,1
5037,122.684019,0.875,1267.0,247.88,1019.12,0.0,0.375,0.75,0,12,2500.0,1263.464175,111.639152,1.0,8,1
5039,434.099616,1.0,4392.05,3817.98,574.07,0.0,1.0,1.0,0,79,6000.0,4076.914448,188.019302,1.0,12,1
5044,1190.800122,1.0,1864.79,1002.22,862.57,0.0,0.666667,0.75,0,51,3000.0,1617.884909,255.931146,0.0,12,1
5046,371.866448,1.0,2825.85,2506.84,319.01,0.0,0.75,0.5,0,24,10000.0,2137.437449,233.649807,0.25,12,1
5048,975.416023,1.0,9586.1,7916.74,1669.36,0.0,1.0,1.0,0,248,12000.0,8906.373361,214.210554,0.916667,12,1
5051,143.553904,1.0,1778.76,726.88,1051.88,0.0,0.416667,1.0,0,53,7000.0,1303.254323,161.824942,0.583333,12,1
5054,6257.390416,1.0,9228.97,9081.24,147.73,0.0,1.0,0.916667,0,85,9400.0,2139.278062,3537.101876,0.0,12,1
5063,43.762299,1.0,422.24,347.24,75.0,0.0,0.166667,1.0,0,15,3000.0,280.83786,119.087402,0.0,12,1
5065,138.489138,1.0,1455.68,1237.92,217.76,0.0,1.0,0.083333,0,30,500.0,1330.92776,177.486834,1.0,12,1
5072,74.755978,1.0,553.7,248.7,305.0,0.0,0.333333,0.166667,0,9,1000.0,467.131192,169.840535,0.2,12,1
5075,1489.224372,0.636364,1209.56,890.0,319.56,0.0,0.083333,0.833333,0,11,12500.0,6831.656434,717.304514,0.181818,12,1
5076,57.70484,0.818182,772.46,85.0,687.46,0.0,0.083333,0.75,0,13,4000.0,770.916661,95.057442,0.5,12,1
5078,186.054174,1.0,2126.81,1529.8,597.01,0.0,0.916667,1.0,0,27,7000.0,1998.999896,178.290009,1.0,12,1
5080,127.895284,1.0,1085.16,134.9,950.26,0.0,0.25,1.0,0,29,1000.0,469.114905,172.662882,0.333333,12,1
5086,1019.133646,1.0,9249.73,2326.09,6923.64,0.0,0.583333,0.833333,0,96,9000.0,8716.674684,240.332998,0.3,12,1
5089,1848.758853,1.0,3588.13,399.76,3188.37,0.0,0.583333,1.0,0,62,6700.0,4923.193295,413.007713,0.0,12,1
5091,382.870641,0.909091,2972.92,2479.1,493.82,0.0,0.666667,0.416667,0,18,1200.0,3753.091608,161.92571,0.8,12,1
5098,535.291589,1.0,824.61,438.57,386.04,0.0,0.181818,0.545455,0,20,4000.0,314.512747,159.094115,0.0,11,1
5108,581.24856,0.909091,556.83,484.88,71.95,0.0,0.636364,0.090909,0,32,1500.0,328.462817,345.557752,0.0,11,1
5109,504.409631,1.0,338.9,199.0,139.9,0.0,0.166667,0.166667,0,5,2500.0,829.691401,190.314886,0.0,12,1
5120,2106.417286,1.0,2151.93,1386.67,765.26,0.0,0.5,0.75,0,21,4200.0,2190.962493,601.921408,0.0,12,1
5128,153.637431,1.0,1495.41,941.41,554.0,0.0,1.0,0.25,0,26,4500.0,1345.989788,163.177278,0.727273,12,1
5129,1667.146414,1.0,4343.82,3818.84,524.98,0.0,0.75,0.666667,0,39,7500.0,3798.443473,425.9899,0.0,12,1
5130,1648.701838,1.0,740.7,650.9,89.8,0.0,0.5,0.166667,0,12,2500.0,885.070007,366.004256,0.0,12,1
5135,1421.419262,1.0,1669.2,274.19,1395.01,0.0,0.166667,1.0,0,65,8500.0,7684.307278,521.675562,0.0,12,1
5136,424.938385,1.0,4060.58,1696.94,2363.64,0.0,1.0,0.75,0,53,7500.0,4308.448155,184.69761,0.833333,12,1
5143,95.887902,1.0,769.0,325.0,444.0,0.0,0.416667,0.25,0,15,4000.0,958.996228,151.156275,0.4,12,1
5149,241.001768,0.5,1888.88,1000.0,888.88,0.0,0.125,0.875,0,9,1000.0,3450.990535,185.857663,0.4,8,1
5153,581.916416,1.0,5723.9,3780.51,1943.39,0.0,1.0,1.0,0,130,7500.0,5666.333186,186.941527,1.0,12,1
5156,273.429593,1.0,8534.58,7875.08,659.5,0.0,0.916667,0.75,0,116,5000.0,7512.513474,131.710372,0.875,12,1
5159,90.017392,0.909091,1247.39,427.02,820.37,0.0,0.272727,0.818182,0,25,5000.0,762.863333,115.044143,0.454545,11,1
5164,79.432369,0.636364,799.83,81.0,718.83,0.0,0.083333,0.5,0,17,3000.0,786.407104,179.622447,1.0,12,1
5167,114.361988,0.727273,2141.32,98.0,2043.32,0.0,0.083333,0.666667,0,13,6500.0,3361.500799,47.676403,0.0,12,1
5168,2002.429291,1.0,3500.03,1814.42,1685.61,0.0,0.666667,1.0,0,129,6000.0,1619.62737,537.587864,0.0,12,1
5174,365.48242,1.0,1618.31,1000.0,618.31,0.0,0.142857,0.857143,0,9,1000.0,1366.668756,380.796942,0.333333,7,1
5175,322.383609,1.0,2903.17,935.82,1967.35,0.0,0.333333,0.75,0,24,4000.0,2826.698853,181.386587,0.833333,12,1
5185,740.704213,0.545455,1311.76,524.8,786.96,0.0,0.083333,0.333333,0,14,3500.0,5149.432038,277.233099,0.0,12,1
5194,1018.811119,1.0,3137.2,1737.1,1400.1,0.0,0.666667,1.0,0,57,6500.0,4106.558919,260.772338,0.0,12,1
5202,216.705656,1.0,1442.9,424.6,1018.3,0.0,0.666667,0.833333,0,29,4000.0,1111.898226,87.775306,1.0,6,1
5205,830.51605,1.0,1059.04,799.04,260.0,0.0,0.333333,0.25,0,8,3000.0,182.53903,400.00556,0.0,12,1
5212,470.593325,1.0,6743.31,6182.78,560.53,0.0,1.0,0.666667,0,122,3200.0,4369.008441,222.118023,0.666667,12,1
5218,528.651164,1.0,4978.23,2870.42,2107.81,0.0,0.833333,0.5,0,60,6000.0,4465.155013,165.366492,0.916667,12,1
5221,1453.608861,1.0,4656.79,3853.49,803.3,0.0,1.0,0.5,0,70,11500.0,1158.648328,454.273077,0.0,12,1
5229,1155.338824,0.909091,5744.03,4055.8,1688.23,0.0,0.083333,0.416667,0,11,6000.0,3684.789911,328.151043,0.0,12,1
5240,566.477136,1.0,5370.39,1129.3,4241.09,0.0,0.5,1.0,0,60,5700.0,4124.004704,224.493971,0.5,12,1
5249,306.539753,0.909091,2684.5,299.5,2385.0,0.0,0.083333,0.666667,0,10,6000.0,2855.153528,186.149348,1.0,12,1
5256,61.159113,0.818182,981.49,381.49,600.0,0.0,0.833333,0.333333,0,21,7000.0,873.241146,85.160646,0.4,12,1
5260,4060.710208,0.727273,22500.0,0.0,22500.0,0.0,0.0,0.416667,0,12,23000.0,8760.860264,1645.535202,0.0,12,1
5267,128.365782,1.0,1003.2,816.07,187.13,0.0,0.916667,0.416667,0,27,7000.0,1057.647019,203.927038,0.75,12,1
5273,1500.810722,1.0,2340.87,1975.55,365.32,0.0,0.833333,0.5,0,31,5500.0,348.740817,431.266392,0.0,12,1
5275,103.792136,1.0,1607.84,168.27,1439.57,0.0,0.083333,1.0,0,38,7000.0,1563.287264,178.816786,0.833333,12,1
5276,1621.345326,1.0,5167.6,4246.5,921.1,0.0,1.0,0.833333,0,52,5000.0,2721.870415,523.348392,0.0,12,1
5278,663.394569,0.875,1208.7,1025.94,182.76,0.0,0.25,0.75,0,19,1500.0,662.519566,119.295167,0.0,8,1
5280,636.142309,1.0,4659.65,3377.15,1282.5,0.0,0.916667,0.666667,0,46,6000.0,4622.217377,230.464797,0.25,12,1
5290,1102.63215,1.0,1409.31,1080.18,329.13,0.0,0.25,0.583333,0,13,8500.0,874.024544,274.582036,0.0,12,1
5294,66.842287,1.0,908.34,723.02,185.32,0.0,1.0,0.083333,0,14,6500.0,788.60284,177.213829,0.5,12,1
5301,2786.743524,1.0,231.63,86.63,145.0,0.0,0.166667,0.25,0,6,3000.0,711.838166,750.333981,0.0,12,1
5306,135.856693,0.75,843.95,198.0,645.95,0.0,0.25,0.625,0,25,1200.0,862.494363,113.077567,1.0,8,1
5310,243.182403,1.0,2687.48,398.67,2288.81,0.0,0.333333,1.0,0,67,5500.0,2349.060843,176.161796,1.0,12,1
5316,1543.205532,1.0,1027.57,927.57,100.0,0.0,0.333333,0.083333,0,13,6000.0,319.878647,443.406361,0.0,12,1
5318,303.054817,0.636364,894.4,609.4,285.0,0.0,0.363636,0.454545,0,12,4000.0,183.620398,128.25155,0.0,11,1
5325,927.294609,1.0,364.74,151.42,213.32,0.0,0.166667,0.583333,0,16,1000.0,442.174198,711.024081,0.0,12,1
5327,467.287934,1.0,4327.92,78.0,4249.92,0.0,0.083333,1.0,0,13,3000.0,4214.565847,182.841487,0.75,12,1
5343,985.457755,1.0,672.31,103.0,569.31,0.0,0.166667,1.0,0,17,2500.0,1656.974517,542.14663,0.0,12,1
5344,767.708957,1.0,1730.6,661.45,1069.15,0.0,0.571429,0.857143,0,45,4000.0,341.459733,126.503057,0.0,7,1
5347,878.010252,0.833333,4085.23,3705.15,380.08,0.0,0.833333,0.666667,0,43,20000.0,4036.028203,109.759102,1.0,6,1
5348,2409.236843,1.0,990.15,772.6,217.55,0.0,0.416667,0.416667,0,26,8000.0,707.712681,606.899998,0.0,12,1
5357,1879.694262,1.0,832.67,694.73,137.94,0.0,0.25,0.333333,0,22,2000.0,873.931715,1452.265916,0.0,12,1
5365,22.689289,0.818182,360.6,160.6,200.0,0.0,0.166667,0.416667,0,9,4500.0,415.618854,144.896661,0.857143,12,1
5375,42.51225,0.272727,523.15,75.2,447.95,0.0,0.083333,0.25,0,7,2000.0,925.820102,164.103619,1.0,12,1
5377,570.552082,1.0,3179.69,1258.99,1920.7,0.0,0.25,0.833333,0,28,5000.0,3067.833591,248.870731,0.416667,12,1
5392,90.953335,0.888889,921.02,317.74,603.28,0.0,0.111111,0.777778,0,9,2500.0,782.67882,109.17084,0.777778,9,1
5393,165.721899,1.0,231.51,115.0,116.51,0.0,0.166667,0.75,0,24,4300.0,90.964048,208.147019,0.0,12,1
5397,3221.105151,1.0,3447.55,1450.0,1997.55,0.0,0.166667,1.0,0,40,9500.0,5401.287094,756.926664,0.0,12,1
5400,2017.314401,1.0,4311.85,1259.88,3051.97,0.0,0.666667,1.0,0,121,12000.0,5430.633936,477.257131,0.0,12,1
5401,1719.048074,1.0,2115.79,1395.05,720.74,0.0,0.583333,0.666667,0,34,9000.0,4450.197966,556.179286,0.0,12,1
5404,1906.283349,1.0,4016.42,1058.18,2958.24,0.0,0.583333,1.0,0,35,8000.0,1344.622375,526.831031,0.0,12,1
5407,1038.573059,1.0,1023.76,855.9,167.86,0.0,0.272727,0.818182,0,18,1600.0,811.701446,327.262906,0.0,11,1
5419,391.755763,1.0,575.72,400.72,175.0,0.0,0.416667,0.5,0,13,10500.0,1631.594511,269.311255,0.333333,12,1
5421,1193.708983,1.0,6643.71,4841.7,1802.01,0.0,0.916667,0.75,0,39,12500.0,6446.627837,6340.898794,0.0,12,1
5444,557.277303,1.0,3739.78,3436.23,303.55,0.0,0.833333,0.25,0,28,1500.0,3530.131795,190.985351,0.25,12,1
5471,298.779514,0.909091,1205.85,310.97,894.88,0.0,0.333333,0.416667,0,12,3000.0,378.768909,130.651802,0.0,12,1
5473,8.838114,0.454545,1003.66,586.14,417.52,0.0,0.333333,0.25,0,10,2500.0,1140.257668,31.497924,0.0,12,1
5474,1710.971649,1.0,2042.5,1000.0,1042.5,0.0,0.083333,0.833333,0,12,9500.0,1952.923432,387.281405,0.0,12,1
5475,742.730997,1.0,6236.64,4613.7,1622.94,0.0,1.0,1.0,0,49,3750.0,8529.330225,256.82014,0.833333,12,1
5478,1060.420992,1.0,480.22,295.63,184.59,0.0,0.25,0.916667,0,17,4200.0,2398.956105,342.2675,0.0,12,1
5492,765.966137,1.0,1488.82,1402.35,86.47,0.0,0.833333,0.25,0,24,4000.0,1111.593127,181.840836,0.0,12,1
5495,1127.643812,1.0,14454.98,10454.28,4000.7,0.0,1.0,1.0,0,82,9000.0,12996.64271,289.757941,0.916667,12,1
5500,345.75483,1.0,3125.03,492.71,2632.32,0.0,0.166667,1.0,0,36,5500.0,3016.560969,189.375956,1.0,12,1
5509,67.72881,1.0,869.48,685.79,183.69,0.0,0.833333,0.666667,0,20,3000.0,824.557797,175.239392,0.75,12,1
5512,635.48213,1.0,1481.24,1160.26,320.98,0.0,0.454545,0.545455,0,21,6000.0,805.516282,219.717476,0.181818,11,1
5516,182.854647,1.0,1978.87,765.85,1213.02,0.0,0.75,1.0,0,68,6000.0,1590.330808,167.136534,0.75,12,1
5521,374.101774,1.0,1283.36,1253.36,30.0,0.0,1.0,0.083333,0,14,1800.0,1482.140815,202.184147,0.083333,12,1
5524,269.406382,1.0,2629.96,2006.57,623.39,0.0,0.416667,0.583333,0,19,2200.0,1936.724441,202.619118,0.416667,12,1
5531,1866.428342,1.0,3306.06,549.0,2757.06,0.0,0.166667,1.0,0,54,5000.0,2248.341145,431.796784,0.0,12,1
5539,633.209696,1.0,1625.01,1165.36,459.65,0.0,0.333333,1.0,0,29,2500.0,764.713719,206.988911,0.0,12,1
5544,10495.73934,1.0,5038.27,1940.88,3097.39,0.0,0.5,1.0,0,108,14500.0,2564.857063,4606.755937,0.0,12,1
5547,3127.073601,1.0,4468.44,4432.46,35.98,0.0,0.833333,0.083333,0,55,4500.0,665.046852,850.247297,0.0,12,1
5549,750.528885,1.0,1384.79,886.32,498.47,0.0,1.0,0.916667,0,34,1800.0,759.916056,225.743387,0.0,12,1
5559,844.230511,1.0,615.0,336.0,279.0,0.0,0.25,0.416667,0,9,1500.0,1028.163341,183.039309,0.0,12,1
5560,1228.170181,1.0,817.94,436.64,381.3,0.0,0.166667,0.5,0,8,1500.0,708.383328,831.442071,0.0,12,1
5567,1032.823341,1.0,1540.06,1395.13,144.93,0.0,0.916667,1.0,0,28,4000.0,3846.028003,322.506371,0.181818,12,1
5573,212.84035,1.0,1944.48,864.38,1080.1,0.0,0.666667,1.0,0,36,6000.0,1780.988408,182.31869,0.416667,12,1
5575,2901.999862,1.0,11250.65,10165.88,1084.77,0.0,1.0,0.75,0,274,9500.0,6443.381719,691.328423,0.083333,12,1
5582,74.277994,1.0,795.57,135.38,660.19,0.0,0.083333,1.0,0,19,5000.0,899.310578,178.313275,1.0,12,1
5583,79.222393,1.0,994.96,463.2,531.76,0.0,0.333333,0.833333,0,22,3500.0,612.645199,160.160912,0.9,12,1
5586,2236.176309,1.0,1114.43,979.43,135.0,0.0,0.916667,0.416667,0,21,9000.0,615.627805,634.853764,0.0,12,1
5597,266.142747,1.0,2109.17,1384.31,724.86,0.0,1.0,1.0,0,40,7000.0,2003.273695,176.453648,1.0,12,1
5599,3128.61332,1.0,3875.71,2244.32,1631.39,0.0,0.916667,1.0,0,98,6500.0,1628.411065,1548.159984,0.0,12,1
5608,204.041606,1.0,1173.34,1067.7,105.64,0.0,0.7,0.3,0,20,5000.0,871.245658,137.913285,0.0,10,1
5614,665.786437,1.0,5634.56,3335.15,2299.41,0.0,1.0,1.0,0,104,5200.0,5831.664538,202.213224,0.916667,12,1
5619,672.84733,1.0,1969.47,1796.79,172.68,0.0,0.4,0.1,0,7,5500.0,1204.587035,238.195134,0.1,10,1
5627,64.03101,1.0,646.5,95.0,551.5,0.0,0.166667,0.666667,0,17,1500.0,564.329726,151.912905,1.0,12,1
5645,255.628716,1.0,2525.88,1640.96,884.92,0.0,0.583333,1.0,0,47,6000.0,1936.907938,198.598427,0.416667,12,1
5654,880.259646,1.0,831.52,609.37,222.15,0.0,0.333333,0.416667,0,20,1200.0,975.402992,229.25572,0.0,12,1
5670,225.404563,0.727273,2424.34,1963.74,460.6,0.0,0.416667,0.166667,0,9,7500.0,3023.04845,169.574114,0.6,12,1
5673,2648.784405,1.0,6697.57,5281.17,1416.4,0.0,0.916667,1.0,0,65,8200.0,2984.80545,678.731919,0.0,12,1
5674,391.673369,1.0,1944.64,1333.38,611.26,0.0,0.666667,0.583333,0,29,6000.0,2218.376164,211.587611,0.083333,12,1
5683,92.902071,1.0,812.74,618.4,194.34,0.0,1.0,0.416667,0,18,4000.0,708.651818,176.003434,0.583333,12,1
5686,80.198389,0.454545,981.75,459.0,522.75,0.0,0.083333,0.5,0,14,1000.0,1381.850719,58.816069,0.1,12,1
5687,153.377124,1.0,2048.5,846.79,1201.71,0.0,0.25,1.0,0,51,7000.0,1512.631142,178.977455,1.0,12,1
5694,171.267988,1.0,2062.67,1455.11,607.56,0.0,1.0,1.0,0,39,7500.0,1913.827405,180.637896,0.75,12,1
5697,97.064177,0.545455,863.97,114.0,749.97,0.0,0.083333,0.416667,0,9,7000.0,1384.018459,103.701385,0.363636,12,1
5713,2456.499396,1.0,4791.33,2067.8,2723.53,0.0,0.666667,1.0,0,78,6500.0,839.407521,817.36242,0.0,12,1
5718,646.398621,1.0,839.05,192.95,646.1,0.0,0.166667,1.0,0,19,4500.0,1350.435597,248.178351,0.083333,12,1
5719,802.086509,0.818182,2008.98,1990.65,18.33,0.0,0.583333,0.083333,0,28,4500.0,468.463615,302.127133,0.0,12,1
5723,47.162463,0.909091,1276.72,810.0,466.72,0.0,0.083333,0.333333,0,5,6000.0,602.244665,94.668806,0.166667,12,1
5725,2466.452707,1.0,118.72,44.8,73.92,0.0,0.083333,0.083333,0,3,5000.0,732.01795,908.384613,0.0,12,1
5730,170.086639,0.909091,1218.11,980.87,237.24,0.0,0.5,0.166667,0,9,6000.0,1277.281619,152.507474,0.222222,12,1
5742,275.470825,1.0,2967.42,1903.72,1063.7,0.0,0.666667,0.916667,0,40,3500.0,2569.455026,169.807651,0.333333,12,1
5757,48.660932,1.0,651.08,100.0,551.08,0.0,0.083333,1.0,0,17,3500.0,706.145992,174.363145,0.916667,12,1
5762,561.346036,1.0,4430.12,2992.49,1437.63,80.614627,1.0,0.75,1,68,4500.0,3750.631255,183.469161,0.083333,12,1
5771,4450.957226,1.0,8445.96,1987.85,6458.11,0.0,0.75,1.0,0,224,6500.0,4792.662317,1124.614121,0.0,12,1
5776,793.213204,1.0,1011.16,488.99,522.17,0.0,0.333333,0.5,0,19,1000.0,842.847535,307.591569,0.0,12,1
5788,4646.574386,1.0,773.22,760.16,13.06,0.0,0.833333,0.083333,0,16,4900.0,1379.043262,2171.800125,0.0,12,1
5794,5938.788939,1.0,3394.94,1705.78,1689.16,0.0,0.833333,0.916667,0,59,12000.0,1367.537734,1374.956496,0.0,12,1
5798,261.946133,0.909091,1215.64,145.0,1070.64,0.0,0.166667,0.416667,0,15,6500.0,573.280563,285.852332,0.0,12,1
5804,396.890847,1.0,3943.97,3159.53,784.44,0.0,1.0,1.0,0,43,7500.0,3578.14443,179.793545,0.583333,12,1
5811,1295.733461,1.0,705.84,620.0,85.84,0.0,0.083333,0.416667,0,8,1500.0,417.88231,571.226809,0.0,12,1
5826,179.765708,1.0,1628.62,1233.9,394.72,0.0,1.0,0.75,0,36,5000.0,1642.917096,183.307728,0.583333,12,1
5829,170.49564,0.636364,2581.01,2082.67,498.34,0.0,0.25,0.166667,0,10,4000.0,1088.390376,216.938095,0.0,12,1
5836,338.310239,1.0,2855.04,2488.95,366.09,0.0,0.25,0.583333,0,15,6000.0,2801.205072,125.713305,0.375,12,1
5839,2659.823914,1.0,3384.83,812.11,2572.72,0.0,0.333333,1.0,0,82,5700.0,2798.135325,661.569757,0.0,12,1
5847,399.988157,1.0,5277.77,4004.96,1272.81,0.0,1.0,0.916667,0,57,6000.0,4353.346961,194.598709,1.0,12,1
5852,517.574276,1.0,4235.28,465.58,3769.7,0.0,0.333333,0.833333,0,33,2800.0,3770.525556,200.541865,0.777778,12,1
5860,3967.453587,1.0,10148.7,3162.94,6985.76,0.0,0.666667,0.916667,0,157,9800.0,6722.566161,1925.158396,0.0,12,1
5861,177.696201,1.0,2799.53,929.67,1869.86,0.0,0.416667,1.0,0,59,3000.0,2687.141741,177.614322,0.166667,12,1
5862,204.61438,0.818182,1410.6,411.6,999.0,0.0,0.416667,0.166667,0,8,4000.0,1933.515816,150.08129,0.2,12,1
5869,239.055052,0.818182,892.4,383.4,509.0,0.0,0.090909,0.636364,0,15,2100.0,1713.393928,761.902854,0.222222,11,1
5873,113.36255,1.0,1160.35,853.35,307.0,0.0,0.666667,0.416667,0,25,5000.0,1223.179332,158.882035,0.888889,12,1
5889,94.02407,0.636364,1099.5,849.0,250.5,0.0,0.166667,0.25,0,8,6000.0,1442.251089,95.209217,0.0,12,1
5894,2643.019532,1.0,554.38,191.13,363.25,0.0,0.25,0.916667,0,15,8000.0,681.881907,882.049542,0.0,12,1
5897,535.278586,1.0,704.72,360.9,343.82,0.0,0.5,1.0,0,38,600.0,686.976557,828.745267,0.0,12,1
5907,80.513636,1.0,588.2,65.0,523.2,0.0,0.083333,0.916667,0,13,3000.0,601.778889,176.52637,0.5,12,1
5925,325.038037,1.0,512.16,105.0,407.16,0.0,0.083333,0.75,0,13,2500.0,567.449456,238.252068,0.0,12,1
5929,319.696908,1.0,3884.19,2265.9,1618.29,0.0,1.0,0.833333,0,43,9000.0,3682.437155,212.358132,0.416667,12,1
5935,1039.408368,1.0,3838.7,2753.75,1084.95,0.0,1.0,1.0,0,63,6500.0,3798.039094,245.422018,0.0,12,1
5936,2813.134224,0.818182,8834.96,8269.36,565.6,0.0,0.666667,0.583333,0,24,7000.0,3788.138204,739.344097,0.0,12,1
5937,245.115749,0.875,2690.62,1217.04,1473.58,0.0,0.875,0.75,0,44,8000.0,2806.897275,137.43462,1.0,8,1
5939,112.01654,0.636364,825.0,600.0,225.0,0.0,0.083333,0.416667,0,7,3000.0,218.826147,190.513321,0.2,12,1
5941,299.030773,1.0,805.8,540.0,265.8,0.0,0.083333,1.0,0,13,4000.0,845.966736,184.444816,0.0,12,1
5949,1146.669364,1.0,439.08,108.45,330.63,0.0,0.181818,0.727273,0,15,1200.0,1476.257377,616.862544,0.0,11,1
5962,53.583548,0.818182,553.85,369.1,184.75,0.0,0.416667,0.5,0,19,4200.0,846.787917,150.804339,0.875,12,1
5964,151.912258,1.0,2216.21,2047.21,169.0,0.0,1.0,0.25,0,32,2500.0,2571.573214,73.948578,0.4,12,1
5965,192.942944,1.0,1963.25,1877.08,86.17,0.0,0.916667,0.916667,0,22,8000.0,1903.279643,174.499877,1.0,12,1
5972,4230.023512,1.0,5755.93,3854.62,1901.31,0.0,0.833333,0.833333,0,66,10000.0,3848.416129,925.359254,0.0,12,1
5975,1944.394136,1.0,575.88,375.88,200.0,0.0,0.333333,0.416667,0,12,4500.0,406.891744,399.881036,0.0,12,1
5976,44.694228,0.818182,788.99,235.9,553.09,0.0,0.083333,0.583333,0,15,5700.0,874.51882,141.103713,0.727273,12,1
5979,64.180193,0.727273,602.2,502.2,100.0,0.0,0.416667,0.166667,0,9,2500.0,590.403543,69.987515,0.0,12,1
5986,208.039434,1.0,684.2,518.87,165.33,0.0,0.5,0.75,0,26,4000.0,1194.108316,158.022532,0.333333,12,1
5995,440.161534,1.0,365.0,116.0,249.0,0.0,0.083333,0.166667,0,6,800.0,230.655936,209.080877,0.0,12,1
5997,427.186194,1.0,3305.33,419.22,2886.11,0.0,0.166667,1.0,0,42,5000.0,3312.414274,220.475303,0.083333,12,1
6021,4348.546906,1.0,3198.15,1966.24,1231.91,0.0,0.545455,0.909091,0,54,6000.0,1068.304454,1647.360238,0.0,11,1
6027,197.931794,1.0,1946.25,816.91,1129.34,0.0,0.666667,1.0,0,40,1200.0,1957.052996,172.362577,1.0,12,1
6030,1978.669021,1.0,1224.01,803.85,420.16,0.0,0.75,0.333333,0,41,3500.0,429.743823,440.784074,0.0,12,1
6032,481.807171,0.909091,2331.4,842.9,1488.5,0.0,0.416667,0.666667,0,24,4500.0,1859.888094,164.943132,0.0,12,1
6033,1096.991698,1.0,1567.12,826.63,740.49,0.0,0.666667,0.916667,0,37,1200.0,993.247869,571.822624,0.0,12,1
6038,204.166295,1.0,2630.52,1769.34,861.18,0.0,0.75,0.916667,0,96,4000.0,2534.005357,176.114115,0.916667,12,1
6041,281.079293,1.0,4723.84,185.0,4538.84,0.0,0.083333,1.0,0,31,7500.0,4319.450171,170.895638,1.0,12,1
6049,5005.774991,1.0,4837.22,3513.45,1323.77,0.0,0.666667,0.833333,0,50,12500.0,2400.932909,1189.708084,0.0,12,1
6050,828.913072,1.0,2827.49,955.85,1871.64,0.0,0.363636,0.909091,0,32,3000.0,2188.042223,316.208158,0.0,11,1
6055,2490.340771,1.0,2197.28,2064.28,133.0,0.0,0.75,0.333333,0,40,4200.0,775.676457,795.224277,0.0,12,1
6057,418.937604,1.0,1166.24,679.73,486.51,0.0,0.75,0.583333,0,39,7000.0,846.60721,194.955516,0.0,12,1
6060,236.264094,1.0,1949.62,1430.92,518.7,0.0,1.0,0.5,0,38,1800.0,1679.271891,163.817498,0.1,12,1
6063,158.038938,1.0,1780.83,1697.47,83.36,0.0,1.0,0.166667,0,51,4500.0,1892.999476,168.906777,1.0,12,1
6065,2677.340611,1.0,1443.89,1255.71,188.18,0.0,0.75,0.5,0,35,8000.0,707.157146,691.597386,0.0,12,1
6068,759.198024,1.0,1769.79,1359.89,409.9,0.0,0.083333,0.416667,0,9,2500.0,662.501323,816.492249,0.0,12,1
6072,91.011429,0.636364,1023.55,788.15,235.4,0.0,0.333333,0.5,0,20,3000.0,853.805054,112.459858,0.166667,12,1
6077,98.46389,0.909091,1206.38,1017.26,189.12,0.0,0.333333,1.0,0,17,6500.0,1146.597649,148.652054,0.875,12,1
6080,1540.337706,1.0,551.62,360.0,191.62,0.0,0.333333,0.75,0,16,1500.0,655.465567,1226.5916,0.0,12,1
6081,528.095171,1.0,868.74,677.74,191.0,0.0,0.6,0.6,0,22,600.0,1013.601058,173.598464,0.0,10,1
6084,2244.345037,1.0,2969.3,1238.55,1730.75,0.0,0.75,1.0,0,91,9500.0,713.218297,643.266736,0.0,12,1
6090,250.758639,1.0,1274.55,771.58,502.97,0.0,1.0,0.583333,0,25,7000.0,1282.879804,188.808807,0.416667,12,1
6091,118.46707,1.0,1643.85,187.02,1456.83,0.0,0.25,0.916667,0,29,7000.0,1624.984429,180.973371,0.916667,12,1
6094,2006.793571,1.0,485.92,129.2,356.72,0.0,0.083333,1.0,0,24,4500.0,461.233712,730.057807,0.0,12,1
6096,1343.394224,1.0,2604.52,2406.12,198.4,0.0,0.583333,0.25,0,39,6000.0,710.851447,326.845433,0.0,12,1
6097,481.20549,1.0,1520.98,1129.8,391.18,0.0,0.5,0.666667,0,24,6000.0,1477.598975,248.560395,0.083333,12,1
6098,1132.798883,1.0,411.24,242.45,168.79,0.0,0.333333,0.416667,0,13,3000.0,814.752576,706.375896,0.0,12,1
6100,1103.861429,1.0,714.0,45.0,669.0,0.0,0.083333,1.0,0,13,1200.0,615.631157,564.048565,0.0,12,1
6104,415.27608,0.454545,191.34,40.0,151.34,0.0,0.083333,0.416667,0,8,1500.0,3467.412046,1094.75712,0.2,12,1
6105,2075.314278,1.0,588.67,277.63,311.04,0.0,0.083333,1.0,0,17,2500.0,604.791592,492.941701,0.0,12,1
6108,122.124272,1.0,1052.96,58.96,994.0,0.0,0.083333,0.75,0,17,3000.0,1460.413198,191.915913,1.0,12,1
6109,746.9786,1.0,2341.08,1953.84,387.24,0.0,0.416667,1.0,0,59,2000.0,736.002618,241.954677,0.0,12,1
6121,150.580574,0.818182,2697.86,1867.0,830.86,0.0,0.75,0.833333,0,43,1200.0,2541.202407,127.089174,0.111111,12,1
6128,267.668693,1.0,2518.37,607.56,1910.81,18.561424,0.583333,1.0,1,51,2500.0,2319.258937,172.731484,0.166667,12,1
6131,41.011184,1.0,1314.75,125.19,1189.56,0.0,0.5,1.0,0,70,6000.0,1303.104693,135.761304,0.7,12,1
6133,778.393346,1.0,1854.3,174.4,1679.9,0.0,0.083333,1.0,0,26,1200.0,844.459124,717.606248,0.166667,12,1
6134,638.772385,1.0,2093.15,1218.8,874.35,0.0,0.416667,0.833333,0,45,1200.0,1017.966877,279.000158,0.0,12,1
6147,1370.317105,1.0,1389.28,745.94,643.34,64.146816,0.5,0.833333,1,28,1800.0,431.782845,811.518229,0.0,12,1
6151,1729.618796,1.0,3533.46,2533.5,999.96,0.0,0.5,0.833333,0,46,5000.0,4868.256038,735.288195,0.083333,12,1
6153,881.358988,1.0,4681.26,2301.64,2379.62,0.0,0.583333,1.0,0,53,7000.0,4675.820552,249.00939,0.0,12,1
6155,1258.165394,1.0,2821.76,779.26,2042.5,0.0,0.583333,1.0,0,80,4500.0,1457.330184,273.104239,0.0,12,1
6156,547.484638,0.909091,1225.96,1071.23,154.73,0.0,0.666667,0.166667,0,13,1500.0,400.154087,276.642257,0.0,12,1
6157,3215.080388,1.0,410.24,296.52,113.72,0.0,0.333333,0.416667,0,12,9500.0,772.194997,886.05258,0.0,12,1
6175,82.706999,1.0,367.67,289.77,77.9,0.0,0.333333,0.083333,0,9,4700.0,610.349554,143.185465,0.083333,12,1
6176,3504.329825,1.0,5313.2,3787.5,1525.7,0.0,0.5,1.0,0,37,13000.0,4357.719667,952.119024,0.0,12,1
6198,3006.295536,1.0,1430.24,50.0,1380.24,0.0,0.083333,1.0,0,92,3000.0,2034.512438,3337.263197,0.0,12,1
6199,502.236778,1.0,603.46,328.68,274.78,0.0,0.333333,0.416667,0,13,1200.0,233.768374,353.463494,0.0,12,1
6206,987.853328,1.0,2599.42,1967.62,631.8,0.0,0.833333,0.75,0,35,1800.0,2146.180788,239.996338,0.083333,12,1
6216,683.357929,1.0,5105.17,2265.11,2840.06,0.0,0.75,0.916667,0,90,3500.0,4650.299879,177.946334,0.75,12,1
6222,94.106762,0.454545,1063.22,789.22,274.0,0.0,0.333333,0.416667,0,14,7000.0,276.870232,69.559452,0.0,12,1
6230,108.889031,1.0,1145.85,445.85,700.0,0.0,0.916667,0.75,0,22,5000.0,874.238956,179.080958,0.833333,12,1
6238,2664.926838,1.0,1229.62,661.6,568.02,0.0,0.333333,0.916667,0,28,8000.0,1692.635777,805.598851,0.0,12,1
6242,562.145229,1.0,1872.51,503.01,1369.5,0.0,0.166667,0.833333,0,27,4500.0,1480.089378,198.199128,0.0,12,1
6284,398.403586,1.0,3658.71,2745.31,913.4,0.0,0.833333,0.75,0,48,2500.0,3646.346596,151.890083,1.0,12,1
6286,2196.006333,1.0,666.89,550.79,116.1,0.0,0.25,0.166667,0,8,7500.0,579.257195,773.160428,0.0,12,1
6287,43.656303,0.909091,2122.98,1826.67,296.31,0.0,0.666667,0.166667,0,17,10500.0,2006.417008,131.553346,1.0,12,1
6292,170.569025,1.0,2368.84,1464.56,904.28,0.0,0.666667,0.833333,0,46,2500.0,2123.311356,137.665487,0.5,12,1
6297,157.364234,1.0,1778.92,1233.87,545.05,0.0,1.0,0.5,0,36,10500.0,1686.269252,143.010184,0.777778,12,1
6303,166.761294,1.0,1831.91,216.92,1614.99,0.0,0.083333,0.75,0,19,7000.0,1298.605481,162.966327,0.090909,12,1
6304,1818.964688,1.0,1436.41,1300.09,136.32,0.0,0.583333,1.0,0,23,6500.0,594.214126,438.285694,0.0,12,1
6305,1998.319924,1.0,5400.64,4694.12,706.52,0.0,0.916667,0.833333,0,61,6850.0,3359.914173,527.235281,0.090909,12,1
6306,1178.607275,1.0,1014.36,322.69,691.67,0.0,0.416667,0.75,0,39,1200.0,1250.42369,620.326049,0.0,12,1
6315,1031.670316,1.0,1753.25,1164.04,589.21,0.0,0.416667,0.833333,0,24,4000.0,500.01493,352.459986,0.0,12,1
6316,135.25122,1.0,904.55,63.4,841.15,0.0,0.083333,0.583333,0,21,7500.0,990.722558,163.711273,0.0,12,1
6317,435.55396,1.0,1522.06,1372.34,149.72,0.0,0.583333,0.75,0,24,3000.0,1878.606679,162.411202,0.0,12,1
6325,305.72029,1.0,1125.8,430.88,694.92,0.0,0.333333,1.0,0,17,3000.0,1863.122757,204.442058,0.083333,12,1
6331,829.410423,1.0,3884.68,2610.57,1274.11,0.0,1.0,1.0,0,84,8000.0,3517.817878,200.20274,0.0,12,1
6334,2369.851759,1.0,9934.93,8500.67,1434.26,0.0,0.833333,1.0,0,91,10000.0,3670.569073,617.994101,0.0,12,1
6336,1671.76708,1.0,1346.44,890.9,455.54,0.0,0.5,0.916667,0,24,6000.0,4397.366472,469.212052,0.0,12,1
6349,1346.777622,1.0,1798.15,357.8,1440.35,0.0,0.25,1.0,0,40,1500.0,1213.489835,712.170112,0.0,12,1
6372,1504.980887,1.0,322.81,184.71,138.1,0.0,0.416667,0.5,0,15,1600.0,467.652307,644.070346,0.0,12,1
6374,1552.687961,1.0,654.16,557.16,97.0,0.0,0.5,0.583333,0,21,1500.0,1041.793202,1676.396511,0.0,12,1
6377,1150.280984,1.0,450.0,250.0,200.0,0.0,0.166667,0.083333,0,4,1200.0,839.754013,766.890275,0.0,12,1
6380,3060.945154,1.0,2478.38,1974.38,504.0,0.0,1.0,0.583333,0,32,6500.0,1828.095269,1062.750643,0.0,12,1
6381,625.144248,1.0,958.39,365.0,593.39,0.0,0.166667,1.0,0,30,4000.0,881.159896,205.198021,0.0,12,1
6390,946.059539,1.0,10915.37,9323.71,1591.66,0.0,1.0,1.0,0,93,5000.0,12612.66824,263.274743,1.0,12,1
6392,13.720529,0.454545,1724.77,935.67,789.1,0.0,0.583333,0.583333,0,19,3500.0,1490.96569,28.103306,0.142857,12,1
6410,65.11995,0.636364,898.64,470.2,428.44,0.0,0.25,0.25,0,13,2500.0,672.702547,179.114318,0.6,12,1
6414,61.268046,0.454545,491.11,171.11,320.0,0.0,0.083333,0.166667,0,5,5000.0,702.302424,135.813519,0.0,12,1
6423,1208.300547,0.818182,1855.71,1469.5,386.21,0.0,0.583333,0.666667,0,27,4500.0,3023.498427,523.893953,0.0,12,1
6426,346.425872,1.0,3463.12,1046.72,2416.4,0.0,0.5,1.0,0,66,5000.0,2903.567692,194.327332,0.916667,12,1
6428,3746.919031,1.0,7468.37,1310.1,6158.27,0.0,0.75,1.0,0,139,10000.0,4793.23127,949.061051,0.0,12,1
6429,1460.749521,1.0,2318.21,1666.71,651.5,0.0,0.666667,0.75,0,35,5900.0,1324.509712,385.125089,0.0,12,1
6431,487.483429,1.0,1579.12,980.56,598.56,0.0,0.416667,0.916667,0,21,10000.0,606.20283,175.917836,0.2,12,1
6435,453.347636,1.0,4164.8,159.4,4005.4,0.0,0.166667,1.0,0,51,5500.0,4663.19128,168.550395,1.0,12,1
6440,846.091011,1.0,2599.2,1212.28,1386.92,0.0,0.333333,0.916667,0,19,3000.0,1900.699307,195.516066,0.0,12,1
6467,559.750373,1.0,622.44,400.0,222.44,0.0,0.083333,0.666667,0,9,700.0,893.494936,354.744949,0.083333,12,1
6480,395.722912,1.0,1837.15,1534.65,302.5,0.0,0.916667,0.916667,0,62,2000.0,914.845569,279.508067,0.5,12,1
6483,347.928329,1.0,832.37,427.96,404.41,0.0,0.416667,1.0,0,31,1000.0,752.706706,194.408347,0.0,12,1
6489,33.114269,0.727273,974.96,110.0,864.96,0.0,0.083333,1.0,0,13,6000.0,1011.244454,99.44103,0.333333,12,1
6491,470.91505,1.0,907.5,574.5,333.0,0.0,0.166667,0.333333,0,10,1500.0,1065.270854,187.996032,0.0,12,1
6496,382.979758,1.0,3487.08,484.59,3002.49,0.0,0.333333,1.0,0,143,6000.0,3652.818025,174.214771,0.916667,12,1
6499,3915.151082,1.0,2607.07,2155.66,451.41,0.0,0.583333,0.583333,0,27,8000.0,857.533676,930.799308,0.0,12,1
6500,68.607989,0.909091,584.26,188.54,395.72,0.0,0.083333,1.0,0,26,4000.0,298.014685,130.102479,0.090909,12,1
6507,70.831061,1.0,531.0,300.0,231.0,0.0,0.333333,0.916667,0,16,1500.0,497.383598,153.202749,0.25,12,1
6512,3759.848908,1.0,7472.37,6845.82,626.55,0.0,1.0,0.75,0,54,8500.0,5001.440215,926.454371,0.083333,12,1
6533,98.937198,1.0,676.31,601.31,75.0,0.0,0.75,0.083333,0,17,1050.0,668.102469,182.798058,0.0,12,1
6554,460.169381,1.0,2703.95,10.0,2693.95,0.0,0.166667,0.916667,0,49,5000.0,2039.16951,140.69611,0.555556,12,1
6581,370.489944,1.0,1723.61,947.92,775.69,0.0,0.75,1.0,0,37,5000.0,1570.70073,198.52965,0.0,12,1
6587,2933.577644,1.0,4562.57,3729.83,832.74,0.0,0.75,0.916667,0,88,4000.0,4237.359587,1026.20348,0.0,12,1
6602,1452.616145,1.0,522.29,45.65,476.64,0.0,0.083333,1.0,0,13,1500.0,851.338405,1081.224031,0.0,12,1
6603,3681.031744,1.0,1922.39,1376.54,545.85,0.0,0.583333,0.333333,0,29,10000.0,873.634965,1032.718828,0.0,12,1
6611,106.752843,0.727273,865.27,637.89,227.38,0.0,0.583333,0.5,0,25,2000.0,1229.490211,139.989439,0.111111,12,1
6616,335.95482,1.0,2178.13,1215.01,963.12,0.0,0.166667,1.0,0,35,6000.0,2320.553403,267.840916,0.181818,12,1
6623,3345.311478,1.0,767.13,20.0,747.13,0.0,0.083333,1.0,0,70,3000.0,976.91687,26873.51595,0.0,12,1
6624,4338.558856,1.0,5677.76,1640.55,4037.21,0.0,0.083333,1.0,0,34,5500.0,1897.437629,1479.159589,0.0,12,1
6627,1465.996562,1.0,2498.92,222.99,2275.93,0.0,0.166667,1.0,0,36,3500.0,676.452393,421.840324,0.0,12,1
6631,2590.469749,1.0,459.12,422.0,37.12,0.0,0.333333,0.083333,0,11,2900.0,584.70712,1369.991379,0.0,12,1
6632,57.491021,1.0,785.96,383.84,402.12,0.0,1.0,1.0,0,27,3500.0,684.853812,164.145179,1.0,12,1
6634,173.331107,1.0,1301.44,916.8,384.64,0.0,0.583333,0.75,0,25,4000.0,954.989463,185.615324,0.3,12,1
6635,4972.108843,1.0,2072.57,45.65,2026.92,0.0,0.083333,1.0,0,37,4500.0,1497.318035,29019.80288,0.0,12,1
6640,348.342172,0.909091,11878.25,7958.96,3919.29,0.0,1.0,0.416667,0,103,6000.0,11845.84124,156.68356,0.6,12,1
6647,2521.094992,1.0,2326.16,875.37,1450.79,0.0,0.75,1.0,0,83,3000.0,3983.238602,964.101127,0.0,12,1
6661,51.581189,1.0,384.89,120.0,264.89,0.0,0.083333,0.583333,0,10,6000.0,213.515669,156.429964,0.222222,12,1
6666,2033.51327,1.0,2274.46,1350.45,924.01,0.0,0.166667,1.0,0,48,6000.0,1080.054078,506.339439,0.0,12,1
6673,44.350816,0.454545,1144.35,1077.45,66.9,0.0,0.416667,0.166667,0,26,500.0,1618.479121,135.440312,1.0,12,1
6686,2716.48667,1.0,3362.94,1560.0,1802.94,0.0,0.75,1.0,0,104,8500.0,2369.634112,603.212057,0.0,12,1
6689,512.011287,1.0,3837.1,1564.32,2272.78,0.0,0.416667,1.0,0,28,6000.0,3827.939809,197.465712,0.416667,12,1
6691,1088.936666,1.0,724.98,91.93,633.05,0.0,0.083333,1.0,0,20,1000.0,902.612608,1454.523477,0.0,12,1
6693,1474.990634,0.818182,4469.59,2836.63,1632.96,0.0,0.666667,1.0,0,67,4000.0,4337.964147,770.352007,0.0,12,1
6703,65.701893,0.727273,528.06,128.06,400.0,0.0,0.083333,0.333333,0,6,1800.0,509.587601,133.008193,0.454545,12,1
6705,6.793588,0.363636,2634.37,1773.4,860.97,0.0,0.333333,0.333333,0,24,4000.0,4144.707044,49.647266,0.0,12,1
6706,63.047104,1.0,766.56,175.0,591.56,0.0,0.083333,0.666667,0,11,2900.0,777.890206,153.058328,0.8,12,1
6709,900.241238,1.0,1674.32,1200.7,473.62,0.0,0.8,0.9,0,69,1500.0,66.610309,526.873944,0.0,10,1
6710,234.16953,0.727273,819.15,774.15,45.0,0.0,0.166667,0.083333,0,6,5000.0,1077.230161,179.963067,0.0,12,1
6719,29.360369,0.545455,520.3,424.5,95.8,0.0,0.083333,0.333333,0,6,4000.0,381.22527,100.321702,0.181818,12,1
6722,736.736738,1.0,1171.5,1003.54,167.96,0.0,0.75,0.333333,0,26,4000.0,2092.544158,200.597917,0.0,12,1
6733,1188.651458,1.0,822.96,156.0,666.96,0.0,0.166667,0.416667,0,18,1200.0,801.255647,686.634722,0.0,12,1
6737,974.130505,1.0,482.8,322.98,159.82,0.0,0.25,1.0,0,17,4500.0,567.680103,380.886977,0.0,12,1
6744,528.917839,1.0,647.69,483.59,164.1,0.0,0.25,0.333333,0,12,1000.0,390.696467,213.744956,0.0,12,1
6747,3559.634883,1.0,7654.81,6984.29,670.52,0.0,0.666667,0.333333,0,45,7000.0,2785.055072,783.737906,0.0,12,1
6750,462.918623,1.0,3497.99,626.85,2871.14,0.0,0.416667,1.0,0,130,3000.0,3581.048471,174.461435,0.166667,12,1
6752,1532.106106,1.0,1478.98,934.6,544.38,0.0,0.25,0.833333,0,27,3000.0,1016.511227,377.143061,0.0,12,1
6757,57.077581,0.727273,698.44,95.14,603.3,0.0,0.166667,0.5,0,16,6000.0,525.904806,116.075915,0.454545,12,1
6799,489.343503,1.0,1446.44,1093.24,353.2,0.0,0.363636,0.636364,0,17,3500.0,1223.217883,189.41742,0.0,11,1
6807,4619.500393,1.0,1870.8,1148.75,722.05,0.0,0.166667,0.416667,0,11,5000.0,2296.399555,2771.549821,0.0,12,1
6809,1906.550855,1.0,1244.37,83.53,1160.84,0.0,0.083333,0.833333,0,21,1800.0,1182.12849,3748.341561,0.0,12,1
6810,0.704307,0.181818,963.9,607.28,356.62,0.0,0.083333,0.5,0,10,3000.0,1502.662849,14.571644,0.0,12,1
6818,300.11949,1.0,2811.86,2006.8,805.06,0.0,0.916667,0.583333,0,51,800.0,2501.680369,189.395585,1.0,12,1
6827,230.337567,0.727273,2219.39,287.0,1932.39,0.0,0.333333,0.916667,0,37,2000.0,1044.263246,120.655535,0.0,12,1
6830,553.534453,1.0,1682.36,1440.14,242.22,0.0,0.333333,0.416667,0,19,1900.0,677.969663,195.776465,0.0,12,1
6833,1091.74471,1.0,729.47,566.52,162.95,0.0,0.583333,0.166667,0,22,1500.0,2118.665123,612.918428,0.083333,12,1
6835,2007.955223,1.0,2542.75,1187.23,1355.52,0.0,0.25,1.0,0,34,7000.0,5044.600878,564.924266,0.083333,12,1
6837,315.125494,0.9,1890.09,1013.3,876.79,0.0,0.5,0.8,0,25,4000.0,1548.950633,140.51211,0.142857,10,1
6850,23.436171,1.0,329.86,157.0,172.86,0.0,0.083333,0.916667,0,22,5000.0,187.258841,145.813975,0.75,12,1
6861,340.014453,1.0,2619.2,2472.56,146.64,0.0,0.666667,0.25,0,19,4000.0,2540.900415,182.019607,0.083333,12,1
6869,650.667796,1.0,1059.26,924.26,135.0,0.0,0.833333,0.25,0,24,1200.0,184.434921,276.551931,0.0,12,1
6887,6.955591,0.454545,630.42,342.53,287.89,0.0,1.0,1.0,0,31,4000.0,671.281725,47.609315,0.1,12,1
6897,344.023581,1.0,1551.27,944.77,606.5,0.0,0.333333,0.916667,0,26,6500.0,1779.381962,195.950075,0.0,12,1
6907,776.585568,1.0,773.36,119.8,653.56,0.0,0.083333,0.25,0,7,3000.0,1169.758034,233.843501,0.0,12,1
6916,3558.14254,1.0,4689.03,4071.13,617.9,0.0,0.833333,0.75,0,39,5000.0,1078.201925,992.398436,0.0,12,1
6921,114.764518,1.0,1067.5,850.6,216.9,0.0,0.5,0.2,0,8,4000.0,577.184902,166.462926,0.3,10,1
6925,242.450349,0.818182,223.6,55.6,168.0,0.0,0.75,0.083333,0,11,4500.0,1358.034176,134.06456,0.142857,12,1
6933,379.74055,1.0,1348.41,546.21,802.2,0.0,0.416667,0.5,0,25,1300.0,430.736402,163.305423,0.0,12,1
6944,1682.892726,1.0,2996.92,2282.59,714.33,0.0,0.916667,0.75,0,95,5000.0,1222.419114,705.86365,0.0,12,1
6960,621.901025,1.0,573.36,455.0,118.36,0.0,0.083333,0.166667,0,4,1100.0,875.900693,229.727141,0.0,12,1
6977,47.336863,0.909091,464.95,134.9,330.05,0.0,0.166667,0.416667,0,14,1000.0,424.138187,153.671805,0.454545,12,1
6988,440.341344,1.0,1019.33,180.0,839.33,0.0,0.083333,1.0,0,54,5000.0,1697.366202,1669.032322,0.090909,12,1
6992,2493.589343,1.0,4655.55,3299.43,1356.12,0.0,0.5,0.666667,0,44,6500.0,1231.610235,832.178621,0.0,12,1
7000,2684.333591,1.0,1958.59,1537.82,420.77,0.0,0.166667,1.0,0,23,4000.0,1115.39686,619.23114,0.0,12,1
7013,374.631961,1.0,2961.46,1961.46,1000.0,0.0,0.833333,0.333333,0,23,1600.0,3499.936377,178.233765,0.166667,12,1
7016,82.227363,0.272727,1108.36,869.16,239.2,0.0,0.416667,0.666667,0,14,3000.0,791.871856,31.745699,0.1,12,1
7019,1379.68959,1.0,1632.88,1508.9,123.98,0.0,0.583333,0.166667,0,30,6500.0,958.185395,410.953176,0.0,12,1
7023,314.495423,0.727273,1503.26,1192.26,311.0,0.0,0.166667,0.416667,0,8,4000.0,1230.180271,177.363751,0.0,12,1
7029,73.635031,0.909091,1063.65,420.24,643.41,0.0,0.25,1.0,0,29,7000.0,1051.282851,112.969341,0.625,12,1
7039,2.299436,0.181818,1337.18,86.6,1250.58,181.491612,0.166667,0.916667,1,23,4500.0,1686.830156,27.398111,0.0,12,1
7046,2980.054695,0.818182,26784.62,26514.32,270.3,0.0,0.5,0.083333,0,33,30000.0,30029.01496,11853.79613,0.75,12,1
7055,166.514439,0.777778,503.92,370.3,133.62,0.0,0.444444,0.666667,0,14,2500.0,142.308045,130.127411,0.0,9,1
7094,208.127012,1.0,1659.13,1341.29,317.84,0.0,0.333333,0.5,0,36,5000.0,1296.563214,183.217781,0.166667,12,1
7098,265.920698,1.0,3148.36,2415.75,732.61,0.0,1.0,0.833333,0,63,4000.0,3140.255647,191.638318,1.0,12,1
7106,974.52764,1.0,952.02,445.08,506.94,0.0,0.25,0.583333,0,26,4000.0,1452.017727,299.165904,0.0,12,1
7118,887.090835,1.0,4349.38,4026.08,323.3,0.0,0.666667,0.583333,0,31,3000.0,4388.029841,237.336329,0.083333,12,1
7122,5577.636715,1.0,5244.8,2089.74,3155.06,0.0,0.75,1.0,0,70,12500.0,2823.945882,1749.125129,0.0,12,1
7123,241.384531,0.909091,335.0,99.0,236.0,0.0,0.166667,0.333333,0,10,1000.0,661.587172,144.480066,0.0,12,1
7124,311.54,0.777778,2783.03,2007.26,775.77,0.0,0.777778,0.666667,0,32,2000.0,2924.377302,135.530622,1.0,9,1
7127,1536.477562,1.0,4258.57,3121.93,1136.64,0.0,0.416667,0.75,0,30,5000.0,2660.323704,436.998853,0.0,12,1
7134,152.557222,1.0,1410.35,695.45,714.9,0.0,0.333333,1.0,0,29,2500.0,1202.218177,170.020221,0.333333,12,1
7138,1432.654644,1.0,604.52,178.16,426.36,0.0,0.25,1.0,0,17,1400.0,611.086937,901.913989,0.0,12,1
7150,228.025747,1.0,2159.68,598.02,1561.66,0.0,0.333333,1.0,0,46,3000.0,2161.393568,195.40184,0.5,12,1
7152,416.601199,1.0,4266.25,2214.05,2052.2,0.0,1.0,1.0,0,67,4000.0,3822.475208,188.571741,0.0,12,1
7172,162.068326,0.545455,1290.24,1201.37,88.87,0.0,0.25,0.166667,0,12,6000.0,963.846752,174.40391,0.25,12,1
7175,910.821412,1.0,3726.65,2536.89,1189.76,0.0,0.916667,1.0,0,74,3000.0,5125.340024,238.125482,0.0,12,1
7179,1466.99222,1.0,230.1,30.0,200.1,0.0,0.083333,0.5,0,7,1500.0,415.795291,7328.484531,0.0,12,1
7187,1520.501423,1.0,1405.22,828.4,576.82,0.0,0.416667,0.583333,0,26,10500.0,470.831678,475.78178,0.0,12,1
7201,88.173076,0.636364,659.72,85.86,573.86,0.0,0.083333,0.583333,0,29,4000.0,1070.775031,149.617347,0.375,12,1
7208,1937.273513,1.0,658.87,79.67,579.2,0.0,0.166667,0.833333,0,17,2000.0,758.215724,1336.476251,0.0,12,1
7220,81.088359,0.909091,554.7,316.0,238.7,0.0,0.166667,0.916667,0,13,1000.0,579.784969,150.212056,0.4,12,1
7224,916.487817,1.0,633.71,316.82,316.89,0.0,0.416667,0.75,0,20,4000.0,255.469805,234.095576,0.0,12,1
7232,279.501554,1.0,1365.5,336.0,1029.5,0.0,0.083333,1.0,0,37,5000.0,1340.02971,175.055337,0.0,12,1
7251,743.245283,0.6,1610.06,1211.9,398.16,0.0,0.2,0.4,0,10,3500.0,274.724354,347.761624,0.0,10,1
7252,16.967335,0.181818,2767.85,495.59,2272.26,0.0,1.0,1.0,0,36,3000.0,1322.585206,14.012997,0.0,12,1
7263,322.222745,0.666667,2522.03,2180.79,341.24,0.0,0.666667,0.555556,0,18,9000.0,1898.185428,199.113916,0.4,9,1
7265,826.283578,1.0,2241.87,1941.55,300.32,0.0,0.833333,0.916667,0,45,2500.0,2578.745567,251.817368,0.0,12,1
7266,564.02688,1.0,1007.4,941.82,65.58,0.0,0.5,0.083333,0,11,2000.0,506.930593,198.49507,0.0,12,1
7270,532.467828,1.0,3262.5,1186.74,2075.76,0.0,0.1,0.8,0,17,4500.0,2683.090485,177.053495,0.333333,10,1
7275,25.99831,0.454545,398.57,111.24,287.33,0.0,0.083333,0.25,0,4,2500.0,821.069037,132.906041,0.8,12,1
7286,673.592238,1.0,2199.62,303.56,1896.06,0.0,0.25,1.0,0,32,3000.0,2377.36405,172.185143,0.0,12,1
7298,978.771066,1.0,905.04,545.12,359.92,0.0,0.166667,0.666667,0,20,4000.0,392.482391,315.469998,0.0,12,1
7308,2130.050015,1.0,1044.2,835.96,208.24,0.0,0.7,0.7,0,26,6000.0,597.906134,422.543556,0.0,10,1
7309,539.072205,1.0,240.51,128.64,111.87,0.0,0.25,0.916667,0,14,500.0,340.349133,570.446577,0.0,12,1
7311,209.026944,1.0,1520.76,657.19,863.57,0.0,0.25,0.916667,0,24,3500.0,1771.078066,192.557306,0.166667,12,1
7320,399.50457,1.0,740.11,410.28,329.83,0.0,0.333333,1.0,0,33,1200.0,1379.683829,420.645913,0.0,12,1
7336,3616.393429,1.0,2459.18,30.0,2429.18,0.0,0.083333,1.0,0,194,5500.0,2203.05836,922.316357,0.0,12,1
7337,2971.600871,1.0,6513.38,4694.68,1818.7,0.0,0.333333,0.833333,0,41,5000.0,4960.050608,1273.686277,0.0,12,1
7342,299.531528,1.0,3473.11,1263.54,2209.57,0.0,0.583333,1.0,0,32,7500.0,3019.01839,184.243337,0.416667,12,1
7350,399.156352,1.0,2870.76,894.49,1976.27,0.0,0.583333,1.0,0,109,2500.0,3064.377023,187.846647,0.0,12,1
7361,1618.277656,1.0,3031.28,1616.35,1414.93,0.0,0.909091,0.636364,0,52,3200.0,2513.922495,371.025272,0.0,11,1
7365,1514.885982,0.909091,928.06,834.3,93.76,0.0,0.727273,0.818182,0,31,4500.0,2797.8913,469.817435,0.0,11,1
7369,228.107524,1.0,510.32,216.9,293.42,0.0,0.333333,1.0,0,23,5000.0,552.200643,182.025154,0.0,12,1
7370,277.308988,1.0,1588.34,500.0,1088.34,0.0,0.083333,0.916667,0,18,2500.0,1316.907062,217.35947,0.083333,12,1
7372,1462.74666,1.0,2400.37,2113.74,286.63,0.0,0.666667,1.0,0,34,1700.0,2893.730422,757.436645,0.0,12,1
7373,328.436912,0.727273,2738.82,2408.82,330.0,0.0,0.333333,0.333333,0,31,1000.0,2339.534377,364.97283,0.5,12,1
7379,384.803407,1.0,549.0,291.0,258.0,0.0,0.083333,0.416667,0,9,1000.0,569.597465,610.732047,0.0,12,1
7382,1150.04204,1.0,1283.45,318.67,964.78,47.044876,0.25,0.916667,1,27,3500.0,2430.864396,419.675603,0.0,12,1
7388,61.253237,1.0,377.86,78.0,299.86,0.0,0.166667,1.0,0,24,2700.0,347.206621,177.060952,0.083333,12,1
7406,1768.456809,1.0,449.73,395.05,54.68,0.0,0.333333,0.333333,0,10,3000.0,664.529374,438.283058,0.0,12,1
7408,75.244732,1.0,623.3,384.05,239.25,0.0,0.333333,0.833333,0,19,4500.0,579.531266,162.562704,0.727273,12,1
7419,1223.630962,1.0,2065.5,628.8,1436.7,0.0,0.166667,1.0,0,46,1500.0,638.997243,961.531428,0.0,12,1
7422,594.268871,0.909091,1036.76,966.8,69.96,0.0,0.416667,0.25,0,17,2500.0,198.237134,260.480387,0.0,12,1
7444,106.45347,0.818182,2014.84,874.84,1140.0,0.0,0.416667,0.166667,0,24,3000.0,2139.733072,138.434369,1.0,12,1
7446,324.055174,1.0,2075.13,1100.0,975.13,0.0,0.083333,1.0,0,48,1500.0,1653.941553,305.331243,0.25,12,1
7462,68.624743,1.0,423.23,243.23,180.0,0.0,0.111111,0.888889,0,10,1000.0,458.251229,107.879849,0.5,9,1
7463,1562.60448,1.0,880.22,816.88,63.34,0.0,0.083333,0.333333,0,8,2500.0,459.441845,4257.948127,0.0,12,1
7480,1060.039731,1.0,340.0,49.0,291.0,0.0,0.083333,0.416667,0,7,2500.0,261.761454,243.685673,0.0,12,1
7484,193.213122,1.0,2281.57,905.6,1375.97,0.0,0.916667,0.916667,0,45,3000.0,1782.059904,183.782329,0.909091,12,1
7490,1450.599152,1.0,2763.84,1434.43,1329.41,0.0,0.714286,0.857143,0,98,2000.0,343.918862,1339.665316,0.0,7,1
7497,270.135147,0.909091,958.93,752.9,206.03,0.0,0.166667,0.666667,0,26,1900.0,2063.470552,216.497693,0.0,12,1
7498,256.02662,0.909091,2098.56,1798.3,300.26,0.0,0.909091,0.272727,0,22,3000.0,1909.534262,155.695781,0.25,11,1
7507,215.475718,1.0,670.65,300.0,370.65,0.0,0.083333,0.916667,0,18,3000.0,366.634123,185.037922,0.3,12,1
7513,6388.820712,1.0,5154.75,1622.06,3532.69,0.0,0.5,1.0,0,115,9500.0,6436.518476,1823.789613,0.0,12,1
7514,254.94701,1.0,2870.83,2655.15,215.68,0.0,0.818182,0.727273,0,54,7500.0,2461.126057,194.290114,0.9,11,1
7516,77.383767,0.636364,2321.87,1212.87,1109.0,0.0,0.166667,0.583333,0,22,1900.0,2071.265301,88.997719,0.363636,12,1
7521,2291.684027,1.0,4983.93,4065.93,918.0,0.0,0.75,0.583333,0,33,6500.0,1149.746347,624.917306,0.0,12,1
7522,145.722404,1.0,529.7,240.2,289.5,38.259988,0.333333,1.0,1,26,800.0,363.368053,188.105787,0.0,12,1
7523,286.814503,1.0,2016.14,1602.14,414.0,0.0,0.416667,0.333333,0,14,1200.0,1525.089652,191.602655,0.0,12,1
7526,109.473217,1.0,1251.26,635.79,615.47,0.0,0.25,0.666667,0,19,2700.0,958.931815,187.560093,0.25,12,1
7527,233.092662,1.0,2613.65,945.45,1668.2,0.0,0.333333,1.0,0,39,6000.0,2255.232796,427.743632,0.666667,12,1
7536,623.583624,1.0,1344.85,1099.72,245.13,0.0,0.5,0.333333,0,21,2200.0,1374.213771,304.225119,0.083333,12,1
7544,1551.908555,1.0,416.64,105.0,311.64,0.0,0.083333,1.0,0,14,2500.0,539.653696,366.329349,0.0,12,1
7553,2017.391656,1.0,12024.37,11224.1,800.27,0.0,1.0,0.5,0,133,8000.0,11516.39232,556.651236,0.333333,12,1
7568,1910.793773,1.0,2754.09,40.0,2714.09,0.0,0.083333,1.0,0,122,5000.0,613.246821,688.900224,0.0,12,1
7580,88.35088,1.0,697.91,477.91,220.0,0.0,1.0,0.416667,0,31,5000.0,646.026876,173.2831,0.25,12,1
7586,411.27629,1.0,1524.65,1153.52,371.13,0.0,0.583333,1.0,0,51,900.0,626.104114,236.645745,0.083333,12,1
7587,97.281118,0.818182,3091.75,1456.8,1634.95,0.0,0.416667,1.0,0,48,3000.0,3424.057988,136.71723,0.636364,12,1
7609,83.030075,1.0,2298.89,567.55,1731.34,0.0,0.166667,0.833333,0,22,1000.0,2034.589917,166.237338,1.0,12,1
7616,332.697638,1.0,1080.0,555.0,525.0,0.0,0.083333,0.333333,0,6,2000.0,603.181053,99.565218,0.0,12,1
7629,300.012533,1.0,3286.41,2689.44,596.97,0.0,1.0,0.5,0,53,1400.0,3035.03764,210.567593,0.545455,12,1
7652,21.87058,0.636364,405.0,255.0,150.0,0.0,0.083333,0.25,0,7,4000.0,414.423817,88.853589,0.0,12,1
7655,208.581872,1.0,2608.02,2155.67,452.35,0.0,1.0,0.416667,0,51,3500.0,2625.80225,178.035597,0.916667,12,1
7659,31.552814,0.545455,1428.02,509.0,919.02,0.0,0.25,1.0,0,37,1500.0,1137.556503,45.155492,0.0,12,1
7670,1205.235951,1.0,413.23,331.87,81.36,0.0,0.75,0.625,0,19,1200.0,476.38169,462.78765,0.0,8,1
7680,264.103675,0.818182,3568.21,2336.41,1231.8,0.0,0.666667,0.583333,0,60,1500.0,4210.212171,170.018992,1.0,12,1
7689,162.580388,1.0,1403.42,153.5,1249.92,0.0,0.166667,0.916667,0,16,2500.0,1045.177657,163.608183,0.1,12,1
7692,706.182752,1.0,3304.27,802.8,2501.47,0.0,0.25,0.833333,0,30,4000.0,2863.455277,215.790698,0.25,12,1
7700,56.748977,1.0,470.38,365.38,105.0,0.0,0.916667,0.416667,0,18,4500.0,514.48579,207.790429,0.0,12,1
7702,64.937308,0.636364,442.03,209.0,233.03,0.0,0.083333,0.5,0,8,1200.0,149.634213,204.316917,0.0,12,1
7706,3179.056936,1.0,4407.78,3191.23,1216.55,0.0,0.25,0.916667,0,29,9000.0,1257.677615,768.936115,0.0,12,1
7711,416.729679,0.909091,1243.04,1153.34,89.7,0.0,0.583333,0.25,0,22,3500.0,2257.677587,171.444686,0.3,12,1
7720,483.422715,1.0,1196.35,738.41,457.94,0.0,0.5,0.333333,0,17,5000.0,1789.757024,170.786793,0.083333,12,1
7730,89.513525,0.909091,1452.41,764.0,688.41,0.0,0.166667,0.833333,0,24,3000.0,1690.741787,178.002763,1.0,12,1
7739,865.161494,1.0,857.8,362.33,495.47,0.0,0.583333,1.0,0,37,1200.0,1152.9477,212.715695,0.0,12,1
7742,153.027262,1.0,1455.78,631.63,824.15,0.0,0.916667,0.916667,0,32,1500.0,1057.971559,167.104469,0.916667,12,1
7759,1366.778251,1.0,5065.83,4539.7,526.13,48.245421,1.0,0.666667,1,69,1700.0,4366.758829,904.850068,0.0,12,1
7760,771.773362,1.0,750.0,250.0,500.0,0.0,0.083333,0.25,0,5,4000.0,204.167996,260.332459,0.0,12,1
7761,2134.176153,1.0,4253.64,2666.32,1587.32,0.0,1.0,0.833333,0,69,7000.0,7486.403423,574.771719,0.0,12,1
7765,352.58799,1.0,281.81,183.81,98.0,0.0,0.416667,0.583333,0,15,1600.0,835.301657,175.210164,0.083333,12,1
7768,219.885039,1.0,1857.17,1367.65,489.52,0.0,0.166667,0.583333,0,16,1800.0,630.186926,210.086007,0.0,12,1
7786,2339.4425,1.0,2941.53,1032.4,1909.13,0.0,0.5,1.0,0,86,3000.0,2055.656122,697.394834,0.0,12,1
7792,1291.394861,1.0,778.12,289.86,488.26,0.0,0.25,0.916667,0,21,1200.0,853.446434,3354.1893,0.0,12,1
7794,223.281483,1.0,4151.48,3113.59,1037.89,0.0,0.916667,1.0,0,92,3000.0,3450.614791,171.300306,0.9,12,1
7802,827.66215,1.0,965.0,890.0,75.0,0.0,0.166667,0.166667,0,4,2000.0,748.605862,330.125475,0.0,12,1
7813,1847.085007,1.0,1573.35,592.0,981.35,0.0,0.416667,0.75,0,40,6000.0,575.443785,429.239075,0.0,12,1
7816,532.738123,1.0,5403.84,642.52,4761.32,0.0,1.0,1.0,0,85,7500.0,4908.599625,227.17588,1.0,12,1
7818,840.144184,1.0,2790.72,2156.94,633.78,0.0,1.0,0.666667,0,44,1000.0,2723.95421,361.73511,0.083333,12,1
7819,377.723728,1.0,4587.21,4558.29,28.92,0.0,1.0,0.083333,0,37,4500.0,4169.408064,185.710281,1.0,12,1
7820,84.442485,1.0,1515.73,837.57,678.16,0.0,0.416667,0.5,0,17,2000.0,1421.806435,138.105996,1.0,12,1
7822,1109.606747,1.0,1625.95,1022.66,603.29,0.0,0.5,0.666667,0,28,3000.0,290.793658,334.180282,0.0,12,1
7843,618.966003,1.0,4709.14,395.92,4313.22,0.0,0.166667,1.0,0,18,4500.0,4627.972313,3959.316506,0.083333,12,1
7847,2030.838228,1.0,3165.54,1591.65,1573.89,0.0,0.583333,1.0,0,151,6000.0,1872.134044,438.77119,0.0,12,1
7868,109.794839,1.0,259.28,167.0,92.28,0.0,0.083333,1.0,0,13,2500.0,168.86298,161.738416,0.166667,12,1
7884,1544.621765,1.0,1534.12,26.5,1507.62,0.0,0.083333,1.0,0,42,2000.0,450.412929,958.88945,0.0,12,1
7888,1113.396708,1.0,2701.58,2626.58,75.0,0.0,0.5,0.083333,0,8,1500.0,2456.996431,1653.336976,0.0,12,1
7889,144.621301,1.0,1584.49,461.77,1122.72,0.0,0.25,1.0,0,26,2000.0,1520.603882,167.328894,0.833333,12,1
7890,191.333253,1.0,637.19,168.54,468.65,0.0,0.25,1.0,0,37,2500.0,478.92389,168.015528,0.0,12,1
7896,134.961317,1.0,1432.66,644.67,787.99,0.0,0.416667,1.0,0,74,2000.0,1276.016501,162.738008,0.666667,12,1
7899,802.87844,1.0,3228.26,2766.92,461.34,0.0,0.583333,1.0,0,61,3000.0,630.245499,291.309586,0.166667,12,1
7900,1712.340703,1.0,1711.36,401.7,1309.66,0.0,0.25,1.0,0,17,3500.0,1389.388725,1106.494745,0.0,12,1
7911,530.574252,1.0,5221.42,2202.78,3018.64,0.0,1.0,1.0,0,135,3000.0,4590.877822,191.304474,0.583333,12,1
7914,1075.185409,1.0,398.53,45.65,352.88,0.0,0.083333,0.916667,0,12,1000.0,579.034578,1205.387032,0.0,12,1
7921,184.212569,1.0,1292.76,653.76,639.0,0.0,1.0,0.666667,0,57,7500.0,1132.87395,166.655851,0.5,12,1
7923,216.64893,1.0,4606.71,3217.43,1389.28,0.0,0.4,0.7,0,22,2000.0,2251.966666,131.425363,1.0,10,1
7926,188.132508,1.0,515.88,79.0,436.88,0.0,0.083333,0.75,0,14,2700.0,601.729266,194.534934,0.0,12,1
7929,94.116597,0.909091,1041.5,125.0,916.5,0.0,0.083333,0.75,0,14,2500.0,1010.8651,172.472222,0.555556,12,1
7930,490.16004,1.0,3530.93,2416.31,1114.62,0.0,0.75,0.666667,0,23,4000.0,2959.200535,219.112899,0.0,12,1
7937,973.039129,1.0,964.2,294.7,669.5,0.0,0.416667,0.666667,0,21,1200.0,914.852845,334.086716,0.0,12,1
7938,41.550285,0.454545,421.6,312.85,108.75,0.0,0.166667,0.166667,0,5,1000.0,303.472063,290.219348,0.0,12,1
7941,613.893503,1.0,2078.56,1693.5,385.06,0.0,0.666667,0.666667,0,31,1800.0,1013.159567,169.176825,0.0,12,1
7948,1410.226871,1.0,1680.91,114.0,1566.91,0.0,0.166667,1.0,0,43,4000.0,315.876873,421.865373,0.0,12,1
7953,401.822565,1.0,518.23,116.23,402.0,0.0,0.166667,0.333333,0,8,1700.0,160.689352,190.313074,0.0,12,1
7955,54.58197,1.0,247.66,132.0,115.66,0.0,0.166667,1.0,0,16,1700.0,163.543097,151.846536,0.0,12,1
7974,30.88047,0.363636,316.6,197.0,119.6,0.0,0.083333,0.166667,0,5,1000.0,89.111879,189.428672,0.0,12,1
8005,196.626598,1.0,2017.11,1056.66,960.45,0.0,1.0,0.75,0,28,7500.0,1425.513446,153.957216,1.0,12,1
8010,31.812848,0.636364,662.0,235.0,427.0,0.0,0.083333,0.416667,0,7,3500.0,955.231844,127.625326,0.5,12,1
8016,130.545845,1.0,1738.48,631.0,1107.48,0.0,0.083333,1.0,0,33,2000.0,1928.666446,167.893173,0.75,12,1
8026,5134.553859,1.0,2502.34,669.0,1833.34,0.0,0.083333,0.833333,0,67,6000.0,528.134435,25312.16069,0.0,12,1
8047,1004.441314,1.0,530.32,38.0,492.32,0.0,0.083333,0.75,0,14,1000.0,737.914629,1040.035593,0.0,12,1
8063,118.918332,0.833333,1151.64,365.0,786.64,0.0,0.166667,0.5,0,8,2000.0,891.287913,70.63746,1.0,6,1
8080,512.915157,0.818182,1799.45,497.75,1301.7,76.417858,0.25,0.666667,3,28,1500.0,1023.384336,177.146564,0.142857,12,1
8084,213.434094,0.625,840.61,630.61,210.0,0.0,0.625,0.25,0,14,1200.0,233.334106,119.28773,0.0,8,1
8096,1179.159897,1.0,757.85,277.85,480.0,0.0,0.416667,1.0,0,17,1200.0,1038.225609,1023.699081,0.0,12,1
8108,121.446047,0.909091,1254.46,910.46,344.0,0.0,0.416667,0.416667,0,14,1000.0,1244.737859,153.924261,0.5,12,1
8110,259.217679,0.818182,2844.3,544.3,2300.0,0.0,0.333333,0.416667,0,12,2500.0,2733.780207,165.185385,0.166667,12,1
8136,21.181957,0.363636,431.7,151.7,280.0,0.0,0.083333,0.25,0,5,3000.0,592.236231,162.941232,1.0,12,1
8144,43.405954,0.818182,520.65,112.0,408.65,0.0,0.090909,0.636364,0,10,2000.0,515.760919,132.358795,0.333333,11,1
8159,135.357366,0.818182,1592.57,1132.05,460.52,0.0,0.666667,0.5,0,28,300.0,1907.282354,197.512598,0.875,12,1
8165,1111.110344,1.0,608.75,466.83,141.92,0.0,0.333333,0.25,0,8,1200.0,372.620322,331.451667,0.0,12,1
8168,169.820745,1.0,1578.12,135.0,1443.12,0.0,0.285714,0.857143,0,9,1000.0,1225.623209,102.687073,0.166667,7,1
8177,266.51948,1.0,1651.12,909.45,741.67,0.0,0.5,0.833333,0,31,2000.0,1098.566062,164.309823,0.181818,12,1
8181,1606.875936,1.0,1863.48,1302.0,561.48,0.0,0.083333,0.666667,0,20,6500.0,698.65014,328.146908,0.0,12,1
8189,114.297852,0.909091,994.54,249.54,745.0,0.0,0.333333,0.75,0,18,1000.0,1099.568918,163.756802,0.444444,12,1
8197,1135.540743,1.0,1148.47,1132.59,15.88,0.0,0.416667,0.083333,0,27,1450.0,1089.187544,275.097439,0.0,12,1
8238,155.29619,1.0,449.18,214.0,235.18,0.0,0.181818,0.272727,0,7,1800.0,328.110035,194.850359,0.0,11,1
8239,536.425055,1.0,3302.01,2423.42,878.59,0.0,0.583333,0.5,0,28,2000.0,3195.65769,207.884434,0.25,12,1
8245,56.13816,1.0,555.1,112.0,443.1,0.0,0.083333,0.916667,0,39,2700.0,527.817131,165.122729,0.583333,12,1
8253,190.570683,1.0,620.64,219.0,401.64,0.0,0.083333,1.0,0,13,2500.0,412.129864,163.204795,0.166667,12,1
8273,44.540733,0.636364,446.62,88.47,358.15,0.0,0.083333,0.416667,0,9,4000.0,734.815143,190.9106,0.8,12,1
8312,42.204276,0.909091,655.73,197.39,458.34,0.0,0.083333,0.916667,0,12,500.0,459.163878,96.554895,0.5,12,1
8313,420.348086,1.0,3986.24,833.24,3153.0,0.0,0.166667,1.0,0,22,1500.0,3100.021072,202.854078,0.666667,12,1
8326,110.474358,1.0,1294.42,269.5,1024.92,0.0,0.166667,0.833333,0,13,2500.0,1399.705212,164.585216,0.818182,12,1
8342,626.342256,1.0,956.64,360.0,596.64,0.0,0.090909,0.363636,0,8,7500.0,2125.953394,222.366993,0.0,11,1
8352,572.838755,1.0,442.23,339.64,102.59,0.0,1.0,0.444444,0,40,600.0,407.914418,416.727752,0.0,9,1
8356,321.606195,0.909091,2476.3,1062.12,1414.18,0.0,0.25,0.583333,0,28,2000.0,912.49967,157.957039,0.25,12,1
8357,215.295527,1.0,599.03,260.0,339.03,0.0,0.111111,0.888889,0,10,1000.0,223.114683,163.120714,0.428571,9,1
8364,10.400883,0.454545,533.98,293.98,240.0,0.0,0.25,0.416667,0,14,1000.0,1251.380404,33.246072,0.0,12,1
8379,170.33501,1.0,586.95,71.52,515.43,0.0,0.083333,1.0,0,24,1000.0,502.525334,174.80595,0.083333,12,1
8383,61.15435,0.818182,791.67,214.0,577.67,19.841346,0.166667,1.0,1,50,1000.0,941.78413,131.473679,0.090909,12,1
8385,115.310676,0.909091,1316.06,1111.4,204.66,0.0,0.727273,0.090909,0,14,500.0,1198.557935,138.869649,1.0,11,1
8388,213.233979,0.909091,2140.96,165.79,1975.17,0.0,0.166667,0.583333,0,30,2500.0,2152.256934,197.031451,0.444444,12,1
8389,361.67015,1.0,561.68,214.0,347.68,0.0,0.166667,0.916667,0,14,1500.0,252.664522,200.793531,0.0,12,1
8390,64.907748,0.727273,547.28,130.0,417.28,0.0,0.083333,0.25,0,4,2500.0,1095.179494,126.509061,1.0,12,1
8394,80.707136,0.818182,682.27,567.95,114.32,0.0,0.5,0.333333,0,16,7500.0,1065.255264,126.386467,0.666667,12,1
8396,882.58129,1.0,2421.34,1661.76,759.58,0.0,0.916667,1.0,0,40,5000.0,1997.323094,237.202081,0.0,12,1
8399,803.55907,1.0,618.07,209.7,408.37,0.0,0.083333,0.916667,0,16,1200.0,238.904625,296.529297,0.0,12,1
8406,1157.568538,1.0,329.0,37.0,292.0,0.0,0.083333,0.666667,0,9,2500.0,603.250222,567.942336,0.0,12,1
8420,121.385695,0.909091,341.96,287.0,54.96,0.0,0.166667,1.0,0,16,1000.0,626.768821,118.817204,0.1,12,1
8426,22.493402,0.272727,291.28,146.29,144.99,0.0,0.166667,0.166667,0,7,1000.0,563.715318,168.008886,0.0,12,1
8452,363.443477,1.0,1969.7,1490.2,479.5,0.0,0.75,0.833333,0,47,1200.0,1428.883821,200.918114,0.3,12,1
8454,248.740266,1.0,1846.81,717.96,1128.85,0.0,0.5,1.0,0,42,1000.0,1508.727887,170.851668,0.333333,12,1
8465,174.228543,0.727273,3407.57,3276.57,131.0,0.0,0.583333,0.166667,0,25,3000.0,4568.864048,226.156063,0.714286,12,1
8489,289.096953,1.0,3106.1,2368.6,737.5,0.0,1.0,0.666667,0,59,1300.0,2656.101893,184.244772,0.833333,12,1
8493,161.442459,1.0,1767.61,320.02,1447.59,0.0,0.083333,1.0,0,20,2000.0,1688.46643,176.27937,0.583333,12,1
8495,1384.431318,1.0,3013.2,924.39,2088.81,0.0,0.166667,1.0,0,33,6600.0,1218.29542,316.469656,0.0,12,1
8509,100.212638,0.8,639.29,116.9,522.39,0.0,0.1,0.7,0,17,1500.0,269.84678,156.747495,0.5,10,1
8513,73.243985,1.0,797.2,644.8,152.4,0.0,0.333333,1.0,0,16,1200.0,645.795684,140.715638,0.454545,12,1
8541,3326.323283,1.0,8209.77,2218.28,5991.49,0.0,0.416667,1.0,0,130,10000.0,1942.074765,702.905059,0.083333,12,1
8547,78.821949,1.0,1333.75,964.72,369.03,0.0,0.583333,0.583333,0,18,1000.0,1266.894805,146.630282,0.888889,12,1
8552,293.125181,1.0,2812.69,2512.69,300.0,0.0,0.75,0.083333,0,27,1000.0,2420.213,150.059679,0.833333,12,1
8563,258.541401,1.0,2260.29,2088.59,171.7,0.0,0.75,0.416667,0,18,1800.0,1268.746941,206.78448,0.6,12,1
8617,356.52371,1.0,1819.0,749.9,1069.1,0.0,0.333333,0.75,0,27,1200.0,1402.326881,186.651138,0.0,12,1
8618,272.310015,1.0,575.3,220.34,354.96,0.0,0.083333,1.0,0,14,1500.0,354.086664,201.23698,0.0,12,1
8630,221.29129,1.0,1429.54,653.82,775.72,0.0,0.5,0.666667,0,24,700.0,1277.898622,149.825296,0.375,12,1
8661,327.508171,0.875,2477.68,1419.31,1058.37,0.0,0.875,0.75,0,42,2000.0,1724.519418,129.61823,0.833333,8,1
8662,599.909949,1.0,4947.32,3149.59,1797.73,0.0,1.0,0.916667,0,73,3000.0,5024.430008,218.172915,0.083333,12,1
8682,459.036183,1.0,755.0,185.0,570.0,0.0,0.083333,1.0,0,13,2000.0,181.336934,198.58317,0.0,12,1
8683,91.669477,0.363636,824.5,737.3,87.2,0.0,0.083333,0.25,0,9,1500.0,175.478647,177.923528,1.0,12,1
8693,263.63692,0.727273,1350.7,1060.7,290.0,0.0,0.5,0.25,0,17,1500.0,837.745205,196.198784,0.0,12,1
8707,78.448912,1.0,1875.18,977.85,897.33,0.0,0.833333,0.916667,0,78,1200.0,1656.503571,172.161277,1.0,12,1
8716,477.847191,1.0,1006.0,942.12,63.88,0.0,0.75,0.166667,0,24,500.0,561.212055,459.735118,0.0,12,1
8725,1374.266113,1.0,1814.3,1596.8,217.5,0.0,0.333333,0.416667,0,10,6500.0,2668.399516,413.987806,0.0,12,1
8747,16.428326,0.909091,441.5,124.7,316.8,0.0,0.166667,0.916667,0,14,1000.0,482.547848,91.328536,0.333333,12,1
8764,708.315197,1.0,2252.32,452.32,1800.0,0.0,0.181818,0.727273,0,12,2500.0,2155.891761,208.895886,0.1,11,1
8769,116.581583,0.818182,1045.14,227.14,818.0,0.0,0.181818,0.545455,0,17,9000.0,1258.396242,144.115556,0.333333,11,1
8821,48.161019,0.777778,318.05,166.8,151.25,0.0,0.111111,0.222222,0,8,1200.0,425.122515,72.507248,0.0,9,1
8825,72.881984,1.0,654.84,460.89,193.95,0.0,0.888889,0.888889,0,17,1500.0,580.489782,130.035215,0.714286,9,1
8837,272.624436,0.888889,1843.0,470.0,1373.0,0.0,0.111111,0.444444,0,6,1000.0,1477.357626,140.980969,0.4,9,1
8864,88.439209,0.75,690.4,236.5,453.9,0.0,0.25,0.5,0,9,2000.0,585.954634,115.263984,0.0,8,1
8887,204.440114,1.0,384.81,169.0,215.81,0.0,0.142857,0.857143,0,8,1000.0,89.921689,100.913002,0.0,7,1
8897,328.686581,1.0,2806.78,2588.53,218.25,0.0,0.714286,0.285714,0,26,1200.0,1796.886852,93.017466,0.25,7,1
8903,466.723482,0.833333,947.21,498.01,449.2,0.0,0.333333,0.666667,0,27,1500.0,38.775803,131.313627,0.0,6,1
8923,486.661842,0.833333,1898.88,939.09,959.79,0.0,0.666667,0.666667,0,24,1200.0,669.03964,336.880119,0.5,6,1
