,BALANCE,BALANCE_FREQUENCY,PURCHASES,ONEOFF_PURCHASES,INSTALLMENTS_PURCHASES,CASH_ADVANCE,ONEOFF_PURCHASES_FREQUENCY,PURCHASES_INSTALLMENTS_FREQUENCY,CASH_ADVANCE_TRX,PURCHASES_TRX,CREDIT_LIMIT,PAYMENTS,MINIMUM_PAYMENTS,PRC_FULL_PAYMENT,TENURE,KMC_clusters
0,3.735303702663308,0.818182,4.5685062016165,0.0,4.5685062016165,0.0,0.0,0.083333,0.0,1.0986122886681098,6.90875477931522,5.312230547798351,4.945277144710759,0.0,12,4
5,7.5015398929484585,1.0,7.1961470995031585,0.0,7.1961470995031585,0.0,0.0,0.583333,0.0,2.1972245773362196,7.496097345175956,7.244982780319138,7.786653975212626,0.0,12,4
7,7.509144970103254,1.0,6.080390756302384,0.0,6.080390756302384,0.0,0.0,1.0,0.0,2.5649493574615367,7.741099090035366,6.522188502413885,6.278585193239496,0.0,12,4
10,7.16559002295018,1.0,6.8255903209275,0.0,6.8255903209275,0.0,0.0,1.0,0.0,2.5649493574615367,7.0909098220799835,6.988690825187471,7.684185035477527,0.0,12,4
17,3.739798042057795,0.454545,6.253828811575473,0.0,6.253828811575473,0.0,0.0,0.333333,0.0,2.1972245773362196,7.824445930877619,5.543577188189688,4.306807558934665,0.25,12,4
19,8.182830589190715,1.0,5.990564141864818,0.0,5.990564141864818,0.0,0.0,1.0,0.0,2.5649493574615367,8.294299608857235,6.96127752820317,9.430804286668868,0.0,12,4
20,7.609705937961825,1.0,5.179984179586172,0.0,5.179984179586172,0.0,0.0,0.666667,0.0,2.1972245773362196,7.601402334583733,5.411952254970081,9.514753982813254,0.0,12,4
22,4.892919056208852,0.636364,6.705516688347823,0.0,6.705516688347823,0.0,0.0,1.0,0.0,2.8903717578961645,7.496097345175956,7.766683793755752,4.469688939347446,0.0,12,4
25,5.140386009793119,1.0,5.992963423231718,0.0,5.992963423231718,0.0,0.0,1.0,0.0,2.5649493574615367,8.006700845440367,5.3766947283025095,5.099900183352035,0.0,12,4
27,4.841781178834473,1.0,5.456516981221582,0.0,5.456516981221582,0.0,0.0,1.0,0.0,2.5649493574615367,6.90875477931522,5.341250962068848,5.110473503852051,0.0,12,4
29,3.1382508477086843,1.0,4.61512051684126,0.0,4.61512051684126,0.0,0.0,0.416667,0.0,1.791759469228055,8.839421607620602,5.086161806788292,5.079442454117678,0.0,12,4
34,8.16567680947387,0.727273,6.30678610536318,0.0,6.30678610536318,0.0,0.0,1.0,0.0,2.70805020110221,9.305741456739435,9.07527727374647,9.790518068068778,0.0,12,4
77,6.362699910035696,1.0,5.771441123130016,0.0,5.771441123130016,0.0,0.0,0.666667,0.0,2.1972245773362196,7.313886831633462,7.272336285780348,5.253249611110729,0.0,12,4
80,2.910041642177587,0.909091,5.504721593857949,3.718680945350726,5.326127067187304,0.0,0.166667,0.583333,0.0,2.6390573296152584,8.517393171418904,5.882770932843391,4.808302162738161,0.181818,12,4
82,1.5657597596409527,0.636364,4.898212864681969,3.374168709274236,4.662022997580874,0.0,0.166667,0.25,0.0,1.791759469228055,9.392745258631441,5.352111333645686,4.6104933428158,0.444444,12,4
83,3.7719429024452684,0.545455,5.983936280687191,0.0,5.983936280687191,0.0,0.0,0.416667,0.0,2.5649493574615367,7.0909098220799835,6.588384644386054,4.954484283243715,1.0,12,4
98,1.7418758824899843,0.363636,4.382026634673881,0.0,4.382026634673881,0.0,0.0,0.166667,0.0,1.3862943611198906,8.853808274977197,5.388250378901539,4.810403950253194,1.0,12,4
101,3.1943540486844593,0.272727,7.205843024147799,0.0,7.205843024147799,0.0,0.0,1.0,0.0,2.5649493574615367,7.601402334583733,6.5696905892803015,4.021624395851061,0.0,12,4
106,6.01531867412121,1.0,6.848684449405085,0.0,6.848684449405085,0.0,0.0,1.0,0.0,2.5649493574615367,7.824445930877619,7.001964325488924,5.179593541613167,0.083333,12,4
116,5.415049254386517,0.636364,7.745340408858405,0.0,7.745340408858405,0.0,0.0,0.5,0.0,2.5649493574615367,8.77971129020447,7.0965656378910005,4.6088917324356,0.333333,12,4
118,4.0241586758043235,0.272727,6.206575926724928,0.0,6.206575926724928,0.0,0.0,0.166667,0.0,1.0986122886681098,8.853808274977197,7.586217950962711,4.997549730332755,1.0,12,4
122,7.65688511608913,1.0,8.62727554164635,0.0,8.62727554164635,0.0,0.0,1.0,0.0,4.330733340286331,9.04793908261736,8.179193565649877,6.447312407686196,0.0,12,4
132,3.2302101480570484,0.636364,5.527840524826286,0.0,5.527840524826286,0.0,0.0,0.5,0.0,2.0794415416798357,8.006700845440367,5.7707022302782205,5.162680937030025,0.0,12,4
134,5.447207067376491,1.0,6.089044875446846,0.0,6.089044875446846,0.0,0.0,0.916667,0.0,3.1354942159291497,8.294299608857235,6.319178077288133,5.2262360002100205,0.0,12,4
152,3.916139640447012,1.0,6.769917484247027,0.0,6.769917484247027,0.0,0.0,1.0,0.0,3.2188758248682006,8.987321812850125,6.729632835956811,5.267915714108035,1.0,12,4
155,4.7938125907331095,0.363636,7.528514545701073,0.0,7.528514545701073,0.0,0.0,0.25,0.0,1.6094379124341003,9.90353755128617,8.0408577578998,5.66954855050953,0.25,12,4
164,4.750082468648672,1.0,6.154815630269835,0.0,6.154815630269835,0.0,0.0,0.833333,0.0,1.9459101490553132,6.90875477931522,5.908379937538513,4.467085344991896,0.5,6,4
166,6.714296645742944,0.363636,4.887638691386985,0.0,4.887638691386985,0.0,0.0,1.0,0.0,2.5649493574615367,8.987321812850125,7.978335502991533,5.497985505982435,0.0,12,4
168,7.029197888444581,1.0,6.830442175879467,0.0,6.830442175879467,0.0,0.0,1.0,0.0,2.5649493574615367,6.90875477931522,7.0931652134909795,7.466248920403741,0.0,12,4
172,3.182671817678435,0.363636,5.707110264748875,0.0,5.707110264748875,0.0,0.0,0.166667,0.0,1.3862943611198906,9.433563920090563,5.679997965781477,3.7944253200933304,0.181818,12,4
179,3.617284414207216,0.454545,5.549504008886889,0.0,5.549504008886889,0.0,0.0,0.416667,0.0,1.791759469228055,8.575650760987806,6.7242834472755835,5.2472186163934245,0.166667,12,4
185,5.132986894247648,0.818182,7.605914876365619,0.0,7.605914876365619,0.0,0.0,0.75,0.0,3.1354942159291497,7.0909098220799835,7.868545266803646,5.291486881809889,0.142857,12,4
193,8.605917562859421,1.0,7.282293716409806,0.0,7.282293716409806,0.0,0.0,0.5,0.0,2.9444389791664403,9.711176264112805,7.2322049092625935,7.47093829791957,0.0,12,4
202,3.2397466265609642,0.909091,5.570784273193337,0.0,5.570784273193337,0.0,0.0,0.833333,0.0,2.3978952727983707,8.294299608857235,5.934255113142999,5.1403932763541365,0.818182,12,4
205,1.302132556603058,0.090909,3.793014218845944,0.0,3.793014218845944,0.0,0.0,0.083333,0.0,0.6931471805599453,8.294299608857235,4.876015568499814,3.4242643158295567,0.090909,12,4
214,4.3392167150183,0.727273,6.293419278846481,0.0,6.293419278846481,0.0,0.0,0.166667,0.0,1.3862943611198906,8.294299608857235,6.309858787366061,3.9051984711786405,0.0,12,4
217,2.1480448372919594,0.545455,4.978525240178022,4.220683484265119,4.359013860364809,0.0,0.083333,0.166667,0.0,2.0794415416798357,9.350189267092581,4.9105263867944045,4.3374869045976565,0.111111,12,4
231,5.636961157922299,1.0,8.018269787707208,0.0,8.018269787707208,0.0,0.0,1.0,0.0,2.5649493574615367,7.972810784121404,7.982726938739294,7.913636962281107,0.083333,12,4
238,3.909993166698711,0.545455,5.51379158355734,0.0,5.51379158355734,5.211438720749233,0.0,0.416667,1.3862943611198906,2.0794415416798357,8.612685172875459,6.017606820627139,4.2615732367717705,0.0,12,4
245,2.2039808135961816,0.363636,4.897839799950911,0.0,4.897839799950911,0.0,0.0,0.166667,0.0,1.3862943611198906,8.006700845440367,4.879863670755229,3.7480110796128785,0.181818,12,4
247,2.0001795604101122,1.0,4.390242789445222,0.0,4.390242789445222,0.0,0.0,1.0,0.0,2.5649493574615367,7.313886831633462,4.3424576048653964,4.343386399010938,0.0,12,4
251,6.9052343240437555,1.0,6.517612186971758,0.0,6.517612186971758,0.0,0.0,1.0,0.0,2.5649493574615367,6.90875477931522,7.524346638233309,7.232222046778647,0.083333,12,4
252,3.0208173457073983,1.0,5.26857954828408,0.0,5.26857954828408,0.0,0.0,0.416667,0.0,1.791759469228055,7.601402334583733,5.4002590095152945,4.289980737547007,0.25,12,4
255,3.1436902322901004,0.363636,5.460266133534054,0.0,5.460266133534054,0.0,0.0,0.272727,0.0,1.6094379124341003,7.313886831633462,6.175681180027004,5.017132912114734,0.5,11,4
258,8.625363977422673,1.0,7.3832935637263475,0.0,7.3832935637263475,0.0,0.0,1.0,0.0,4.442651256490317,9.510519035757246,7.367968441383273,7.704198122157399,0.0,12,4
278,7.296071385931861,1.0,6.028278520230698,0.0,6.028278520230698,0.0,0.0,0.666667,0.0,2.302585092994046,9.259225769705994,8.676747588827824,6.347827540895325,0.5,12,4
281,7.030271610454305,1.0,6.214528095222021,0.0,6.214528095222021,4.294005953053106,0.0,1.0,0.6931471805599453,2.5649493574615367,6.90875477931522,6.722034534690774,7.392887287541765,0.0,12,4
294,3.757314996988812,1.0,6.125470826955716,0.0,6.125470826955716,0.0,0.0,0.916667,0.0,2.70805020110221,8.699681400989514,5.918883577338619,5.1016186600609315,0.333333,12,4
318,3.715745824331571,1.0,5.420534999272286,0.0,5.420534999272286,0.0,0.0,1.0,0.0,2.5649493574615367,7.313886831633462,5.788670354732417,5.659909256968724,0.166667,12,4
325,4.074868563576975,1.0,6.537184229851293,0.0,6.537184229851293,0.0,0.0,1.0,0.0,3.2188758248682006,7.313886831633462,6.119951013904704,5.005847651604077,0.333333,12,4
336,4.598797312297384,0.181818,4.189654742026425,0.0,4.189654742026425,0.0,0.0,0.166667,0.0,1.0986122886681098,7.0909098220799835,6.5789655156472255,4.001047050641572,0.0,12,4
338,2.8866643383459376,0.454545,5.167183098523235,0.0,5.167183098523235,0.0,0.0,0.25,0.0,1.791759469228055,7.824445930877619,5.852450667364191,5.0126406220814,0.75,12,4
339,8.118693098775825,1.0,5.496676301039615,0.0,5.496676301039615,0.0,0.0,1.0,0.0,2.5649493574615367,9.510519035757246,8.713600919129368,6.793061474483781,0.090909,12,4
345,2.9100088486161044,0.454545,5.968707559985366,4.51085950651685,5.707110264748875,0.0,0.083333,0.5,0.0,2.0794415416798357,7.601402334583733,5.71523059745021,4.326347433612016,0.0,12,4
349,3.1170762504157894,0.909091,5.6550123102867715,0.0,5.6550123102867715,0.0,0.0,0.666667,0.0,2.833213344056216,8.517393171418904,5.844012180076935,5.054925564787398,0.8,12,4
365,7.154869341844259,1.0,7.096928310725193,0.0,7.096928310725193,0.0,0.0,1.0,0.0,4.0943445622221,7.0909098220799835,7.157506384020914,7.171347078182029,0.0,12,4
367,8.656739656490874,1.0,7.395531289694516,0.0,7.395531289694516,0.0,0.0,1.0,0.0,3.912023005428146,8.612685172875459,7.827521861881094,8.921518178766997,0.0,12,4
374,7.623906529297271,1.0,6.973805157443636,0.0,6.973805157443636,0.0,0.0,1.0,0.0,3.4339872044851463,7.601402334583733,7.612226003047621,8.030870340433564,0.0,12,4
377,4.97289072610442,0.636364,7.397561535524052,0.0,7.397561535524052,0.0,0.0,0.583333,0.0,2.0794415416798357,7.824445930877619,7.8445540724124605,5.064298145198881,1.0,12,4
388,4.384397933421364,1.0,6.551251748922635,0.0,6.551251748922635,0.0,0.0,1.0,0.0,3.2188758248682006,7.824445930877619,6.549618700232631,5.219589861532862,0.583333,12,4
389,6.212421764134231,1.0,5.506915646420211,0.0,5.506915646420211,0.0,0.0,0.5,0.0,2.0794415416798357,8.294299608857235,5.7984762675634505,5.113843318806708,0.0,12,4
394,5.310000848092839,1.0,6.398594934535208,0.0,6.398594934535208,0.0,0.0,0.416667,0.0,1.9459101490553132,6.90875477931522,5.521726114694458,5.224544672028641,0.0,12,4
396,8.42173666582389,1.0,5.545646084650602,1.791759469228055,5.525930912533698,0.0,0.25,0.5,0.0,2.4849066497880004,9.04793908261736,7.440928598021261,7.023322650310599,0.0,12,4
401,7.613899074963236,1.0,6.658434576194791,0.0,6.658434576194791,0.0,0.0,0.916667,0.0,3.367295829986474,7.601402334583733,7.252995872387006,7.266483531439375,0.0,12,4
414,5.765298745893938,1.0,7.153505366101731,0.0,7.153505366101731,0.0,0.0,1.0,0.0,3.044522437723423,8.853808274977197,6.316685716463661,5.1609862440847944,0.0,12,4
443,6.39657585930442,1.0,6.253828811575473,0.0,6.253828811575473,0.0,0.0,0.636364,0.0,2.302585092994046,8.412054873292933,6.433351202755637,5.353034024783204,0.0,11,4
449,3.096898455278453,0.545455,5.440250862436703,4.007333185232471,5.173320876373351,0.0,0.083333,0.416667,0.0,2.0794415416798357,8.055475141757274,6.050220690287262,5.065576855125363,0.714286,12,4
456,4.823454663098984,0.909091,7.280476785421319,0.0,7.280476785421319,0.0,0.0,1.0,0.0,3.044522437723423,8.699681400989514,7.36797490811598,4.933222690221019,0.454545,12,4
467,3.9746157410022076,1.0,6.339477080468061,0.0,6.339477080468061,4.626318760032606,0.0,1.0,0.6931471805599453,2.70805020110221,9.04793908261736,7.926528879857684,5.302327918522374,0.25,12,4
474,7.035741049278737,1.0,3.950859029213344,0.0,3.950859029213344,0.0,0.0,0.333333,0.0,1.6094379124341003,7.0909098220799835,5.773286587437049,5.9567359656063585,0.0,12,4
475,8.140893079474493,1.0,5.937641740410475,0.0,5.937641740410475,0.0,0.0,0.166667,0.0,1.6094379124341003,9.332646496360152,8.370301294034393,8.408383146746225,0.0,12,4
480,3.844881376476701,0.545455,6.111378643773319,0.0,6.111378643773319,0.0,0.0,0.5,0.0,2.1972245773362196,8.853808274977197,6.931676046459619,4.858175794528278,0.6,12,4
498,4.845815775172815,0.636364,6.81783057145415,0.0,6.81783057145415,0.0,0.0,0.333333,0.0,1.791759469228055,8.922791623969637,7.449781789428811,4.9500447596155075,1.0,12,4
504,4.861169676649224,0.818182,5.214609617474552,0.0,5.214609617474552,0.0,0.0,0.833333,0.0,2.3978952727983707,8.517393171418904,7.238963471947687,5.235241087812771,0.3,12,4
505,3.884380446020005,0.727273,5.9409078234908295,0.0,5.9409078234908295,0.0,0.0,0.583333,0.0,2.0794415416798357,7.824445930877619,6.466057050098865,5.060340575925703,1.0,12,4
506,7.333157949073237,1.0,6.775297595439944,0.0,6.775297595439944,0.0,0.0,0.75,0.0,2.9444389791664403,7.313886831633462,6.575411994693223,7.3157133404316355,0.0,12,4
510,3.497792311579085,0.909091,5.994983348857101,0.0,6.195200992896963,0.0,0.0,0.75,0.0,2.4849066497880004,8.412054873292933,5.870906518154242,4.891339765198424,0.666667,12,4
518,3.7938514443055174,1.0,6.346232674226486,0.0,6.346232674226486,0.0,0.0,1.0,0.0,2.995732273553991,9.711176264112805,6.632557427999824,5.10013683638246,1.0,12,4
519,7.536684759469263,1.0,5.726130878319963,0.0,5.726130878319963,0.0,0.0,0.583333,0.0,2.70805020110221,7.313886831633462,6.253362320092931,9.902387233407001,0.0,12,4
530,5.247659344016795,0.909091,6.958543445814242,0.0,6.958543445814242,0.0,0.0,0.833333,0.0,2.6390573296152584,8.006700845440367,7.171776521441516,5.131241960293931,0.375,12,4
547,5.578594086939105,1.0,7.52706214387286,0.0,7.52706214387286,0.0,0.0,1.0,0.0,2.5649493574615367,7.496097345175956,7.373097776386276,7.597184162234723,0.0,12,4
555,5.275527652547191,1.0,7.069670025998429,0.0,7.069670025998429,0.0,0.0,1.0,0.0,3.7376696182833684,8.412054873292933,7.155626562660256,5.3218158811212035,0.0,12,4
562,6.937412156025841,1.0,3.914021008090819,0.0,3.914021008090819,0.0,0.0,0.25,0.0,1.3862943611198906,6.90875477931522,4.109635950733557,9.020505354132945,0.0,12,4
565,8.422391586185938,1.0,8.168024292222826,0.0,8.168024292222826,0.0,0.0,1.0,0.0,4.204692619390966,9.61587214452889,9.5528634147772,7.27512612101722,0.25,12,4
567,8.148470589009584,1.0,7.803680024903419,0.0,7.803680024903419,0.0,0.0,1.0,0.0,2.5649493574615367,7.438971592395862,5.431599547496909,10.558754365298494,0.0,12,4
575,6.974508609367955,0.727273,4.60487014097909,0.0,4.60487014097909,0.0,0.0,0.416667,0.0,1.791759469228055,7.824445930877619,8.187574576900108,6.100802191743181,0.0,12,4
595,2.3944981454534395,0.545455,4.607068383271171,0.0,4.607068383271171,0.0,0.0,0.5,0.0,2.0794415416798357,8.294299608857235,5.347177275904264,4.99949006950849,0.166667,12,4
599,6.822995379332332,1.0,2.9657883971809187,0.0,2.9657883971809187,0.0,0.0,0.083333,0.0,0.6931471805599453,6.90875477931522,7.250132612577438,6.053555375870428,0.0,12,4
607,4.684888782681799,0.636364,6.989418211843212,0.0,6.989418211843212,0.0,0.0,0.666667,0.0,2.302585092994046,8.987321812850125,7.324245469563922,5.031052379633123,0.714286,12,4
618,2.8548423877897924,0.3,5.25227342804663,0.0,5.25227342804663,0.0,0.0,0.2,0.0,1.3862943611198906,8.294299608857235,5.778006650534199,4.946451135053909,0.5,10,4
623,2.359092450498361,1.0,4.784152841516532,4.2626798770413155,3.903990833730882,0.0,0.083333,0.916667,0.0,3.258096538021482,8.101980731853192,4.777273732939387,4.051799573783301,0.1,12,4
630,5.668066370779437,1.0,6.933452265069323,0.0,6.933452265069323,0.0,0.0,1.0,0.0,4.219507705176107,7.937731775260109,7.047003579030876,5.215898810029448,0.083333,12,4
653,4.137471849511937,0.363636,6.19766537769188,0.0,6.19766537769188,0.0,0.0,0.272727,0.0,1.3862943611198906,9.798182590890704,7.088698422033555,4.88428710703254,1.0,11,4
659,3.380808194373293,0.181818,5.940960414934214,0.0,5.940960414934214,0.0,0.0,0.166667,0.0,1.9459101490553132,7.824445930877619,6.283795112928834,3.401013831484519,0.181818,12,4
666,7.257887311482901,1.0,5.894760896874546,0.0,5.894760896874546,0.0,0.0,1.0,0.0,2.995732273553991,7.0909098220799835,6.208820047929317,9.67506267579186,0.0,12,4
673,7.059420488585714,1.0,6.281069769121611,0.0,6.281069769121611,3.010242637180756,0.0,0.583333,0.6931471805599453,2.1972245773362196,7.0909098220799835,6.450829239278196,7.241779193765073,0.0,12,4
678,6.710595859546636,1.0,5.097179895496441,0.0,5.097179895496441,0.0,0.0,0.5,0.0,1.9459101490553132,6.90875477931522,5.378446052063834,8.893249406108634,0.0,12,4
680,0.880354283613849,0.2,3.039749158970765,0.0,3.039749158970765,0.0,0.0,0.1,0.0,1.0986122886681098,8.77971129020447,3.9244051888107236,3.9076650232030663,0.5,10,4
686,4.99025047495929,0.818182,7.031811927644116,0.0,7.031811927644116,0.0,0.0,0.5,0.0,3.258096538021482,9.798182590890704,7.184287457500057,6.178882982304469,0.25,12,4
687,7.572910446235471,1.0,4.434974808991977,0.0,4.434974808991977,0.0,0.0,0.142857,0.0,0.6931471805599453,8.294299608857235,5.674536043488399,5.625687598171645,0.0,7,4
697,8.392978923497893,1.0,6.0417773609815715,0.0,6.0417773609815715,0.0,0.0,1.0,0.0,2.5649493574615367,8.343077871169383,6.148905918095809,10.098359118732384,0.0,12,4
713,4.497849550550026,1.0,5.67897735573723,0.0,5.67897735573723,0.0,0.0,0.666667,0.0,2.3978952727983707,8.987321812850125,5.835916783062891,5.348618683588706,0.083333,12,4
736,0.22770114966666494,0.090909,3.2188758248682006,0.0,3.2188758248682006,0.0,0.0,0.166667,0.0,1.0986122886681098,7.313886831633462,2.3545429015431467,2.286719903804463,0.0,12,4
741,4.434136817192452,1.0,6.9857435700940735,0.0,6.9857435700940735,0.0,0.0,1.0,0.0,3.1780538303479458,9.105090961257085,6.971980495107318,5.188030480674836,1.0,12,4
745,7.343413207717181,1.0,6.7812732667021995,0.0,6.833516529046604,0.0,0.0,1.0,0.0,3.8501476017100584,7.313886831633462,7.08213123879215,7.00773903152102,0.0,12,4
751,8.13372649076062,1.0,7.039660349862076,0.0,7.039660349862076,0.0,0.0,0.5,0.0,1.9459101490553132,8.202756381655638,7.84078381775736,7.847897294018537,0.0,12,4
761,3.189515230182241,0.636364,6.681557066938699,0.0,6.681557066938699,0.0,0.0,1.0,0.0,2.6390573296152584,8.294299608857235,6.817259632788524,4.643389503681493,0.636364,12,4
784,4.491356330204924,0.636364,6.632410126157487,0.0,6.632410126157487,0.0,0.0,0.5,0.0,2.0794415416798357,8.699681400989514,6.219424500911674,4.4313050010817765,0.416667,12,4
785,2.7556967274401374,0.818182,4.808111029984782,0.0,4.808111029984782,0.0,0.0,0.818182,0.0,2.302585092994046,8.294299608857235,4.928329895689916,4.837352928441243,0.0,11,4
791,2.406587476808195,1.0,5.225316473663546,0.0,5.225316473663546,0.0,0.0,1.0,0.0,2.5649493574615367,8.294299608857235,5.2267638175373135,4.875141100246625,0.545455,12,4
795,6.470072659199709,1.0,5.597236070925805,0.0,5.597236070925805,0.0,0.0,1.0,0.0,2.5649493574615367,7.0909098220799835,7.351600657426848,6.085225782462446,0.166667,12,4
797,5.291068139277842,1.0,7.537856157824447,0.0,7.537856157824447,0.0,0.0,1.0,0.0,2.5649493574615367,8.517393171418904,7.447872180664541,5.103901161474718,1.0,12,4
799,3.320710961673979,0.545455,6.256709274440827,0.0,6.256709274440827,0.0,0.0,0.5,0.0,2.772588722239781,8.294299608857235,6.314218642029668,4.497742991776123,0.454545,12,4
814,1.7053390085220943,0.181818,4.114800570789483,0.0,4.114800570789483,0.0,0.0,0.166667,0.0,1.0986122886681098,8.294299608857235,6.157471279643186,4.7142803698451425,0.5,12,4
816,7.5188025446430675,1.0,7.732623464403156,0.0,7.732623464403156,0.0,0.0,0.916667,0.0,3.044522437723423,7.496097345175956,7.809587577236341,7.575029874620598,0.0,12,4
822,7.215159565938253,1.0,4.509760001183433,3.367295829986474,4.141546163706395,0.0,0.083333,0.166667,0.0,1.6094379124341003,8.853808274977197,5.781805827882193,6.017750182845862,0.0,12,4
836,6.845004791426019,1.0,7.161947783846654,0.0,7.161947783846654,0.0,0.0,0.916667,0.0,3.1780538303479458,7.313886831633462,6.927103069522427,5.2868539266725705,0.0,12,4
837,4.8704080101331595,1.0,7.006441571480835,0.0,7.006441571480835,0.0,0.0,1.0,0.0,2.772588722239781,8.294299608857235,7.025108284410997,5.189842171976625,0.833333,12,4
847,4.152551927571856,1.0,6.16541785423142,0.0,6.16541785423142,0.0,0.0,0.916667,0.0,2.5649493574615367,7.313886831633462,6.014037932795636,5.144302754963075,0.9,12,4
858,6.814622492335874,1.0,2.94706710157271,0.0,2.94706710157271,3.0016565403799556,0.0,0.083333,0.6931471805599453,0.6931471805599453,6.90875477931522,5.459103300025276,5.445901802848308,0.0,12,4
876,3.826695482687165,1.0,6.10022926189937,0.0,6.10022926189937,0.0,0.0,1.0,0.0,2.5649493574615367,8.006700845440367,6.058845152258437,5.1452117979017835,1.0,12,4
881,3.121549966948993,1.0,5.703915799101436,0.0,5.703915799101436,0.0,0.0,1.0,0.0,2.5649493574615367,8.922791623969637,5.7733602368390144,5.243691926724994,0.916667,12,4
896,8.028735793139852,1.0,4.450269224770129,0.0,4.450269224770129,0.0,0.0,0.75,0.0,2.302585092994046,8.987321812850125,6.828671039414592,6.568915665734887,0.0,12,4
899,3.995242311596815,1.0,5.757260048434348,0.0,5.757260048434348,0.0,0.0,1.0,0.0,2.5649493574615367,6.90875477931522,5.2714582123253475,5.098215730807351,0.0,12,4
911,3.2511557370637005,0.727273,5.3471075307174685,0.0,5.3471075307174685,0.0,0.0,0.333333,0.0,1.9459101490553132,7.313886831633462,5.632132895100654,5.037265845555665,0.75,12,4
914,1.3755536354870488,0.272727,5.316746502016404,0.0,5.316746502016404,0.0,0.0,0.833333,0.0,2.3978952727983707,8.412054873292933,3.484195502412343,3.9891988568242316,0.0,12,4
915,6.974884875383048,1.0,3.332204510175204,0.0,3.332204510175204,0.0,0.0,0.083333,0.0,0.6931471805599453,7.0909098220799835,5.396769736316932,5.7408501987139555,0.0,12,4
918,0.6246156312189964,0.272727,3.318540147981146,0.0,3.318540147981146,0.0,0.0,0.333333,0.0,1.6094379124341003,8.412054873292933,2.9620102747232497,2.2767936343934725,0.090909,12,4
947,3.721650397726458,0.545455,5.071228542871542,0.0,5.071228542871542,0.0,0.0,0.083333,0.0,0.6931471805599453,8.006700845440367,7.732496419806014,4.301262168678795,0.0,12,4
949,7.288435855008796,1.0,6.248042874508429,0.0,6.248042874508429,0.0,0.0,1.0,0.0,2.5649493574615367,7.313886831633462,6.624553066290665,6.918083404798434,0.0,12,4
963,7.552815253314812,1.0,6.1240705116560035,0.0,6.1240705116560035,0.0,0.0,1.0,0.0,3.1354942159291497,8.006700845440367,6.358382219494074,6.5552846459577525,0.0,12,4
964,4.24872787213174,0.909091,6.621272487105839,0.0,6.621272487105839,0.0,0.0,0.818182,0.0,2.3978952727983707,7.313886831633462,6.5544857756570325,5.031672335660139,0.777778,11,4
965,7.963403936671229,1.0,6.320768294250582,0.0,6.320768294250582,0.0,0.0,0.583333,0.0,2.5649493574615367,8.006700845440367,7.242817419742458,7.42746755641407,0.0,12,4
975,5.84344650789059,1.0,8.275916218905884,0.0,8.275916218905884,0.0,0.0,1.0,0.0,3.5553480614894135,8.612685172875459,8.196432240386654,5.2955868871797875,0.333333,12,4
980,4.748303222443904,1.0,5.209486152841421,0.0,5.209486152841421,0.0,0.0,0.333333,0.0,1.6094379124341003,7.313886831633462,5.139955127207817,5.1356441310280525,0.083333,12,4
986,6.962747191540984,1.0,5.14166355650266,0.0,5.14166355650266,0.0,0.0,0.166667,0.0,1.3862943611198906,7.0909098220799835,5.439387166348183,5.704954723970084,0.0,12,4
996,2.3517530905373625,1.0,4.5810823904590015,0.0,4.5810823904590015,0.0,0.0,1.0,0.0,2.995732273553991,8.412054873292933,6.9920344080294905,4.534940149528053,0.25,12,4
1000,7.6125688097657065,1.0,3.1570004211501135,0.0,3.1570004211501135,0.0,0.0,0.416667,0.0,1.791759469228055,9.210440366976517,7.632156505114289,6.07915986411564,0.0,12,4
1006,3.741153091558164,1.0,6.716594773520978,0.0,6.716594773520978,0.0,0.0,1.0,0.0,2.5649493574615367,7.824445930877619,6.7897348177675365,4.890499755974568,0.727273,12,4
1055,4.052420780401517,1.0,6.216446407695832,0.0,6.216446407695832,0.0,0.0,1.0,0.0,2.5649493574615367,8.006700845440367,6.2096997963916225,5.275574931749202,0.416667,12,4
1056,3.698240007121941,1.0,5.551019720103791,0.0,5.551019720103791,0.0,0.0,0.666667,0.0,2.302585092994046,7.0909098220799835,5.108201533144634,4.883610148913765,0.166667,12,4
1066,2.0687324030048178,0.454545,4.282206299391671,0.0,4.282206299391671,0.0,0.0,0.083333,0.0,1.0986122886681098,7.601402334583733,3.11584636795838,4.732546886039437,0.0,12,4
1070,6.958378799621318,1.0,5.017279836814924,0.0,5.017279836814924,4.748948382839941,0.0,0.5,0.6931471805599453,1.9459101490553132,6.90875477931522,5.479051802031013,8.576397246493594,0.0,12,4
1071,4.15317268502558,1.0,6.417238690214011,0.0,6.417238690214011,0.0,0.0,1.0,0.0,3.6375861597263857,7.313886831633462,6.245462177934678,4.947567839742508,0.916667,12,4
1092,2.1432964698459633,0.545455,4.200954297280359,0.0,4.200954297280359,0.0,0.0,0.416667,0.0,1.791759469228055,8.294299608857235,5.24140961423104,4.891782311250467,0.571429,12,4
1102,5.0380085122770115,1.0,7.089409946788388,0.0,7.089409946788388,0.0,0.0,1.0,0.0,2.5649493574615367,8.853808274977197,7.011533705396512,5.221237241921751,0.416667,12,4
1109,9.001597507981959,1.0,5.951735704878986,0.0,5.951735704878986,0.0,0.0,0.416667,0.0,2.0794415416798357,9.305741456739435,7.592639850509884,7.5081213278478796,0.0,12,4
1111,5.550760878840291,1.0,5.33440818669239,0.0,5.33440818669239,0.0,0.0,0.75,0.0,2.302585092994046,6.90875477931522,6.538042940637603,7.539461672534681,0.0,12,4
1112,5.7003963682631635,1.0,4.7637112141166424,2.1724764076470255,4.695010889987881,0.0,0.083333,0.333333,0.0,1.791759469228055,6.90875477931522,7.072916798411447,5.336637592653758,0.083333,12,4
1116,4.5564177031087105,0.666667,6.927891184068437,0.0,6.927891184068437,0.0,0.0,0.666667,0.0,2.0794415416798357,8.517393171418904,6.922997763831049,4.813067599343937,1.0,9,4
1117,0.3974665379968981,0.9,4.804021044733257,0.0,4.804021044733257,0.0,0.0,0.2,0.0,1.0986122886681098,9.472781556562168,5.48264686025339,2.955926741427425,0.1,10,4
1121,7.225608712867427,1.0,5.375278407684165,0.0,5.375278407684165,0.0,0.0,0.166667,0.0,2.3978952727983707,9.04793908261736,6.395282793216374,5.77143073989854,0.0,12,4
1128,3.08932356782974,1.0,5.674559615979298,0.0,5.674559615979298,0.0,0.0,0.833333,0.0,2.5649493574615367,9.210440366976517,5.547378652854337,5.192066788235272,0.727273,12,4
1148,7.506284678524383,1.0,6.8082663804813945,0.0,6.8082663804813945,0.0,0.0,1.0,0.0,4.007333185232471,7.438971592395862,7.13262391428298,7.468152268557228,0.0,12,4
1153,3.76967713057296,0.818182,6.140573969695823,0.0,6.140573969695823,0.0,0.0,0.666667,0.0,2.302585092994046,8.77971129020447,6.216320164001168,5.195865001451515,0.714286,12,4
1158,5.599566603642668,1.0,5.63924395351863,0.0,5.63924395351863,0.0,0.0,0.916667,0.0,2.995732273553991,7.824445930877619,5.178496141444002,5.222898185135051,0.0,12,4
1159,5.445977928189687,1.0,7.519328997528372,0.0,7.519328997528372,0.0,0.0,0.833333,0.0,2.5649493574615367,8.006700845440367,7.409819612687691,5.164902704253121,0.333333,12,4
1160,2.0672731815674186,0.727273,4.983675112513472,0.0,4.983675112513472,0.0,0.0,0.75,0.0,2.302585092994046,8.006700845440367,5.099440757971347,4.219167058927467,0.142857,12,4
1164,3.086003095277549,0.636364,5.5020742040620565,0.0,5.5020742040620565,0.0,0.0,0.25,0.0,1.6094379124341003,8.294299608857235,6.296772500785795,4.294034385877656,0.0,12,4
1177,4.826646716595057,0.727273,7.092989257223127,0.0,7.092989257223127,0.0,0.0,0.583333,0.0,3.7376696182833684,7.824445930877619,7.392861324218706,5.273189494370953,0.833333,12,4
1179,6.880056757295261,1.0,4.9001505609209834,0.0,4.9001505609209834,5.007131777275655,0.0,0.583333,1.0986122886681098,0.6931471805599453,6.90875477931522,6.208902156453327,6.575387938335569,0.0,12,4
1184,5.373472583720649,1.0,6.208590026096629,0.0,6.208590026096629,0.0,0.0,0.833333,0.0,2.5649493574615367,7.824445930877619,6.606719266244567,5.241404628409694,0.083333,12,4
1185,1.7263368240346348,1.0,4.105449341954206,0.0,4.105449341954206,0.0,0.0,0.916667,0.0,2.4849066497880004,8.006700845440367,4.121731039034826,4.2250755728512335,0.0,12,4
1194,6.767030614989199,1.0,3.7393348976024297,0.0,3.7393348976024297,0.0,0.0,0.25,0.0,1.3862943611198906,8.006700845440367,7.251545603672148,5.458685692404702,0.0,12,4
1196,4.3602045301054515,0.818182,6.871723874572634,0.0,6.871723874572634,0.0,0.0,0.833333,0.0,2.70805020110221,8.160803920954665,7.106180510275542,5.097917688801711,0.2,12,4
1201,3.912468826035369,1.0,6.176428443180025,0.0,6.176428443180025,0.0,0.0,1.0,0.0,3.6375861597263857,7.824445930877619,6.457972592663651,5.194247512073063,1.0,12,4
1203,1.2389358124573389,0.090909,3.657130755799356,0.0,3.657130755799356,0.0,0.0,0.083333,0.0,0.6931471805599453,8.294299608857235,6.056875538314081,4.7777264083993085,1.0,12,4
1205,5.513683786220147,1.0,7.27913950899177,0.0,7.27913950899177,0.0,0.0,1.0,0.0,3.1780538303479458,8.517393171418904,7.181452479373733,5.216622594968115,0.0,12,4
1206,7.192012863813688,1.0,6.2840035555273435,0.0,6.2840035555273435,4.750722739064858,0.0,1.0,0.6931471805599453,3.6635616461296463,7.313886831633462,6.3625870856167,5.9957948129592,0.0,12,4
1219,1.9171675821744623,0.272727,4.499476281429027,3.5263605246161616,4.042524813492304,0.0,0.083333,0.083333,0.0,1.0986122886681098,7.908754738783246,6.431660716808883,4.949457434271892,1.0,12,4
1223,1.8342643668721377,0.272727,5.576554980171818,0.0,5.576554980171818,0.0,0.0,0.333333,0.0,2.0794415416798357,8.699681400989514,5.956116757893389,3.804370754639155,0.2,12,4
1224,5.477234948889029,0.75,7.63489317390932,0.0,7.63489317390932,0.0,0.0,0.75,0.0,2.0794415416798357,8.294299608857235,7.670532607725098,4.778930348409872,0.833333,8,4
1230,6.945680462915107,1.0,6.372295374257785,0.0,6.372295374257785,0.0,0.0,1.0,0.0,2.5649493574615367,7.0909098220799835,6.352475964688908,6.255373752155334,0.0,12,4
1234,4.128902675536233,1.0,6.086320078120661,0.0,6.086320078120661,0.0,0.0,0.9,0.0,2.3978952727983707,7.313886831633462,5.909697926850654,5.003419428915096,0.75,10,4
1243,5.983480433731705,0.888889,3.6375861597263857,0.0,3.6375861597263857,0.0,0.0,0.111111,0.0,1.0986122886681098,7.824445930877619,5.499197280122552,5.077030964663776,0.0,9,4
1246,2.488828034432684,0.545455,5.201255653704905,0.0,5.201255653704905,0.0,0.0,0.333333,0.0,2.1972245773362196,8.294299608857235,5.601945278146755,5.163050972535831,0.75,12,4
1258,3.2846233773327564,0.909091,5.501258210544727,0.0,5.501258210544727,5.290173293428752,0.0,1.0,0.6931471805599453,2.833213344056216,8.853808274977197,5.951035295766527,4.537079582335069,0.333333,12,4
1262,8.797873101851192,1.0,3.6087534096346516,0.0,3.6087534096346516,0.0,0.0,0.083333,0.0,0.6931471805599453,9.510519035757246,7.636580049394516,7.494757229965697,0.0,12,4
1265,2.5654738352836106,1.0,4.844187086458591,0.0,4.844187086458591,0.0,0.0,1.0,0.0,2.5649493574615367,8.006700845440367,5.152350087835631,4.66648855299003,0.333333,12,4
1270,3.3415664430623178,1.0,5.44673737166631,0.0,5.44673737166631,0.0,0.0,0.833333,0.0,2.4849066497880004,8.517393171418904,5.168148462987025,5.026591599129198,0.181818,12,4
1272,2.6140986512753916,0.4,4.795790545596741,0.0,4.795790545596741,0.0,0.0,0.2,0.0,1.3862943611198906,8.412054873292933,5.678801386043956,4.326756826001823,1.0,10,4
1296,6.046132552871107,1.0,7.704929085965087,0.0,7.704929085965087,0.0,0.0,0.916667,0.0,2.4849066497880004,8.412054873292933,7.617139874800156,8.41698142704947,0.0,12,4
1306,7.06761325658555,1.0,6.120758850936373,0.0,6.120758850936373,0.0,0.0,0.916667,0.0,3.091042453358316,6.90875477931522,6.105246091912214,9.081681149545282,0.0,12,4
1324,4.075210586328739,0.272727,6.363028103540465,0.0,6.363028103540465,0.0,0.0,0.25,0.0,1.9459101490553132,8.517393171418904,7.66178486930482,4.873986284846623,1.0,12,4
1337,2.9906575187399826,0.363636,5.363636832668679,0.0,5.363636832668679,0.0,0.0,0.25,0.0,2.0794415416798357,6.90875477931522,5.620632353414559,4.098794148115687,0.363636,12,4
1339,5.099289566349656,0.727273,7.3783837129967145,0.0,7.3783837129967145,0.0,0.0,0.666667,0.0,2.1972245773362196,8.699681400989514,7.913576940738437,5.057794230123492,0.666667,12,4
1352,2.8172172028907077,1.0,5.101328772710678,4.02535169073515,4.693547296605504,0.0,0.083333,1.0,0.0,2.6390573296152584,7.0909098220799835,5.197635483444481,4.875081736368579,0.166667,12,4
1354,3.0880181119174113,0.363636,5.691439951457815,0.0,5.691439951457815,0.0,0.0,0.333333,0.0,2.1972245773362196,8.006700845440367,5.756695151802094,4.072643930855222,0.181818,12,4
1362,7.628212545022956,1.0,6.726569077428434,0.0,6.726569077428434,0.0,0.0,1.0,0.0,3.2188758248682006,8.294299608857235,6.929304359752017,7.192962796747365,0.0,12,4
1363,4.124485444213292,0.454545,7.0496453899817535,0.0,7.0496453899817535,0.0,0.0,0.333333,0.0,1.791759469228055,8.294299608857235,7.313790785715404,3.6984811103257798,0.1,12,4
1366,6.616993307172456,1.0,6.423571586162567,0.0,6.423571586162567,0.0,0.0,0.916667,0.0,2.833213344056216,6.90875477931522,7.434920595118021,6.70444568658111,0.083333,12,4
1372,6.970765348883008,0.9,4.034594557816327,0.0,4.034594557816327,0.0,0.0,0.3,0.0,1.6094379124341003,8.294299608857235,7.795107420667485,6.577509437668148,0.0,10,4
1379,7.558761993616109,1.0,5.942799375126701,0.0,5.942799375126701,0.0,0.0,0.416667,0.0,1.9459101490553132,9.04793908261736,6.36000270923307,6.08754075616424,0.0,12,4
1380,3.1196993043922014,1.0,5.2611345754203205,0.0,5.2611345754203205,0.0,0.0,0.666667,0.0,2.833213344056216,8.853808274977197,8.214261112330377,4.623938082056077,0.0,12,4
1390,2.7366252186153357,1.0,5.474285449369816,0.0,5.474285449369816,0.0,0.0,1.0,0.0,2.5649493574615367,7.824445930877619,5.384140403574669,5.141388840409076,1.0,12,4
1401,7.955240845353708,1.0,6.355968762161047,0.0,6.355968762161047,0.0,0.0,1.0,0.0,2.5649493574615367,7.824445930877619,8.271331246863815,8.535779255469944,0.0,12,4
1404,3.7053732800260435,1.0,5.586948988035406,0.0,5.586948988035406,0.0,0.0,0.916667,0.0,2.4849066497880004,7.601402334583733,5.692643886938723,4.921689370714198,0.363636,12,4
1408,4.073535446586422,0.545455,6.120736882812121,0.0,6.120736882812121,0.0,0.0,0.416667,0.0,2.772588722239781,9.259225769705994,6.570873537925427,5.108210748651512,0.25,12,4
1430,7.113588373122824,1.0,5.777652323222656,0.0,5.777652323222656,0.0,0.0,0.583333,0.0,2.6390573296152584,6.90875477931522,4.900533407735981,9.136279444131244,0.0,12,4
1433,7.22145562080659,0.818182,9.423514392252901,0.0,9.423514392252901,0.0,0.0,0.75,0.0,2.302585092994046,9.711176264112805,9.632145645461838,5.692988926662029,1.0,12,4
1446,6.323210460811894,1.0,7.0140233826573315,0.0,7.0140233826573315,0.0,0.0,0.833333,0.0,2.3978952727983707,7.824445930877619,7.130422359202021,5.1499910090446885,0.0,12,4
1448,0.7876493067041028,0.909091,5.762114273884251,5.017081141579645,5.124261554171115,0.0,0.75,0.666667,0.0,3.4339872044851463,8.699681400989514,5.72239931748844,3.3850087161322153,0.0,12,4
1452,7.0196260144966605,1.0,6.880774550650362,0.0,6.880774550650362,0.0,0.0,1.0,0.0,3.091042453358316,7.550135342488429,6.50436377696606,6.2912649525574045,0.0,12,4
1455,4.169540234282413,1.0,6.539354715010789,0.0,6.539354715010789,0.0,0.0,1.0,0.0,3.2188758248682006,7.824445930877619,6.518593469419485,5.1515566568374105,1.0,12,4
1457,5.162833102596693,1.0,7.099201743553092,0.0,7.099201743553092,0.0,0.0,0.875,0.0,2.1972245773362196,6.90875477931522,6.886176378205872,4.740509641830747,0.833333,8,4
1458,1.6832317209578822,0.272727,4.877027708092901,0.0,5.032005319832448,0.0,0.0,0.083333,0.0,0.0,9.546884034617925,10.27470532091495,6.9968505607997,0.5,12,4
1472,3.356691631270369,0.444444,6.165333817086952,0.0,6.165333817086952,0.0,0.0,0.222222,0.0,2.0794415416798357,8.922791623969637,6.417379166375092,4.40810254616258,1.0,9,4
1473,5.6882664073204925,1.0,6.720220155135295,0.0,6.720220155135295,0.0,0.0,0.5,0.0,1.9459101490553132,6.90875477931522,6.297309246540282,5.31990460635795,0.125,10,4
1496,5.976332437046104,1.0,6.233076502705234,0.0,6.233076502705234,0.0,0.0,1.0,0.0,3.6109179126442243,7.313886831633462,5.135787478166684,5.301048892531856,0.0,12,4
1500,1.6849434503947618,0.181818,3.8910036382040705,0.0,3.8910036382040705,0.0,0.0,0.166667,0.0,1.6094379124341003,8.006700845440367,5.526257834240295,4.483907385466453,0.0,12,4
1501,4.706655379274799,1.0,7.659010977445743,0.0,7.659010977445743,0.0,0.0,0.916667,0.0,2.8903717578961645,8.006700845440367,7.728889030076397,5.037417247696042,1.0,12,4
1507,3.313674019084815,1.0,5.550786683244073,0.0,5.550786683244073,0.0,0.0,0.666667,0.0,2.5649493574615367,7.313886831633462,5.465224779301558,5.095739601005387,0.166667,12,4
1514,6.379775383428632,0.636364,8.322880021769905,0.0,8.322880021769905,0.0,0.0,0.5,0.0,2.5649493574615367,9.975854724662028,9.003453014953829,5.41948798231473,1.0,12,4
1526,7.592330513160412,1.0,4.9890711161804155,0.0,4.9890711161804155,0.0,0.0,0.75,0.0,2.3978952727983707,8.699681400989514,7.939132678221218,6.14948855732521,0.083333,12,4
1530,2.0250269336888906,0.272727,4.324000197151533,0.0,4.324000197151533,0.0,0.0,0.166667,0.0,1.3862943611198906,8.294299608857235,3.832884771927829,3.770400637534145,0.166667,12,4
1534,4.886274681028977,1.0,6.560804331939855,0.0,6.560804331939855,0.0,0.0,0.916667,0.0,2.4849066497880004,9.510519035757246,6.508156430676598,5.343119092222466,0.454545,12,4
1543,2.955884491834305,0.272727,4.499809670330265,0.0,4.499809670330265,0.0,0.0,0.083333,0.0,0.6931471805599453,8.294299608857235,7.000262444008466,5.159451105930186,1.0,12,4
1544,2.1368021364687277,0.181818,4.394449154672439,0.0,4.394449154672439,0.0,0.0,0.083333,0.0,1.0986122886681098,8.006700845440367,5.135124880850441,4.088381870656757,0.090909,12,4
1553,3.120783321990347,1.0,5.608958843134728,3.4339872044851463,5.492485145625673,0.0,0.083333,0.916667,0.0,2.5649493574615367,8.294299608857235,5.57942431894634,4.98240870586343,0.777778,12,4
1554,3.361486193579042,1.0,5.906995390481532,0.0,5.906995390481532,0.0,0.0,1.0,0.0,2.5649493574615367,8.517393171418904,5.902179856279217,4.421438831896764,0.25,12,4
1556,6.959519411757895,1.0,5.8734689888702745,0.0,5.8734689888702745,0.0,0.0,1.0,0.0,2.5649493574615367,6.90875477931522,6.349867914461996,7.389688499349543,0.0,12,4
1557,4.7131353346424545,1.0,6.189741470692064,0.0,6.189741470692064,0.0,0.0,0.916667,0.0,2.5649493574615367,6.90875477931522,5.632794714701728,5.338653145284553,0.1,12,4
1561,7.755078441763518,1.0,5.728019699020247,0.0,5.728019699020247,0.0,0.0,0.166667,0.0,1.3862943611198906,8.853808274977197,6.509330602271357,6.443086580850934,0.0,12,4
1581,0.8515205038946267,0.181818,2.9997242948235283,0.0,2.9997242948235283,0.0,0.0,0.083333,0.0,1.0986122886681098,8.853808274977197,5.142721318512551,5.089044588476337,0.0,12,4
1584,7.601800934792284,1.0,6.945532643316167,0.0,6.945532643316167,0.0,0.0,0.416667,0.0,1.791759469228055,8.922791623969637,7.531373182072304,6.112809916778035,0.272727,12,4
1589,6.037492585832988,1.0,5.745755806133625,0.0,5.745755806133625,0.0,0.0,0.416667,0.0,2.0794415416798357,8.006700845440367,6.689521641787929,5.41483757406139,0.0,12,4
1590,4.5942907691681905,1.0,6.715759073331241,0.0,6.715759073331241,0.0,0.0,0.916667,0.0,3.332204510175204,8.922791623969637,6.5558770907653745,5.1030533989106965,1.0,12,4
1591,1.958257886716295,0.181818,5.8118592978082555,0.0,5.8118592978082555,0.0,0.0,1.0,0.0,2.5649493574615367,7.313886831633462,5.416374129182217,3.3814936994707474,0.0,12,4
1597,7.101521715900566,1.0,5.987556922276965,0.0,5.987556922276965,0.0,0.0,1.0,0.0,2.5649493574615367,7.601402334583733,7.461324217517981,5.650354077997729,0.0,12,4
1598,3.908459222691398,1.0,6.288806066526156,0.0,6.288806066526156,0.0,0.0,0.833333,0.0,2.5649493574615367,6.90875477931522,6.1735266973422975,5.185901307870636,1.0,12,4
1606,3.1666627813252517,0.818182,5.574053367981417,0.0,5.574053367981417,0.0,0.0,0.666667,0.0,2.70805020110221,8.160803920954665,5.712667138878434,5.10884667346949,1.0,12,4
1611,1.6834295492497007,0.545455,4.579852378003801,0.0,4.579852378003801,0.0,0.0,0.416667,0.0,1.9459101490553132,8.412054873292933,5.3851537586453695,4.216288322638493,1.0,12,4
1614,7.455458058260337,1.0,6.4450211626834,0.0,6.4450211626834,0.0,0.0,1.0,0.0,3.2188758248682006,8.699681400989514,7.105754066621079,6.089774455043904,0.0,12,4
1620,4.912929281909507,1.0,5.602118820879701,0.0,5.602118820879701,0.0,0.0,0.181818,0.0,1.3862943611198906,8.101980731853192,7.473813458079151,7.294547177521741,1.0,11,4
1628,5.650030581442586,1.0,6.136343808426067,0.0,6.136343808426067,0.0,0.0,0.666667,0.0,2.302585092994046,9.105090961257085,6.267366356426354,5.185828124010344,0.0,12,4
1635,7.391437042698967,1.0,3.1867657709499673,0.0,3.1867657709499673,0.0,0.0,0.333333,0.0,1.6094379124341003,7.601402334583733,6.2176337445351,6.1667346444455475,0.0,12,4
1642,4.47626361380432,1.0,7.009770204388867,0.0,7.009770204388867,6.091247966133796,0.0,1.0,0.6931471805599453,2.5649493574615367,7.824445930877619,7.338889041570761,5.234983895046414,1.0,12,4
1658,4.5422125692290845,1.0,6.304448802421981,3.8501476017100584,6.2166061010848646,0.0,0.083333,0.416667,0.0,2.0794415416798357,8.699681400989514,6.6701449871736695,5.162669822167226,0.6,12,4
1666,4.331654113612854,0.9,6.801783465408695,0.0,6.801783465408695,0.0,0.0,0.8,0.0,2.4849066497880004,8.294299608857235,6.612523235759837,4.995343718290361,1.0,10,4
1673,4.747500557558039,1.0,4.707726774313183,0.0,4.707726774313183,0.0,0.0,0.75,0.0,2.5649493574615367,6.90875477931522,4.757189078026703,5.112197946994561,0.0,12,4
1677,3.1917897261738886,0.454545,7.086704489135233,0.0,7.086704489135233,0.0,0.0,1.0,0.0,2.8903717578961645,7.3783837129967145,7.231686144631581,3.3827928186185505,0.0,12,4
1687,3.7922035501761684,1.0,6.427038467986463,0.0,6.427038467986463,0.0,0.0,0.916667,0.0,2.995732273553991,7.0909098220799835,6.338320620322285,5.081849216333986,0.583333,12,4
1694,2.5005006784418877,0.454545,5.080410082029073,0.0,5.080410082029073,0.0,0.0,0.5,0.0,1.9459101490553132,6.90875477931522,4.717254686904308,4.069805835290723,0.0,12,4
1696,7.0344954598167755,1.0,5.667775259350199,0.0,5.667775259350199,0.0,0.0,0.416667,0.0,2.3978952727983707,7.244941546337007,7.676155869431455,9.413933943308193,0.083333,12,4
1711,5.270770219021684,1.0,7.5079754377595,0.0,7.5079754377595,0.0,0.0,1.0,0.0,3.4011973816621555,8.006700845440367,7.34226774270771,5.217001790370993,0.5,12,4
1723,3.981517033981581,1.0,6.251576276522179,0.0,6.251576276522179,0.0,0.0,1.0,0.0,4.02535169073515,8.77971129020447,6.39875475204657,5.102103113600979,1.0,12,4
1737,7.020268343367952,1.0,4.86599480426999,0.0,4.86599480426999,0.0,0.0,0.166667,0.0,1.0986122886681098,7.0909098220799835,5.630374607115632,6.081253773548821,0.0,12,4
1746,7.835981039012971,1.0,6.948647671024428,0.0,6.948647671024428,0.0,0.0,1.0,0.0,3.367295829986474,7.824445930877619,7.465665920839068,8.005370048626867,0.0,12,4
1748,2.7215033667577537,0.454545,4.770684624465665,0.0,4.770684624465665,0.0,0.0,0.25,0.0,1.6094379124341003,8.981052985901483,5.850222797357778,5.1063790283870985,0.666667,12,4
1751,8.284668186052762,1.0,7.732369222284388,0.0,7.732369222284388,0.0,0.0,1.0,0.0,2.5649493574615367,8.412054873292933,7.7041636650896095,7.812211891875899,0.0,12,4
1758,7.462312059118581,1.0,5.626613411885073,0.0,5.626613411885073,0.0,0.0,1.0,0.0,2.772588722239781,7.496097345175956,6.505431968255793,6.401347845622875,0.0,12,4
1761,2.9523208355669266,0.454545,4.794136285500715,0.0,4.794136285500715,0.0,0.0,0.25,0.0,1.6094379124341003,8.412054873292933,5.698020905312894,4.975411233808692,0.333333,12,4
1770,7.146787885628507,0.818182,6.101349810637225,0.0,6.101349810637225,0.0,0.0,1.0,0.0,2.6390573296152584,7.8636512654486515,7.964503269008617,6.195936801570324,0.0,12,4
1773,4.067594309975806,1.0,6.530877627725885,0.0,6.530877627725885,0.0,0.0,0.916667,0.0,2.5649493574615367,7.0909098220799835,6.32938923555303,5.296409252255283,0.333333,12,4
1790,7.086446798489113,1.0,5.778549753229196,0.0,5.778549753229196,0.0,0.0,0.833333,0.0,2.6390573296152584,7.0909098220799835,6.180752507069629,6.853498696284118,0.0,12,4
1794,8.844885059748236,1.0,5.831149070576642,0.0,5.831149070576642,0.0,0.0,0.25,0.0,1.3862943611198906,9.259225769705994,7.679785146651852,8.079954074840936,0.0,12,4
1803,7.38552565320258,1.0,6.695452750845802,0.0,6.695452750845802,0.0,0.0,1.0,0.0,3.6109179126442243,7.313886831633462,6.928003707874409,7.66648558223717,0.0,12,4
1809,7.308833040746102,1.0,4.612642200826793,3.564449375735759,4.19614876167715,0.0,0.083333,0.083333,0.0,1.3862943611198906,8.699681400989514,7.707596509697408,5.95045980411941,0.083333,12,4
1828,6.1997094811483935,0.909091,6.618138001895845,0.0,6.618138001895845,0.0,0.0,0.818182,0.0,2.302585092994046,7.824445930877619,5.648821987134987,5.249355867201571,0.0,11,4
1833,3.4613270417895747,0.545455,6.030781409484932,0.0,6.030781409484932,0.0,0.0,0.5,0.0,1.9459101490553132,8.922791623969637,6.186431547610828,4.602391208203722,0.545455,12,4
1837,6.469424295459056,0.454545,6.46085861560931,0.009950330853168092,6.460842980959799,0.0,0.083333,0.583333,0.0,2.5649493574615367,9.392745258631441,7.836156292483893,5.4332504382363185,0.0,12,4
1838,4.52430524453966,0.636364,6.6038218659443055,3.5177945292459696,6.558481450523715,0.0,0.083333,0.5,0.0,2.1972245773362196,8.699681400989514,6.868363277159789,5.175573617498862,1.0,12,4
1839,6.820799576442656,1.0,4.034063631337171,0.0,4.034063631337171,0.0,0.0,0.416667,0.0,2.0794415416798357,6.90875477931522,7.1086643885668375,9.287398277865213,0.083333,12,4
1860,5.907237444970705,1.0,6.483428400832763,0.0,6.483428400832763,0.0,0.0,1.0,0.0,3.4339872044851463,8.006700845440367,5.624618708100726,5.27213228002231,0.0,12,4
1861,5.506050464433196,1.0,7.817077789092546,0.0,7.817077789092546,0.0,0.0,1.0,0.0,3.7376696182833684,8.294299608857235,7.724160341727164,5.179146773679237,0.916667,12,4
1865,5.128461576224905,1.0,5.773681602035868,0.0,5.773681602035868,0.0,0.0,0.916667,0.0,3.044522437723423,7.0909098220799835,6.762134953341304,5.2339323269649025,0.0,12,4
1868,3.748608828256908,0.272727,6.311879989176399,0.0,6.311879989176399,0.0,0.0,0.166667,0.0,1.6094379124341003,8.699681400989514,7.008392673945159,5.133218329079516,1.0,12,4
1873,4.541338689516333,1.0,5.848344472513165,3.8426729272933526,5.70714348678838,0.0,0.083333,0.75,0.0,2.3978952727983707,6.90875477931522,5.953021644781416,5.266029198875057,0.25,12,4
1876,4.5994259996935725,1.0,5.96676193446761,0.0,5.96676193446761,0.0,0.0,0.583333,0.0,2.4849066497880004,9.04793908261736,5.919737608427528,5.18764136536141,0.0,12,4
1878,4.253513145572815,1.0,6.457005106658288,0.0,6.457005106658288,0.0,0.0,0.75,0.0,2.833213344056216,9.210440366976517,6.731974256584266,5.269971342243941,0.333333,12,4
1879,2.5672027397644714,0.272727,6.366831207392114,0.0,6.366831207392114,0.0,0.0,0.333333,0.0,2.4849066497880004,8.294299608857235,7.196594791341842,3.51985751403821,0.0,12,4
1889,3.317815519099884,0.545455,5.800243507126995,3.204776900488699,5.725967881791428,0.0,0.083333,0.25,0.0,2.0794415416798357,9.259225769705994,6.942865826194766,5.410457046160699,1.0,12,4
1891,3.303806101202615,0.545455,6.423506670066598,0.0,6.423506670066598,0.0,0.0,0.833333,0.0,3.8066624897703196,9.546884034617925,7.35311247994599,4.410784157238728,0.363636,12,4
1900,2.412402621397708,0.636364,4.419322419417578,0.0,4.419322419417578,0.0,0.0,0.5,0.0,1.9459101490553132,7.601402334583733,4.948153827326429,5.041286968191411,0.0,12,4
1926,3.4947424287783986,1.0,6.037775449971233,0.0,6.037775449971233,0.0,0.0,1.0,0.0,2.6390573296152584,7.601402334583733,6.160364244886689,5.172054652954414,1.0,12,4
1927,3.4614610599149263,0.818182,4.972310179774588,0.0,4.972310179774588,6.603330480717005,0.0,0.666667,1.791759469228055,2.1972245773362196,7.313886831633462,7.22910266815832,4.820743781347526,0.75,12,4
1931,7.696924551785692,1.0,5.6950780340260545,0.0,5.6950780340260545,0.0,0.0,1.0,0.0,2.5649493574615367,8.699681400989514,6.448929125952476,6.190391454190907,0.0,12,4
1947,2.2286085737384744,0.727273,4.836281906951478,0.0,4.836281906951478,0.0,0.0,0.75,0.0,2.3978952727983707,8.006700845440367,4.837392742126521,4.428671988476346,0.2,12,4
1958,8.009186941145689,1.0,4.639378357317828,0.0,4.639378357317828,0.0,0.0,0.583333,0.0,3.367295829986474,8.006700845440367,6.33255572675468,7.434191137765369,0.0,12,4
1967,4.370591830785628,1.0,5.499133505978156,0.0,5.499133505978156,0.0,0.0,1.0,0.0,2.5649493574615367,7.313886831633462,5.035358859053126,5.068300498014935,0.083333,12,4
1968,8.070096077066884,1.0,7.6421643572907225,0.0,7.6421643572907225,0.0,0.0,0.666667,0.0,3.1354942159291497,8.699681400989514,6.4646412150627155,7.146450020478393,0.0,12,4
1970,3.5654808650852146,0.545455,5.588184549905154,0.0,5.588184549905154,0.0,0.0,0.454545,0.0,1.791759469228055,8.922791623969637,5.827667698478089,4.46410331856847,0.5,11,4
1972,7.676759357540167,1.0,7.4360278163518485,0.0,7.4360278163518485,4.519342522678364,0.0,0.25,0.6931471805599453,2.3978952727983707,7.601402334583733,7.694347781124165,7.647793994836817,0.0,12,4
1978,0.001288169952710833,0.181818,4.575947327311188,0.0,4.575947327311188,0.0,0.0,0.833333,0.0,2.3978952727983707,7.313886831633462,4.6429345410896925,0.018981702194061107,0.0,12,4
1985,4.737274439483843,1.0,6.895915464177928,0.0,6.895915464177928,0.0,0.0,1.0,0.0,2.8903717578961645,7.824445930877619,6.987065419932644,5.19752141738779,1.0,12,4
1999,4.328434067404237,1.0,5.685279003091641,3.912023005428146,5.503296947234575,0.0,0.083333,0.583333,0.0,2.4849066497880004,7.313886831633462,5.376474923055546,4.937494123157539,0.272727,12,4
2007,7.077994724300728,1.0,6.558765017801951,0.0,6.558765017801951,4.128256158847331,0.0,0.916667,0.6931471805599453,3.091042453358316,7.0909098220799835,6.699293029265392,6.617579354130519,0.0,12,4
2021,6.639866648163433,1.0,5.5053315359323625,0.0,5.5053315359323625,0.0,0.0,0.583333,0.0,2.3978952727983707,7.313886831633462,7.415512815979625,5.845889826725294,0.0,12,4
2031,6.777165583891027,1.0,6.938226286397226,0.0,6.938226286397226,0.0,0.0,1.0,0.0,2.9444389791664403,7.601402334583733,7.706566183677572,5.432151163443778,0.0,12,4
2041,7.07318633262736,1.0,5.017279836814924,0.0,5.017279836814924,0.0,0.0,0.333333,0.0,1.791759469228055,7.0909098220799835,5.889718867827261,6.019141986034706,0.0,12,4
2042,6.916082519078439,1.0,6.154688228209996,0.0,6.154688228209996,0.0,0.0,1.0,0.0,2.5649493574615367,6.90875477931522,6.575666589364696,6.771766903588828,0.0,12,4
2052,2.2255111574855877,0.545455,4.53753353727228,0.0,4.53753353727228,0.0,0.0,0.416667,0.0,1.9459101490553132,5.707110264748875,4.852673611614602,4.550896063870867,0.75,12,4
2073,2.2025532436316015,0.272727,4.034240638152395,0.0,4.034240638152395,0.0,0.0,0.166667,0.0,1.0986122886681098,7.0909098220799835,5.767832576536503,4.844261689974893,0.0,12,4
2076,3.2715456913454863,1.0,5.87538006808718,0.0,5.87538006808718,0.0,0.0,0.916667,0.0,2.5649493574615367,7.824445930877619,5.882699835410843,5.144917473143439,0.75,12,4
2085,6.979540736900715,1.0,4.060443010546419,0.0,4.060443010546419,0.0,0.0,0.166667,0.0,1.3862943611198906,7.0909098220799835,5.691619184179768,5.774023959190231,0.0,12,4
2093,6.889691397031782,1.0,5.198497031265826,0.0,5.198497031265826,0.0,0.0,1.0,0.0,2.5649493574615367,6.90875477931522,5.803989831569211,6.292575166676631,0.0,12,4
2099,3.3078170019286253,0.636364,5.589904305077029,0.0,5.589904305077029,0.0,0.0,0.416667,0.0,1.791759469228055,7.601402334583733,6.170848719007901,5.224343200057322,0.571429,12,4
2122,7.107719575821702,1.0,6.344407535957036,0.0,6.344407535957036,0.0,0.0,0.75,0.0,2.3978952727983707,8.006700845440367,6.805814042033546,6.022343804834234,0.0,12,4
2128,4.89582632651185,0.909091,6.607973634378529,0.0,6.607973634378529,0.0,0.0,0.416667,0.0,1.9459101490553132,9.15915233520675,7.063350508944271,5.15882284691223,0.5,12,4
2134,3.474958586556203,1.0,4.442651256490317,0.0,4.442651256490317,0.0,0.0,1.0,0.0,2.5649493574615367,6.90875477931522,4.529069182913183,5.115937142033165,0.0,12,4
2135,5.928399212298365,1.0,5.634789603169249,0.0,5.634789603169249,0.0,0.0,0.25,0.0,1.6094379124341003,7.244941546337007,6.0574013916979625,5.3601720832521496,0.0,12,4
2144,4.9448472174781966,0.727273,6.7381880389879445,0.0,6.7381880389879445,0.0,0.0,0.583333,0.0,2.0794415416798357,7.696667081526462,7.180355892801546,5.195997462431028,0.0,12,4
2151,2.641668987694016,0.818182,5.288267030694535,0.0,5.288267030694535,0.0,0.0,0.416667,0.0,1.9459101490553132,6.90875477931522,5.419809151837965,4.501873760851225,0.444444,12,4
2162,4.804219844643376,1.0,7.523605562012509,0.0,7.523605562012509,0.0,0.0,0.916667,0.0,2.9444389791664403,9.546884034617925,7.510913378497964,5.1797158747978225,0.833333,12,4
2165,7.29176667037585,1.0,7.181029048573025,0.0,7.181029048573025,0.0,0.0,1.0,0.0,3.367295829986474,9.350189267092581,7.030192751256716,6.065551988872385,0.0,12,4
2168,3.8111943387462337,0.636364,6.22455842927536,0.0,6.22455842927536,0.0,0.0,0.916667,0.0,3.044522437723423,7.824445930877619,6.708868659997582,4.416015693770677,0.0,12,4
2172,6.106893286916813,1.0,7.553915668317746,0.0,7.553915668317746,0.0,0.0,0.833333,0.0,2.3978952727983707,9.15915233520675,7.6558251053587485,5.145007339939492,0.0,12,4
2176,1.7945502380742167,0.909091,5.652945216619142,0.0,5.652945216619142,0.0,0.0,0.916667,0.0,2.4849066497880004,8.294299608857235,5.619421687202939,1.6847156858177716,0.0,12,4
2195,5.318241883474197,0.818182,6.298838946655453,0.0,6.298838946655453,0.0,0.0,0.416667,0.0,2.1972245773362196,8.294299608857235,6.863054932744216,5.103997243999223,0.0,12,4
2197,7.299811434902447,1.0,6.866651994903683,0.0,6.866651994903683,0.0,0.0,0.833333,0.0,3.4339872044851463,7.313886831633462,7.080572553670056,8.061123915839067,0.0,12,4
2201,3.9810880849746995,0.727273,5.6476353140332,3.544431549748063,5.521460917862246,0.0,0.083333,0.25,0.0,1.791759469228055,8.699681400989514,5.965820375616506,5.016513278183253,0.2,12,4
2207,3.237252887510156,0.818182,5.542713473895698,0.0,5.542713473895698,0.0,0.0,0.666667,0.0,2.3978952727983707,8.294299608857235,5.3330721897506725,4.863334380960898,0.125,12,4
2209,3.398670057333484,1.0,5.785669634128385,0.0,5.785669634128385,0.0,0.0,1.0,0.0,2.5649493574615367,8.006700845440367,5.772120786187741,5.165471281903492,0.833333,12,4
2213,6.537702165056824,1.0,3.164630810015805,0.0,3.164630810015805,0.0,0.0,0.083333,0.0,0.6931471805599453,9.350189267092581,6.810244688549028,5.419247369748133,0.0,12,4
2222,6.530379706407544,1.0,5.224024761966182,0.0,5.224024761966182,0.0,0.0,1.0,0.0,2.5649493574615367,7.972810784121404,7.950926774795627,5.861567599024139,0.4,12,4
2231,0.5143308731948822,0.090909,5.9649665558017535,0.0,5.9649665558017535,0.0,0.0,0.416667,0.0,1.791759469228055,9.392745258631441,5.9374678571003185,3.2386524518263746,0.0,12,4
2233,3.5357102091885175,0.818182,5.636787605831922,0.0,5.636787605831922,0.0,0.0,0.583333,0.0,2.1972245773362196,8.006700845440367,5.854818861531982,4.992588594256727,0.285714,12,4
2245,4.037898647435584,1.0,7.11150395985604,0.0,7.11150395985604,0.0,0.0,1.0,0.0,3.295836866004329,8.922791623969637,7.0311748916937935,5.122705163617496,1.0,12,4
2262,3.8105376604769297,1.0,5.673323267171493,0.0,5.673323267171493,0.0,0.0,0.583333,0.0,2.302585092994046,8.699681400989514,5.79190298577355,5.070671049231401,0.111111,12,4
2274,5.663448395807955,0.636364,5.761359319460221,0.0,5.761359319460221,0.0,0.0,0.75,0.0,2.772588722239781,8.412054873292933,7.177634541140082,5.520793479174592,0.0,12,4
2280,7.432672952158397,1.0,6.5873158276255,0.0,6.5873158276255,0.0,0.0,0.583333,0.0,2.0794415416798357,7.313886831633462,7.2882700958369675,8.131157785488089,0.0,12,4
2287,7.158048629918733,1.0,7.160333352970845,0.0,7.160333352970845,0.0,0.0,1.0,0.0,3.58351893845611,7.650168700845001,7.2941814349999685,7.997487584713653,0.0,12,4
2290,5.036972959349282,1.0,4.576770711466393,0.0,4.576770711466393,0.0,0.0,0.833333,0.0,2.3978952727983707,9.105090961257085,5.790475233948158,5.316096722921127,0.0,12,4
2293,7.483275970694108,1.0,6.988523876979687,0.0,6.988523876979687,0.0,0.0,1.0,0.0,3.2188758248682006,8.294299608857235,5.951244577063788,6.493088765486104,0.0,12,4
2303,7.035822265521905,1.0,5.990564141864818,0.0,5.990564141864818,0.0,0.0,1.0,0.0,2.5649493574615367,7.313886831633462,5.900721293502805,6.109408947522151,0.0,12,4
2308,3.1080654188325685,0.636364,5.74652262833236,0.0,5.74652262833236,0.0,0.0,0.583333,0.0,2.0794415416798357,7.601402334583733,6.210855397841174,4.987746881457889,1.0,12,4
2321,2.372533641010009,0.272727,5.07104028395222,0.0,5.07104028395222,0.0,0.0,0.333333,0.0,1.6094379124341003,8.699681400989514,5.21044478610187,4.033895109437675,0.363636,12,4
2325,4.175589178083759,0.909091,6.956545443151569,0.0,6.956545443151569,0.0,0.0,1.0,0.0,2.70805020110221,8.517393171418904,6.9782339726217835,5.0404001721900915,0.727273,12,4
2333,3.272595495223338,0.571429,5.19295685089021,0.0,5.19295685089021,0.0,0.0,0.714286,0.0,1.9459101490553132,8.294299608857235,5.735905565585453,4.306743260467275,0.0,7,4
2334,5.99570486922162,1.0,8.0420596265219,0.0,8.0420596265219,0.0,0.0,1.0,0.0,2.833213344056216,9.259225769705994,8.060829092225388,5.174478828916918,0.545455,12,4
2346,5.097103712599489,0.909091,6.007854495087583,0.0,6.007854495087583,0.0,0.0,0.916667,0.0,3.1780538303479458,7.696667081526462,6.4194650451129105,4.877254000682473,0.0,12,4
2347,6.976801921690057,1.0,6.708865219468632,0.0,6.708865219468632,0.0,0.0,1.0,0.0,3.2188758248682006,6.90875477931522,6.88533772171472,7.564013847765221,0.0,12,4
2357,4.309180608239305,1.0,6.775799786831067,0.0,6.775799786831067,0.0,0.0,1.0,0.0,2.833213344056216,8.77971129020447,6.536034719575332,5.2850430361745095,0.75,12,4
2368,4.037447578912095,1.0,6.139863000269876,0.0,6.139863000269876,0.0,0.0,0.833333,0.0,2.5649493574615367,9.510519035757246,6.254419331415076,5.0639119123960326,1.0,12,4
2372,3.0013584668049784,1.0,6.224954390476336,0.0,6.224954390476336,0.0,0.0,1.0,0.0,3.044522437723423,6.90875477931522,6.168291909251369,4.881757627500018,0.727273,12,4
2379,4.159885658737978,1.0,7.071513939695506,0.0,7.071513939695506,0.0,0.0,1.0,0.0,3.1780538303479458,8.922791623969637,7.185394566309485,4.182324318791948,0.363636,12,4
2380,1.4563846302457302,0.181818,5.423186348593906,0.0,5.423186348593906,0.0,0.0,1.0,0.0,2.5649493574615367,8.294299608857235,5.596569295728976,3.4204864130382395,0.090909,12,4
2381,5.214714706004967,1.0,6.743917833565335,0.0,6.743917833565335,0.0,0.0,0.666667,0.0,2.4849066497880004,8.517393171418904,6.631327492145402,5.27175993927108,0.166667,12,4
2386,4.846465253244413,0.909091,5.907212994660391,0.0,5.907212994660391,5.1720963592528015,0.0,0.333333,1.0986122886681098,1.6094379124341003,8.006700845440367,6.522727814151878,4.849625076899894,0.181818,12,4
2402,3.566359696004409,1.0,5.038120751031117,4.141546163706395,4.524827433305553,0.0,0.083333,0.416667,0.0,2.4849066497880004,7.824445930877619,4.606023911460772,4.987964264063537,0.0,12,4
2404,7.348912552105061,1.0,6.259581464064923,0.0,6.259581464064923,0.0,0.0,1.0,0.0,2.70805020110221,6.90875477931522,6.160322793484513,9.654070443064159,0.0,12,4
2405,2.4074870335223677,0.727273,7.057605295629129,3.580737295494233,7.027101536614579,0.0,0.083333,0.916667,0.0,3.6375861597263857,7.313886831633462,7.050572119097627,3.507850651353292,0.111111,12,4
2411,3.8734333922893507,0.818182,7.708437608968977,0.0,7.708437608968977,0.0,0.0,1.0,0.0,2.70805020110221,9.04793908261736,7.827475208033008,4.594561593328151,0.3,12,4
2415,3.593493938971976,1.0,6.377305012079846,0.0,6.377305012079846,0.0,0.0,1.0,0.0,2.70805020110221,9.350189267092581,6.309985355976754,4.948467684569642,0.888889,12,4
2417,2.8918605380017754,1.0,6.118625692724661,0.0,6.118625692724661,0.0,0.0,1.0,0.0,2.5649493574615367,7.601402334583733,6.079928407898777,4.15602396873399,0.25,12,4
2419,5.234877969152601,1.0,6.767343125265392,0.0,6.767343125265392,0.0,0.0,0.416667,0.0,1.9459101490553132,8.294299608857235,6.429661758631469,5.594993053682617,0.0,12,4
2428,4.098726265191983,0.181818,5.709366852950102,0.0,5.709366852950102,0.0,0.0,0.090909,0.0,0.6931471805599453,8.517393171418904,8.053140357016986,4.401997666906801,0.0,11,4
2435,4.119382481041072,0.8,6.152732694704104,0.0,6.152732694704104,0.0,0.0,0.5,0.0,1.9459101490553132,6.90875477931522,6.295928294989976,4.753853259948998,0.833333,10,4
2436,7.581883956390197,1.0,6.167851864413745,0.0,6.167851864413745,0.0,0.0,1.0,0.0,3.8918202981106265,7.601402334583733,6.674677327012873,6.646076895544466,0.0,12,4
2438,3.1580196462445578,0.428571,5.850188959750028,0.0,5.850188959750028,0.0,0.0,1.0,0.0,2.0794415416798357,7.496097345175956,5.832986213983058,4.328262579943986,1.0,7,4
2452,3.36215692426183,0.636364,5.57485001452115,0.0,5.57485001452115,0.0,0.0,0.5,0.0,2.0794415416798357,8.294299608857235,6.005299210303573,5.142176308064043,0.8,12,4
2458,2.098448754678705,0.3,4.662967284714308,0.0,4.662967284714308,0.0,0.0,0.3,0.0,1.6094379124341003,7.313886831633462,5.607887467540383,4.284954866683779,0.0,10,4
2459,3.8967527868320477,0.727273,6.156321990150294,4.060443010546419,6.027531253144375,0.0,0.083333,0.333333,0.0,1.791759469228055,9.798182590890704,6.6173376456264625,5.061408829765976,0.416667,12,4
2464,5.82981146030727,1.0,7.864266224342657,0.0,7.864266224342657,0.0,0.0,1.0,0.0,2.5649493574615367,7.496097345175956,7.856777847481987,7.7729086710440365,0.909091,12,4
2471,6.9621544157939335,1.0,6.787213441328647,0.0,6.787213441328647,0.0,0.0,0.833333,0.0,4.718498871295094,6.90875477931522,6.964375800961971,7.386719397245249,0.0,12,4
2479,1.5783686219794,0.5,5.209923215785442,0.0,5.209923215785442,0.0,0.0,0.875,0.0,2.1972245773362196,7.313886831633462,5.257844587086771,4.0205962228286625,0.5,8,4
2484,4.641995281940515,1.0,6.970438955959368,0.0,6.970438955959368,0.0,0.0,1.0,0.0,3.4011973816621555,8.853808274977197,7.564803418775565,5.110104322977598,0.454545,12,4
2485,9.34291545147904,1.0,7.206896444522812,0.0,7.206896444522812,0.0,0.0,0.583333,0.0,2.302585092994046,9.648659816955295,7.902885325820107,7.856147712332924,0.0,12,4
2501,2.9389806887126078,0.909091,5.587136292536881,0.0,5.587136292536881,0.0,0.0,0.916667,0.0,2.70805020110221,6.90875477931522,5.418447326022954,4.8003586331692585,0.545455,12,4
2508,4.2841760570397165,1.0,6.332177777986449,0.0,6.332177777986449,0.0,0.0,1.0,0.0,3.4965075614664802,7.313886831633462,6.181812543182771,5.135368215106307,0.416667,12,4
2520,2.507130526499177,0.636364,5.518697102039515,0.0,5.518697102039515,0.0,0.0,0.416667,0.0,2.3978952727983707,9.15915233520675,3.6334826994056426,4.208038285061463,0.0,12,4
2521,3.931953310847637,0.454545,6.554289465984353,0.0,6.554289465984353,0.0,0.0,0.25,0.0,1.791759469228055,8.160803920954665,7.515035073944702,4.897387966546288,1.0,12,4
2530,3.222862786363981,1.0,5.68697535633982,0.0,5.68697535633982,0.0,0.0,1.0,0.0,2.5649493574615367,8.517393171418904,5.718373896852074,5.226044683067443,0.666667,12,4
2535,2.3538780273815316,0.545455,4.532814523795951,0.0,4.532814523795951,0.0,0.0,0.5,0.0,1.9459101490553132,7.3783837129967145,4.624146354213979,4.424088584132178,0.5,12,4
2536,4.573199455284209,0.545455,6.681983276314235,0.0,6.681983276314235,0.0,0.0,0.75,0.0,2.302585092994046,7.576097340623111,7.297613014553761,5.084926496605128,0.222222,12,4
2543,3.2849088911166344,0.909091,4.904237203306436,0.0,4.904237203306436,0.0,0.0,0.25,0.0,1.9459101490553132,9.15915233520675,5.005384305085972,5.129616207566007,0.222222,12,4
2558,4.844333658393566,1.0,7.105982992793148,0.0,7.105982992793148,0.0,0.0,1.0,0.0,2.9444389791664403,8.517393171418904,6.9485522943104145,5.0422934639382575,0.272727,12,4
2569,2.7460689100865565,0.272727,4.480740107609915,0.0,4.480740107609915,0.0,0.0,0.083333,0.0,0.6931471805599453,8.987321812850125,6.508423176985395,5.095400727508404,0.75,12,4
2577,6.8843032800622845,1.0,4.2153815572649345,0.0,4.2153815572649345,0.0,0.0,0.333333,0.0,1.6094379124341003,6.90875477931522,5.542351008557672,5.3008528494928004,0.0,12,4
2582,3.8350446561422324,1.0,6.113704303481307,0.0,6.113704303481307,0.0,0.0,1.0,0.0,4.3694478524670215,8.922791623969637,6.178715650364794,5.156385474033085,0.666667,12,4
2584,3.6341287951866734,1.0,5.8888779583328805,0.0,5.8888779583328805,0.0,0.0,0.416667,0.0,1.9459101490553132,8.006700845440367,5.66098533985776,4.525195159357475,0.0,12,4
2586,5.268510214470225,1.0,7.579157747619787,0.0,7.579157747619787,0.0,0.0,1.0,0.0,3.9889840465642745,7.824445930877619,7.545770849816895,5.319993522007492,0.666667,12,4
2587,6.096281190143903,1.0,5.861669024565474,0.0,5.861669024565474,5.038079648876277,0.0,0.166667,1.3862943611198906,1.3862943611198906,8.412054873292933,5.989801384820013,5.413687640501107,0.0,12,4
2588,3.1941826422776667,0.636364,5.6791481936978405,0.0,5.6791481936978405,0.0,0.0,0.583333,0.0,2.0794415416798357,7.824445930877619,6.120055466605919,5.037866632612674,0.857143,12,4
2592,5.830139783721716,1.0,2.7265447837383743,0.0,2.7265447837383743,0.0,0.0,0.416667,0.0,1.791759469228055,9.259225769705994,7.142268205315071,7.304556070739228,0.083333,12,4
2601,3.0396362817869784,0.727273,5.930200658504068,0.0,5.930200658504068,0.0,0.0,0.833333,0.0,2.4849066497880004,8.699681400989514,5.968994357729641,4.516103469142952,0.444444,12,4
2604,6.131519618255834,1.0,5.413162758217077,0.0,5.413162758217077,0.0,0.0,0.666667,0.0,2.302585092994046,6.2166061010848646,6.213411260497327,6.124404741571806,0.0,12,4
2609,7.017064166251689,1.0,6.402033276225189,0.0,6.402033276225189,0.0,0.0,0.833333,0.0,2.772588722239781,7.496097345175956,6.51839114963249,5.519210443443262,0.0,12,4
2616,4.473354771658884,0.727273,6.8151025649855805,0.0,6.8151025649855805,0.0,0.0,0.5,0.0,2.70805020110221,8.853808274977197,6.785651966103125,4.846839015802421,0.666667,12,4
2618,4.980265924500402,0.727273,6.632660322035828,0.0,6.632660322035828,0.0,0.0,0.583333,0.0,2.5649493574615367,8.006700845440367,6.758727724343024,5.263732541839321,0.142857,12,4
2620,3.5211048258306445,1.0,6.470784023786626,0.0,6.470784023786626,0.0,0.0,1.0,0.0,3.5263605246161616,8.294299608857235,6.363057132429468,4.343079106202267,0.3,12,4
2622,4.7925125175717,1.0,6.97474080376276,0.0,6.97474080376276,0.0,0.0,0.888889,0.0,2.9444389791664403,6.90875477931522,6.720425102769006,4.887223753080387,1.0,9,4
2624,4.863601959106412,1.0,6.1395827825604385,0.0,6.1395827825604385,0.0,0.0,1.0,0.0,3.5553480614894135,8.006700845440367,5.946362311661894,5.15273485573248,0.0,12,4
2627,5.154049139857765,1.0,7.419350606450218,0.0,7.419350606450218,0.0,0.0,1.0,0.0,3.6635616461296463,7.824445930877619,7.190751153590565,5.099866671726608,0.916667,12,4
2638,7.379440024983917,1.0,4.134526351854933,0.0,4.134526351854933,0.0,0.0,0.25,0.0,1.9459101490553132,8.294299608857235,5.992387156373135,6.24175565614297,0.0,12,4
2646,8.143957928921475,1.0,5.885214747265271,0.0,5.885214747265271,0.0,0.0,0.916667,0.0,2.5649493574615367,8.922791623969637,7.227663096404584,6.623605988235399,0.0,12,4
2647,7.019601455201107,1.0,6.165333817086952,0.0,6.165333817086952,0.0,0.0,1.0,0.0,2.5649493574615367,6.90875477931522,6.414830476859827,8.146312844233154,0.0,12,4
2653,2.620118764623989,0.909091,5.035197816924508,0.0,5.035197816924508,0.0,0.0,0.666667,0.0,2.302585092994046,7.0909098220799835,5.076113729625869,4.8815275275565355,0.555556,12,4
2655,3.225752128807633,0.727273,5.602118820879701,0.0,5.602118820879701,0.0,0.0,0.818182,0.0,1.9459101490553132,9.04793908261736,5.938045682137107,4.636182765934013,0.714286,11,4
2659,3.5238691295495896,0.727273,5.267806611343015,4.242764567340374,4.831428880202447,0.0,0.083333,0.25,0.0,1.791759469228055,8.699681400989514,5.043318666092268,4.933917980056266,0.090909,12,4
2665,4.82075459886845,1.0,5.029914908828212,0.0,5.029914908828212,0.0,0.0,1.0,0.0,2.5649493574615367,8.160803920954665,6.1051979406881145,5.151871800940576,0.083333,12,4
2666,4.301280991457369,1.0,5.432148714181557,0.0,5.432148714181557,0.0,0.0,1.0,0.0,2.5649493574615367,7.824445930877619,5.075453001257782,5.144685506277301,0.0,12,4
2679,3.01035282056475,1.0,5.651787179537821,0.0,5.651787179537821,0.0,0.0,0.666667,0.0,2.5649493574615367,7.601402334583733,5.594608786978801,5.163738385394212,0.75,12,4
2683,4.9647924453225984,0.909091,5.110058217087329,3.5186840771178223,4.889897898613436,0.0,0.083333,0.666667,0.0,2.3978952727983707,7.824445930877619,6.2929809665355,4.958824427194665,0.0,12,4
2689,3.0800126205070164,0.818182,6.308116656279888,0.0,6.308116656279888,0.0,0.0,0.583333,0.0,2.1972245773362196,7.550135342488429,6.957151035933714,4.03444440500114,0.0,12,4
2700,7.349908256840635,1.0,5.1298987149230735,0.0,5.1298987149230735,0.0,0.0,0.25,0.0,1.9459101490553132,7.313886831633462,5.2675854259987585,9.507057373012449,0.0,12,4
2705,7.138684199905281,1.0,4.962844630259907,3.7612001156935624,4.61512051684126,0.0,0.083333,0.083333,0.0,1.0986122886681098,7.0909098220799835,5.709343072502937,8.813094885233896,0.0,12,4
2711,3.8169089923818644,0.545455,5.048958168415415,0.0,5.048958168415415,0.0,0.0,0.416667,0.0,1.791759469228055,7.824445930877619,5.213092391174297,4.394123743707342,0.0,12,4
2719,5.354782984627079,1.0,5.673323267171493,0.0,5.673323267171493,0.0,0.0,0.833333,0.0,2.3978952727983707,7.901377353792616,5.480663614703824,5.149601836166474,0.0,12,4
2731,3.1058453926793144,0.545455,6.240957873744974,0.0,6.240957873744974,0.0,0.0,1.0,0.0,2.9444389791664403,7.601402334583733,6.575489533259688,4.60734954944941,0.545455,12,4
2734,4.961318375215917,0.545455,7.245940333607025,0.0,7.245940333607025,0.0,0.0,1.0,0.0,3.871201010907891,7.313886831633462,7.923329761922939,6.513375478684179,0.0,12,4
2749,2.664708507025786,0.428571,5.480222169845649,0.0,5.480222169845649,0.0,0.0,0.714286,0.0,2.302585092994046,6.90875477931522,5.292618609433128,4.244955355465813,1.0,7,4
2764,2.588767816984479,0.636364,4.685920335673201,0.0,4.685920335673201,0.0,0.0,0.416667,0.0,1.9459101490553132,7.824445930877619,4.864242144451288,4.525220951445806,0.555556,12,4
2767,5.197846056997107,1.0,6.720220155135295,0.0,6.720220155135295,0.0,0.0,1.0,0.0,2.5649493574615367,6.90875477931522,6.478435080289113,5.035491945264084,0.3,12,4
2772,3.237858037284736,1.0,4.51085950651685,0.0,4.51085950651685,0.0,0.0,0.5,0.0,1.9459101490553132,7.824445930877619,4.866495888259594,4.835047486637968,0.0,12,4
2775,7.3305843760032445,1.0,4.900820428089049,0.0,4.900820428089049,0.0,0.0,0.333333,0.0,1.6094379124341003,7.313886831633462,6.344670930037946,6.632110061387779,0.0,12,4
2788,8.007936891284178,1.0,5.859218042946334,0.0,5.859218042946334,0.0,0.0,0.636364,0.0,2.0794415416798357,7.919719760924575,5.282343607670859,10.180357931951326,0.0,11,4
2795,7.281983283996094,1.0,4.546905277856116,0.0,4.546905277856116,0.0,0.0,0.333333,0.0,1.6094379124341003,7.313886831633462,5.89338466872727,6.903981894713788,0.0,12,4
2804,6.9251857085663495,1.0,4.795790545596741,0.0,4.795790545596741,0.0,0.0,0.5,0.0,2.302585092994046,6.90875477931522,5.8834087970112225,6.7505167295889725,0.0,12,4
2809,5.113146538433036,1.0,5.334263493321505,0.0,5.334263493321505,0.0,0.0,0.833333,0.0,2.3978952727983707,8.006700845440367,5.606664877790614,5.099797797420406,0.0,12,4
2817,5.229637369325113,0.818182,6.124792794099828,0.0,6.124792794099828,0.0,0.0,0.333333,0.0,2.1972245773362196,8.006700845440367,6.104034062622079,5.082829237569962,0.0,12,4
2821,2.176767075656611,0.272727,5.141780508727809,0.0,5.141780508727809,0.0,0.0,0.5,0.0,1.9459101490553132,7.601402334583733,5.924331757096367,4.3081338585945925,0.5,12,4
2842,1.2198607203052634,0.454545,4.7535901911063645,0.0,4.7535901911063645,0.0,0.0,0.916667,0.0,2.5649493574615367,9.04793908261736,4.6097211745122975,3.1134056587545387,0.0,12,4
2848,3.016092294497073,1.0,5.442071330192733,0.0,5.442071330192733,0.0,0.0,1.0,0.0,2.5649493574615367,7.601402334583733,5.5418336022528445,4.965479142895929,0.5,12,4
2849,5.247653400407707,1.0,6.0658296290632885,0.0,6.0658296290632885,0.0,0.0,1.0,0.0,2.995732273553991,9.210440366976517,6.585863654323933,5.319787578142514,0.0,12,4
2853,4.237329349128451,0.909091,6.289121702581841,0.0,6.289121702581841,0.0,0.0,0.916667,0.0,3.1354942159291497,8.006700845440367,6.360229752149694,5.21422935599219,0.454545,12,4
2855,2.373071235663081,0.636364,4.607567310587813,0.0,4.607567310587813,0.0,0.0,0.583333,0.0,2.1972245773362196,6.90875477931522,5.279887688525522,4.655983226572243,0.142857,12,4
2856,5.420160349453789,0.545455,7.754052639035757,0.0,7.754052639035757,0.0,0.0,0.416667,0.0,1.9459101490553132,8.922791623969637,8.241812525983041,5.27389609501635,1.0,12,4
2863,4.0245112841209885,0.636364,6.155112838636315,0.0,6.155112838636315,0.0,0.0,0.333333,0.0,1.6094379124341003,9.210440366976517,6.950056794471269,5.187986256818896,0.666667,12,4
2879,6.875415623118794,1.0,5.3442462984364365,0.0,5.3442462984364365,0.0,0.0,0.333333,0.0,1.6094379124341003,6.90875477931522,6.069356668543179,6.742555961628686,0.0,12,4
2891,7.175278932421372,1.0,6.236134728966472,0.0,6.236134728966472,4.543495442987359,0.0,1.0,0.6931471805599453,3.2188758248682006,7.0909098220799835,6.81808268409122,7.565634070894337,0.0,12,4
2892,5.557402614759031,1.0,6.073505257444191,0.0,6.073505257444191,0.0,0.0,1.0,0.0,3.2188758248682006,8.699681400989514,5.4416576945100505,5.095666131110739,0.0,12,4
2895,2.5462432533793655,0.181818,4.624384404911896,0.0,4.624384404911896,0.0,0.0,0.166667,0.0,1.0986122886681098,8.699681400989514,6.342230984901657,4.910397943698531,0.666667,12,4
2901,3.3651525002126035,0.727273,5.332332245135314,0.0,5.332332245135314,0.0,0.0,0.666667,0.0,3.2188758248682006,7.0909098220799835,5.7938319990209095,4.712109853129627,0.181818,12,4
2902,4.360623194009417,0.727273,5.147843253193202,0.0,5.147843253193202,0.0,0.0,0.5,0.0,1.9459101490553132,7.313886831633462,5.800871459327452,5.00905649511544,0.0,12,4
2906,3.579874444236496,1.0,5.878631738833638,0.0,5.878631738833638,0.0,0.0,0.875,0.0,2.1972245773362196,6.90875477931522,5.66240901560733,4.868726339873107,0.571429,8,4
2916,7.26729534413834,1.0,6.929281909526417,0.0,6.929281909526417,0.0,0.0,1.0,0.0,3.332204510175204,8.517393171418904,6.264560284325638,6.016698513140134,0.0,12,4
2919,4.0218292441981385,0.636364,6.138417960064145,0.0,6.138417960064145,0.0,0.0,0.5,0.0,2.1972245773362196,8.517393171418904,6.0490480033823735,4.419599223589318,0.454545,12,4
2930,3.1058038746019365,1.0,5.738956549663855,0.0,5.738956549663855,0.0,0.0,1.0,0.0,2.995732273553991,9.04793908261736,6.0998912933225435,4.968551941898775,0.454545,12,4
2932,4.1424192006227445,1.0,6.170489007782642,0.0,6.170489007782642,0.0,0.0,1.0,0.0,3.6109179126442243,8.699681400989514,6.371701065474013,5.112089566309522,0.583333,12,4
2940,3.1303281993619505,1.0,5.130371975698589,0.0,5.130371975698589,0.0,0.0,0.666667,0.0,2.1972245773362196,7.313886831633462,5.291954053547251,5.056578024042916,0.545455,12,4
2944,1.9670137504458776,0.181818,5.135857258849637,0.0,5.135857258849637,0.0,0.0,0.25,0.0,1.3862943611198906,9.210440366976517,6.596944511117086,4.863880359311997,0.666667,12,4
2948,6.8871109261944286,1.0,7.246040157489259,0.0,7.246040157489259,0.0,0.0,1.0,0.0,2.70805020110221,8.412054873292933,7.478837449115458,5.714672509064173,0.0,12,4
2957,8.466392543027139,1.0,5.739342650054752,0.0,5.739342650054752,0.0,0.0,0.5,0.0,1.791759469228055,9.059633754551479,8.680064691593666,7.306177040188704,0.0,12,4
2958,3.545695741655122,1.0,6.37434315654335,0.0,6.37434315654335,0.0,0.0,1.0,0.0,2.5649493574615367,6.90875477931522,6.362659314856622,5.262246712345349,0.916667,12,4
2959,4.834214962769536,1.0,6.913041283411374,0.0,6.913041283411374,0.0,0.0,0.833333,0.0,2.4849066497880004,8.294299608857235,6.879336701397318,5.195478773723413,1.0,12,4
2978,4.375042552651601,1.0,7.2216385815859105,0.0,7.2216385815859105,0.0,0.0,1.0,0.0,4.07753744390572,8.699681400989514,7.114889370443816,5.108508253839619,1.0,12,4
2981,5.256832840101967,0.545455,8.01047910368996,0.0,8.01047910368996,0.0,0.0,0.416667,0.0,1.9459101490553132,8.922791623969637,7.841500031746077,4.275488564860108,0.3,12,4
2990,2.9131692425320788,0.727273,5.001930853466109,0.0,5.001930853466109,0.0,0.0,0.666667,0.0,2.70805020110221,8.294299608857235,5.1822783828984145,4.858253880416404,0.181818,12,4
3004,4.61549267530448,1.0,6.029434478359611,0.0,6.029434478359611,0.0,0.0,1.0,0.0,2.5649493574615367,6.90875477931522,5.462219378645966,4.979231042259627,0.0,12,4
3016,5.835492612719684,1.0,5.627836917741397,0.0,5.627836917741397,0.0,0.0,0.5,0.0,2.0794415416798357,7.937731775260109,7.95890808218507,7.8620645990545075,0.75,12,4
3025,4.297531294353172,1.0,6.26530121273771,0.0,6.26530121273771,0.0,0.0,1.0,0.0,2.5649493574615367,6.90875477931522,6.3180172113315525,5.204170673630266,0.4,12,4
3028,4.1245168493824425,1.0,5.962087228397305,0.0,5.962087228397305,0.0,0.0,0.916667,0.0,2.4849066497880004,7.313886831633462,5.854033331477817,5.154647247439289,0.363636,12,4
3029,3.554047930971604,0.454545,5.0689042022202315,0.0,5.0689042022202315,0.0,0.0,0.25,0.0,1.6094379124341003,7.0909098220799835,5.188036482373016,4.185033946210507,0.0,12,4
3041,6.536681817833339,1.0,6.690307973212807,0.0,6.690307973212807,0.0,0.0,1.0,0.0,3.9889840465642745,7.601402334583733,5.5403609575566035,5.279961585265186,0.0,12,4
3053,4.451828825240445,1.0,5.321056853517526,0.0,5.321056853517526,0.0,0.0,0.666667,0.0,2.1972245773362196,7.313886831633462,5.334997205373946,5.119938274018799,0.0,12,4
3056,4.08162398093269,1.0,6.676264486180099,0.0,6.676264486180099,0.0,0.0,0.916667,0.0,2.8903717578961645,9.210440366976517,6.637398915199957,5.084920041100574,0.636364,12,4
3064,5.64314517296771,1.0,6.161924364136748,0.0,6.161924364136748,0.0,0.0,0.833333,0.0,2.3978952727983707,7.313886831633462,5.038314538194278,5.211607534998102,0.083333,12,4
3072,4.502361267790494,0.909091,6.7226297948554485,0.0,6.7226297948554485,0.0,0.0,0.416667,0.0,2.1972245773362196,8.294299608857235,6.829036015919317,4.940985185247567,1.0,12,4
3079,2.664587082994679,0.363636,4.791317747615575,4.115290326737563,4.0975062255596795,0.0,0.166667,0.083333,0.0,1.6094379124341003,8.922791623969637,6.283649625792093,4.893663561744327,0.0,12,4
3085,2.7053558412391308,0.636364,5.016484818885147,3.4307561839036995,4.795625242678768,0.0,0.083333,0.5,0.0,2.1972245773362196,8.294299608857235,5.466983443560814,5.061123108505223,0.75,12,4
3092,1.5352487062117501,0.272727,4.285653390016292,0.0,4.285653390016292,0.0,0.0,0.166667,0.0,1.3862943611198906,7.601402334583733,5.604825449855487,4.9537027182823925,1.0,12,4
3101,4.650256250824963,1.0,6.868224117644805,0.0,6.868224117644805,0.0,0.0,0.818182,0.0,2.6390573296152584,7.901377353792616,6.845655301112992,5.0194415185640295,0.2,11,4
3111,4.998518521602167,1.0,7.960295705547811,0.0,7.960295705547811,0.0,0.0,1.0,0.0,2.5649493574615367,7.824445930877619,7.859530167924488,5.148307041941811,1.0,12,4
3117,7.234027123758967,1.0,4.900373899838718,0.0,4.900373899838718,0.0,0.0,0.333333,0.0,1.6094379124341003,7.972810784121404,7.538432078328068,6.306981873023692,0.0,12,4
3124,4.207126863169304,0.909091,5.561911643470728,0.0,5.561911643470728,0.0,0.0,1.0,0.0,2.5649493574615367,7.313886831633462,5.95395818002338,4.918422105659605,0.090909,12,4
3126,3.8084734268113403,1.0,6.223072176834322,0.0,6.223072176834322,0.0,0.0,0.833333,0.0,2.4849066497880004,9.04793908261736,6.217107653928921,5.150982896822963,1.0,12,4
3130,7.571635926620699,1.0,5.57245816843315,0.0,5.57245816843315,0.0,0.0,1.0,0.0,3.1780538303479458,8.517393171418904,6.324821719092189,6.1972665308725805,0.0,12,4
3134,6.886625470610643,1.0,6.31269623431291,0.0,6.31269623431291,0.0,0.0,1.0,0.0,3.6888794541139363,7.0909098220799835,6.975342208061748,5.542963229288395,0.0,12,4
3137,3.1341430861729904,0.454545,5.817111159963204,0.0,5.817111159963204,0.0,0.0,0.416667,0.0,1.791759469228055,6.90875477931522,6.611734900613202,4.9845567523829795,0.333333,12,4
3138,4.04465545412362,0.818182,6.0063531596017325,0.0,6.0063531596017325,0.0,0.0,0.75,0.0,2.302585092994046,8.814073736948934,6.317958820797836,5.147711668341945,0.6,12,4
3143,6.766473260276119,1.0,6.691065854907726,0.0,6.691065854907726,0.0,0.0,0.416667,0.0,2.3978952727983707,8.216358332386156,7.070117508703143,5.8428296950117495,0.0,12,4
3147,6.14299431964204,1.0,6.080619458418875,0.0,6.080619458418875,0.0,0.0,0.4,0.0,1.791759469228055,7.496097345175956,6.261835472547341,5.210805571642972,0.0,10,4
3164,7.607346600890347,1.0,5.344723739362192,0.0,5.344723739362192,0.0,0.0,0.25,0.0,1.3862943611198906,8.853808274977197,6.251052038753869,7.0123247957828365,0.0,12,4
3170,4.487869941269405,0.909091,6.427297191832543,0.0,6.427297191832543,0.0,0.0,0.833333,0.0,2.3978952727983707,8.294299608857235,6.608062484381425,5.02196305869013,0.818182,12,4
3172,4.9496150707065025,1.0,6.469498348048981,0.0,6.469498348048981,0.0,0.0,0.833333,0.0,2.4849066497880004,7.313886831633462,5.993724835729966,5.100648225799042,0.0,12,4
3173,6.192382755118193,1.0,4.6441985729555695,0.0,4.6441985729555695,0.0,0.0,0.166667,0.0,1.0986122886681098,8.853808274977197,5.234632273137404,5.262430134368247,0.0,12,4
3176,7.805655720933987,1.0,6.434803307644228,0.0,6.434803307644228,0.0,0.0,0.583333,0.0,2.1972245773362196,7.824445930877619,7.0953682390766595,7.044739953534207,0.0,12,4
3196,4.176882554082976,1.0,6.296372400224832,0.0,6.296372400224832,0.0,0.0,0.75,0.0,2.3978952727983707,8.922791623969637,5.935073010319117,5.326997530472778,0.363636,12,4
3199,7.287738203887744,1.0,5.1911218349444805,0.0,5.1911218349444805,0.0,0.0,0.5,0.0,1.9459101490553132,8.77971129020447,6.503325335905728,6.199661240612215,0.0,12,4
3205,4.31769209273114,1.0,6.305727691789675,0.0,6.305727691789675,0.0,0.0,0.75,0.0,2.3978952727983707,8.294299608857235,6.51357797621618,5.038994594050966,0.363636,12,4
3217,7.744652923267264,1.0,3.8877303128591016,0.0,3.8877303128591016,0.0,0.0,0.083333,0.0,0.6931471805599453,8.006700845440367,6.427916552131627,6.382615849739185,0.0,12,4
3223,6.236174496810234,0.363636,3.091042453358316,0.0,3.091042453358316,0.0,0.0,0.083333,0.0,0.6931471805599453,9.350189267092581,10.049817955265567,7.530600905854009,0.333333,12,4
3233,7.362220314019892,1.0,6.768792017576404,0.0,6.768792017576404,0.0,0.0,0.75,0.0,2.302585092994046,7.313886831633462,7.202617404797454,7.336706882695221,0.0,12,4
3237,3.965747376353011,0.818182,5.551019720103791,0.0,5.551019720103791,0.0,0.0,0.416667,0.0,2.0794415416798357,8.294299608857235,5.647192429852201,5.057129783950823,0.0,12,4
3244,4.869951711140865,1.0,4.5591262474866845,0.0,4.5591262474866845,0.0,0.0,0.583333,0.0,2.0794415416798357,7.313886831633462,4.897435688458113,6.745316091010804,0.0,12,4
3249,3.2617697067467373,0.888889,5.18604412406525,0.0,5.18604412406525,0.0,0.0,0.777778,0.0,2.1972245773362196,7.313886831633462,4.936196147110202,4.877830525035926,0.285714,9,4
3254,4.237111044414659,0.363636,6.285998094508865,0.0,6.285998094508865,0.0,0.0,0.25,0.0,1.6094379124341003,8.294299608857235,7.094899616616993,5.231952966173706,0.666667,12,4
3256,4.5671352103701235,1.0,6.350257247017716,0.0,6.350257247017716,0.0,0.0,0.666667,0.0,2.70805020110221,9.082620630373812,6.327611391509174,5.261990182299389,0.0,12,4
3258,2.7028764402534264,0.909091,5.210032451680465,0.0,5.210032451680465,0.0,0.0,0.833333,0.0,2.3978952727983707,8.612685172875459,5.449155613464698,5.079344848119272,0.8,12,4
3263,4.232207194803415,0.454545,6.221623433316097,0.0,6.221623433316097,0.0,0.0,0.333333,0.0,1.6094379124341003,6.90875477931522,7.168779452082003,4.954978352482515,0.5,12,4
3286,7.303636936841547,1.0,5.993861671707704,0.0,5.993861671707704,0.0,0.0,1.0,0.0,2.5649493574615367,7.0909098220799835,5.225783103157168,9.2808220459798,0.0,12,4
3301,6.832189645571643,1.0,7.1065405618067565,0.0,7.1065405618067565,0.0,0.0,1.0,0.0,2.9444389791664403,9.472781556562168,7.977307828562634,5.59118065205382,0.0,12,4
3304,5.727123979789876,0.888889,8.071218539969863,0.0,8.071218539969863,0.0,0.0,0.777778,0.0,2.70805020110221,7.824445930877619,8.012539623267774,4.764756000105547,0.2,9,4
3306,2.4690352799630846,0.454545,4.460144413937834,0.0,4.460144413937834,0.0,0.0,0.166667,0.0,1.3862943611198906,7.313886831633462,5.50933745679111,4.897337487245841,1.0,12,4
3312,4.396655250317193,1.0,7.0909098220799835,0.0,7.0909098220799835,0.0,0.0,0.916667,0.0,2.5649493574615367,7.0909098220799835,6.945655197192749,5.117276513303078,1.0,12,4
3323,5.160944341436445,1.0,4.290459441148391,0.0,4.290459441148391,0.0,0.0,0.166667,0.0,1.6094379124341003,8.993551586299981,5.261101196555002,5.247343621099286,0.0,12,4
3332,4.864130502052681,1.0,6.580639137284949,0.0,6.580639137284949,0.0,0.0,0.916667,0.0,2.5649493574615367,6.90875477931522,6.395799987381642,5.290502091689856,0.090909,12,4
3362,2.4668864230717196,0.444444,5.954281755980266,0.0,5.954281755980266,0.0,0.0,0.777778,0.0,2.1972245773362196,7.313886831633462,6.48681373883566,4.193459389108447,0.333333,9,4
3370,6.7107220092807776,1.0,6.5237678650502025,0.0,6.5237678650502025,0.0,0.0,0.666667,0.0,2.9444389791664403,7.0909098220799835,7.072631524875087,5.397600896676138,0.0,12,4
3383,6.509402648630386,1.0,5.857933154483459,0.0,5.857933154483459,0.0,0.0,0.083333,0.0,1.0986122886681098,7.576097340623111,6.3362100602440705,5.389706067394656,0.0,12,4
3384,2.8136084772041507,0.714286,4.2740237421222265,0.0,4.2740237421222265,0.0,0.0,0.571429,0.0,2.0794415416798357,7.313886831633462,2.855631981445016,4.447153412442089,0.333333,7,4
3394,3.705494678603208,1.0,5.771191870885455,0.0,5.771191870885455,0.0,0.0,1.0,0.0,2.5649493574615367,9.210440366976517,5.904990512087931,5.181421776994848,0.727273,12,4
3399,4.893006579031837,1.0,5.884269015504426,0.0,5.884269015504426,0.0,0.0,0.833333,0.0,2.833213344056216,7.313886831633462,4.465200247483237,5.011988384922505,0.0,12,4
3403,5.512172021333159,0.909091,5.700309785177228,0.0,5.700309785177228,0.0,0.0,0.916667,0.0,2.4849066497880004,6.90875477931522,7.196162968610087,5.404977122827123,0.0,12,4
3407,5.3798678369758175,1.0,6.729477534945203,0.0,6.729477534945203,0.0,0.0,0.916667,0.0,3.367295829986474,8.612685172875459,6.67958844834955,5.188773144716962,0.0,12,4
3419,3.287132649539143,1.0,5.673323267171493,0.0,5.673323267171493,0.0,0.0,0.916667,0.0,2.5649493574615367,7.313886831633462,5.573548185369703,5.145809692081294,1.0,12,4
3421,3.699638047343958,1.0,6.095283875746979,0.0,6.095283875746979,0.0,0.0,1.0,0.0,2.6390573296152584,7.650168700845001,6.181491294613411,4.8774589622397215,0.714286,12,4
3428,4.953822366451431,0.888889,7.35461821578623,0.0,7.35461821578623,0.0,0.0,0.888889,0.0,2.5649493574615367,7.824445930877619,7.040488699936936,4.9088116422809,0.222222,9,4
3429,3.4746215581761555,0.636364,6.921658184151129,0.0,6.921658184151129,0.0,0.0,0.416667,0.0,2.0794415416798357,8.412054873292933,7.304672324279581,3.798000774073673,0.0,12,4
3433,2.7691264856095756,0.636364,5.94672865326659,0.0,5.94672865326659,0.0,0.0,0.583333,0.0,2.0794415416798357,8.006700845440367,6.401923069015084,4.828910335302318,0.666667,12,4
3447,2.5444856270694696,1.0,4.789822358120328,0.0,4.789822358120328,0.0,0.0,1.0,0.0,2.5649493574615367,7.438971592395862,4.755803567367101,4.534392443995624,0.444444,12,4
3449,7.448531938541471,1.0,5.221598296134632,0.0,5.221598296134632,0.0,0.0,1.0,0.0,2.6390573296152584,7.438971592395862,6.237252793020239,6.726648243158915,0.0,12,4
3456,4.093081715166313,1.0,6.110136076825481,0.0,6.110136076825481,0.0,0.0,1.0,0.0,2.5649493574615367,7.601402334583733,6.044185174495967,5.177735452057005,0.545455,12,4
3463,3.494531519471761,1.0,6.28136914791286,0.0,6.28136914791286,0.0,0.0,1.0,0.0,3.044522437723423,9.210440366976517,6.3757493103027425,5.121532907694007,1.0,12,4
3465,4.0396335569154935,1.0,7.204060068724803,0.0,7.204060068724803,0.0,0.0,1.0,0.0,3.2188758248682006,8.648396877031582,7.154171312246671,5.183756310984654,1.0,12,4
3471,3.07555177170275,0.454545,5.703115585668497,0.0,5.703115585668497,0.0,0.0,0.333333,0.0,1.791759469228055,8.517393171418904,6.274323578624013,4.86075880909258,1.0,12,4
3480,1.835128138218364,0.363636,3.1570004211501135,0.0,3.1570004211501135,0.0,0.0,0.083333,0.0,0.6931471805599453,8.006700845440367,6.710378220759248,4.1227310594595945,0.0,12,4
3486,6.38674359971544,1.0,4.663439094112067,0.0,4.663439094112067,0.0,0.0,0.083333,0.0,1.0986122886681098,8.79497643168877,6.041408571515052,5.2807978572533125,0.0,12,4
3488,3.2439631302888157,1.0,5.332332245135314,0.0,5.332332245135314,0.0,0.0,0.888889,0.0,2.302585092994046,7.313886831633462,5.2474724347888335,4.776797083234992,0.857143,9,4
3489,7.324850642054061,1.0,6.339671236375865,0.0,6.339671236375865,0.0,0.0,1.0,0.0,2.8903717578961645,7.313886831633462,6.755529660534647,7.036638719216833,0.0,12,4
3493,6.948339809790117,1.0,5.733082343701063,0.0,5.733082343701063,2.976379969846922,0.0,1.0,0.6931471805599453,2.8903717578961645,6.90875477931522,5.834457195041826,8.111925826355629,0.0,12,4
3518,2.7271407448617166,0.909091,5.621161445967864,0.0,5.621161445967864,0.0,0.0,1.0,0.0,2.9444389791664403,8.922791623969637,5.9550363751794135,4.580840453798662,0.6,12,4
3524,3.469096219356765,0.272727,5.442417710521793,0.0,5.442417710521793,0.0,0.0,0.166667,0.0,1.0986122886681098,8.412054873292933,7.181783623578681,4.9092755424763,1.0,12,4
3540,5.6140159056083485,1.0,7.744820968803092,0.0,7.744820968803092,0.0,0.0,1.0,0.0,3.8066624897703196,8.922791623969637,7.805616231788598,5.249027400998701,0.25,12,4
3543,7.502671153900964,1.0,6.803505257608338,0.0,6.803505257608338,4.607928278950447,0.0,0.666667,0.6931471805599453,2.5649493574615367,7.438971592395862,7.0464959391565545,7.600602912182251,0.0,12,4
3559,6.7997465966908415,1.0,4.866456947080341,0.0,4.866456947080341,0.0,0.0,0.166667,0.0,1.0986122886681098,7.0909098220799835,7.382651146068308,6.833345709352469,0.0,12,4
3564,5.580717228909506,1.0,5.170483995038151,0.0,5.170483995038151,0.0,0.0,0.416667,0.0,1.791759469228055,6.90875477931522,5.035572462146357,5.366928584547893,0.0,12,4
3568,7.194223618908507,1.0,6.951427607438323,0.0,6.951427607438323,0.0,0.0,1.0,0.0,2.5649493574615367,7.170888478512505,7.099969523053709,7.377440469406612,0.0,12,4
3580,2.0399837204186486,0.272727,4.8993312245375815,0.0,4.8993312245375815,0.0,0.0,0.25,0.0,1.6094379124341003,7.824445930877619,6.03893706022309,3.767020053926746,0.0,12,4
3587,4.163013945836936,0.818182,6.745906712975834,0.0,6.745906712975834,0.0,0.0,0.75,0.0,2.302585092994046,8.294299608857235,6.788513197560966,4.823701043167206,0.636364,12,4
3590,1.054115146279749,0.454545,0.2151113796169455,0.2151113796169455,0.0,0.0,0.083333,0.0,0.0,0.0,8.006700845440367,5.019800544577232,3.9944268188809615,0.0,12,4
3600,2.0865329630102036,0.636364,4.463606621666305,0.0,4.463606621666305,0.0,0.0,0.25,0.0,1.6094379124341003,7.783640596221253,4.89420461858853,4.78478107223193,0.333333,12,4
3602,3.463813117933124,0.909091,5.454850919362802,0.0,5.454850919362802,0.0,0.0,0.333333,0.0,2.3978952727983707,9.680406499268875,4.473471934989447,4.51270243365656,0.1,12,4
3603,3.594096217950422,0.545455,5.888434646788438,0.0,5.888434646788438,0.0,0.0,0.333333,0.0,2.302585092994046,8.517393171418904,6.2243873453344065,4.9150693729262285,0.75,12,4
3615,8.240201140799247,1.0,3.9314333989479695,0.0,3.9314333989479695,0.0,0.0,0.166667,0.0,1.3862943611198906,9.04793908261736,6.954580014866917,7.032253235454544,0.0,12,4
3620,5.688121661792473,1.0,7.52428056089064,0.0,7.52428056089064,0.0,0.0,1.0,0.0,2.5649493574615367,7.244941546337007,7.30033726355522,5.288710381894815,0.0,12,4
3625,2.54937126194437,0.5,4.36131359307634,0.0,4.36131359307634,0.0,0.0,0.375,0.0,1.6094379124341003,7.0909098220799835,4.650481744915038,4.7763017510333885,1.0,8,4
3626,2.8973350136173575,0.727273,4.572233685741827,0.0,4.572233685741827,0.0,0.0,0.583333,0.0,2.0794415416798357,8.294299608857235,4.770317302774023,4.913963198639014,0.222222,12,4
3627,4.687090741708511,1.0,6.320768294250582,0.0,6.320768294250582,0.0,0.0,0.833333,0.0,1.9459101490553132,6.90875477931522,5.752191067623902,3.911362187135825,0.0,6,4
3632,3.526816332484676,0.727273,5.692249558842477,4.6913478822291435,5.239416258627876,0.0,0.166667,0.5,0.0,2.302585092994046,8.006700845440367,5.713378835278539,5.117262964574198,0.625,12,4
3636,5.1412262971760425,1.0,7.601402334583733,0.0,7.601402334583733,0.0,0.0,0.833333,0.0,3.091042453358316,8.853808274977197,7.529968688048141,5.153052727821117,0.909091,12,4
3646,6.888607826931776,1.0,5.62040086571715,0.0,5.62040086571715,0.0,0.0,0.916667,0.0,2.4849066497880004,6.90875477931522,6.289147077250619,6.478215291672038,0.0,12,4
3660,3.000931782648066,0.636364,5.780033387167461,0.0,5.780033387167461,0.0,0.0,0.5,0.0,2.0794415416798357,8.575650760987806,6.01749902971965,5.169455341155108,0.857143,12,4
3665,2.83722428944948,0.636364,5.213848209921586,4.382026634673881,4.6520537718869415,0.0,0.083333,0.25,0.0,1.6094379124341003,7.0909098220799835,5.689239702636073,4.695802669683423,0.571429,12,4
3667,7.93903882537473,1.0,4.411706788775292,0.0,4.411706788775292,0.0,0.0,0.5,0.0,1.9459101490553132,8.006700845440367,6.733823974176646,6.875816197642632,0.0,12,4
3670,3.927698756323028,1.0,6.55250788703459,0.0,6.55250788703459,0.0,0.0,0.9,0.0,2.3978952727983707,6.90875477931522,6.491448431033841,5.087039840911966,1.0,10,4
3673,4.374523632417575,1.0,5.45677305224001,0.0,5.45677305224001,0.0,0.0,0.833333,0.0,2.3978952727983707,8.03947991910045,5.634167452530814,5.317151618257145,0.0,12,4
3693,3.7395814799867044,0.818182,5.638354669333745,0.0,5.638354669333745,0.0,0.0,0.666667,0.0,2.1972245773362196,9.105090961257085,6.175379945561236,4.953802276720899,0.5,12,4
3697,6.997203283399249,1.0,6.438327483912075,0.0,6.438327483912075,0.0,0.0,1.0,0.0,3.2188758248682006,6.90875477931522,6.4835963924076365,7.0993115814513255,0.0,12,4
3701,3.398163517480139,1.0,5.182064409723787,0.0,5.182064409723787,0.0,0.0,0.333333,0.0,1.791759469228055,7.0909098220799835,5.1120195167688545,4.4909371702976015,0.0,6,4
3703,4.718362433416442,0.909091,5.017279836814924,0.0,5.017279836814924,6.329102288193491,0.0,0.083333,1.3862943611198906,0.6931471805599453,7.601402334583733,6.596006003563943,4.650481974282934,0.111111,12,4
3708,8.091356937621935,0.727273,7.672297111111401,0.0,7.672297111111401,0.0,0.0,1.0,0.0,4.110873864173311,8.987321812850125,9.045703172056328,7.999563000001605,0.0,12,4
3713,6.888950439090501,1.0,6.551551652527296,0.0,6.551551652527296,0.0,0.0,1.0,0.0,3.1780538303479458,6.90875477931522,6.911340401742652,6.855335938210678,0.0,12,4
3717,3.598698094397576,1.0,6.1293769540595315,0.0,6.1293769540595315,0.0,0.0,0.909091,0.0,3.1354942159291497,6.90875477931522,5.999358723444324,5.0750331490908085,0.666667,11,4
3726,3.7249092885549575,1.0,6.318030737609729,0.0,6.318030737609729,0.0,0.0,1.0,0.0,2.9444389791664403,9.350189267092581,6.280276916158821,5.178344288874354,1.0,12,4
3732,7.94399236529476,1.0,3.6615082573178044,0.0,3.6615082573178044,0.0,0.0,0.166667,0.0,1.0986122886681098,8.006700845440367,6.628455909296426,7.063318961479333,0.0,12,4
3738,5.420412690907967,1.0,7.642831041568478,0.0,7.642831041568478,0.0,0.0,1.0,0.0,4.219507705176107,9.04793908261736,7.414528988218625,5.093990061608412,0.916667,12,4
3743,4.46771271926804,1.0,6.8207148106602675,0.0,6.8207148106602675,0.0,0.0,0.833333,0.0,2.4849066497880004,9.15915233520675,6.75315246128929,5.1426013797668135,0.727273,12,4
3747,7.305530490143685,1.0,3.5700959181239695,0.0,3.5700959181239695,0.0,0.0,0.166667,0.0,1.0986122886681098,7.601402334583733,7.666216922839906,9.87531714231218,0.0,12,4
3750,7.840574583889205,1.0,5.951371453541538,0.0,5.951371453541538,0.0,0.0,1.0,0.0,2.5649493574615367,7.972810784121404,7.451313303793488,7.252299768554493,0.0,12,4
3764,7.074697557779876,1.0,5.497332146283652,0.0,5.497332146283652,4.054607482441183,0.0,0.916667,1.0986122886681098,2.5649493574615367,7.0909098220799835,6.213456878022201,6.385598541604405,0.0,12,4
3786,4.9825465326151335,1.0,5.023090735363602,0.0,5.023090735363602,0.0,0.0,0.909091,0.0,2.3978952727983707,7.824445930877619,5.389696242530392,5.091350304954121,0.0,11,4
3787,0.00019898020212653455,0.090909,0.009950330853168092,0.009950330853168092,0.0,0.0,0.083333,0.0,0.0,0.6931471805599453,8.294299608857235,0.05492937582399679,0.05437454246333255,0.0,12,4
3798,3.0097122960649454,0.727273,6.063552623502236,0.0,6.063552623502236,0.0,0.0,0.416667,0.0,2.0794415416798357,9.259225769705994,6.0397874759495105,4.299402551239921,0.2,12,4
3801,5.301734551315985,0.363636,5.664348405410794,0.0,5.664348405410794,0.0,0.0,1.0,0.0,2.5649493574615367,8.412054873292933,7.013375561997502,4.258235763058054,0.0,12,4
3815,3.3691628446501243,0.636364,6.7157106055199165,0.0,6.7157106055199165,0.0,0.0,1.0,0.0,3.295836866004329,7.824445930877619,6.513274197477572,4.242057679623078,0.333333,12,4
3816,5.984885447214552,1.0,5.662057294608887,3.979494720543159,5.460648778465489,0.0,0.083333,0.666667,0.0,2.772588722239781,6.90875477931522,5.454393604155561,5.239447086536229,0.0,12,4
3824,3.297128882842847,0.636364,5.706412346842217,0.0,5.706412346842217,0.0,0.0,0.25,0.0,1.6094379124341003,8.922791623969637,5.7343656387913,4.473545933614945,0.3,12,4
3827,2.7623027525662054,0.545455,5.142189733836557,0.0,5.142189733836557,0.0,0.0,0.454545,0.0,2.3978952727983707,8.853808274977197,5.257271320888533,4.3091533154071255,0.5,11,4
3833,7.480110026438206,1.0,7.0707241072602764,0.0,7.0707241072602764,0.0,0.0,1.0,0.0,2.5649493574615367,7.438971592395862,7.208616511034448,7.997748826105058,0.0,12,4
3838,3.725196990779451,1.0,6.117237798025915,0.0,6.117237798025915,0.0,0.0,0.916667,0.0,2.9444389791664403,8.517393171418904,6.057731940852419,5.192014568192389,0.818182,12,4
3846,6.884115597540155,0.818182,8.83906797315321,0.0,8.83906797315321,0.0,0.0,0.5,0.0,1.9459101490553132,8.724369949208368,9.0286844453613,8.81059100942785,0.272727,12,4
3847,7.03022485164827,1.0,7.1003736412534595,0.0,7.1003736412534595,0.0,0.0,1.0,0.0,3.7612001156935624,8.294299608857235,8.129125246853524,5.835986081162758,0.333333,12,4
3849,6.785402190524174,1.0,5.238938843028536,0.0,5.238938843028536,0.0,0.0,0.666667,0.0,2.302585092994046,6.90875477931522,5.578339244481431,6.077033666001566,0.0,12,4
3853,5.810093306620414,1.0,6.647688373563329,0.0,6.647688373563329,0.0,0.0,0.5,0.0,2.0794415416798357,8.612685172875459,6.327495252339984,5.383869931655515,0.0,12,4
3866,6.131135765802655,0.363636,6.201968554875728,0.0,6.201968554875728,0.0,0.0,1.0,0.0,2.5649493574615367,8.699681400989514,7.6557641020709495,5.302895271930846,0.0,12,4
3888,8.173266743546439,1.0,7.218118185656976,0.0,7.218118185656976,0.0,0.0,1.0,0.0,2.772588722239781,8.922791623969637,6.93508495876945,6.9470318501907125,0.0,12,4
3893,3.6106123254166627,0.636364,5.68697535633982,0.0,5.68697535633982,0.0,0.0,0.416667,0.0,1.9459101490553132,7.0909098220799835,6.221142576143533,5.245430724508666,0.333333,12,4
3899,3.5235229141697335,1.0,5.972536537222463,0.0,5.972536537222463,0.0,0.0,0.75,0.0,2.302585092994046,8.77971129020447,6.006970985949103,5.098725191495824,0.727273,12,4
3914,2.3893187814317782,0.909091,5.314682720634301,0.0,5.314682720634301,0.0,0.0,0.818182,0.0,2.3978952727983707,7.313886831633462,5.281304210058096,5.01786221686761,0.0,11,4
3918,5.75920177303707,1.0,4.510419849442281,0.0,4.510419849442281,0.0,0.0,0.416667,0.0,1.791759469228055,8.45553053102413,5.710935689303868,5.315027648842628,0.0,12,4
3919,6.119982298976196,1.0,5.479596713763548,0.0,5.479596713763548,0.0,0.0,0.571429,0.0,1.9459101490553132,7.313886831633462,4.553958709306013,4.676956583944088,0.0,7,4
3927,4.013265680405505,1.0,5.849382415173525,0.0,5.849382415173525,0.0,0.0,0.75,0.0,2.4849066497880004,8.412054873292933,5.475791217178534,4.925171475383995,0.333333,12,4
3938,3.8206831175736133,0.727273,6.46302945692067,0.0,6.46302945692067,0.0,0.0,0.818182,0.0,2.3978952727983707,8.699681400989514,6.392715019436504,4.354154528784948,0.0,11,4
3943,2.7371252617641915,1.0,5.105339229565553,0.0,5.105339229565553,0.0,0.0,0.909091,0.0,2.4849066497880004,7.313886831633462,4.940044224742613,5.03349302757712,0.777778,11,4
3947,1.6409582846842685,1.0,4.270536258640519,0.0,4.270536258640519,0.0,0.0,1.0,0.0,2.5649493574615367,8.699681400989514,4.018156618169397,3.7393472578778355,0.222222,12,4
3957,2.7235715197991115,0.545455,5.563868854111823,0.0,5.563868854111823,0.0,0.0,0.416667,0.0,2.0794415416798357,8.853808274977197,5.88128511688746,4.9721044575900155,1.0,12,4
3963,7.5800424102022195,1.0,5.626757431471986,0.0,5.626757431471986,0.0,0.0,0.333333,0.0,1.6094379124341003,8.006700845440367,6.340547414781554,6.0026891647227,0.0,12,4
3970,7.021498504248434,1.0,5.589792237238514,0.0,5.589792237238514,0.0,0.0,0.166667,0.0,1.0986122886681098,7.244941546337007,6.9492874772479984,6.506528457136523,0.0,12,4
3976,4.076574098681744,1.0,6.089044875446846,0.0,6.089044875446846,0.0,0.0,0.916667,0.0,2.4849066497880004,8.77971129020447,6.1388569597787646,5.24580021829361,1.0,12,4
3981,3.031398407438338,0.818182,5.402226829938548,0.0,5.402226829938548,0.0,0.0,0.75,0.0,2.302585092994046,7.824445930877619,5.6218553038857975,4.990059415118036,0.888889,12,4
3985,4.009092346092185,0.727273,5.231055139488869,3.8284239815518326,4.955827057601261,0.0,0.083333,0.25,0.0,1.791759469228055,8.294299608857235,5.9089258246880885,4.863235631451509,0.0,12,4
3987,7.8452585997676945,1.0,6.312859403419921,0.0,6.3715263734936105,0.0,0.0,0.916667,0.0,3.2188758248682006,8.006700845440367,6.173020183576503,6.985965983408181,0.0,12,4
3998,6.852085316730664,1.0,6.110335879243754,0.0,6.110335879243754,0.0,0.0,1.0,0.0,2.9444389791664403,6.90875477931522,6.467458114861653,6.207225542291941,0.0,12,4
4023,4.315839795806734,1.0,6.398594934535208,0.0,6.398594934535208,0.0,0.0,0.666667,0.0,2.5649493574615367,8.006700845440367,6.354928601295127,5.115511782631852,1.0,12,4
4027,6.474146901183334,1.0,5.914826453818583,0.0,5.914826453818583,0.0,0.0,0.5,0.0,2.302585092994046,9.433563920090563,6.605766925968449,5.509347218373726,0.0,12,4
4031,6.860055062803528,1.0,5.651787179537821,0.0,5.651787179537821,0.0,0.0,0.75,0.0,2.4849066497880004,6.90875477931522,6.417529141406517,6.410641575679292,0.0,12,4
4035,3.315901949778089,0.636364,5.418586198938981,0.0,5.418586198938981,0.0,0.0,0.5,0.0,2.0794415416798357,8.006700845440367,5.581203844746975,5.1279564216080145,0.6,12,4
4039,2.9629210755025515,0.777778,5.551019720103791,0.0,5.551019720103791,0.0,0.0,0.555556,0.0,1.9459101490553132,7.601402334583733,5.730002005466237,4.70756370145074,0.8,9,4
4050,5.349439557048152,1.0,7.579474512128462,0.0,7.579474512128462,0.0,0.0,1.0,0.0,2.5649493574615367,8.294299608857235,7.49631090593492,5.186725660618536,0.916667,12,4
4054,2.843713669237567,0.272727,4.394449154672439,0.0,4.394449154672439,0.0,0.0,0.166667,0.0,1.0986122886681098,8.517393171418904,4.948834362782335,4.260852758171541,0.0,12,4
4055,7.934846724605484,1.0,5.44897624283315,0.0,5.44897624283315,0.0,0.0,0.5,0.0,1.9459101490553132,8.006700845440367,7.511749529609476,7.012519880918646,0.0,12,4
4058,1.035606459025281,0.090909,3.093312601892855,0.0,3.093312601892855,0.0,0.0,0.083333,0.0,0.6931471805599453,7.972810784121404,5.497730767856132,4.72755832629899,0.0,12,4
4073,3.128909891107492,1.0,5.549504008886889,0.0,5.549504008886889,0.0,0.0,0.916667,0.0,2.4849066497880004,7.824445930877619,5.64862959074894,5.137713695888209,0.833333,12,4
4106,6.454821091163067,1.0,3.0402275134405423,0.0,3.0402275134405423,0.0,0.0,0.083333,0.0,0.6931471805599453,8.699681400989514,6.415900796400664,5.51264080679001,0.0,12,4
4127,6.005323255047824,1.0,6.322277945520367,0.0,6.322277945520367,0.0,0.0,0.916667,0.0,2.4849066497880004,7.313886831633462,5.438378885784696,5.548040899470178,0.0,12,4
4130,3.6110778458001813,0.636364,6.140660113469835,0.0,6.140660113469835,0.0,0.0,0.333333,0.0,1.6094379124341003,8.922791623969637,6.976663333538901,4.646765251212172,0.0,12,4
4134,3.142053310136847,0.333333,4.911698546236233,4.1893516658004355,4.261129379866926,0.0,0.166667,0.166667,0.0,1.3862943611198906,8.006700845440367,3.751404598205024,4.41395901338381,0.0,6,4
4147,2.245782545238015,1.0,4.4557416724961625,0.0,4.4557416724961625,0.0,0.0,0.583333,0.0,2.1972245773362196,8.853808274977197,4.617674510048013,4.374284403298731,0.454545,12,4
4153,3.9106949639713373,1.0,6.451796556656986,0.0,6.451796556656986,0.0,0.0,1.0,0.0,3.091042453358316,7.313886831633462,6.441124055976618,5.1334400287787005,1.0,12,4
4156,5.2003127851015485,1.0,6.69900760795166,0.0,6.69900760795166,0.0,0.0,0.833333,0.0,3.044522437723423,7.824445930877619,6.552822402476698,5.305882890662252,0.0,12,4
4160,4.281450613380421,1.0,7.062842662822322,0.0,7.062842662822322,0.0,0.0,1.0,0.0,2.5649493574615367,8.006700845440367,7.037788120683101,5.097488266873934,0.75,12,4
4173,2.871134910516339,0.363636,5.232818384315341,4.189654742026425,4.8066405616208066,0.0,0.083333,0.083333,0.0,1.6094379124341003,6.398594934535208,3.378191702066552,4.03166949488664,0.0,12,4
4174,4.261912314935242,0.909091,3.7471483622379123,0.0,3.7471483622379123,0.0,0.0,0.333333,0.0,1.6094379124341003,7.0909098220799835,5.002509260467217,5.096877599870862,0.0,12,4
4177,3.35837460218369,0.272727,5.717816863620004,0.0,5.717816863620004,0.0,0.0,0.166667,0.0,1.3862943611198906,8.006700845440367,6.654262652005085,5.185536292074848,0.0,12,4
4185,4.215432973544985,1.0,6.313457462464361,0.0,6.313457462464361,0.0,0.0,0.75,0.0,2.833213344056216,8.294299608857235,6.25849717280067,5.025433715330779,0.4,12,4
4186,7.59500129788723,1.0,6.302179318670335,0.0,6.302179318670335,0.0,0.0,1.0,0.0,2.70805020110221,7.601402334583733,7.025789643052889,7.5151394613669,0.0,12,4
4188,4.0071386026661475,0.857143,6.153030522689372,0.0,6.153030522689372,0.0,0.0,0.714286,0.0,1.9459101490553132,7.313886831633462,6.104206897607894,4.60575126712774,0.8,7,4
4190,1.9251257857282638,0.909091,6.7194961295214295,0.0,6.7194961295214295,0.0,0.0,1.0,0.0,2.5649493574615367,8.79497643168877,6.629253079601031,3.5703218498066915,0.083333,12,4
4198,7.035887905710712,1.0,4.533351898197619,0.0,4.533351898197619,4.412913329148005,0.0,0.181818,1.3862943611198906,1.3862943611198906,7.0909098220799835,5.877170353047375,6.0769299002433765,0.0,11,4
4201,2.973435129536431,0.545455,4.470495282661489,0.0,4.470495282661489,0.0,0.0,0.333333,0.0,1.6094379124341003,7.601402334583733,5.58638241065681,5.18499358922899,0.0,12,4
4202,4.3411116931258515,1.0,7.019609663756279,0.0,7.019609663756279,0.0,0.0,1.0,0.0,2.833213344056216,8.517393171418904,6.9678636706335295,5.217795523274035,1.0,12,4
4208,4.03106961577102,0.909091,6.692393868109982,0.0,6.692393868109982,0.0,0.0,1.0,0.0,3.2188758248682006,8.294299608857235,6.682970551675045,5.012428338963434,0.9,12,4
4222,1.8240528785356618,0.545455,4.234396317669857,0.0,4.234396317669857,0.0,0.0,0.5,0.0,1.9459101490553132,8.294299608857235,4.840370489675295,4.588668997141704,0.5,12,4
4224,4.365441699300161,1.0,6.0690735264349644,0.0,6.0690735264349644,0.0,0.0,0.875,0.0,2.1972245773362196,6.90875477931522,5.83996747958522,4.696137622445263,0.333333,8,4
4234,5.297392824290527,1.0,5.5154428455366835,0.0,5.5154428455366835,0.0,0.0,0.166667,0.0,1.3862943611198906,8.294299608857235,5.650762989503882,5.522803312447329,0.0,12,4
4244,6.954593314225251,1.0,6.22455842927536,0.0,6.22455842927536,0.0,0.0,1.0,0.0,2.5649493574615367,6.90875477931522,6.6339253503847155,6.741536742605804,0.0,12,4
4259,4.861779151217068,0.818182,7.00850518208228,0.0,7.00850518208228,0.0,0.0,0.666667,0.0,2.70805020110221,7.824445930877619,7.110977480128886,4.897590739087083,0.636364,12,4
4261,2.8552862872741374,0.454545,5.188223443750963,0.0,5.188223443750963,0.0,0.0,0.25,0.0,1.3862943611198906,8.517393171418904,5.439714354116687,4.506606762119135,0.181818,12,4
4262,6.2010471368198345,1.0,6.053264948013429,0.0,6.053264948013429,0.0,0.0,0.25,0.0,1.3862943611198906,8.294299608857235,4.963710318380858,5.682207189730449,0.0,12,4
4265,7.458746837500229,1.0,5.003677813528757,0.0,5.003677813528757,0.0,0.0,0.333333,0.0,2.1972245773362196,7.550135342488429,6.265931352560944,6.5092513709017545,0.0,12,4
4267,3.0227848796554966,0.727273,5.589343840250208,4.442651256490317,5.212541589526633,0.0,0.083333,0.583333,0.0,2.302585092994046,8.412054873292933,5.982026364759377,5.302712404205121,0.857143,12,4
4277,2.4324118444014275,0.818182,5.150976778649327,0.0,5.150976778649327,0.0,0.0,1.0,0.0,2.5649493574615367,8.294299608857235,5.132088705674359,4.422007215304733,0.454545,12,4
4280,4.386341176139345,1.0,6.810693566139006,0.0,6.810693566139006,0.0,0.0,0.916667,0.0,2.5649493574615367,8.699681400989514,6.827994996422873,5.202663835305352,0.916667,12,4
4289,5.473923907167905,1.0,7.16701472849615,0.0,7.16701472849615,5.730753419955722,0.0,0.916667,1.3862943611198906,2.833213344056216,7.824445930877619,7.0022025747909415,5.119116852230094,0.166667,12,4
4292,6.957277133496127,1.0,5.1512664238360015,4.02535169073515,4.767714115173372,0.0,0.083333,0.333333,0.0,1.9459101490553132,7.0909098220799835,5.5517921129937235,5.9471232002592895,0.0,12,4
4300,4.4470876716200385,1.0,5.602118820879701,0.0,5.602118820879701,0.0,0.0,0.916667,0.0,2.5649493574615367,7.0909098220799835,5.735599237112698,5.1749125268724185,0.0,12,4
4307,8.674397415855816,1.0,5.978556596807198,0.0,5.978556596807198,0.0,0.0,0.25,0.0,2.1972245773362196,8.699681400989514,7.338091333696916,7.889586832897451,0.0,12,4
4324,4.49013558242961,0.909091,7.244941546337007,0.0,7.244941546337007,0.0,0.0,0.75,0.0,2.3978952727983707,8.922791623969637,7.176330266916768,4.941280800088904,0.727273,12,4
4334,4.437518151679572,1.0,6.424869023905388,0.0,6.424869023905388,0.0,0.0,0.875,0.0,2.1972245773362196,6.90875477931522,6.2687553430168315,4.9161338491776965,0.833333,8,4
4341,3.4921421073280525,0.545455,5.488937726156687,0.0,5.488937726156687,0.0,0.0,0.666667,0.0,2.4849066497880004,7.0909098220799835,5.996723313028385,4.630130752919394,0.0,12,4
4352,4.922342631155704,1.0,5.672979565501156,0.0,5.672979565501156,0.0,0.0,0.25,0.0,1.6094379124341003,9.15915233520675,6.573148357977548,5.349909102647429,0.0,12,4
4354,3.3874594468848005,1.0,5.909277876120035,0.0,5.909277876120035,0.0,0.0,0.833333,0.0,2.6390573296152584,8.648396877031582,5.891438961481592,5.02471499494432,0.8,12,4
4355,5.806649541252054,1.0,5.810362246718757,0.0,5.810362246718757,0.0,0.0,0.454545,0.0,2.3978952727983707,7.824445930877619,5.993287492033774,5.162333265635048,0.0,11,4
4365,7.597722557006837,1.0,3.044522437723423,0.0,3.044522437723423,0.0,0.0,0.333333,0.0,1.6094379124341003,8.922791623969637,7.635431144828366,6.291852081008094,0.0,12,4
4369,4.02066926311856,0.909091,7.1912410593025085,0.0,7.1912410593025085,0.0,0.0,1.0,0.0,3.4339872044851463,7.313886831633462,7.0330768002759845,4.90665628298069,0.818182,12,4
4373,3.4452341392897696,1.0,5.836213261836691,0.0,5.836213261836691,0.0,0.0,1.0,0.0,2.772588722239781,8.294299608857235,5.94602558002472,5.1920458972089785,0.916667,12,4
4381,3.7629440360406017,1.0,6.0454791354142206,0.0,6.0454791354142206,0.0,0.0,1.0,0.0,2.5649493574615367,7.601402334583733,6.0205048800160705,5.184353217776888,1.0,12,4
4386,4.181920317420384,1.0,6.753426249918266,0.0,6.753426249918266,0.0,0.0,0.7,0.0,2.5649493574615367,8.006700845440367,6.706352348390154,4.817481026786676,1.0,10,4
4395,2.4028583906732988,0.454545,6.274762021241939,0.0,6.274762021241939,0.0,0.0,0.916667,0.0,2.5649493574615367,6.90875477931522,6.290741860420241,3.9136339471644583,0.0,12,4
4407,2.7266708229155223,0.875,5.508780864704872,0.0,5.508780864704872,0.0,0.0,0.75,0.0,2.833213344056216,7.313886831633462,5.350607973204339,4.203512042186843,0.25,8,4
4416,1.7764576580461497,0.454545,4.8990331175149535,0.0,4.8990331175149535,0.0,0.0,0.25,0.0,1.6094379124341003,8.77971129020447,5.353979918811373,4.723439956503175,0.5,12,4
4424,7.554546422081081,1.0,6.489280916280332,0.0,6.489280916280332,0.0,0.0,1.0,0.0,2.8903717578961645,7.601402334583733,6.797298215738992,6.820913848278092,0.0,12,4
4430,5.005159013271613,0.818182,7.0909098220799835,0.0,7.0909098220799835,0.0,0.0,0.416667,0.0,2.5649493574615367,8.987321812850125,7.411715406873109,4.870007206058551,0.714286,12,4
4432,6.177107054270223,1.0,6.631738238060859,0.0,6.631738238060859,0.0,0.0,0.666667,0.0,2.9444389791664403,8.987321812850125,5.847553260724212,5.122261703973263,0.0,12,4
4447,7.49156545924958,1.0,4.281930018135596,0.0,4.281930018135596,0.0,0.0,0.416667,0.0,1.791759469228055,8.006700845440367,6.307049361362689,6.474063070383907,0.0,12,4
4448,1.8911212785699791,0.818182,5.927992124152408,0.0,5.927992124152408,0.0,0.0,1.0,0.0,2.5649493574615367,6.90875477931522,6.041473646645185,1.358755113204988,0.090909,12,4
4462,8.51258832085533,1.0,6.804470385507223,0.0,6.804470385507223,0.0,0.0,1.0,0.0,5.093750200806762,8.612685172875459,4.5418625763014235,10.824999817846559,0.0,12,4
4463,3.2515806247220027,0.636364,7.554926581551731,3.4339872044851463,7.539096202369488,0.0,0.083333,0.833333,0.0,2.5649493574615367,7.601402334583733,7.5136739384329205,3.0953792178048456,0.0,12,4
4471,3.294007935270414,0.636364,5.447814377693948,0.0,5.447814377693948,0.0,0.0,0.583333,0.0,2.70805020110221,8.294299608857235,5.347657874488646,4.563320830579984,0.090909,12,4
4473,3.2413823228210243,1.0,6.280264744225334,0.0,6.280264744225334,0.0,0.0,1.0,0.0,3.1780538303479458,8.006700845440367,6.533695628647632,5.017995832084754,0.8,12,4
4475,4.776653562990962,1.0,6.57847313160626,0.0,6.57847313160626,0.0,0.0,1.0,0.0,2.70805020110221,8.006700845440367,6.787130819802681,5.166748715057749,0.333333,12,4
4483,4.128994170700178,0.909091,5.48359288941835,0.0,5.48359288941835,0.0,0.0,0.454545,0.0,1.791759469228055,6.55250788703459,5.883624398588943,4.880842481407467,0.090909,11,4
4491,2.758428627125291,1.0,4.399866552802212,0.0,4.399866552802212,0.0,0.0,0.333333,0.0,1.6094379124341003,8.006700845440367,4.928826758821997,4.409931375535062,0.083333,12,4
4497,4.296276516508294,1.0,6.487196837426318,0.0,6.487196837426318,0.0,0.0,1.0,0.0,0.0,6.90875477931522,6.5786081122101905,5.098235134573946,0.333333,12,4
4500,4.567046339856176,0.727273,3.7909846770510898,0.0,3.7909846770510898,0.0,0.0,0.083333,0.0,0.6931471805599453,8.853808274977197,6.2683476721271285,5.338182804513911,0.0,12,4
4503,2.552107794869202,0.166667,5.612763076269032,4.2612704335380815,5.318119993844216,0.0,0.166667,0.5,0.0,1.791759469228055,8.699681400989514,5.752296705521445,4.411986727746712,1.0,6,4
4512,4.473477604570668,1.0,6.566644300012384,0.0,6.566644300012384,0.0,0.0,0.916667,0.0,2.5649493574615367,6.90875477931522,6.590444592838716,5.134651161534258,0.166667,12,4
4522,3.9300870438227578,1.0,5.1896179496246955,0.0,5.1896179496246955,0.0,0.0,1.0,0.0,2.5649493574615367,7.824445930877619,4.88015264361659,5.122863254780503,0.0,12,4
4523,2.972945669624515,0.090909,4.890349128221754,0.0,4.890349128221754,0.0,0.0,0.333333,0.0,1.6094379124341003,9.87822102528824,8.191896517754591,4.207493692719628,0.0,12,4
4525,3.5034271717088266,0.727273,4.989411657644629,0.0,4.989411657644629,0.0,0.0,0.583333,0.0,2.0794415416798357,6.90875477931522,5.578528247776402,4.88071906555094,0.125,12,4
4527,7.12217309798022,1.0,4.049695810553219,0.0,4.049695810553219,0.0,0.0,0.416667,0.0,1.791759469228055,7.3783837129967145,5.991420921156384,6.048250622888718,0.0,12,4
4536,5.7085299442345345,1.0,6.097422384333755,0.0,6.097422384333755,0.0,0.0,0.916667,0.0,2.4849066497880004,6.90875477931522,5.923046855708959,5.435318549357162,0.0,12,4
4537,7.328281894981609,1.0,5.746682308971422,0.0,5.746682308971422,0.0,0.0,0.75,0.0,2.995732273553991,7.313886831633462,6.511309216730704,7.285755840956098,0.0,12,4
4538,2.8759449118274416,0.545455,5.771441123130016,0.0,5.771441123130016,0.0,0.0,0.416667,0.0,1.9459101490553132,7.824445930877619,6.3292098462554005,4.198022017327781,0.25,12,4
4547,7.800153350968422,1.0,6.215787402769385,0.0,6.215787402769385,0.0,0.0,0.916667,0.0,2.4849066497880004,7.901377353792616,6.321283181457584,6.426935490209743,0.0,12,4
4548,7.182715867146866,1.0,4.489534842389167,0.0,4.489534842389167,5.045434026740259,0.0,0.416667,1.0986122886681098,1.9459101490553132,7.313886831633462,6.118535630550129,5.775544620605083,0.0,12,4
4551,3.0441216907684208,0.875,4.976733742420574,0.0,4.976733742420574,0.0,0.0,0.625,0.0,1.9459101490553132,7.313886831633462,5.164107566714516,4.579805946156629,0.8,8,4
4561,4.08707411310933,0.833333,5.958424693029782,0.0,5.958424693029782,0.0,0.0,0.5,0.0,1.6094379124341003,6.90875477931522,6.05677690313309,4.193445079914446,1.0,6,4
4578,2.605659419563746,0.363636,5.308267697401205,4.658710952916121,4.579852378003801,0.0,0.083333,0.166667,0.0,1.6094379124341003,7.824445930877619,6.175759777842188,4.9642330575568785,1.0,12,4
4593,4.902957354544004,1.0,7.038958964597482,0.0,7.038958964597482,0.0,0.0,0.875,0.0,2.772588722239781,8.006700845440367,6.865007304911733,4.765206886302453,0.833333,8,4
4596,3.264930937907172,0.727273,5.649502267743131,0.0,5.649502267743131,0.0,0.0,0.5,0.0,2.0794415416798357,8.517393171418904,5.336037926187343,4.633702646186802,0.454545,12,4
4599,7.457297518673441,1.0,5.6680516647004024,0.0,5.6680516647004024,3.649485553964653,0.0,0.416667,1.0986122886681098,1.791759469228055,7.438971592395862,6.514599469648434,7.21710473531384,0.0,12,4
4603,6.901349860017771,1.0,5.095466518501589,0.0,5.095466518501589,0.0,0.0,0.5,0.0,1.9459101490553132,6.90875477931522,5.8131257705050094,6.138473716948793,0.0,12,4
4606,3.234046407456864,1.0,5.906995390481532,0.0,5.906995390481532,0.0,0.0,1.0,0.0,2.5649493574615367,7.601402334583733,5.818971568211051,5.107451726810676,1.0,12,4
4616,4.137678343563006,1.0,5.827179352800126,0.0,5.827179352800126,0.0,0.0,1.0,0.0,2.5649493574615367,6.90875477931522,5.953989440297044,4.915537689696179,0.1,12,4
4620,1.7225705070880166,0.363636,3.9543159176183975,0.0,3.9543159176183975,0.0,0.0,0.083333,0.0,1.0986122886681098,8.006700845440367,5.084841538087809,5.123244417008894,1.0,12,4
4631,2.3448117644934987,1.0,4.399866552802212,0.0,4.399866552802212,0.0,0.0,0.416667,0.0,1.791759469228055,7.824445930877619,4.663233129506588,4.231058167482949,0.5,12,4
4641,6.277149385790544,1.0,3.5380565643793527,0.0,3.5380565643793527,0.0,0.0,1.0,0.0,2.5649493574615367,8.216358332386156,7.827918668030108,5.142328545874524,0.0,12,4
4651,8.85265982887777,1.0,7.234119458026262,0.0,7.234119458026262,2.9860658034085596,0.0,0.666667,0.6931471805599453,2.302585092994046,9.472781556562168,7.942928914325147,7.744578582377944,0.0,12,4
4652,3.6836849108045033,0.636364,7.018330176092519,0.0,7.018330176092519,4.017515550369723,0.0,0.916667,1.0986122886681098,4.382026634673881,8.160803920954665,7.318105250029911,4.465835932141154,0.272727,12,4
4655,5.0744156028634615,1.0,6.606177101338245,0.0,6.606177101338245,4.703824359317693,0.0,0.833333,0.6931471805599453,2.833213344056216,8.922791623969637,6.802658284155202,5.14453682237879,0.166667,12,4
4659,4.091549158719865,1.0,6.315231411231641,0.0,6.315231411231641,0.0,0.0,1.0,0.0,3.332204510175204,7.824445930877619,6.082665089362609,5.273133780324834,0.75,12,4
4667,2.2161879636793174,0.636364,4.74493212836325,0.0,4.74493212836325,0.0,0.0,0.5,0.0,1.9459101490553132,7.901377353792616,4.8235083860736045,3.81230918381017,0.545455,12,4
4670,3.686783258630506,1.0,5.884686360362535,0.0,5.884686360362535,5.242986637944007,0.0,0.833333,0.6931471805599453,2.4849066497880004,7.824445930877619,6.175050015246043,4.960412591333205,0.3,12,4
4674,7.171498502248771,1.0,7.15711223711225,0.0,7.15711223711225,0.0,0.0,1.0,0.0,2.5649493574615367,7.0909098220799835,7.250368290960588,7.115949295974899,0.0,12,4
4683,3.04195256700395,1.0,6.111467339502679,0.0,6.111467339502679,0.0,0.0,0.9,0.0,2.3978952727983707,6.90875477931522,5.9599007375068815,4.885446641928004,1.0,10,4
4689,1.6895925523045332,0.181818,3.3470931226689546,0.0,3.3470931226689546,0.0,0.0,0.083333,0.0,0.6931471805599453,7.496097345175956,5.435544856431822,5.175224886956838,1.0,12,4
4695,5.597672589402213,1.0,4.2626798770413155,0.0,4.2626798770413155,0.0,0.0,0.416667,0.0,1.9459101490553132,6.90875477931522,4.672399190776406,5.43876597746021,0.0,12,4
4699,6.891185561297555,1.0,5.6468240408189185,0.0,5.6468240408189185,0.0,0.0,0.583333,0.0,2.0794415416798357,6.90875477931522,6.584301919022012,6.842553916347003,0.0,12,4
4705,1.8462826917771005,0.272727,4.060443010546419,0.0,4.060443010546419,0.0,0.0,0.166667,0.0,1.3862943611198906,8.517393171418904,5.106195109405712,4.829612733241638,1.0,12,4
4718,1.9640249381878803,0.636364,4.429029488269218,0.0,4.429029488269218,0.0,0.0,0.545455,0.0,2.6390573296152584,8.160803920954665,4.615949974726135,4.698912127658646,0.4,11,4
4727,3.387396790058953,1.0,5.029914908828212,0.0,5.029914908828212,0.0,0.0,0.875,0.0,2.1972245773362196,6.90875477931522,4.724124126978301,4.721289206828318,0.666667,8,4
4728,6.557301489186459,1.0,4.174387269895637,0.0,4.174387269895637,0.0,0.0,0.416667,0.0,1.9459101490553132,7.844240718141811,5.193421826105811,5.361852975562329,0.0,12,4
4731,5.459422062488793,1.0,5.519218405309466,2.6390573296152584,5.465694475956169,0.0,0.083333,0.416667,0.0,1.9459101490553132,7.0909098220799835,5.397985174448538,5.168853746450204,0.0,12,4
4732,5.0774637538219745,0.636364,7.153442794731241,0.0,7.153442794731241,0.0,0.0,0.5,0.0,2.0794415416798357,7.824445930877619,7.182975360634524,5.162411041717539,0.4,12,4
4736,6.761287569573806,1.0,7.1572525015889426,0.0,7.1572525015889426,0.0,0.0,0.833333,0.0,2.4849066497880004,9.350189267092581,6.83645180117065,5.196828640275257,0.0,12,4
4741,3.8620374871075236,1.0,5.568955004390559,0.0,5.568955004390559,0.0,0.0,1.0,0.0,2.833213344056216,8.294299608857235,5.445034323164174,5.1933882633740165,0.25,12,4
4755,5.338545250219386,1.0,2.6851226964585053,0.0,2.6851226964585053,0.0,0.0,0.090909,0.0,0.6931471805599453,8.853808274977197,7.44093290057715,5.344090775359587,0.0,11,4
4762,3.661289142872055,0.818182,5.541263545158426,4.442651256490317,5.14166355650266,0.0,0.166667,0.5,0.0,2.5649493574615367,8.006700845440367,5.517760796849683,5.228445319413696,0.5,12,4
4770,8.034189037655514,1.0,5.5254529391317835,0.0,5.5254529391317835,0.0,0.0,0.416667,0.0,1.9459101490553132,9.210440366976517,8.448955796056747,6.796117608702962,0.083333,12,4
4779,7.257113880037661,1.0,6.334167333479831,0.0,6.334167333479831,0.0,0.0,0.416667,0.0,1.791759469228055,7.313886831633462,6.896486599228823,6.759601218937338,0.0,12,4
4785,6.534338307586776,1.0,4.323072491830211,0.0,4.323072491830211,0.0,0.0,0.25,0.0,1.3862943611198906,6.55250788703459,5.870003671795598,6.201701924907126,0.0,12,4
4787,3.920664301651393,1.0,5.961005339623274,0.0,5.961005339623274,0.0,0.0,0.888889,0.0,2.302585092994046,8.006700845440367,5.818517474211038,4.814462473935849,1.0,9,4
4789,2.8981952962754565,0.818182,5.210032451680465,3.543853682063679,5.0072963928307415,4.74422601825661,0.083333,0.083333,0.6931471805599453,1.6094379124341003,8.699681400989514,5.545467921818185,4.549963021340291,0.2,12,4
4799,6.160497593104064,0.545455,5.7412067033022005,0.0,5.7412067033022005,0.0,0.0,0.416667,0.0,1.791759469228055,8.294299608857235,7.821740782658287,5.410102933288336,0.142857,12,4
4804,3.3781051635903645,0.5,5.420623490932004,4.724729421045731,4.739001533621612,0.0,0.125,0.125,0.0,1.3862943611198906,9.210440366976517,5.756521179101824,4.7817586231467,1.0,8,4
4809,4.803576921534984,0.7,3.5374749999547035,0.0,3.5374749999547035,0.0,0.0,0.1,0.0,1.0986122886681098,6.90875477931522,6.24417136861492,5.006162050711261,0.0,10,4
4813,7.553655501367523,1.0,6.660575149839686,0.0,6.660575149839686,0.0,0.0,1.0,0.0,2.5649493574615367,8.006700845440367,7.1999049600420735,6.396344814229992,0.0,12,4
4819,6.865870832759903,1.0,6.053875807229379,0.0,6.053875807229379,0.0,0.0,0.333333,0.0,1.6094379124341003,8.517393171418904,6.225669020261616,5.82588015328359,0.0,12,4
4824,7.051280512156832,1.0,6.7884761246982155,0.0,6.7884761246982155,0.0,0.0,1.0,0.0,2.5649493574615367,6.90875477931522,6.5864087495041375,7.721890781220824,0.0,12,4
4832,5.5491852151270695,1.0,6.443208732736873,0.0,6.443208732736873,0.0,0.0,0.833333,0.0,2.833213344056216,7.824445930877619,5.667207687551229,5.16934423780703,0.083333,12,4
4834,2.7915982655201126,1.0,4.283862385886651,0.0,4.283862385886651,0.0,0.0,0.833333,0.0,1.9459101490553132,7.313886831633462,4.028569490203852,4.252807360061977,0.25,6,4
4839,2.1917432489324966,0.636364,4.534747721691546,0.0,4.534747721691546,0.0,0.0,0.583333,0.0,2.0794415416798357,8.006700845440367,5.03430089493771,4.841696057286194,0.166667,12,4
4842,3.866465608232184,0.545455,7.681357389932466,0.0,7.681357389932466,0.0,0.0,0.583333,0.0,2.833213344056216,8.006700845440367,7.585945189708971,4.620442665682099,0.4,12,4
4850,6.980316364680824,1.0,2.513656063073986,0.0,2.513656063073986,0.0,0.0,0.083333,0.0,0.6931471805599453,7.0909098220799835,6.0458309849243115,5.335792282645598,0.0,12,4
4853,3.788810079563963,1.0,5.734052997674449,0.0,5.734052997674449,0.0,0.0,0.916667,0.0,2.4849066497880004,7.601402334583733,5.805470373505454,5.095333455998996,0.5,12,4
4855,3.588209310332934,0.636364,5.610716441536654,0.0,5.610716441536654,0.0,0.0,0.416667,0.0,2.1972245773362196,7.313886831633462,5.9592569280215,4.659172457780774,0.272727,12,4
4857,4.398123703881715,0.727273,6.994849985833071,0.0,6.994849985833071,0.0,0.0,0.416667,0.0,1.9459101490553132,8.412054873292933,6.924505927254115,5.11860726493484,0.666667,12,4
4859,3.470775650659433,0.545455,5.707110264748875,0.0,5.707110264748875,0.0,0.0,0.5,0.0,1.9459101490553132,9.350189267092581,6.4300096891496255,5.094828851982195,1.0,12,4
4861,6.557357273780167,1.0,6.459654031788109,0.0,6.459654031788109,0.0,0.0,0.545455,0.0,2.0794415416798357,8.412054873292933,6.790403674495941,5.3544092699233845,0.0,11,4
4866,5.180872230672092,1.0,4.694919478131699,0.0,4.694919478131699,0.0,0.0,0.416667,0.0,1.9459101490553132,7.313886831633462,4.052855730832219,5.166494393742959,0.0,12,4
4871,6.719488400133759,0.727273,6.543753559656944,0.0,6.543753559656944,0.0,0.0,0.416667,0.0,2.6390573296152584,7.313886831633462,7.578447705514821,6.553201864436189,0.090909,12,4
4874,4.305422954676654,1.0,4.370586444531326,0.0,4.370586444531326,0.0,0.0,0.166667,0.0,1.3862943611198906,8.294299608857235,4.550913019457134,5.552871949298782,0.0,12,4
4878,2.2538132486568045,0.363636,4.877637092633392,0.0,4.877637092633392,0.0,0.0,0.083333,0.0,1.0986122886681098,7.313886831633462,4.179691485332143,4.618556458711714,0.0,12,4
4883,2.9503415771408865,0.636364,5.336046583358044,0.0,5.336046583358044,0.0,0.0,0.416667,0.0,1.791759469228055,7.601402334583733,5.560765231367075,4.5690506591817055,0.3,12,4
4885,3.6638956416289905,1.0,6.154050974327735,0.0,6.154050974327735,0.0,0.0,0.833333,0.0,2.5649493574615367,8.294299608857235,6.614531002182322,4.248305509765613,0.4,12,4
4887,2.1050300942595,0.545455,5.030568631803706,0.0,5.030568631803706,0.0,0.0,0.5,0.0,2.0794415416798357,6.90875477931522,5.395652381353284,4.606502907520101,0.5,12,4
4888,2.813447696076293,1.0,5.0004502690378905,0.0,5.0004502690378905,0.0,0.0,1.0,0.0,2.5649493574615367,8.006700845440367,4.928018667845642,4.832660141985758,0.416667,12,4
4890,6.719321158879373,1.0,5.645340884956954,0.0,5.645340884956954,0.0,0.0,0.416667,0.0,1.791759469228055,6.90875477931522,5.703144394459658,5.452266060263188,0.0,12,4
4893,7.475953086670957,1.0,5.8005158836135084,0.0,5.8005158836135084,4.0865841613874885,0.0,1.0,1.0986122886681098,3.1354942159291497,7.496097345175956,6.672374226458588,6.683828532300488,0.0,12,4
4894,3.2048254997134173,0.454545,5.5254529391317835,0.0,5.5254529391317835,0.0,0.0,0.333333,0.0,1.791759469228055,7.0909098220799835,6.166147888111998,5.164456256715626,1.0,12,4
4897,2.895472725810007,0.454545,7.057036981697891,0.0,7.057036981697891,0.0,0.0,1.0,0.0,3.4011973816621555,8.853808274977197,7.37061334879212,4.371665252975889,0.4,12,4
4913,6.354427066997412,1.0,7.382441676932238,0.0,7.382441676932238,0.0,0.0,1.0,0.0,4.59511985013459,6.90875477931522,7.520538880894961,6.110393339467731,0.083333,12,4
4924,3.61562990187393,1.0,5.755742213586912,0.0,5.755742213586912,0.0,0.0,1.0,0.0,2.5649493574615367,6.90875477931522,5.6875903908961005,5.121736989596459,0.0,12,4
4929,4.144793698741969,0.636364,5.936533063581764,0.0,5.936533063581764,0.0,0.0,0.5,0.0,1.9459101490553132,7.824445930877619,6.309737021800563,4.606858030776344,0.181818,12,4
4937,0.0,0.0,5.586349377764106,0.0,5.586349377764106,0.0,0.0,0.916667,0.0,2.4849066497880004,7.313886831633462,5.666915001394044,2.7143054627628254,0.0,12,4
4939,7.2213253758201805,1.0,5.448503053311921,0.0,5.448503053311921,0.0,0.0,1.0,0.0,2.833213344056216,7.824445930877619,4.684373230473907,5.555161190616018,0.0,6,4
4951,4.173279964751824,1.0,5.218191322068752,0.0,5.218191322068752,0.0,0.0,1.0,0.0,2.5649493574615367,7.313886831633462,4.956220628029582,5.153003940412546,0.0,12,4
4954,1.558277872325699,0.181818,5.078916801512661,0.0,5.078916801512661,6.780346234478268,0.0,0.083333,1.0986122886681098,1.0986122886681098,8.412054873292933,6.875194851046127,2.7624279004849575,0.0,12,4
4958,3.5501334604880337,0.909091,5.452967921416946,0.0,5.452967921416946,0.0,0.0,0.833333,0.0,2.3978952727983707,7.496097345175956,5.498835392174923,4.962761081315246,0.363636,12,4
4963,1.434846163550087,0.090909,3.847377811934615,0.0,3.847377811934615,0.0,0.0,0.083333,0.0,0.6931471805599453,8.006700845440367,4.507563950263634,2.7323578290263884,0.0,12,4
4964,3.5341877821434804,0.909091,5.836125661643914,0.0,5.836125661643914,0.0,0.0,0.833333,0.0,2.8903717578961645,8.517393171418904,5.8929503198212165,5.057771965014736,0.9,12,4
4967,2.2058017986891514,0.545455,4.836281906951478,0.0,4.836281906951478,0.0,0.0,0.454545,0.0,1.9459101490553132,7.313886831633462,5.055869033741857,4.594220314360439,0.714286,11,4
4970,4.136579781669425,0.818182,5.5254529391317835,3.6888794541139363,5.356586274672012,0.0,0.083333,0.666667,0.0,2.5649493574615367,6.90875477931522,5.647412117276999,5.015644188613148,0.111111,12,4
4980,4.5360965540972495,1.0,5.9193238693303,0.0,5.9193238693303,0.0,0.0,1.0,0.0,2.5649493574615367,7.601402334583733,5.331776073682547,5.143811137687378,0.166667,12,4
4983,7.666175732089964,1.0,5.717126380747781,2.305580601973844,5.68697535633982,0.0,0.083333,1.0,0.0,2.6390573296152584,8.006700845440367,7.322358904683854,6.423585036250628,0.0,12,4
4990,6.254682883290832,1.0,6.26530121273771,0.0,6.26530121273771,0.0,0.0,1.0,0.0,2.5649493574615367,6.90875477931522,7.314191040520471,6.6936439292485845,0.083333,12,4
4993,4.8425624288341425,1.0,6.447305862541213,0.0,6.447305862541213,0.0,0.0,0.916667,0.0,2.5649493574615367,6.90875477931522,5.9266378911302215,5.119583542138566,0.2,12,4
5008,1.6903546380426588,0.909091,4.570475216191205,3.136797713832594,4.311604170377335,0.0,0.083333,1.0,0.0,2.833213344056216,8.412054873292933,5.234028499577604,3.937373820867684,0.545455,12,4
5021,3.1730214390811713,0.833333,5.147494476813453,0.0,5.147494476813453,0.0,0.0,0.5,0.0,2.0794415416798357,7.313886831633462,5.033813589955881,4.461921689139527,1.0,6,4
5030,3.8752275601337884,1.0,4.890349128221754,0.0,4.890349128221754,0.0,0.0,0.166667,0.0,1.0986122886681098,7.824445930877619,5.591202599054553,5.1437507452291085,0.0,12,4
5034,2.6547433018250093,0.857143,4.699024761459715,0.0,4.699024761459715,0.0,0.0,0.714286,0.0,2.302585092994046,7.313886831633462,4.262307483767884,4.459191034760806,0.0,7,4
5049,4.813109691344645,1.0,7.009336662707883,0.0,7.009336662707883,0.0,0.0,1.0,0.0,2.5649493574615367,7.824445930877619,7.009277616950695,5.160963552054042,0.666667,12,4
5055,2.7453480410782203,1.0,4.506233438128068,0.0,4.506233438128068,0.0,0.0,0.833333,0.0,1.9459101490553132,7.313886831633462,4.285539701516835,4.433384760709815,1.0,6,4
5056,3.694901311282337,1.0,5.301113453850038,0.0,5.301113453850038,0.0,0.0,1.0,0.0,2.5649493574615367,8.006700845440367,7.352231734097251,5.414048779064195,0.25,12,4
5058,5.202633392891493,1.0,5.589642793914616,0.0,5.589642793914616,4.5673172482034605,0.0,1.0,0.6931471805599453,2.5649493574615367,8.160803920954665,7.0681515163622315,5.174016158687895,0.545455,12,4
5060,4.082840864352178,0.454545,6.214608098422191,0.0,6.214608098422191,0.0,0.0,0.454545,0.0,1.9459101490553132,7.313886831633462,6.2678987468694105,4.353430548747239,0.125,11,4
5064,4.722507300013979,1.0,7.237735056557469,0.0,7.237735056557469,0.0,0.0,1.0,0.0,3.2188758248682006,7.170888478512505,7.213230950955178,5.125244213125667,1.0,12,4
5070,4.937772020829531,1.0,5.795875363313123,0.0,5.795875363313123,0.0,0.0,1.0,0.0,3.295836866004329,8.517393171418904,5.2453551117995625,5.345503120529972,0.0,12,4
5074,3.951336156616593,0.909091,6.070576052116096,0.0,6.070576052116096,0.0,0.0,1.0,0.0,2.8903717578961645,8.294299608857235,6.994302371208274,4.914190030327802,0.3,12,4
5081,2.9451874358449537,0.727273,4.879006851617819,0.0,4.879006851617819,0.0,0.0,0.75,0.0,2.302585092994046,7.313886831633462,5.181077211005574,5.029888195157254,0.333333,12,4
5090,7.075684075127493,1.0,6.622443727956317,0.0,6.622443727956317,2.972006479693734,0.0,0.5,0.6931471805599453,1.9459101490553132,7.0909098220799835,6.986105656395354,7.4694288288439425,0.0,12,4
5093,5.099696358485179,0.909091,7.36997872090891,0.0,7.36997872090891,4.715562627246595,0.0,0.75,0.6931471805599453,2.3978952727983707,7.824445930877619,7.364015671091263,5.322072950019812,0.666667,12,4
5095,5.421782115105271,1.0,6.3038636220966,0.0,6.3038636220966,0.0,0.0,1.0,0.0,2.70805020110221,8.77971129020447,7.00212260079917,5.180642568158789,0.083333,12,4
5103,2.8242891118778144,0.363636,5.017279836814924,0.0,5.017279836814924,0.0,0.0,0.166667,0.0,1.3862943611198906,7.3783837129967145,4.7913914457133515,4.239460782515126,0.181818,12,4
5104,6.804106354382947,1.0,2.8213788864092133,0.0,2.8213788864092133,0.0,0.0,0.25,0.0,1.3862943611198906,8.853808274977197,7.341861944195646,5.929928277366828,0.0,12,4
5110,4.9658503044963105,1.0,7.3064240106232505,0.0,7.3064240106232505,0.0,0.0,1.0,0.0,3.2188758248682006,8.517393171418904,7.280074988079813,5.192244124739036,1.0,12,4
5112,6.866850162257327,1.0,4.215086179918229,0.0,4.215086179918229,0.0,0.0,0.166667,0.0,1.0986122886681098,6.90875477931522,5.7158967825532345,6.68598280106708,0.0,12,4
5113,2.7885521879063226,0.636364,5.477509030333064,0.0,5.477509030333064,0.0,0.0,0.083333,0.0,1.0986122886681098,8.006700845440367,1.7649949742709723,4.725094899946719,0.0,12,4
5114,0.009637410611607018,0.181818,4.38502214365368,0.0,4.38502214365368,0.0,0.0,0.083333,0.0,0.6931471805599453,8.699681400989514,6.536132445642813,3.6103414492238124,0.333333,12,4
5117,1.0443612912527733,0.181818,4.22683374526818,0.0,4.22683374526818,0.0,0.0,0.083333,0.0,0.6931471805599453,7.824445930877619,4.71192763148494,5.348723324619135,0.0,12,4
5119,2.7730911584975426,1.0,4.70002571700077,3.927896354584436,4.096841442420688,0.0,0.083333,0.333333,0.0,1.9459101490553132,7.313886831633462,5.016307940835937,4.890141557808326,0.111111,12,4
5122,6.217043959302779,1.0,3.3339886319687055,0.0,3.3339886319687055,0.0,0.0,0.083333,0.0,0.6931471805599453,7.0909098220799835,4.66048928543705,5.71016623834186,0.0,12,4
5127,4.079729108250497,1.0,6.3578422665081,0.0,6.3578422665081,0.0,0.0,1.0,0.0,2.5649493574615367,7.313886831633462,6.22739314627983,5.101861710313755,0.416667,12,4
5131,2.7930381378723017,0.727273,4.9811378233072325,0.0,4.9811378233072325,0.0,0.0,0.666667,0.0,2.1972245773362196,6.90875477931522,5.298171760948056,4.57516471060295,0.0,12,4
5133,4.313546154213653,1.0,6.320174592864931,0.0,6.320174592864931,0.0,0.0,1.0,0.0,2.8903717578961645,8.294299608857235,6.362279040304014,5.171740739095326,0.75,12,4
5142,7.3975566292620165,1.0,6.362855674882395,0.0,6.362855674882395,4.985185190181758,0.0,0.583333,0.6931471805599453,3.044522437723423,7.824445930877619,6.354460386281292,6.8470700868938605,0.0,12,4
5147,6.506220231060615,0.545455,5.520540494402504,0.0,5.520540494402504,0.0,0.0,0.333333,0.0,2.1972245773362196,7.313886831633462,7.817303978748354,5.502792767204024,0.0,12,4
5148,3.9484131972019645,1.0,6.063203644262958,0.0,6.063203644262958,0.0,0.0,1.0,0.0,2.9444389791664403,8.987321812850125,5.77118882027629,4.683868800003084,0.090909,12,4
5160,0.6525017329543665,0.454545,5.841803772553575,0.0,5.841803772553575,0.0,0.0,0.833333,0.0,2.3978952727983707,8.006700845440367,5.852251990043073,2.688860246084035,0.0,12,4
5173,1.8426246219760525,0.545455,4.287028906051602,0.0,4.287028906051602,0.0,0.0,0.583333,0.0,2.0794415416798357,8.006700845440367,4.732837191659947,4.609397189607273,0.142857,12,4
5183,3.495907290430775,0.727273,5.707110264748875,0.0,5.707110264748875,0.0,0.0,0.583333,0.0,2.1972245773362196,8.922791623969637,5.374337914633266,4.606418386661413,0.0,12,4
5187,3.6536429773393326,0.909091,5.440250862436703,0.0,5.440250862436703,0.0,0.0,0.416667,0.0,1.9459101490553132,8.699681400989514,5.4391923457895235,5.201796053117382,0.444444,12,4
5190,2.746777202656385,1.0,5.305292980284462,0.0,5.305292980284462,0.0,0.0,1.0,0.0,2.5649493574615367,8.294299608857235,5.285948658476592,5.056798754354653,0.454545,12,4
5196,7.333231356733995,1.0,6.521268929471754,0.0,6.521268929471754,3.6373069628598307,0.0,0.666667,0.6931471805599453,2.8903717578961645,7.313886831633462,6.597068619789027,7.080638610524463,0.0,12,4
5200,4.487371210204665,1.0,7.157525181764057,0.0,7.157525181764057,0.0,0.0,0.916667,0.0,2.4849066497880004,8.160803920954665,7.2067576197317615,5.182361956016946,0.818182,12,4
5206,4.48878128058037,0.545455,6.883462586413092,0.0,6.883462586413092,0.0,0.0,0.583333,0.0,2.4849066497880004,7.9105906122564775,7.566019634333587,4.967469478583395,0.857143,12,4
5207,4.3634026804695765,1.0,5.786897381366708,0.0,5.786897381366708,4.774091399557642,0.0,0.75,1.0986122886681098,2.3978952727983707,8.77971129020447,6.014784620636438,5.343874448028795,0.166667,12,4
5222,6.911682985434517,1.0,6.96350214149654,0.0,6.96350214149654,0.0,0.0,1.0,0.0,3.7612001156935624,7.696667081526462,7.011643428941373,7.43585239058829,0.0,12,4
5223,7.204879467771924,1.0,5.418497526804142,0.0,5.418497526804142,0.0,0.0,0.5,0.0,2.9444389791664403,7.313886831633462,6.429821837316377,6.521557169452581,0.0,12,4
5230,3.444490847579394,0.909091,5.653681451686668,0.0,5.653681451686668,0.0,0.0,0.25,0.0,1.9459101490553132,7.0909098220799835,5.601927998246176,4.628478816927275,0.272727,12,4
5231,3.45608015449036,0.454545,5.328167388516922,0.0,6.411424101366599,0.0,0.0,1.0,0.0,3.58351893845611,8.412054873292933,5.105837540803286,4.037085808054112,0.0,12,4
5236,3.3382856255135143,0.909091,5.62040086571715,0.0,5.62040086571715,0.0,0.0,0.833333,0.0,2.3978952727983707,8.006700845440367,5.70568985112329,5.016909119100981,0.8,12,4
5239,6.539044703675931,1.0,6.5036891917876805,0.0,6.5036891917876805,0.0,0.0,1.0,0.0,2.5649493574615367,8.699681400989514,7.031190354393002,5.142506376668537,0.0,12,4
5242,4.985797651156158,0.636364,6.276286282693802,0.0,6.276286282693802,0.0,0.0,0.5,0.0,2.0794415416798357,8.612685172875459,4.970604659978854,5.287668093791875,0.0,12,4
5244,4.78700814253296,0.285714,7.1316985104669115,0.0,7.1316985104669115,0.0,0.0,0.714286,0.0,1.791759469228055,8.006700845440367,7.031244955412978,4.856644842542873,0.0,7,4
5248,5.958016333176457,1.0,3.24376354037598,0.0,3.24376354037598,0.0,0.0,0.416667,0.0,1.791759469228055,8.412054873292933,7.2085544753245125,5.322951070086231,0.0,12,4
5250,2.575106216871972,0.8,5.501992634666848,0.0,5.501992634666848,0.0,0.0,1.0,0.0,2.3978952727983707,7.824445930877619,5.4477684132360915,4.865429636888828,1.0,10,4
5251,5.802325145539425,1.0,7.800658646059279,0.0,7.800658646059279,0.0,0.0,0.833333,0.0,3.091042453358316,7.313886831633462,7.94346495319848,5.1041476345129935,0.916667,12,4
5253,4.904959476884266,0.571429,4.863680881139593,0.0,4.863680881139593,5.881907259531745,0.0,0.142857,1.0986122886681098,0.6931471805599453,7.313886831633462,6.232318375534523,3.662205213770572,0.0,7,4
5258,2.80804671619718,1.0,4.9750771986955415,0.0,4.9750771986955415,0.0,0.0,0.916667,0.0,2.5649493574615367,6.90875477931522,4.834324023293551,4.990730603591804,0.3,12,4
5259,1.292286108440529,1.0,2.3683728335320486,0.0,2.3683728335320486,0.0,0.0,0.083333,0.0,0.6931471805599453,8.987321812850125,4.2943217945670025,2.9194092268561227,0.0,12,4
5262,6.797223478583518,1.0,7.060476365999801,0.0,7.060476365999801,0.0,0.0,1.0,0.0,2.5649493574615367,7.601402334583733,6.8119090508295645,5.603643300336598,0.0,12,4
5263,6.687985696926886,1.0,5.962987909115433,0.0,5.962987909115433,0.0,0.0,0.583333,0.0,2.0794415416798357,7.824445930877619,7.3009294169636805,7.128686517736548,0.0,12,4
5268,8.092227985429254,1.0,7.555648784616375,0.0,7.555648784616375,0.0,0.0,1.0,0.0,4.189654742026425,8.006700845440367,7.8455620275014635,8.113843710789203,0.0,12,4
5283,7.684274997939996,0.909091,6.0348592294271715,0.0,6.0348592294271715,0.0,0.0,0.333333,0.0,1.791759469228055,8.006700845440367,8.270393600871312,6.986086318279118,0.1,12,4
5286,5.666763316567823,1.0,7.87230269941958,0.0,7.87230269941958,0.0,0.0,1.0,0.0,2.5649493574615367,6.111467339502679,7.908195795392905,7.789137012980511,0.833333,12,4
5288,2.800301586348489,0.818182,6.3556735387007945,0.0,6.3556735387007945,0.0,0.0,0.909091,0.0,2.4849066497880004,6.90875477931522,6.330112019758389,2.935288451017381,0.0,11,4
5291,3.130323610489019,1.0,4.824145060430081,0.0,4.824145060430081,0.0,0.0,0.833333,0.0,1.9459101490553132,7.313886831633462,4.4871561961638475,4.490744886819838,0.5,6,4
5299,4.5866842694477095,1.0,7.403012339140004,0.0,7.403012339140004,0.0,0.0,1.0,0.0,2.5649493574615367,7.67368812926773,7.390974775788693,7.3503832638370605,0.083333,12,4
5302,3.3814413772791108,0.727273,5.3796208176120714,0.0,5.3796208176120714,0.0,0.0,0.5,0.0,2.5649493574615367,8.294299608857235,5.806727997565072,4.995985528376344,0.777778,12,4
5303,3.6444408494110827,1.0,6.2139078533077985,3.952204795060978,6.106131622086108,0.0,0.083333,1.0,0.0,3.4011973816621555,8.853808274977197,6.190661362396723,5.109004952555476,0.666667,12,4
5304,2.494597953697246,1.0,5.1298987149230735,0.0,5.1298987149230735,0.0,0.0,1.0,0.0,2.5649493574615367,8.612685172875459,5.047964418040136,5.067548365249556,0.083333,12,4
5305,2.0042321555000067,0.363636,4.925222638470323,0.0,4.925222638470323,0.0,0.0,0.333333,0.0,1.6094379124341003,7.824445930877619,5.891679454298671,5.139939679667577,0.8,12,4
5309,4.918477043739305,0.909091,6.781375396100235,0.0,6.781375396100235,0.0,0.0,0.833333,0.0,3.1354942159291497,8.699681400989514,7.346869461296229,5.1879253418292794,0.727273,12,4
5317,6.14920622657129,1.0,3.865769620910684,0.0,3.865769620910684,0.0,0.0,0.166667,0.0,1.0986122886681098,7.824445930877619,4.812624729938019,5.333233177855142,0.0,12,4
5322,3.0427464329888148,1.0,5.664348405410794,0.0,5.664348405410794,0.0,0.0,1.0,0.0,2.5649493574615367,8.006700845440367,5.625243090591934,5.129517222045576,0.833333,12,4
5326,7.130253118669458,1.0,3.716737782242333,0.0,3.716737782242333,0.0,0.0,0.083333,0.0,0.6931471805599453,7.467942332285852,5.68470489944622,5.843373074816889,0.0,12,4
5329,3.5609128066777553,1.0,5.359224301451558,0.0,5.359224301451558,0.0,0.0,1.0,0.0,2.5649493574615367,6.90875477931522,5.2452351572164,5.038387896561331,0.5,12,4
5337,2.9758795560033153,0.636364,5.715381610499553,0.0,5.715381610499553,0.0,0.0,0.666667,0.0,2.8903717578961645,8.006700845440367,6.560763190241303,4.727758263363584,0.333333,12,4
5339,1.8194320276102223,0.181818,4.248495242049359,3.4011973816621555,3.713572066704308,0.0,0.083333,0.083333,0.0,1.3862943611198906,8.517393171418904,5.126049380822351,3.7574632119252995,0.181818,12,4
5346,3.323861158153922,0.6,5.25227342804663,4.51085950651685,4.61512051684126,0.0,0.1,0.3,0.0,2.0794415416798357,7.0909098220799835,5.604546130880366,4.920780547651205,0.0,10,4
5350,3.109499612638357,1.0,5.015357460431585,0.0,5.015357460431585,0.0,0.0,0.916667,0.0,2.4849066497880004,7.313886831633462,4.962669125349332,5.02058726191178,0.166667,12,4
5359,7.119816928217879,1.0,6.458777058542227,2.3978952727983707,6.442985926974831,0.0,0.083333,0.916667,0.0,2.6390573296152584,7.313886831633462,6.6112102408946285,6.557067293104924,0.0,12,4
5364,5.210424351939241,1.0,5.604514472997532,3.8426729272933526,5.420534999272286,0.0,0.083333,0.75,0.0,2.3978952727983707,6.90875477931522,5.382150504532504,5.253775576743055,0.0,12,4
5376,3.099520639031103,0.272727,5.769601425693419,0.0,5.769601425693419,0.0,0.0,0.166667,0.0,1.9459101490553132,8.699681400989514,4.9166619496625446,3.401646514120405,0.083333,12,4
5378,1.4630752934448081,0.181818,3.8722421354163012,0.0,3.8722421354163012,0.0,0.0,0.083333,0.0,0.6931471805599453,7.550135342488429,6.238530512046448,4.782792602429395,1.0,12,4
5396,3.8196050172027523,0.272727,6.027555367252336,0.0,6.027555367252336,0.0,0.0,0.166667,0.0,1.6094379124341003,7.824445930877619,7.7287406337604345,4.883853218266212,0.0,12,4
5416,4.5311089096671795,1.0,6.84642228132677,0.0,6.84642228132677,0.0,0.0,0.833333,0.0,2.4849066497880004,8.006700845440367,6.774247792357578,5.200477378475502,1.0,12,4
5420,4.846386359197804,1.0,7.176652006530502,0.0,7.176652006530502,0.0,0.0,1.0,0.0,3.6888794541139363,8.699681400989514,7.308335246866072,5.106789753759654,0.5,12,4
5424,6.947222239698614,1.0,6.4293161709153,0.0,6.4293161709153,0.0,0.0,0.916667,0.0,2.4849066497880004,7.438971592395862,5.313882774594543,5.572932588339836,0.0,12,4
5425,4.555039783600516,1.0,6.995024122824332,0.0,6.995024122824332,0.0,0.0,1.0,0.0,2.995732273553991,8.853808274977197,7.069652865886576,5.177763091427192,0.916667,12,4
5428,3.7026392770550434,0.545455,5.871836059652451,0.0,5.871836059652451,0.0,0.0,0.5,0.0,1.9459101490553132,7.824445930877619,5.928186039819449,4.4649205622156884,0.454545,12,4
5430,3.667674075922593,0.545455,5.831882477283517,0.0,5.831882477283517,0.0,0.0,0.416667,0.0,1.9459101490553132,8.517393171418904,6.7903459975959235,4.99280118080441,1.0,12,4
5431,3.387555114324173,0.909091,5.5580628203067945,0.0,5.5580628203067945,0.0,0.0,0.583333,0.0,2.3978952727983707,8.294299608857235,5.732532409399541,5.0877836818794355,0.166667,12,4
5432,7.376933119858492,1.0,5.610935924289849,0.0,5.610935924289849,0.0,0.0,1.0,0.0,2.833213344056216,7.346655163176539,6.3779341203332445,6.995593636845469,0.0,12,4
5438,1.5881928252927566,0.727273,5.212160170096862,0.0,5.212160170096862,0.0,0.0,0.916667,0.0,2.4849066497880004,7.313886831633462,5.30870443370119,2.7006482071453233,0.0,12,4
5442,3.8185625578139333,0.545455,6.821837848868918,0.0,6.821837848868918,0.0,0.0,0.416667,0.0,1.791759469228055,7.313886831633462,6.981543336897327,4.561872849084184,0.416667,12,4
5443,3.3792761236520317,0.454545,5.4638318050256105,0.0,5.4638318050256105,0.0,0.0,0.166667,0.0,1.6094379124341003,8.699681400989514,5.595188797218424,4.229777277436727,0.272727,12,4
5455,5.041352234498316,1.0,5.208447362118994,0.0,5.208447362118994,0.0,0.0,0.833333,0.0,2.833213344056216,7.313886831633462,6.122180447137847,5.21500768437002,0.0,12,4
5459,3.110922439516054,0.636364,5.291393451475212,0.0,5.291393451475212,0.0,0.0,0.5,0.0,1.9459101490553132,8.294299608857235,5.989919636848442,5.0411337712099025,1.0,12,4
5465,7.315562911236955,1.0,5.589642793914616,0.0,5.589642793914616,0.0,0.0,0.636364,0.0,2.1972245773362196,7.313886831633462,5.767486522717942,6.675839463621483,0.0,11,4
5479,6.955453679775715,1.0,5.953243334287785,0.0,5.953243334287785,0.0,0.0,1.0,0.0,2.5649493574615367,6.90875477931522,6.275443672104364,7.028843622086436,0.0,12,4
5487,3.033340340938939,0.363636,5.2906883393835455,0.0,5.2906883393835455,0.0,0.0,0.25,0.0,1.6094379124341003,9.680406499268875,6.018431315746571,5.107449142823615,0.5,12,4
5496,1.0560418915824854,0.363636,6.073781589597195,0.0,6.073781589597195,0.0,0.0,1.0,0.0,2.5649493574615367,7.601402334583733,5.4802798046999435,2.0882419542045327,0.0,12,4
5506,6.573419427663847,1.0,7.013393756005123,0.0,7.013393756005123,0.0,0.0,0.5,0.0,1.9459101490553132,7.696667081526462,8.365883746588734,8.32641821017828,0.083333,12,4
5517,2.745413998947222,0.545455,5.201255653704905,0.0,5.201255653704905,0.0,0.0,0.333333,0.0,1.791759469228055,8.699681400989514,5.190648566628513,4.253611574129366,0.363636,12,4
5527,6.10930733431254,1.0,5.750029725821521,0.0,5.750029725821521,0.0,0.0,1.0,0.0,2.5649493574615367,6.90875477931522,4.920686567315549,5.386553864021005,0.0,12,4
5535,4.352518997498383,0.777778,6.020780601442035,0.0,6.020780601442035,0.0,0.0,0.555556,0.0,1.9459101490553132,7.313886831633462,6.109447629420366,4.616168452713127,0.0,9,4
5541,2.875123536862124,0.545455,4.859812404361672,0.0,4.859812404361672,0.0,0.0,0.333333,0.0,1.6094379124341003,8.517393171418904,5.899537343581188,5.145968662187344,1.0,12,4
5551,3.1337872381320233,1.0,5.173037550121279,0.0,5.173037550121279,0.0,0.0,0.909091,0.0,2.4849066497880004,7.313886831633462,4.974034267632123,5.108134554901315,0.777778,11,4
5554,3.041110289628268,0.727273,5.741848675462657,0.0,5.741848675462657,0.0,0.0,0.583333,0.0,2.1972245773362196,9.105090961257085,6.017264419630489,5.17188063859551,0.714286,12,4
5555,3.301646034140561,0.818182,5.766475543994624,4.189654742026425,5.5389471388695215,0.0,0.083333,0.666667,0.0,2.4849066497880004,8.517393171418904,5.486763951997522,5.044779682951269,0.0,12,4
5556,2.707944195483813,0.857143,4.562888793731485,0.0,4.562888793731485,0.0,0.0,0.714286,0.0,1.9459101490553132,7.313886831633462,4.238781948957664,4.65648049573088,0.4,7,4
5558,3.6389149869705792,1.0,5.908544788021606,0.0,5.908544788021606,0.0,0.0,1.0,0.0,2.995732273553991,7.601402334583733,5.791868678812107,5.034011554496255,0.636364,12,4
5570,2.746831586996171,1.0,5.073297055220967,0.0,5.073297055220967,0.0,0.0,1.0,0.0,3.1780538303479458,8.556606193773073,5.271491139420117,4.956018940598992,0.7,12,4
5571,3.0773341036258244,0.857143,4.564139836430099,0.0,4.564139836430099,0.0,0.0,0.714286,0.0,1.9459101490553132,6.90875477931522,4.4678318991855255,4.66128085168716,0.5,7,4
5576,6.720236200844921,1.0,4.847959489549136,0.0,4.847959489549136,0.0,0.0,0.166667,0.0,1.3862943611198906,8.006700845440367,5.712837735086329,5.418946029563696,0.0,12,4
5577,6.785772656140902,1.0,6.714801398830985,0.0,6.714801398830985,0.0,0.0,1.0,0.0,4.04305126783455,7.313886831633462,6.035171023108719,5.687085133364949,0.0,12,4
5578,4.27925513960799,0.727273,7.313886831633462,0.0,7.313886831633462,0.0,0.0,1.0,0.0,2.5649493574615367,8.006700845440367,7.194273008099223,4.782178008200831,0.636364,12,4
5579,7.063266431518006,1.0,6.216446407695832,0.0,6.216446407695832,0.0,0.0,1.0,0.0,2.5649493574615367,7.0909098220799835,6.800743073368469,7.214824185682501,0.0,12,4
5593,6.826907780384577,1.0,5.0912931971137105,0.0,5.0912931971137105,2.994752844069487,0.0,0.416667,0.6931471805599453,1.9459101490553132,7.313886831633462,7.4723228642219075,8.609440016482383,0.083333,12,4
5603,4.099750589953244,1.0,6.270288754248749,0.0,6.270288754248749,0.0,0.0,0.9,0.0,2.4849066497880004,6.90875477931522,6.0799199272730196,5.069902163210968,0.875,10,4
5612,5.390670587947662,1.0,4.0118683403978626,0.0,4.0118683403978626,0.0,0.0,0.333333,0.0,1.6094379124341003,6.2166061010848646,6.558982205726146,7.451855512816984,0.0,12,4
5620,7.177116564030487,1.0,6.4361984441368465,0.0,6.4361984441368465,0.0,0.0,0.833333,0.0,2.772588722239781,7.313886831633462,5.72999474823684,5.877980911396785,0.0,12,4
5621,3.431721478374846,0.272727,5.562948290969064,0.0,5.562948290969064,0.0,0.0,0.166667,0.0,1.3862943611198906,7.824445930877619,6.52698419224384,5.17402757278025,1.0,12,4
5624,3.8673755991748804,1.0,6.293197442782422,0.0,6.293197442782422,0.0,0.0,1.0,0.0,2.70805020110221,8.699681400989514,6.127692807725217,5.236912511678941,0.75,12,4
5629,6.0557273286703905,1.0,5.028344227877029,0.0,5.028344227877029,0.0,0.0,1.0,0.0,2.5649493574615367,6.90875477931522,4.296672796843272,5.602433398701182,0.0,12,4
5630,6.811652992243931,1.0,4.036891987474015,0.0,4.036891987474015,0.0,0.0,0.166667,0.0,1.3862943611198906,6.90875477931522,6.035046208641978,6.4047906068160865,0.0,12,4
5631,7.9479641929327105,1.0,5.298317366548036,0.0,5.298317366548036,0.0,0.0,0.166667,0.0,1.3862943611198906,8.987321812850125,6.42437872544673,6.6764962183247905,0.0,12,4
5642,5.940692387958503,1.0,3.713572066704308,0.0,3.713572066704308,0.0,0.0,0.166667,0.0,1.3862943611198906,7.972810784121404,5.419606054662478,5.3637325002235405,0.0,12,4
5648,2.1557932536941564,0.272727,4.131319165013462,0.0,4.131319165013462,0.0,0.0,0.25,0.0,1.3862943611198906,8.294299608857235,5.516561262129139,4.945734588266616,0.25,12,4
5650,3.4750411927379354,0.5,5.226445354310242,0.0,5.226445354310242,0.0,0.0,0.333333,0.0,1.3862943611198906,8.006700845440367,5.672315512134236,4.459735625192787,1.0,6,4
5652,4.566039084019608,1.0,6.90875477931522,0.0,6.90875477931522,0.0,0.0,0.625,0.0,2.1972245773362196,9.350189267092581,6.716438625737327,4.631654723828322,0.8,8,4
5656,3.4751654916546686,1.0,5.778920868124441,0.0,5.778920868124441,0.0,0.0,0.833333,0.0,2.4849066497880004,7.313886831633462,5.589803590282257,5.135484287710525,0.7,12,4
5657,8.440119889075056,1.0,6.817327162489406,0.0,6.817327162489406,0.0,0.0,1.0,0.0,3.091042453358316,8.517393171418904,8.228792396478651,10.93971085119066,0.0,12,4
5658,2.196374883114973,1.0,5.2865483829480375,0.0,5.2865483829480375,0.0,0.0,0.083333,0.0,1.0986122886681098,8.853808274977197,4.511640520127623,3.429550117091599,0.083333,12,4
5659,2.8705526504641883,0.818182,4.914711592792766,0.0,4.914711592792766,0.0,0.0,0.5,0.0,1.9459101490553132,8.294299608857235,5.361390466042108,4.9674155592372005,0.111111,12,4
5663,4.209108481968192,1.0,4.050740924739968,0.0,4.050740924739968,0.0,0.0,0.333333,0.0,1.6094379124341003,7.313886831633462,4.710425593122211,5.118119103968638,0.0,12,4
5664,3.6047268415061895,1.0,6.095914648464446,0.0,6.095914648464446,0.0,0.0,1.0,0.0,2.5649493574615367,7.313886831633462,6.004355907800846,5.023915789961156,1.0,12,4
5671,7.169765509248454,1.0,3.77413929806476,0.0,3.77413929806476,0.0,0.0,0.25,0.0,1.3862943611198906,7.313886831633462,5.63139451064515,6.703795694270293,0.0,12,4
5672,4.104528446657593,0.818182,6.0844994130751715,0.0,6.0844994130751715,0.0,0.0,1.0,0.0,2.5649493574615367,7.313886831633462,6.2653897373364025,5.011373788009155,0.090909,12,4
5679,3.2727543925550346,1.0,5.99685001938432,0.0,5.99685001938432,0.0,0.0,0.833333,0.0,2.4849066497880004,7.824445930877619,6.040656885156562,5.110900203174224,1.0,12,4
5685,2.0205958522494982,0.571429,5.187385805840755,0.0,5.187385805840755,0.0,0.0,0.571429,0.0,1.9459101490553132,7.313886831633462,5.4472188419477865,3.030278713910927,0.0,7,4
5689,3.316829888348048,1.0,5.628807460063128,0.0,5.628807460063128,0.0,0.0,0.916667,0.0,2.8903717578961645,8.699681400989514,5.557853396867591,4.875075300489508,1.0,12,4
5693,1.786241774710742,0.181818,4.099995233730915,0.0,4.099995233730915,0.0,0.0,0.166667,0.0,1.0986122886681098,7.601402334583733,5.890883723833039,4.726450902066875,0.5,12,4
5698,6.836605129385995,1.0,6.10022926189937,0.0,6.10022926189937,0.0,0.0,1.0,0.0,2.5649493574615367,6.90875477931522,6.4477848381468865,6.490117457096243,0.0,12,4
5699,4.845524656080301,1.0,7.052721049232323,0.0,7.052721049232323,0.0,0.0,0.833333,0.0,2.3978952727983707,8.268988209506656,7.2271925313759295,5.0690331184384805,0.909091,12,4
5701,5.538779977381032,0.909091,6.44204641401927,0.0,6.44204641401927,0.0,0.0,0.416667,0.0,1.791759469228055,7.313886831633462,6.877452628313936,5.181163228718952,0.0,12,4
5707,4.424565909823336,1.0,6.4590277008143575,0.0,6.4590277008143575,0.0,0.0,1.0,0.0,2.5649493574615367,8.294299608857235,6.437617781576459,5.19631059302708,0.75,12,4
5708,4.773433157345511,1.0,7.004881989712859,0.0,7.004881989712859,0.0,0.0,1.0,0.0,3.091042453358316,8.922791623969637,6.911701066115164,5.190383587330044,0.5,12,4
5709,2.8533982512153138,0.545455,5.591210836050351,3.258096538021482,5.493308326442654,0.0,0.083333,0.5,0.0,2.0794415416798357,6.90875477931522,5.765225801242408,4.741508474342442,0.272727,12,4
5714,4.0954158881474925,0.363636,6.532334292222349,0.0,6.532334292222349,0.0,0.0,0.25,0.0,2.0794415416798357,8.006700845440367,6.734894088671974,5.214516457758567,0.0,12,4
5728,7.255183253877779,1.0,4.511189122517197,0.0,4.511189122517197,0.0,0.0,0.833333,0.0,2.5649493574615367,7.313886831633462,5.7834984335685595,6.202234010200797,0.0,12,4
5729,4.387889626200039,0.727273,6.401651821551476,0.0,6.401651821551476,0.0,0.0,0.5,0.0,2.0794415416798357,8.922791623969637,6.684842451049241,4.9002206053742245,0.363636,12,4
5734,6.984806152194355,1.0,5.515201367691102,0.0,5.515201367691102,0.0,0.0,1.0,0.0,2.5649493574615367,7.0909098220799835,6.223459613917633,5.715321364862746,0.0,12,4
5738,6.701121285571767,1.0,6.006131460151378,0.0,6.006131460151378,0.0,0.0,0.75,0.0,2.9444389791664403,6.90875477931522,6.354094258425062,5.767674593170605,0.0,12,4
5739,6.2399358322072205,0.909091,5.895724274827146,0.0,5.895724274827146,0.0,0.0,0.416667,0.0,2.3978952727983707,7.601402334583733,7.783825489164983,5.93511888201592,0.0,12,4
5744,6.003434127507847,0.9,8.140898460607852,0.0,8.140898460607852,0.0,0.0,0.8,0.0,2.772588722239781,9.210440366976517,7.771252872686222,4.941978708915868,0.7,10,4
5747,0.6381105729198226,0.363636,6.20050917404269,0.0,6.20050917404269,0.0,0.0,1.0,0.0,3.2188758248682006,8.922791623969637,6.112920394171979,3.0244255557099984,0.0,12,4
5750,7.203554428894586,1.0,6.744683255379543,0.0,6.744683255379543,0.0,0.0,0.666667,0.0,2.70805020110221,8.612685172875459,6.7076798837380895,5.8114165957133395,0.0,12,4
5755,2.531017115659746,1.0,5.007697650108913,0.0,5.007697650108913,0.0,0.0,0.916667,0.0,2.5649493574615367,7.313886831633462,4.86749581124756,4.9443734542309254,0.090909,12,4
5759,7.097106888613271,1.0,4.836281906951478,3.258096538021482,4.61512051684126,0.0,0.083333,0.166667,0.0,1.6094379124341003,7.496097345175956,7.535673526258219,6.130141775306417,0.090909,12,4
5766,2.99486439705811,0.272727,5.79414102139568,0.0,5.79414102139568,0.0,0.0,0.333333,0.0,2.4849066497880004,8.77971129020447,7.266824800031312,4.932952085059649,1.0,12,4
5769,5.313602304435388,1.0,5.257287016990045,0.0,5.257287016990045,0.0,0.0,0.25,0.0,1.3862943611198906,6.90875477931522,5.05884353024826,5.1591498637086834,0.083333,12,4
5773,2.9039206117924117,0.636364,3.0204248861443626,0.0,3.0204248861443626,0.0,0.0,0.083333,0.0,0.6931471805599453,7.313886831633462,4.572537825100652,4.7947999559512295,0.0,12,4
5777,6.891995144928775,1.0,5.620618233395432,0.0,5.620618233395432,0.0,0.0,0.5,0.0,1.9459101490553132,6.90875477931522,6.37794344745882,5.759658380322903,0.0,12,4
5778,6.162910014750091,0.818182,6.306165791902557,0.0,6.306165791902557,0.0,0.0,1.0,0.0,2.995732273553991,8.853808274977197,7.385931309252545,4.812153037808857,0.0,12,4
5781,3.963490743599495,1.0,6.118625692724661,0.0,6.118625692724661,0.0,0.0,1.0,0.0,2.5649493574615367,8.517393171418904,6.231199020769909,5.146172155257112,0.363636,12,4
5783,4.071720234671511,0.818182,6.377152027607472,0.0,6.377152027607472,0.0,0.0,0.75,0.0,2.302585092994046,6.90875477931522,6.659646171738161,4.93877443529113,0.857143,12,4
5795,6.643126986235696,1.0,6.6857610669244485,0.0,6.6857610669244485,0.0,0.0,1.0,0.0,3.2188758248682006,8.556606193773073,7.209648992962603,5.527637563054467,0.0,12,4
5805,6.765458022763203,1.0,8.325749352841834,0.0,8.325749352841834,0.0,0.0,0.75,0.0,2.772588722239781,8.922791623969637,8.471252546009234,8.394004080657973,0.166667,12,4
5806,6.077488277368441,1.0,6.840332602664703,0.0,6.840332602664703,0.0,0.0,1.0,0.0,3.6888794541139363,7.901377353792616,5.537672009189826,5.1342115609811145,0.083333,12,4
5808,3.621997148458036,0.545455,5.842268240745855,0.0,5.842268240745855,0.0,0.0,0.363636,0.0,2.0794415416798357,7.601402334583733,5.859317373153459,4.902474253218433,0.0,11,4
5809,4.258769806047566,0.818182,6.85511370765654,0.0,6.85511370765654,0.0,0.0,0.666667,0.0,2.5649493574615367,7.0909098220799835,6.646564158212406,4.859072766555971,0.666667,12,4
5816,2.117522904096422,0.727273,4.2626798770413155,0.0,4.2626798770413155,0.0,0.0,0.583333,0.0,2.1972245773362196,8.517393171418904,4.5961194311950235,3.956712984840486,0.454545,12,4
5819,6.902974902166011,1.0,6.19154415882364,0.0,6.19154415882364,3.681113174483598,0.0,0.75,0.6931471805599453,2.302585092994046,6.90875477931522,6.628848679851843,6.687400059156047,0.0,12,4
5834,1.7320379499084384,0.727273,5.990564141864818,0.0,5.990564141864818,0.0,0.0,1.0,0.0,2.5649493574615367,7.601402334583733,6.101935769825988,3.7874419303730815,0.1,12,4
5837,7.340866196325653,1.0,4.61512051684126,0.0,4.61512051684126,0.0,0.0,0.166667,0.0,1.0986122886681098,8.853808274977197,5.787447956766117,5.8007519013911,0.0,12,4
5844,7.048653587622424,1.0,7.081742198986034,0.0,7.081742198986034,0.0,0.0,1.0,0.0,2.5649493574615367,9.61587214452889,8.012328147049123,5.809619065972026,0.0,12,4
5845,7.386781906394429,1.0,4.198704577546343,0.0,4.732683506287051,0.0,0.0,0.3,0.0,1.791759469228055,8.517393171418904,5.9710490135731416,6.057117238733284,0.0,10,4
5849,4.50165035301179,0.833333,6.586171654854675,0.0,6.586171654854675,0.0,0.0,0.833333,0.0,1.9459101490553132,6.90875477931522,6.25932859462004,4.496476532704774,0.0,6,4
5854,8.599763038381672,1.0,6.202737925851705,0.0,6.202737925851705,0.0,0.0,0.5,0.0,1.9459101490553132,9.392745258631441,7.256007552004838,7.2733200427200355,0.0,12,4
5855,4.532685070136603,1.0,7.144075633652909,0.0,7.144075633652909,0.0,0.0,1.0,0.0,3.295836866004329,8.648396877031582,7.202637202936809,5.188184676602653,1.0,12,4
5857,3.527710495348439,1.0,5.324180026073764,0.0,5.324180026073764,0.0,0.0,0.833333,0.0,1.9459101490553132,7.313886831633462,5.104396165250601,4.4143126975666265,1.0,6,4
5859,3.188401565723825,0.545455,5.731397641689174,0.0,5.731397641689174,0.0,0.0,0.25,0.0,1.6094379124341003,8.612685172875459,6.6666583013202825,5.357745037009806,0.4,12,4
5872,3.9478632033808596,1.0,6.124683390894205,0.0,6.124683390894205,0.0,0.0,1.0,0.0,2.5649493574615367,6.90875477931522,5.829280420381034,5.112686694667029,0.583333,12,4
5874,2.616203662627479,0.363636,3.486763269991802,0.0,3.486763269991802,0.0,0.0,0.083333,0.0,0.6931471805599453,8.294299608857235,5.352529244723419,4.951990227500218,0.0,12,4
5875,0.9679161111154263,0.363636,7.594189981182507,0.0,7.594189981182507,0.0,0.0,1.0,0.0,3.7376696182833684,8.922791623969637,7.491706326745177,0.23268508575022018,0.0,12,4
5876,3.330794230483831,0.636364,5.06543908613693,0.0,5.06543908613693,0.0,0.0,0.416667,0.0,1.791759469228055,6.90875477931522,5.477523153535316,4.76601768342121,0.0,12,4
5878,2.655356417715664,0.545455,4.729244501090018,0.0,4.729244501090018,0.0,0.0,0.416667,0.0,1.791759469228055,7.313886831633462,5.44200242949937,4.909973816939757,0.285714,12,4
5879,7.779194210062656,1.0,5.949339620807311,0.0,5.949339620807311,0.0,0.0,0.75,0.0,2.302585092994046,7.824445930877619,7.020423423858907,7.404844574691599,0.0,12,4
5882,3.113249140457281,0.545455,6.035481432524756,0.0,6.035481432524756,0.0,0.0,0.416667,0.0,1.9459101490553132,8.517393171418904,5.979228083518608,4.591458955208391,0.454545,12,4
5886,3.065609207475897,0.727273,5.7300673149140255,0.0,5.7300673149140255,0.0,0.0,0.416667,0.0,2.302585092994046,8.006700845440367,5.820363810783066,5.180807844108503,1.0,12,4
5896,1.2424225472811332,0.363636,5.116795489924646,0.0,5.116795489924646,0.0,0.0,0.333333,0.0,1.6094379124341003,6.55250788703459,5.532514742612306,2.7691764696219145,0.0,12,4
5898,1.8569919682572555,0.5,5.272999558563747,0.0,5.272999558563747,0.0,0.0,0.333333,0.0,1.3862943611198906,7.313886831633462,5.5990702969300585,3.572216696961195,1.0,6,4
5899,7.016568458829231,1.0,4.478359019121704,0.0,4.478359019121704,0.0,0.0,0.5,0.0,2.1972245773362196,8.412054873292933,5.626372993385824,5.795319037254236,0.0,12,4
5905,7.279103432906821,1.0,5.589194329896337,0.0,5.589194329896337,0.0,0.0,0.714286,0.0,3.2188758248682006,7.313886831633462,5.52586296263038,6.327080031107172,0.0,7,4
5910,4.044109076578607,0.181818,2.6871669901857858,0.0,2.6871669901857858,0.0,0.0,0.083333,0.0,0.6931471805599453,7.972810784121404,7.680823923558211,5.397986509526267,0.0,12,4
5921,7.511354297085843,1.0,4.931231271308987,0.0,4.931231271308987,0.0,0.0,0.090909,0.0,1.6094379124341003,9.15915233520675,5.955251752428787,6.062439685272186,0.0,11,4
5922,4.535167086535515,0.909091,7.330470740496829,0.0,7.330470740496829,0.0,0.0,0.833333,0.0,2.6390573296152584,8.294299608857235,7.428518942238629,5.067866129017438,1.0,12,4
5930,4.765746613549999,1.0,7.0707241072602764,0.0,7.0707241072602764,0.0,0.0,1.0,0.0,2.5649493574615367,7.67368812926773,6.989136162283768,7.219507823217753,0.666667,12,4
5940,4.804983106393657,0.909091,6.876924868589534,0.0,6.876924868589534,0.0,0.0,1.0,0.0,3.2188758248682006,8.006700845440367,6.641147250070855,5.247879890054386,0.181818,12,4
5951,7.134243882964275,1.0,5.772499752615189,0.0,5.772499752615189,0.0,0.0,0.666667,0.0,2.4849066497880004,7.313886831633462,7.114953479399193,5.786758558847872,0.0,12,4
5955,5.473104116177727,1.0,7.062774153248083,0.0,7.062774153248083,0.0,0.0,1.0,0.0,2.5649493574615367,8.160803920954665,6.923185255256897,5.380314008663142,0.083333,12,4
5959,5.536222550865872,1.0,6.1406170425104225,0.0,6.1406170425104225,0.0,0.0,0.833333,0.0,2.3978952727983707,8.294299608857235,5.099556843322496,5.222864680671945,0.0,12,4
5961,2.9499639515171383,1.0,5.505006279790286,0.0,5.505006279790286,0.0,0.0,1.0,0.0,2.5649493574615367,7.824445930877619,5.406266837467157,5.1939706867848745,0.333333,12,4
5978,5.979956725395368,1.0,6.075920578648298,0.0,6.075920578648298,0.0,0.0,0.583333,0.0,2.302585092994046,8.603554357064281,8.516989443260991,8.423795512615431,1.0,12,4
5983,6.580073888796515,0.727273,4.829353196876964,3.8426729272933526,4.375505417683616,0.0,0.083333,0.166667,0.0,1.3862943611198906,8.006700845440367,7.304614912645557,5.968958536160844,0.0,12,4
5984,7.296102920960002,1.0,5.484879917599246,0.0,5.484879917599246,0.0,0.0,0.5,0.0,2.5649493574615367,7.313886831633462,6.421188659991097,6.284623390259282,0.0,12,4
5985,7.21562791229767,1.0,4.533674184283021,0.0,4.533674184283021,0.0,0.0,0.25,0.0,1.3862943611198906,7.313886831633462,6.190423904065364,6.2072166045115935,0.0,12,4
5987,5.804151850271514,1.0,3.53921867955953,0.0,3.53921867955953,0.0,0.0,0.333333,0.0,1.6094379124341003,7.783640596221253,8.00304522477607,8.148701902064435,0.181818,12,4
6002,3.85631107903827,1.0,6.317489543722835,0.0,6.317489543722835,0.0,0.0,0.666667,0.0,2.6390573296152584,8.987321812850125,6.149675052536632,5.012893648759282,0.636364,12,4
6006,6.554425369885347,1.0,4.276388302650885,0.0,4.276388302650885,0.0,0.0,0.166667,0.0,1.0986122886681098,6.90875477931522,5.940859552629797,5.5663019076308675,0.0,12,4
6007,4.6341159654180855,1.0,6.791176517895957,0.0,6.791176517895957,0.0,0.0,1.0,0.0,2.5649493574615367,7.601402334583733,6.673941304397935,5.196484604377577,0.833333,12,4
6018,1.7801808617851052,0.444444,5.250806383876985,0.0,5.250806383876985,0.0,0.0,0.888889,0.0,2.302585092994046,7.313886831633462,5.653932447029868,3.009573934244027,0.166667,9,4
6025,6.265906732795484,0.9,7.3814832143820475,0.0,7.3814832143820475,0.0,0.0,0.8,0.0,2.302585092994046,6.90875477931522,6.966889314662121,6.133031437844236,0.0,10,4
6026,3.3311075515932194,1.0,6.037154673025098,0.0,6.037154673025098,0.0,0.0,1.0,0.0,2.70805020110221,7.601402334583733,6.104860888608396,5.00702733322608,0.272727,12,4
6036,4.2788995813145485,1.0,5.7623657987550985,0.0,5.7623657987550985,0.0,0.0,0.9,0.0,2.3978952727983707,6.90875477931522,5.13849475753241,5.011269206464681,0.0,10,4
6054,7.47645660980511,1.0,4.5689210533129705,0.0,4.5689210533129705,0.0,0.0,0.416667,0.0,1.791759469228055,8.517393171418904,7.896514698688794,6.060316560341542,0.0,12,4
6056,6.138463156746291,1.0,4.836281906951478,0.0,4.836281906951478,0.0,0.0,0.416667,0.0,1.791759469228055,6.2166061010848646,5.528588869547785,5.861028373632327,0.0,12,4
6058,5.963495684592135,1.0,6.851703311627986,0.0,6.851703311627986,0.0,0.0,1.0,0.0,3.1780538303479458,6.90875477931522,6.72468369859079,5.392755416157358,0.0,12,4
6069,6.973384406754534,1.0,6.236252166480063,0.0,6.236252166480063,0.0,0.0,1.0,0.0,3.332204510175204,6.90875477931522,6.7007536935486325,7.217214046622363,0.0,12,4
6085,2.5310899269146634,0.454545,4.770430354853751,0.0,4.770430354853751,0.0,0.0,0.25,0.0,1.9459101490553132,7.824445930877619,5.962844191712418,4.950286809150525,0.333333,12,4
6086,3.7409876788555265,0.909091,5.4638318050256105,0.0,5.4638318050256105,0.0,0.0,0.916667,0.0,2.5649493574615367,8.006700845440367,5.584835355467412,5.0692253078929905,0.0,12,4
6092,3.6575225500057233,0.75,5.072921280180533,0.0,5.072921280180533,0.0,0.0,0.25,0.0,1.3862943611198906,7.313886831633462,5.188998209130237,4.21244455504966,0.0,8,4
6095,2.8430039067598294,1.0,5.152713392689245,0.0,5.152713392689245,0.0,0.0,0.9,0.0,2.3978952727983707,7.313886831633462,4.983626779039422,4.997582732162955,0.875,10,4
6101,2.0592948276926197,0.285714,4.32280727501391,0.0,4.32280727501391,0.0,0.0,0.285714,0.0,1.0986122886681098,7.601402334583733,5.424052473840427,4.3007089541511085,0.0,7,4
6103,3.945123199435856,0.909091,6.076724391058805,4.174387269895637,5.917818006939683,0.0,0.083333,0.833333,0.0,2.4849066497880004,8.294299608857235,6.290422921790538,4.923482918075821,0.1,12,4
6110,6.630535559413183,0.727273,5.187385805840755,0.0,5.187385805840755,0.0,0.0,0.333333,0.0,1.6094379124341003,6.90875477931522,7.2379624819143995,8.363630894790962,0.090909,12,4
6113,6.021442276150546,1.0,7.764822407155485,0.0,7.764822407155485,0.0,0.0,1.0,0.0,2.5649493574615367,8.412054873292933,7.712850561031664,8.302893639889675,0.0,12,4
6122,2.7108623100814744,1.0,4.53431844501614,0.0,4.53431844501614,0.0,0.0,0.25,0.0,1.6094379124341003,6.2166061010848646,4.52907386607278,4.490708423791854,0.166667,12,4
6148,3.9942455324912567,1.0,6.349698275510708,0.0,6.349698275510708,0.0,0.0,0.916667,0.0,3.2188758248682006,6.90875477931522,6.3055765848833705,5.099384878971329,0.9,12,4
6149,3.8769132690187202,0.727273,6.461468176353717,0.0,6.461468176353717,0.0,0.0,0.583333,0.0,2.5649493574615367,8.101980731853192,6.846955885519027,5.210309933659391,1.0,12,4
6150,2.389752299508291,0.545455,5.376481387517391,0.009950330853168092,5.376435145811989,0.0,0.083333,0.5,0.0,2.1972245773362196,7.0909098220799835,6.164668861621598,4.661669056821805,0.5,12,4
6160,4.423816376775354,1.0,5.394717860834352,0.0,5.394717860834352,0.0,0.0,1.0,0.0,2.5649493574615367,7.313886831633462,4.860552161681494,5.144239049935831,0.0,12,4
6162,5.091150991431006,0.909091,5.272999558563747,4.0943445622221,4.912654885736052,0.0,0.083333,0.333333,0.0,1.9459101490553132,8.517393171418904,6.6059172744407535,5.290411678786826,0.1,12,4
6163,2.9349336834809563,0.545455,4.826071224749521,0.0,4.826071224749521,0.0,0.0,0.333333,0.0,1.6094379124341003,8.006700845440367,5.604292762428554,4.903502141578976,0.428571,12,4
6169,4.0569622528352545,1.0,4.544358046591334,0.0,4.544358046591334,0.0,0.0,0.583333,0.0,2.0794415416798357,7.824445930877619,4.437418306104276,5.156074844828306,0.0,12,4
6171,3.660740516637169,1.0,6.182704549409183,0.0,6.182704549409183,0.0,0.0,1.0,0.0,2.6390573296152584,7.824445930877619,6.296406334407631,5.194684208149285,0.916667,12,4
6173,6.838569396369737,1.0,6.352002021861011,0.0,6.352002021861011,0.0,0.0,1.0,0.0,3.2188758248682006,6.90875477931522,7.4931427731744416,8.190543860579469,0.083333,12,4
6178,1.5119099752227971,0.363636,4.006423680849631,0.0,4.006423680849631,0.0,0.0,0.416667,0.0,1.791759469228055,7.0909098220799835,4.831449248445447,4.748020016794346,0.4,12,4
6183,7.088299968916094,1.0,4.772716457199891,0.0,4.772716457199891,0.0,0.0,1.0,0.0,2.5649493574615367,7.0909098220799835,5.942958443839432,5.919732588458776,0.0,12,4
6190,6.943652867051093,1.0,6.437751649736401,0.0,6.437751649736401,0.0,0.0,1.0,0.0,3.6109179126442243,6.90875477931522,6.784556915118282,6.761213434575318,0.0,12,4
6191,6.950924681942104,1.0,6.398461814194222,0.0,6.398461814194222,0.0,0.0,1.0,0.0,3.1780538303479458,8.517393171418904,6.5352398268907,5.547985805932154,0.0,12,4
6193,6.958815388684252,1.0,6.034524036568429,0.0,6.034524036568429,0.0,0.0,1.0,0.0,3.044522437723423,6.957497370876951,6.234898653720964,6.91516721955984,0.0,12,4
6194,2.29853289391386,0.363636,3.9581429410416993,0.0,3.9581429410416993,0.0,0.0,0.333333,0.0,1.6094379124341003,7.0909098220799835,5.125513296448682,4.919821358353387,0.2,12,4
6201,3.816493979678794,1.0,5.92908369652421,0.0,5.92908369652421,0.0,0.0,0.333333,0.0,1.9459101490553132,8.294299608857235,5.738514999533554,4.672559041061594,0.0,12,4
6207,5.844379505928704,1.0,4.995521656286208,0.0,4.995521656286208,0.0,0.0,0.416667,0.0,1.791759469228055,7.313886831633462,4.919062182745035,5.320548434949643,0.0,12,4
6209,7.033208041168915,1.0,5.170483995038151,0.0,5.170483995038151,0.0,0.0,0.5,0.0,2.0794415416798357,7.0909098220799835,5.5423486033286595,6.728723578671022,0.0,12,4
6213,5.42795902332419,1.0,6.512458299789599,0.0,6.512458299789599,5.46409916758614,0.0,1.0,2.302585092994046,2.5649493574615367,8.412054873292933,6.769220433365703,5.214043392178058,0.0,12,4
6217,6.7554981088334,1.0,6.462342793764378,0.0,6.462342793764378,0.0,0.0,0.25,0.0,1.6094379124341003,7.696667081526462,5.3531486227114105,5.5450863426736685,0.0,12,4
6218,4.28331496636122,0.727273,7.072964586166129,0.0,7.072964586166129,0.0,0.0,0.583333,0.0,2.1972245773362196,8.071218539969863,7.296313021715453,4.28733283236991,0.0,12,4
6221,6.956649258714928,1.0,5.303404405596594,0.0,5.303404405596594,0.0,0.0,0.5,0.0,1.9459101490553132,6.90875477931522,6.3089324633797865,6.901357186772047,0.0,12,4
6224,4.884854458631726,1.0,4.998967489228574,0.0,4.998967489228574,0.0,0.0,0.25,0.0,1.6094379124341003,6.90875477931522,6.067164928205318,5.101251596084319,0.090909,12,4
6225,3.671637207244551,0.272727,6.081647971165961,0.0,6.081647971165961,0.0,0.0,0.25,0.0,1.3862943611198906,8.006700845440367,7.3999868280299905,4.9416801361838525,1.0,12,4
6226,6.754968918714221,1.0,4.9427846271880815,0.0,4.9427846271880815,0.0,0.0,0.583333,0.0,2.302585092994046,7.0909098220799835,7.098488614853356,6.465437522440876,0.0,12,4
6232,2.1349904804538222,0.272727,1.7578579175523736,0.0,1.7578579175523736,0.0,0.0,0.083333,0.0,0.6931471805599453,7.696667081526462,4.269945600726131,5.510251138396528,0.0,12,4
6233,3.956869307549319,1.0,6.132725365606877,0.0,6.132725365606877,0.0,0.0,1.0,0.0,3.091042453358316,8.699681400989514,5.638005886096015,5.051814024978528,0.555556,12,4
6234,6.458933183159308,1.0,3.653770277000368,0.0,3.653770277000368,0.0,0.0,0.25,0.0,1.3862943611198906,7.313886831633462,7.434150282482047,8.494668751165545,0.083333,12,4
6243,2.172202452129195,0.454545,4.208417018481948,0.0,4.208417018481948,0.0,0.0,0.333333,0.0,1.791759469228055,7.601402334583733,4.868379301161006,4.939624502262561,0.333333,12,4
6249,5.635595667497807,1.0,7.9377746161846225,0.0,7.9377746161846225,0.0,0.0,1.0,0.0,3.8066624897703196,8.699681400989514,7.83047620199403,5.12461075829193,0.666667,12,4
6253,4.859750937356336,0.545455,6.386879319362645,0.0,6.386879319362645,6.3654247499773176,0.0,0.916667,0.6931471805599453,2.5649493574615367,7.601402334583733,7.055881382294816,4.512395787371337,0.0,12,4
6254,3.3192605980253793,1.0,5.530182771674116,0.0,5.530182771674116,0.0,0.0,0.888889,0.0,2.302585092994046,7.313886831633462,5.375153520256426,4.884866350793378,1.0,9,4
6256,4.569720246523337,0.818182,7.175275459609965,0.0,7.175275459609965,0.0,0.0,0.666667,0.0,2.302585092994046,7.438971592395862,7.028564052473486,4.358204182446646,0.2,12,4
6267,4.335999122739128,0.909091,6.542385501437915,0.0,6.542385501437915,0.0,0.0,0.833333,0.0,2.3978952727983707,8.294299608857235,6.694195347726554,4.975427669188477,0.545455,12,4
6268,3.7282845012382055,1.0,6.173786103901937,4.394449154672439,5.991464547107982,0.0,0.083333,0.666667,0.0,2.70805020110221,7.601402334583733,5.9667658320614905,4.961799342878613,0.8,12,4
6278,6.623035242035335,1.0,6.90875477931522,0.0,6.90875477931522,0.0,0.0,0.333333,0.0,1.791759469228055,7.438971592395862,7.6139507545667975,5.7688628770745884,0.083333,12,4
6280,7.476621420453375,1.0,4.314817884980432,0.0,4.314817884980432,0.0,0.0,1.0,0.0,2.5649493574615367,7.496097345175956,5.878644265341994,6.522388269220165,0.0,12,4
6281,3.8833680455979587,0.727273,6.030204375423913,3.9889840465642745,5.893851718240982,0.0,0.083333,0.416667,0.0,2.1972245773362196,8.412054873292933,6.304024652153905,4.913347550200389,1.0,12,4
6283,3.8286417225759983,1.0,6.293419278846481,0.0,6.293419278846481,0.0,0.0,1.0,0.0,3.2188758248682006,8.853808274977197,6.516290189670478,5.270885725993049,1.0,12,4
6289,7.7309065358067635,1.0,4.483115539980786,0.0,4.483115539980786,0.0,0.0,0.583333,0.0,2.4849066497880004,8.987321812850125,6.406928999719611,6.553693876765949,0.0,12,4
6295,1.5178580064990403,0.454545,6.601230118728877,0.0,6.601230118728877,0.0,0.0,0.583333,0.0,2.0794415416798357,7.601402334583733,7.136719995192114,4.182330637649948,0.0,12,4
6298,7.020736451234901,1.0,5.684463730269801,0.0,5.684463730269801,0.0,0.0,0.916667,0.0,2.4849066497880004,7.313886831633462,5.765164290513173,5.400442160399773,0.0,12,4
6299,2.097618706470464,0.272727,4.110873864173311,0.0,4.110873864173311,0.0,0.0,0.083333,0.0,1.0986122886681098,8.006700845440367,5.449672147203562,4.749658281616285,1.0,12,4
6302,3.8307081288908407,1.0,6.154624521092828,0.0,6.154624521092828,0.0,0.0,1.0,0.0,3.044522437723423,7.601402334583733,5.897863409808191,5.192085182208535,0.916667,12,4
6309,4.809447516081072,1.0,6.193425319154285,0.0,6.193425319154285,0.0,0.0,0.416667,0.0,1.9459101490553132,8.922791623969637,6.132160802876417,5.548700457936013,0.0,12,4
6311,1.7207823089129668,0.272727,5.525293563882423,0.0,5.525293563882423,0.0,0.0,0.916667,0.0,2.8903717578961645,8.294299608857235,5.519208322673647,3.6300565940869323,0.1,12,4
6321,4.008342639198698,0.636364,6.308134870718474,0.0,6.308134870718474,0.0,0.0,0.333333,0.0,2.1972245773362196,8.294299608857235,6.545481212025944,4.722429511198762,0.4,12,4
6337,3.9429632995721082,0.545455,6.216566180128353,0.0,6.216566180128353,0.0,0.0,0.416667,0.0,1.9459101490553132,7.824445930877619,6.613733769360033,5.465695960475452,0.2,12,4
6340,3.7728598527426533,0.272727,4.775925106410581,0.0,4.775925106410581,0.0,0.0,0.083333,0.0,0.6931471805599453,7.824445930877619,7.250743294592401,4.866878697034759,0.0,12,4
6342,7.790149508823034,1.0,4.839846973115974,0.0,4.839846973115974,0.0,0.0,0.583333,0.0,2.0794415416798357,8.006700845440367,6.431144159472615,6.444433870685634,0.0,12,4
6345,4.213875521221887,1.0,6.300785794663244,0.0,6.300785794663244,0.0,0.0,1.0,0.0,2.833213344056216,8.006700845440367,6.162242022494451,5.220336635705021,0.0,12,4
6353,6.872231702189849,1.0,6.980968565309543,0.0,6.980968565309543,0.0,0.0,1.0,0.0,2.5649493574615367,6.90875477931522,6.1033824877825555,7.084919594204312,0.0,12,4
6362,3.8501574952781383,0.818182,6.277582897583581,0.0,6.277582897583581,0.0,0.0,0.5,0.0,2.772588722239781,8.294299608857235,6.301630822847439,5.078412359234553,1.0,12,4
6363,3.3623870083079823,0.636364,5.867119402835146,0.0,5.867119402835146,0.0,0.0,0.416667,0.0,2.0794415416798357,7.824445930877619,5.70541479502946,4.597311376278898,0.272727,12,4
6365,1.738157195408515,0.428571,3.3945083935113587,0.0,3.3945083935113587,0.0,0.0,0.285714,0.0,1.3862943611198906,7.313886831633462,3.566756762632625,4.117998245067914,1.0,7,4
6369,7.183247874703669,1.0,7.153865075522958,0.0,7.153865075522958,4.752237923756589,0.0,1.0,0.6931471805599453,3.367295829986474,7.0909098220799835,7.635485056320558,7.577090777805662,0.0,12,4
6375,7.628509533643475,1.0,6.965627882172591,0.0,6.965627882172591,0.0,0.0,1.0,0.0,2.833213344056216,8.699681400989514,6.1376849884066695,6.087792946986622,0.0,12,4
6383,4.336794277745803,1.0,6.008419987757396,0.0,6.008419987757396,0.0,0.0,1.0,0.0,3.828641396489095,8.517393171418904,5.834117090112425,5.150328219597051,0.083333,12,4
6385,7.421033393732102,1.0,5.303304908059076,0.0,5.303304908059076,0.0,0.0,0.416667,0.0,1.791759469228055,9.305741456739435,6.094941267036275,5.9267139261455,0.0,12,4
6388,6.041985367589374,1.0,7.573942277959299,0.0,7.573942277959299,0.0,0.0,1.0,0.0,2.5649493574615367,8.006700845440367,7.207640820035062,5.148940988250691,0.181818,12,4
6395,4.483460740814673,1.0,6.7868636667040505,0.0,6.7868636667040505,0.0,0.0,1.0,0.0,3.091042453358316,8.699681400989514,6.687847799684196,5.232451271240379,0.916667,12,4
6396,2.7199155947412783,0.545455,4.79231343306126,0.0,4.79231343306126,0.0,0.0,0.5,0.0,1.9459101490553132,8.517393171418904,5.06788744650557,4.580309227478341,0.181818,12,4
6403,5.923513813656503,0.909091,6.710157634635666,0.0,6.710157634635666,0.0,0.0,0.818182,0.0,2.3978952727983707,7.313886831633462,4.486706857735164,5.273019978868072,0.0,11,4
6415,7.059428177356997,1.0,6.631171393196389,0.0,6.631171393196389,4.884951580113105,0.0,1.0,0.6931471805599453,2.6390573296152584,6.90875477931522,6.240891544477933,8.170373916141722,0.0,12,4
6420,2.0969265343541372,0.727273,5.666426688112432,0.0,5.666426688112432,0.0,0.0,1.0,0.0,2.5649493574615367,8.006700845440367,5.437442145107872,3.2256946835187925,0.0,12,4
6427,3.183080301449477,0.545455,5.647529533105403,0.0,5.647529533105403,0.0,0.0,0.5,0.0,2.0794415416798357,8.517393171418904,4.866650567638536,4.253887776166686,0.25,12,4
6432,3.541980860062689,1.0,5.77137881589301,0.0,5.77137881589301,0.0,0.0,0.833333,0.0,1.9459101490553132,6.90875477931522,5.581440836843639,4.497562725617424,1.0,6,4
6442,3.4925793105272085,0.636364,4.836757984084964,0.0,4.836757984084964,0.0,0.0,0.5,0.0,1.9459101490553132,6.90875477931522,5.581376921609367,5.0146797907485645,0.0,12,4
6446,2.260863735835094,0.636364,4.836281906951478,0.0,4.836281906951478,0.0,0.0,0.416667,0.0,1.9459101490553132,8.006700845440367,5.275725041059765,4.7822381836414545,0.8,12,4
6447,1.7791518258452215,0.272727,4.204244757921959,0.0,4.204244757921959,0.0,0.0,0.166667,0.0,1.3862943611198906,8.294299608857235,5.18800036556359,5.167666518311944,1.0,12,4
6452,5.076487208605029,1.0,5.516649360865024,4.341204640153626,5.153291594497779,0.0,0.083333,0.166667,0.0,1.3862943611198906,8.517393171418904,6.411120500517457,5.053812599093829,0.0,12,4
6454,2.60106570082824,0.5,5.388660686445639,0.0,5.388660686445639,0.0,0.0,0.75,0.0,2.0794415416798357,6.90875477931522,5.334941307157887,4.221815085243768,0.0,8,4
6458,8.062792338662318,1.0,6.79896667190533,0.0,6.79896667190533,0.0,0.0,1.0,0.0,2.5649493574615367,8.412054873292933,6.585693572315566,6.621043474334941,0.0,12,4
6460,4.234213904626771,1.0,6.193711272709207,0.0,6.193711272709207,0.0,0.0,0.9,0.0,2.995732273553991,7.313886831633462,5.718300000243324,4.973009720298126,0.25,10,4
6466,6.6995886638472335,1.0,5.346726505755724,0.0,5.346726505755724,5.335782920117185,0.0,0.666667,1.0986122886681098,2.1972245773362196,7.824445930877619,5.646911227815157,5.851215722975134,0.0,12,4
6476,7.771387590160311,1.0,4.558812062009942,0.0,4.558812062009942,0.0,0.0,0.583333,0.0,2.4849066497880004,8.412054873292933,6.648321739740988,6.376304872442755,0.0,12,4
6482,5.194968454037021,0.545455,6.733509028955116,0.0,6.733509028955116,5.8066189516066515,0.0,0.75,0.6931471805599453,2.4849066497880004,8.006700845440367,6.322050567110976,4.522676715146311,0.0,12,4
6487,3.9500939617103956,1.0,6.057884110475807,0.0,6.057884110475807,0.0,0.0,0.833333,0.0,2.4849066497880004,8.006700845440367,6.017075184526048,5.168286286390111,1.0,12,4
6493,2.689096577300547,1.0,5.998638750855982,0.0,5.998638750855982,0.0,0.0,1.0,0.0,2.5649493574615367,8.006700845440367,6.047200185532837,5.089315671141757,0.833333,12,4
6495,4.041420254244201,1.0,6.0888407729867025,0.0,6.0888407729867025,0.0,0.0,1.0,0.0,3.258096538021482,8.699681400989514,6.10934346261219,5.154596084321297,1.0,12,4
6497,7.145260125851921,1.0,5.739471317064708,0.0,5.739471317064708,0.0,0.0,0.5,0.0,1.9459101490553132,8.006700845440367,6.548539706091426,5.838932278612979,0.0,12,4
6503,6.225051082159423,1.0,6.159285645233409,0.0,6.159285645233409,0.0,0.0,0.916667,0.0,2.4849066497880004,6.90875477931522,5.348824969360782,5.646794339259232,0.0,12,4
6504,6.304118232250377,1.0,3.9229629454664803,0.0,3.9229629454664803,0.0,0.0,0.25,0.0,1.3862943611198906,7.824445930877619,5.987483965093016,5.5135947767359825,0.0,12,4
6508,6.001628370021583,1.0,7.763127595886875,0.0,7.763127595886875,0.0,0.0,1.0,0.0,2.4849066497880004,7.824445930877619,7.717816583137029,5.118123630337349,0.090909,11,4
6510,3.868473335849052,1.0,6.042632833682381,0.0,6.042632833682381,0.0,0.0,0.833333,0.0,1.9459101490553132,6.90875477931522,6.023403722749355,2.875259699329088,0.0,6,4
6511,7.480772472448483,1.0,7.244941546337007,0.0,7.244941546337007,0.0,0.0,0.583333,0.0,2.3978952727983707,7.313886831633462,7.501755028748082,8.294309276893479,0.0,12,4
6515,1.3224425374849444,0.181818,3.462606009790799,0.0,3.462606009790799,0.0,0.0,0.166667,0.0,1.0986122886681098,8.006700845440367,5.16507062483517,4.745021420028804,0.333333,12,4
6518,1.545633841521921,0.25,5.128003428878359,0.0,5.128003428878359,0.0,0.0,0.875,0.0,2.1972245773362196,7.313886831633462,6.42307434961062,3.3597521721504404,0.166667,8,4
6520,7.226522703439226,1.0,4.406719247264253,0.0,4.406719247264253,0.0,0.0,0.75,0.0,2.302585092994046,8.006700845440367,5.880345991264568,6.294211835300606,0.0,12,4
6523,7.201580477238968,1.0,6.3835066348840055,0.0,6.3835066348840055,0.0,0.0,1.0,0.0,2.5649493574615367,7.1316985104669115,6.561761962790241,7.252721800372776,0.0,12,4
6524,3.6657862723768266,0.545455,6.106532789935657,0.0,6.106532789935657,0.0,0.0,0.416667,0.0,1.9459101490553132,8.294299608857235,6.631811960962659,4.973532762677932,1.0,12,4
6527,2.236752721860112,1.0,5.459585514144159,0.0,5.459585514144159,0.0,0.0,1.0,0.0,2.5649493574615367,7.0909098220799835,5.462993712398653,5.200507980327419,0.833333,12,4
6528,5.060697525036054,1.0,7.139033652724844,0.0,7.139033652724844,0.0,0.0,1.0,0.0,3.091042453358316,8.699681400989514,7.072432588351333,5.155032806032452,0.0,12,4
6529,4.880106611678985,1.0,5.828327779728861,0.0,5.828327779728861,0.0,0.0,0.916667,0.0,2.995732273553991,7.313886831633462,5.287248633516241,5.181304845843751,0.083333,12,4
6535,4.5417978006497925,1.0,6.152647584699372,0.0,6.214528095222021,0.0,0.0,0.833333,0.0,1.791759469228055,6.90875477931522,5.857315949766094,4.479261835435864,1.0,6,4
6536,4.4472629591650525,0.909091,4.961725122726247,0.0,4.961725122726247,0.0,0.0,0.75,0.0,3.1780538303479458,7.0909098220799835,5.920934139754034,5.070214142615697,0.1,12,4
6537,5.665005339374375,1.0,3.536602018668358,0.0,3.536602018668358,0.0,0.0,0.083333,0.0,0.6931471805599453,8.699681400989514,6.326405780198308,5.142427656316895,0.0,12,4
6539,3.5232385976459453,1.0,5.6082989464945845,0.0,5.6082989464945845,0.0,0.0,0.583333,0.0,2.5649493574615367,7.783640596221253,5.428226204386874,5.128769693202457,0.083333,12,4
6541,7.554219239780597,1.0,7.6377549861384715,0.0,7.6377549861384715,0.0,0.0,1.0,0.0,2.8903717578961645,7.313886831633462,7.494210685931254,8.480096811708036,0.0,12,4
6543,1.7616502005076344,0.833333,4.082946517269732,0.0,4.082946517269732,0.0,0.0,0.833333,0.0,1.9459101490553132,6.90875477931522,4.20115607467474,3.5154585784736967,0.666667,6,4
6547,4.295268857343322,1.0,5.5087403534528665,0.0,5.5087403534528665,0.0,0.0,0.833333,0.0,2.3978952727983707,7.0909098220799835,5.238265671202883,5.157601185031491,0.166667,12,4
6555,5.183871072148585,1.0,6.282266746896006,0.0,6.282266746896006,0.0,0.0,0.5,0.0,2.1972245773362196,8.160803920954665,6.118885356525829,5.273678681753536,0.0,12,4
6556,3.291476930840552,1.0,6.066154492739426,0.01980262729617973,6.066108090103747,0.0,0.083333,0.916667,0.0,2.995732273553991,8.853808274977197,5.924143598607112,5.165482302858811,1.0,12,4
6559,3.6743816926029877,1.0,6.0936600594226515,0.0,6.0936600594226515,0.0,0.0,0.666667,0.0,2.5649493574615367,7.601402334583733,6.079768257008926,4.868709037281387,0.8,12,4
6569,3.523902683067321,1.0,5.7091679469325385,0.0,5.7091679469325385,0.0,0.0,0.916667,0.0,2.5649493574615367,7.0909098220799835,5.710766804011713,5.030440862564581,0.454545,12,4
6570,2.2874109457391247,0.454545,5.402632335812676,0.0,5.402632335812676,0.0,0.0,0.833333,0.0,2.4849066497880004,6.90875477931522,5.660544933105421,3.9860763603760896,0.125,12,4
6573,6.600330098342879,1.0,4.03742141482248,0.0,4.03742141482248,0.0,0.0,0.166667,0.0,1.0986122886681098,6.90875477931522,6.84587727526067,7.971581544255092,0.0,12,4
6574,4.0549396187661255,1.0,6.719254671111467,0.0,6.719254671111467,0.0,0.0,1.0,0.0,3.044522437723423,6.90875477931522,6.684213615931966,5.167590865107212,0.666667,12,4
6575,4.205417162816123,1.0,6.5479038668343295,0.0,6.5479038668343295,0.0,0.0,0.75,0.0,2.8903717578961645,7.601402334583733,6.427585151984853,5.055931953554215,1.0,12,4
6578,3.6630509003366014,1.0,6.111467339502679,0.0,6.111467339502679,0.0,0.0,1.0,0.0,2.5649493574615367,7.901377353792616,6.055097186183268,5.121891774344799,0.666667,12,4
6583,2.959460795129413,1.0,6.656726524178391,0.0,6.656726524178391,0.0,0.0,1.0,0.0,3.2188758248682006,7.0909098220799835,6.561109436485744,4.254880796645041,1.0,12,4
6585,2.8803819701534725,0.363636,4.805659046737495,0.0,4.805659046737495,0.0,0.0,0.25,0.0,1.6094379124341003,8.853808274977197,5.7410898200267155,5.623753886605204,1.0,12,4
6588,3.7678340392275556,1.0,6.176636205168639,0.0,6.176636205168639,0.0,0.0,1.0,0.0,3.7376696182833684,8.699681400989514,5.790141365489696,5.098554879095664,0.833333,12,4
6592,5.338016076019796,1.0,7.475905969367397,0.0,7.475905969367397,0.0,0.0,1.0,0.0,2.5649493574615367,5.993961427306569,7.419858680242646,7.645578860445054,0.545455,12,4
6597,3.285612553177083,0.363636,5.0204536030335944,0.0,5.0204536030335944,0.0,0.0,0.25,0.0,1.3862943611198906,7.824445930877619,6.327086189933983,5.307177747185575,0.0,12,4
6607,6.809890332338326,1.0,4.763455164953805,3.6149637711637683,4.394449154672439,0.0,0.083333,0.166667,0.0,1.3862943611198906,6.90875477931522,5.5934504660252236,5.299263808530494,0.0,12,4
6608,6.293711023715492,1.0,5.206750173022546,0.0,5.206750173022546,0.0,0.0,0.833333,0.0,2.4849066497880004,6.2166061010848646,5.512782259011381,6.507714009730795,0.0,12,4
6617,3.4828478730815253,1.0,5.253633758921397,0.0,5.253633758921397,0.0,0.0,0.833333,0.0,1.9459101490553132,7.313886831633462,4.742356196105349,4.497660974647302,0.5,6,4
6618,7.274196100030818,1.0,5.409142921636922,0.0,5.409142921636922,0.0,0.0,0.666667,0.0,2.1972245773362196,7.313886831633462,6.435467991372423,6.720795345532,0.0,12,4
6625,3.653741353744187,1.0,6.860454005864124,0.0,6.860454005864124,0.0,0.0,1.0,0.0,2.5649493574615367,7.601402334583733,6.845216026241634,5.113739891081934,0.916667,12,4
6630,2.209513645357755,0.545455,4.816888719632834,0.0,4.816888719632834,0.0,0.0,0.416667,0.0,1.9459101490553132,8.131824785007195,5.337075063872184,5.123296625820003,0.8,12,4
6636,3.011215093707851,1.0,5.81651574464344,0.0,5.81651574464344,0.0,0.0,1.0,0.0,2.5649493574615367,8.517393171418904,6.215286524239346,4.253266285357341,0.166667,12,4
6642,6.988762909583158,1.0,2.388762789235098,0.0,2.388762789235098,0.0,0.0,0.142857,0.0,0.6931471805599453,7.550135342488429,5.236036838224866,8.888030056700241,0.0,7,4
6649,6.450247177637718,0.545455,4.334017415487521,0.0,4.334017415487521,0.0,0.0,0.333333,0.0,1.791759469228055,7.0909098220799835,7.2859481233925925,5.445294766957153,0.0,12,4
6650,4.597667763062069,1.0,6.929751576854033,0.0,6.929751576854033,0.0,0.0,1.0,0.0,4.48863636973214,8.006700845440367,6.985897312287218,5.230835574234249,0.5,12,4
6655,2.4237583752644154,0.363636,5.783825182329737,0.0,5.783825182329737,0.0,0.0,0.75,0.0,2.302585092994046,7.313886831633462,6.320982747872465,4.073140316117039,0.0,12,4
6656,3.181522474307624,0.454545,6.106933796914096,0.0,6.106933796914096,0.0,0.0,1.0,0.0,2.9444389791664403,7.313886831633462,5.663131687701316,3.762548694324587,0.083333,12,4
6664,3.5206754835853493,0.727273,5.720311776607412,0.0,5.720311776607412,0.0,0.0,0.583333,0.0,2.1972245773362196,8.006700845440367,5.900764640394232,5.11481619428124,0.428571,12,4
6668,3.0681480933966236,0.818182,3.995628589282943,0.0,3.995628589282943,0.0,0.0,0.166667,0.0,1.3862943611198906,7.824445930877619,4.498674682030212,4.98026326494199,0.0,12,4
6672,4.3450517228199725,0.909091,4.279717015849312,0.0,4.279717015849312,0.0,0.0,0.25,0.0,1.3862943611198906,7.313886831633462,5.380169735795883,5.0781625507609744,0.0,12,4
6684,2.7130077587474855,1.0,3.6888794541139363,0.0,3.6888794541139363,0.0,0.0,0.166667,0.0,1.0986122886681098,7.313886831633462,4.604640975981174,4.319457892247797,0.0,12,4
6687,7.126288987680099,1.0,7.427144133408616,0.0,7.427144133408616,0.0,0.0,1.0,0.0,2.5649493574615367,8.412054873292933,7.008634410621605,5.894074353323648,0.0,12,4
6688,7.281537841942391,1.0,7.313886831633462,0.0,7.313886831633462,0.0,0.0,1.0,0.0,2.5649493574615367,8.412054873292933,8.212784888224045,7.920132222924219,0.0,12,4
6694,3.3839197798043923,0.454545,4.877180089045576,0.0,4.877180089045576,0.0,0.0,0.5,0.0,2.3978952727983707,7.824445930877619,5.789857113599265,4.994536690825496,0.0,12,4
6697,6.714174796890659,1.0,6.07073772800249,0.0,6.07073772800249,0.0,0.0,1.0,0.0,2.5649493574615367,7.313886831633462,5.362824080929778,5.761453634982162,0.0,12,4
6698,3.7290775980798943,1.0,6.091830108727296,0.0,6.091830108727296,0.0,0.0,0.833333,0.0,2.8903717578961645,8.517393171418904,5.940204452169324,5.012595764451141,0.5,12,4
6699,4.663090571120834,1.0,3.6038660797869797,0.0,3.6038660797869797,0.0,0.0,0.166667,0.0,1.0986122886681098,7.313886831633462,4.284813202332948,5.189094741426214,0.0,12,4
6708,7.299095091842469,1.0,5.858647185217117,0.0,5.858647185217117,0.0,0.0,0.833333,0.0,2.4849066497880004,7.313886831633462,6.272151618987914,6.217282832130589,0.0,12,4
6711,3.48872465610936,0.272727,6.1452580202873985,0.0,6.2422232654551655,0.0,0.0,0.166667,0.0,1.9459101490553132,7.824445930877619,6.64439183830431,4.27228403168064,0.0,12,4
6715,3.6573734102273567,1.0,5.990564141864818,0.0,5.990564141864818,0.0,0.0,1.0,0.0,2.5649493574615367,7.824445930877619,6.065167285737117,5.232540996925384,1.0,12,4
6717,4.128425454481965,1.0,6.593866114361182,0.0,6.593866114361182,0.0,0.0,1.0,0.0,3.1354942159291497,7.824445930877619,6.598569908232704,5.16743918817846,0.833333,12,4
6721,4.429660130159932,0.727273,6.067105272566398,0.0,6.067105272566398,0.0,0.0,0.416667,0.0,2.3978952727983707,7.824445930877619,5.755979533525573,4.486668096874722,0.083333,12,4
6724,4.026057959126046,1.0,6.350047669316016,0.0,6.350047669316016,0.0,0.0,1.0,0.0,3.8066624897703196,8.006700845440367,6.392836238606275,5.180532273389536,1.0,12,4
6730,4.401927149335799,1.0,7.40202460043241,0.0,7.40202460043241,0.0,0.0,1.0,0.0,3.58351893845611,8.699681400989514,7.371934341449527,4.233233413419129,0.2,12,4
6731,4.535404759014127,0.272727,6.503809016843243,0.0,6.503809016843243,0.0,0.0,0.333333,0.0,1.6094379124341003,6.803505257608338,7.828658795189457,5.5612245720579,0.0,12,4
6735,4.541981334969239,1.0,6.8284306467640326,0.0,6.8284306467640326,0.0,0.0,1.0,0.0,4.248495242049359,8.006700845440367,6.8002265410951095,5.1773840834436005,1.0,12,4
6739,6.946461495381582,1.0,5.582744146279145,0.0,5.582744146279145,0.0,0.0,0.333333,0.0,1.791759469228055,6.90875477931522,6.0398078304886855,6.652262769233283,0.0,12,4
6740,4.59551635737379,1.0,5.558217057987366,0.0,5.558217057987366,0.0,0.0,0.714286,0.0,1.9459101490553132,7.313886831633462,4.99093448801612,4.607776576399693,0.0,7,4
6741,5.184875831673761,0.636364,4.208417018481948,0.0,4.208417018481948,0.0,0.0,0.416667,0.0,1.791759469228055,7.824445930877619,7.733964470899451,8.044844128991237,0.0,12,4
6745,5.060841978336773,1.0,7.483109423835699,0.0,7.483109423835699,0.0,0.0,0.916667,0.0,3.1354942159291497,9.169622538697624,7.2006510502052965,5.227256334676703,0.916667,12,4
6748,1.7520894151362534,0.363636,3.503152104185149,0.0,3.503152104185149,0.0,0.0,0.083333,0.0,0.6931471805599453,8.699681400989514,5.226993396231615,4.833639132182224,0.5,12,4
6751,5.8290612197515514,1.0,5.848344472513165,3.8426729272933526,5.70714348678838,0.0,0.083333,0.75,0.0,2.3978952727983707,6.90875477931522,4.6348359339670475,5.688590931950393,0.0,12,4
6753,4.199497881416222,1.0,6.175867270105761,0.0,6.175867270105761,0.0,0.0,0.666667,0.0,2.5649493574615367,7.244941546337007,6.099207231148339,5.263985116962911,0.6,12,4
6760,7.519214160709144,1.0,4.434500481934585,0.0,4.434500481934585,0.0,0.0,0.083333,0.0,1.3862943611198906,7.601402334583733,6.404065709573508,6.92681977412187,0.0,12,4
6763,2.7088557432326783,0.818182,5.112529810110908,0.0,5.112529810110908,0.0,0.0,0.75,0.0,2.302585092994046,8.517393171418904,5.393152324361367,5.067541859558397,0.9,12,4
6764,7.177115154694452,1.0,4.641984159110808,0.0,4.641984159110808,0.0,0.0,0.75,0.0,2.3978952727983707,8.006700845440367,6.764739494800729,5.666873546733754,0.0,12,4
6769,5.019602792292615,1.0,6.947860216478442,0.0,6.947860216478442,0.0,0.0,1.0,0.0,2.5649493574615367,6.90875477931522,6.892802408958915,5.133420576886157,0.2,12,4
6777,5.560055596635353,1.0,6.724553334760875,0.0,6.724553334760875,0.0,0.0,1.0,0.0,3.9512437185814275,7.824445930877619,5.9057832034136215,5.162675743237798,0.0,12,4
6778,4.7519215928737495,1.0,6.516193076042964,0.0,6.516193076042964,0.0,0.0,0.666667,0.0,2.5649493574615367,6.90875477931522,6.510679992686809,5.360694963945767,0.083333,12,4
6779,3.280024582242769,1.0,5.420534999272286,0.0,5.420534999272286,0.0,0.0,1.0,0.0,2.5649493574615367,7.901377353792616,5.453834896096175,5.116955111477014,0.416667,12,4
6782,7.132709765562806,1.0,6.204638567384701,0.0,6.204638567384701,0.0,0.0,0.727273,0.0,2.5649493574615367,6.90875477931522,5.195026768243518,9.037435622905555,0.0,11,4
6784,3.373435700963246,0.909091,5.345200952446887,0.0,5.345200952446887,0.0,0.0,0.75,0.0,2.3978952727983707,6.90875477931522,5.234100558988436,5.118285003549436,0.375,12,4
6790,3.464396224581457,0.454545,6.0573693219957,0.0,6.483947976626108,0.0,0.0,0.5,0.0,2.995732273553991,7.0909098220799835,6.13516351616931,4.69840638020675,0.0,12,4
6793,2.7395549404945654,0.571429,4.909709375506295,0.0,4.909709375506295,0.0,0.0,0.428571,0.0,1.6094379124341003,8.006700845440367,5.055259535704769,4.637959541069037,1.0,7,4
6795,5.314811472797919,0.888889,7.496097345175956,0.0,7.496097345175956,0.0,0.0,0.888889,0.0,2.302585092994046,6.90875477931522,7.315614196308097,4.981528505014702,0.571429,9,4
6796,2.1000557268287396,0.454545,4.143134726391533,0.0,4.143134726391533,0.0,0.0,0.083333,0.0,1.0986122886681098,8.006700845440367,4.895177707486126,3.9693651446117824,0.142857,12,4
6801,2.4965041381835373,0.636364,5.303304908059076,0.0,5.303304908059076,0.0,0.0,0.416667,0.0,1.9459101490553132,8.006700845440367,5.827537208620667,5.222118287245246,1.0,12,4
6804,5.548496679718369,0.909091,5.745564008671156,0.0,5.745564008671156,0.0,0.0,0.666667,0.0,2.1972245773362196,7.824445930877619,6.56560379009415,7.902541975986237,0.0,12,4
6805,6.216110245633938,1.0,6.151881268513887,0.0,6.151881268513887,0.0,0.0,0.75,0.0,2.3978952727983707,7.0909098220799835,6.997576650985192,5.192143809350384,0.083333,12,4
6812,4.650357687401931,0.909091,5.8650506222523235,0.0,5.8650506222523235,0.0,0.0,0.416667,0.0,2.302585092994046,8.006700845440367,5.862541806883222,5.136267091920293,0.111111,12,4
6813,1.5603085907572625,0.181818,3.828641396489095,0.0,3.828641396489095,0.0,0.0,0.083333,0.0,1.0986122886681098,8.006700845440367,7.547922983823166,4.248026260666208,0.0,12,4
6816,2.5369486638150356,0.363636,5.125272646534291,0.0,5.125272646534291,0.0,0.0,0.416667,0.0,1.791759469228055,8.294299608857235,5.128430045239568,4.256523528939077,0.363636,12,4
6819,2.8814948074307645,0.272727,3.4522073025699003,0.0,3.4522073025699003,0.0,0.0,0.083333,0.0,0.6931471805599453,8.294299608857235,6.219920693565236,4.813429401119407,0.0,12,4
6820,3.798485616744108,1.0,5.957804345615346,0.0,5.957804345615346,0.0,0.0,1.0,0.0,2.9444389791664403,8.517393171418904,5.971847596772768,5.1894539618204565,0.833333,12,4
6821,5.25257120046195,1.0,6.220351573049258,3.258096538021482,6.169359654949023,0.0,0.083333,1.0,0.0,2.6390573296152584,7.601402334583733,6.204521058864815,5.2496666301581,0.0,12,4
6828,4.851605923900125,1.0,6.9914160489521215,0.0,6.9914160489521215,0.0,0.0,1.0,0.0,3.5553480614894135,8.412054873292933,6.8895964804388505,5.095090578173149,0.916667,12,4
6831,4.867402834102222,1.0,5.472270673671475,0.0,5.472270673671475,0.0,0.0,0.916667,0.0,2.5649493574615367,8.517393171418904,5.266216167402661,5.112238967651757,0.0,12,4
6834,6.544500189003607,1.0,4.394449154672439,0.0,4.394449154672439,0.0,0.0,0.166667,0.0,1.6094379124341003,8.517393171418904,6.643821787321432,5.43761670628692,0.0,12,4
6836,3.572362351201462,0.454545,5.887491956725004,0.0,5.887491956725004,0.0,0.0,0.416667,0.0,2.0794415416798357,8.517393171418904,6.110841986582356,4.281992865013964,0.454545,12,4
6840,2.802868381106601,0.272727,4.442651256490317,0.0,4.442651256490317,0.0,0.0,0.166667,0.0,1.6094379124341003,8.517393171418904,5.1884060673198675,4.041686319171956,0.272727,12,4
6845,2.074672688754705,0.272727,4.39974375547904,0.0,4.39974375547904,0.0,0.0,0.181818,0.0,1.3862943611198906,6.90875477931522,4.9555332327488255,5.042698995292219,1.0,11,4
6846,5.094035239933851,1.0,7.4781979583165965,0.0,7.4781979583165965,0.0,0.0,1.0,0.0,2.9444389791664403,8.517393171418904,7.4200125516496085,5.157930154982834,0.916667,12,4
6849,7.0026310735457615,1.0,5.6568306197604095,0.0,5.6568306197604095,0.0,0.0,0.5,0.0,2.302585092994046,7.0909098220799835,6.319498443367089,6.587521328462933,0.0,12,4
6852,3.268038110268129,0.181818,5.907158598054726,0.0,5.907158598054726,0.0,0.0,0.083333,0.0,1.0986122886681098,6.2166061010848646,6.979199704686188,5.10702906841811,1.0,12,4
6853,2.4682038480643524,0.4,4.2626798770413155,0.0,4.2626798770413155,0.0,0.0,0.3,0.0,1.6094379124341003,7.0909098220799835,3.8332889277913598,4.974706136492143,0.0,10,4
6856,4.903233251495255,0.818182,7.313846857483407,0.0,7.313846857483407,0.0,0.0,0.666667,0.0,2.302585092994046,8.517393171418904,7.211182788866545,4.976890406010262,0.666667,12,4
6857,6.38598126977215,1.0,8.63593754263849,0.0,8.737197420209977,0.0,0.0,1.0,0.0,4.418840607796598,8.699681400989514,8.652481370113051,5.241552149513739,0.833333,12,4
6859,7.19901128307513,1.0,6.147762918992699,0.0,6.147762918992699,0.0,0.0,0.416667,0.0,2.772588722239781,7.313886831633462,6.321997261782109,6.3607636243002,0.0,12,4
6860,3.5080046402825116,0.818182,6.101887228358073,0.0,6.101887228358073,0.0,0.0,0.833333,0.0,2.3978952727983707,7.824445930877619,6.336327863868261,5.147313605806116,0.875,12,4
6871,4.055714815746942,1.0,5.597236070925805,0.0,5.597236070925805,0.0,0.0,1.0,0.0,2.5649493574615367,8.160803920954665,5.570902999011429,5.294625846263555,0.083333,12,4
6873,4.533885858978245,0.857143,6.216566180128353,0.0,6.216566180128353,0.0,0.0,0.714286,0.0,1.9459101490553132,7.313886831633462,6.158336278030331,4.572872598997163,1.0,7,4
6876,2.317835314976051,0.272727,4.848900370910689,0.0,4.848900370910689,0.0,0.0,0.416667,0.0,1.9459101490553132,7.972810784121404,4.908132565147389,3.850950428294708,0.0,12,4
6880,4.240587284987368,0.909091,3.9646154555473165,0.0,3.9646154555473165,0.0,0.0,0.25,0.0,1.3862943611198906,7.824445930877619,4.9879294361013065,5.108563806709898,0.0,12,4
6882,7.217826796207369,1.0,4.1470951276076295,0.0,4.1470951276076295,4.054297510411721,0.0,0.083333,1.0986122886681098,0.6931471805599453,7.313886831633462,5.859067961774603,5.835959868955235,0.0,12,4
6886,1.6741102371195775,0.2,4.306359755748467,0.0,4.306359755748467,0.0,0.0,0.3,0.0,1.3862943611198906,7.972810784121404,5.083660420660442,4.554946792736359,0.0,10,4
6888,4.55364015831827,0.909091,5.967274308306765,0.0,5.967274308306765,0.0,0.0,0.727273,0.0,2.1972245773362196,7.824445930877619,6.124600466230667,4.750436905758115,0.2,11,4
6890,3.4804782915491193,1.0,6.17578410656461,0.0,6.17578410656461,0.0,0.0,1.0,0.0,3.58351893845611,7.824445930877619,6.069793603473321,5.180467639917859,1.0,12,4
6896,3.6381678063266745,1.0,5.517131559701017,0.0,5.517131559701017,0.0,0.0,1.0,0.0,2.5649493574615367,8.294299608857235,5.43315164442384,5.1543735754192435,0.333333,12,4
6902,5.852925086447467,1.0,5.355642433167306,0.0,5.355642433167306,0.0,0.0,0.833333,0.0,2.3978952727983707,7.824445930877619,5.272773071378999,5.2182434875553465,0.0,12,4
6904,3.7808372710236777,1.0,5.945944031806173,0.0,5.945944031806173,0.0,0.0,0.916667,0.0,2.9444389791664403,7.824445930877619,5.802422371461643,5.169157951458125,0.8,12,4
6906,7.500399448195662,1.0,7.418900851559048,0.0,7.418900851559048,0.0,0.0,1.0,0.0,4.110873864173311,7.313886831633462,7.416642086658295,9.316271510098039,0.0,12,4
6911,5.746163493266604,0.363636,6.529769141862258,0.0,6.529769141862258,0.0,0.0,1.0,0.0,3.6375861597263857,6.90875477931522,7.675794107720089,6.232635859417752,0.0,12,4
6913,6.7259631332254255,1.0,6.034907104950818,0.0,6.034907104950818,0.0,0.0,0.583333,0.0,2.3978952727983707,6.90875477931522,5.139755790505379,5.696905408417145,0.0,12,4
6918,3.9602349262566405,0.727273,7.064759027791802,0.0,7.064759027791802,0.0,0.0,1.0,0.0,3.2188758248682006,7.550135342488429,6.82074278199188,4.722893379853991,0.5,12,4
6920,1.6184648467908878,0.363636,3.58351893845611,0.0,3.58351893845611,0.0,0.0,0.166667,0.0,1.0986122886681098,8.922791623969637,4.813237426714365,4.714710212310331,0.25,12,4
6922,0.5522481419358192,0.181818,6.060290738037835,0.0,6.060290738037835,0.0,0.0,1.0,0.0,3.1780538303479458,7.313886831633462,6.095842273987086,2.7758460987239078,0.111111,12,4
6923,4.604524437537432,0.363636,6.910750787961936,0.0,6.910750787961936,0.0,0.0,0.25,0.0,1.6094379124341003,7.313886831633462,7.53097419285227,5.1507854046026775,0.0,12,4
6928,6.355094192449284,0.909091,5.9327755507593025,0.0,5.9327755507593025,0.0,0.0,1.0,0.0,3.2188758248682006,7.313886831633462,7.004073535960432,5.43618651001337,0.0,12,4
6929,7.8425560929796685,1.0,7.8014731500039005,0.0,7.8014731500039005,0.0,0.0,0.833333,0.0,3.6635616461296463,8.699681400989514,8.785981338344296,7.719550025384528,0.0,12,4
6930,5.461129215640677,0.727273,6.506187566152668,0.0,6.506187566152668,0.0,0.0,0.5,0.0,2.1972245773362196,8.294299608857235,4.9712855486186625,5.262164636318543,0.0,12,4
6931,2.708196323759108,0.363636,4.343805421853684,0.0,4.343805421853684,0.0,0.0,0.166667,0.0,1.6094379124341003,8.517393171418904,5.231230144229194,4.412760607782059,0.0,12,4
6936,3.6456348660237947,0.833333,5.8981972791375386,0.0,5.8981972791375386,3.62070489057883,0.0,0.666667,0.6931471805599453,1.9459101490553132,7.0909098220799835,5.652816358319022,4.536569055617711,0.0,6,4
6938,4.196581003035892,1.0,6.349069058864647,0.0,6.349069058864647,0.0,0.0,0.833333,0.0,1.9459101490553132,6.90875477931522,6.102163389013343,4.45345082477556,1.0,6,4
6940,4.616341493917565,1.0,5.771441123130016,0.0,5.771441123130016,0.0,0.0,0.875,0.0,2.1972245773362196,6.90875477931522,5.08979273619167,4.894269336410442,0.0,8,4
6946,6.5146861675578265,1.0,4.709530201312334,0.0,4.709530201312334,0.0,0.0,0.166667,0.0,1.0986122886681098,6.90875477931522,6.672775708784586,5.172348273236609,0.0,12,4
6948,3.3512984129961576,0.636364,6.361302477572996,0.0,6.361302477572996,0.0,0.0,0.666667,0.0,2.1972245773362196,8.517393171418904,6.660578345737268,5.039764256397032,1.0,12,4
6952,4.502325502967707,0.7,6.836259277277067,0.0,6.836259277277067,0.0,0.0,0.5,0.0,1.9459101490553132,6.90875477931522,7.0951985805534425,4.826901388406976,1.0,10,4
6953,3.6554009508716807,1.0,5.878491798448014,0.8754687373538999,5.874565495622438,0.0,0.166667,0.166667,0.0,1.9459101490553132,8.77971129020447,4.580701361105383,4.410725443440614,0.0,12,4
6954,3.32506882591389,1.0,5.101085197018328,0.0,5.101085197018328,0.0,0.0,0.75,0.0,2.302585092994046,8.006700845440367,4.978634266314864,4.880316313290176,0.0,12,4
6961,4.2615656367878305,0.727273,6.523562306149512,0.0,6.523562306149512,0.0,0.0,0.636364,0.0,2.1972245773362196,8.160803920954665,6.50684743624742,5.225710823608228,0.857143,11,4
6967,4.343627483945752,1.0,6.894670039433482,0.0,6.894670039433482,0.0,0.0,0.8,0.0,2.3978952727983707,6.90875477931522,6.695050143596115,4.995760666638048,0.555556,10,4
6970,7.3898066857970335,1.0,6.726664963898926,0.0,6.726664963898926,0.0,0.0,1.0,0.0,3.4339872044851463,7.313886831633462,6.870831921764699,7.592806091227808,0.0,12,4
6979,2.7324984261087915,0.363636,5.687924058721743,0.0,5.687924058721743,0.0,0.0,0.25,0.0,2.1972245773362196,7.824445930877619,6.228883878837743,4.83081743244026,0.5,12,4
6981,3.3510771183028596,0.909091,5.2390980068880655,0.0,5.2390980068880655,0.0,0.0,0.416667,0.0,1.9459101490553132,7.601402334583733,5.638443419843702,4.9306463294229825,0.333333,12,4
6982,2.9718127183277616,1.0,5.620110968628586,0.0,5.620110968628586,0.0,0.0,1.0,0.0,2.5649493574615367,6.90875477931522,5.537945013545768,4.9115404193608025,0.909091,12,4
6984,3.9636933987049723,0.727273,5.99141454585794,0.0,5.99141454585794,0.0,0.0,0.333333,0.0,1.9459101490553132,7.824445930877619,6.116659118244588,5.582357939280423,0.571429,12,4
6987,3.948318964886876,0.909091,6.468629969381338,0.0,6.468629969381338,0.0,0.0,0.75,0.0,2.6390573296152584,7.244941546337007,6.089498763353849,5.39172410413689,0.333333,12,4
6989,1.9607005160475521,0.272727,4.9124342731675945,0.0,4.9124342731675945,0.0,0.0,0.25,0.0,1.9459101490553132,8.294299608857235,5.317045711126765,3.764639218450368,0.181818,12,4
6994,6.821791983835528,1.0,5.055990995817053,0.0,5.055990995817053,0.0,0.0,0.333333,0.0,2.1972245773362196,7.0909098220799835,6.57676491540134,5.966645563408118,0.0,12,4
6996,3.4210973898375783,0.545455,4.983195578337474,0.0,4.983195578337474,0.0,0.0,0.25,0.0,2.0794415416798357,8.517393171418904,5.524197653582475,4.499685151467002,0.181818,12,4
6999,4.290811201191381,0.545455,6.793779984668581,0.0,6.793779984668581,0.0,0.0,0.5,0.0,1.9459101490553132,9.210440366976517,8.884804041774883,4.9428127375235755,0.833333,12,4
7007,6.913003485024688,1.0,5.017279836814924,0.0,5.017279836814924,0.0,0.0,0.333333,0.0,1.9459101490553132,6.90875477931522,5.968997188115815,6.7487331098620205,0.0,12,4
7009,3.7968687764297666,1.0,5.972077833307792,0.0,5.972077833307792,0.0,0.0,0.916667,0.0,2.5649493574615367,6.90875477931522,5.88080519515859,5.1476118710852665,0.9,12,4
7018,3.9173924640493114,1.0,5.369474560864365,0.0,5.369474560864365,0.0,0.0,0.666667,0.0,2.302585092994046,7.824445930877619,5.287084457993617,5.33752379594546,0.0,12,4
7022,4.320088941781822,1.0,6.681557066938699,0.0,6.681557066938699,0.0,0.0,1.0,0.0,2.5649493574615367,7.824445930877619,6.650308309478852,5.179744073095198,0.5,12,4
7025,4.170349374712369,1.0,6.869908022205688,0.0,6.869908022205688,0.0,0.0,1.0,0.0,3.5553480614894135,8.517393171418904,6.8094179694402825,5.105084515503453,0.75,12,4
7026,7.484816084742304,1.0,3.9390543444791764,0.0,3.9390543444791764,0.0,0.0,0.25,0.0,1.3862943611198906,7.601402334583733,6.362641452938686,5.973660221576227,0.0,12,4
7028,4.789470716654225,1.0,5.839885557648541,0.0,5.839885557648541,0.0,0.0,1.0,0.0,3.044522437723423,7.601402334583733,5.793519702857704,5.113235401329982,0.0,12,4
7031,5.623597562427632,1.0,6.05312392749471,0.0,6.05312392749471,0.0,0.0,1.0,0.0,2.5649493574615367,7.824445930877619,5.0796345948958725,5.14030457502596,0.0,12,4
7032,7.28565712937135,1.0,6.554673870553535,0.0,6.554673870553535,0.0,0.0,0.5,0.0,2.6390573296152584,7.313886831633462,6.419862899887821,7.511441817732508,0.0,12,4
7035,7.222939716871568,1.0,6.381714489409666,0.0,6.381714489409666,0.0,0.0,1.0,0.0,3.1780538303479458,8.517393171418904,6.181012650236884,6.193483719557136,0.0,12,4
7036,3.3782730148034323,0.363636,5.809642865355678,0.0,5.809642865355678,0.0,0.0,0.166667,0.0,1.9459101490553132,8.006700845440367,6.701187646155521,5.094837695159938,0.333333,12,4
7037,2.839947676276994,0.545455,5.750188847470357,0.0,5.750188847470357,0.0,0.0,0.583333,0.0,2.0794415416798357,8.006700845440367,6.125621705462784,5.001130997688267,0.857143,12,4
7038,4.5221099927807735,1.0,6.962906123446985,0.0,6.962906123446985,0.0,0.0,1.0,0.0,2.70805020110221,8.517393171418904,6.98869012058583,5.105285334844611,1.0,12,4
7047,0.06279731862391712,0.272727,4.725970886133796,0.0,4.725970886133796,0.0,0.0,0.916667,0.0,2.4849066497880004,7.313886831633462,4.758110098847042,2.394335216036912,0.0,12,4
7048,5.836511687287035,1.0,7.43379655535449,0.0,7.43379655535449,0.0,0.0,0.75,0.0,3.2188758248682006,8.006700845440367,7.229179441271236,5.349742722215113,0.166667,12,4
7051,4.030500022445972,0.909091,6.415865894234472,0.0,6.415865894234472,0.0,0.0,0.727273,0.0,2.302585092994046,7.601402334583733,6.424954454615886,5.19042948757424,0.444444,11,4
7052,0.0,0.0,5.631211781821365,0.0,5.631211781821365,0.0,0.0,0.666667,0.0,2.1972245773362196,6.90875477931522,6.065079672832852,3.109140464628898,0.142857,12,4
7058,4.803587754155139,0.636364,7.125725471522349,0.0,7.125725471522349,0.0,0.0,0.583333,0.0,2.70805020110221,7.601402334583733,7.697677328438172,5.147297655119753,0.428571,12,4
7067,3.869020092767202,0.727273,6.527431463280305,0.0,6.527431463280305,0.0,0.0,0.583333,0.0,2.833213344056216,7.601402334583733,6.76345251948374,5.14309382557769,1.0,12,4
7069,5.618968042614764,1.0,5.835892023606579,0.0,5.835892023606579,0.0,0.0,0.5,0.0,2.0794415416798357,7.824445930877619,4.6255005269600895,5.150866900075239,0.0,12,4
7071,5.624789258851143,0.727273,6.111156870025987,0.0,6.111156870025987,0.0,0.0,1.0,0.0,2.995732273553991,6.90875477931522,7.381821116899754,5.303058574238804,0.181818,12,4
7079,4.5282639469503,1.0,6.855377185886858,0.0,6.855377185886858,0.0,0.0,1.0,0.0,3.367295829986474,8.517393171418904,6.777332012268927,5.109713263826668,0.833333,12,4
7083,2.521056788163347,0.363636,4.549657476057832,0.0,4.549657476057832,0.0,0.0,0.25,0.0,1.3862943611198906,7.550135342488429,6.404770928586818,4.876908430940042,0.25,12,4
7084,3.202063648911911,1.0,5.2999160879117335,0.0,5.2999160879117335,0.0,0.0,1.0,0.0,2.5649493574615367,7.313886831633462,5.081487224905522,5.096609336573765,0.416667,12,4
7087,2.869547712463375,0.272727,5.661431534115671,0.0,5.661431534115671,0.0,0.0,0.25,0.0,1.3862943611198906,7.313886831633462,6.986156976319041,4.87723759920046,1.0,12,4
7088,4.84786405826211,0.909091,5.76938293174015,0.0,5.76938293174015,0.0,0.0,0.333333,0.0,1.9459101490553132,7.901377353792616,6.241815335959739,5.102020301693565,0.0,12,4
7089,3.182694255236237,0.363636,5.47503994494151,0.0,5.47503994494151,0.0,0.0,0.166667,0.0,1.3862943611198906,8.006700845440367,6.291236838055995,4.8853176796565885,1.0,12,4
7091,6.522840455369546,1.0,5.943061807879815,0.0,5.943061807879815,0.0,0.0,0.416667,0.0,1.791759469228055,7.824445930877619,6.096064017994688,5.522732900549161,0.0,12,4
7093,0.9524220624108767,1.0,5.121759169643187,0.0,5.121759169643187,0.0,0.0,0.083333,0.0,0.6931471805599453,8.699681400989514,5.805991258822128,3.053652300071139,0.083333,12,4
7096,3.6699818641478927,1.0,5.91307047967997,0.0,5.91307047967997,0.0,0.0,0.416667,0.0,1.9459101490553132,8.006700845440367,6.037539294534789,4.707254153620346,0.333333,12,4
7097,1.8422325022932506,0.25,5.459585514144159,0.0,5.459585514144159,0.0,0.0,0.625,0.0,1.9459101490553132,7.313886831633462,5.719343435785587,3.0394898430546484,0.0,8,4
7101,2.821226315247016,0.636364,5.278114659230517,0.0,5.278114659230517,0.0,0.0,0.416667,0.0,2.302585092994046,7.601402334583733,5.650467798301105,4.98694638096435,0.6,12,4
7104,1.116346110795178,0.181818,4.31748811353631,0.0,4.31748811353631,0.0,0.0,0.083333,0.0,1.0986122886681098,8.699681400989514,4.236241672777824,3.417264183233929,0.090909,12,4
7107,2.1268722107258347,0.545455,4.44323931884187,0.0,4.44323931884187,0.0,0.0,0.416667,0.0,1.791759469228055,8.294299608857235,5.152617008634388,4.612089383038786,0.2,12,4
7114,3.820604622747581,0.909091,6.369215816648631,0.0,6.369215816648631,0.0,0.0,1.0,0.0,2.5649493574615367,8.006700845440367,6.751278973649703,5.011978504917891,0.545455,12,4
7115,6.717747423734387,1.0,6.933179331322296,0.0,6.933179331322296,0.0,0.0,1.0,0.0,3.6888794541139363,7.0909098220799835,6.616296151764531,5.191350439079164,0.0,12,4
7120,3.1888942764820953,0.636364,5.53338948872752,0.0,5.53338948872752,0.0,0.0,0.583333,0.0,2.0794415416798357,7.824445930877619,6.067238057019049,5.026467356311013,1.0,12,4
7121,2.5903040397659605,0.727273,5.210360087788895,0.0,5.210360087788895,0.0,0.0,0.583333,0.0,2.1972245773362196,8.517393171418904,5.0191799443739376,4.789491824617541,0.583333,12,4
7125,4.02849848438251,1.0,5.649044658216867,0.0,5.649044658216867,0.0,0.0,0.833333,0.0,1.9459101490553132,6.90875477931522,5.368279038596139,4.468861546094379,1.0,6,4
7126,3.5306473524376947,1.0,5.392536041787018,0.0,5.392536041787018,0.0,0.0,1.0,0.0,2.5649493574615367,8.517393171418904,5.299716741965376,5.054786428874387,0.25,12,4
7128,2.7870157134244833,0.272727,5.953243334287785,0.0,5.953243334287785,0.0,0.0,1.0,0.0,2.5649493574615367,7.313886831633462,6.345605946330992,4.015471181730094,0.272727,12,4
7137,4.259808293199381,0.818182,7.070622147941957,0.0,7.070622147941957,0.0,0.0,0.75,0.0,2.3978952727983707,7.601402334583733,7.252291169639326,5.13026305091152,0.777778,12,4
7139,3.1599594431784475,0.545455,5.517854422268135,4.716711560720999,4.929425238670713,0.0,0.166667,0.083333,0.0,2.0794415416798357,7.0909098220799835,4.720392835540541,4.3238394477106405,0.0,12,4
7140,5.1573639846906545,1.0,4.02535169073515,0.0,4.02535169073515,0.0,0.0,0.333333,0.0,1.6094379124341003,7.313886831633462,5.256166572898467,5.738308579591219,0.0,12,4
7141,3.1340322347117446,0.818182,4.7019338544204,3.58351893845611,4.319619174545265,0.0,0.083333,0.666667,0.0,2.302585092994046,8.294299608857235,4.842866033149425,4.817835188566628,0.181818,12,4
7142,2.5055562222464185,0.636364,4.956671771152826,0.0,4.956671771152826,0.0,0.0,0.5,0.0,2.0794415416798357,8.517393171418904,4.557933955837565,4.499957692707746,0.166667,12,4
7145,4.37424426796227,1.0,6.763965736704529,0.0,6.763965736704529,0.0,0.0,0.5,0.0,3.8501476017100584,8.517393171418904,7.135885762055956,5.3332835564619225,0.2,12,4
7146,3.638147765154426,0.272727,4.9004483350615,0.0,4.9004483350615,0.0,0.0,0.083333,0.0,0.6931471805599453,7.824445930877619,6.843579936687146,5.6409777136875,0.5,12,4
7147,2.091786898207542,0.363636,4.408181592150733,0.0,4.408181592150733,0.0,0.0,0.166667,0.0,1.3862943611198906,8.294299608857235,5.062634639837543,4.467675865613668,0.5,12,4
7148,3.354312112028554,0.818182,5.461625984160061,0.0,5.461625984160061,0.0,0.0,1.0,0.0,2.5649493574615367,7.824445930877619,4.703032841815737,4.549917907258962,0.0,12,4
7149,5.372667033419808,1.0,7.594733470396553,0.0,7.594733470396553,0.0,0.0,0.5,0.0,1.9459101490553132,6.55250788703459,7.690734609574757,7.5626500961068395,0.1,12,4
7151,3.1286966429512235,1.0,5.139087140977479,0.0,5.139087140977479,0.0,0.0,0.666667,0.0,2.302585092994046,7.824445930877619,5.20641185278501,4.6091833325324965,0.125,12,4
7154,6.704695849654485,1.0,7.771876543267397,0.0,7.771876543267397,0.0,0.0,1.0,0.0,2.5649493574615367,7.601402334583733,7.462970045758397,5.292487586353553,0.0,12,4
7155,5.824867170864919,1.0,4.176231721694285,0.0,4.176231721694285,0.0,0.0,0.5,0.0,2.0794415416798357,7.601402334583733,6.047645484484542,5.240657972532591,0.0,12,4
7159,3.7651584803233407,1.0,6.3784261836515865,0.0,6.3784261836515865,0.0,0.0,1.0,0.0,2.5649493574615367,7.824445930877619,6.417509589807843,5.108517653916525,0.636364,12,4
7164,3.933362353324945,0.272727,5.8309729729006765,0.0,5.8309729729006765,0.0,0.0,0.166667,0.0,1.9459101490553132,7.0909098220799835,4.3496974840584866,5.112445815975997,0.0,12,4
7166,2.1523966531163716,0.636364,4.5081084731449605,0.0,4.5081084731449605,0.0,0.0,0.416667,0.0,1.791759469228055,8.294299608857235,4.894705362880754,4.63875623689864,0.454545,12,4
7176,1.3686931140073666,0.4,5.657354518275788,0.0,5.657354518275788,0.0,0.0,0.8,0.0,2.302585092994046,7.313886831633462,5.726800909356754,3.4852918391309764,0.0,10,4
7180,6.517997971386897,1.0,4.836281906951478,0.0,4.836281906951478,0.0,0.0,0.454545,0.0,1.791759469228055,6.90875477931522,5.834485748587056,5.325322308521058,0.0,11,4
7183,3.5669053042453305,1.0,4.897839799950911,0.0,4.897839799950911,0.0,0.0,0.333333,0.0,1.9459101490553132,7.313886831633462,5.037763494331115,5.036465756650733,0.0,12,4
7184,5.423460349004704,1.0,7.850847617466729,0.0,7.850847617466729,0.0,0.0,1.0,0.0,3.7376696182833684,8.517393171418904,7.88234825766981,5.110542038945052,1.0,12,4
7185,6.0002070597333805,0.909091,5.017279836814924,0.0,5.017279836814924,0.0,0.0,0.181818,0.0,1.3862943611198906,6.111467339502679,5.43684342814576,5.249437772629884,0.0,11,4
7189,7.836519145277622,1.0,4.034240638152395,0.0,4.034240638152395,0.0,0.0,0.25,0.0,1.3862943611198906,8.160803920954665,6.949774383560137,6.373683267879371,0.0,12,4
7191,2.0915116539110574,0.636364,4.371850028222321,0.0,4.371850028222321,0.0,0.0,0.5,0.0,2.0794415416798357,8.517393171418904,4.170843444109958,4.3257878023010266,0.5,12,4
7194,6.85826683382127,1.0,5.81895469769802,0.0,5.81895469769802,0.0,0.0,0.5,0.0,1.9459101490553132,6.90875477931522,6.638224603321643,6.589641353997958,0.0,12,4
7196,6.235754573330943,1.0,6.128352799170104,0.0,6.128352799170104,0.0,0.0,1.0,0.0,3.2188758248682006,8.294299608857235,5.068235790203437,5.431567562140379,0.0,12,4
7206,3.747491746670955,1.0,6.089044875446846,0.0,6.089044875446846,0.0,0.0,0.833333,0.0,2.4849066497880004,6.90875477931522,6.1016076705928075,5.00367108686811,0.777778,12,4
7226,5.249310188582814,1.0,6.216785725669966,0.0,6.216785725669966,0.0,0.0,0.916667,0.0,3.2188758248682006,8.006700845440367,6.258956050561431,5.150620394178577,0.0,12,4
7237,2.4455348185502896,0.636364,5.9568731023383625,0.0,5.9568731023383625,0.0,0.0,0.333333,0.0,1.791759469228055,7.824445930877619,6.03406372230674,4.261133089833242,0.2,12,4
7241,6.776516602360214,1.0,6.2166061010848646,0.0,6.2166061010848646,5.214695027548873,0.0,0.333333,0.6931471805599453,1.6094379124341003,7.0909098220799835,6.237036180116347,5.764156771810699,0.0,12,4
7242,5.0177552138715695,0.818182,7.496097345175956,0.0,7.496097345175956,0.0,0.0,0.666667,0.0,2.302585092994046,8.517393171418904,7.61196976090582,5.121478470464424,1.0,12,4
7246,5.673598026672503,1.0,6.313421226641622,0.0,6.313421226641622,0.0,0.0,0.583333,0.0,2.8903717578961645,8.294299608857235,6.364450098922184,6.121639607922102,0.0,12,4
7248,2.9935941894803753,0.636364,5.237770866680003,0.0,5.237770866680003,0.0,0.0,0.583333,0.0,2.0794415416798357,8.006700845440367,5.69698371202403,4.9973004185278995,0.714286,12,4
7253,2.2363886649546814,0.181818,4.416186486320586,0.0,4.416186486320586,0.0,0.0,0.083333,0.0,0.6931471805599453,8.294299608857235,6.799391021048397,4.7766528048178305,1.0,12,4
7260,3.37265369235243,0.454545,5.784348122495769,0.0,5.784348122495769,0.0,0.0,0.416667,0.0,1.791759469228055,7.313886831633462,5.873544045128536,4.442640868201064,0.4,12,4
7262,3.327350749715081,1.0,5.9263125044712455,0.0,5.9263125044712455,0.0,0.0,0.916667,0.0,2.5649493574615367,8.853808274977197,5.946675590420874,5.083020890001712,1.0,12,4
7264,7.049140036054861,1.0,4.6913478822291435,0.0,4.6913478822291435,0.0,0.0,0.333333,0.0,1.6094379124341003,6.90875477931522,4.597094989171712,9.153729074993448,0.0,12,4
7268,3.517844364847822,0.454545,5.860786223465865,0.0,5.860786223465865,0.0,0.0,0.333333,0.0,1.9459101490553132,8.006700845440367,6.046935296392905,5.189656332388625,1.0,12,4
7269,4.9037732962224085,0.636364,7.8083230503910555,0.0,7.8083230503910555,0.0,0.0,0.5,0.0,3.2188758248682006,7.824445930877619,8.189395914609175,4.888338921138742,1.0,12,4
7281,6.417268019698483,1.0,6.253598015713387,0.0,6.253598015713387,0.0,0.0,1.0,0.0,4.343805421853684,6.398594934535208,6.509308258385634,6.759484043797069,0.0,12,4
7282,7.09508436299123,1.0,7.129642040867262,0.0,7.129642040867262,0.0,0.0,1.0,0.0,3.7376696182833684,6.90875477931522,7.1818642626630185,7.942298442107102,0.0,12,4
7284,3.524258139682319,1.0,5.823045895483019,0.0,5.823045895483019,0.0,0.0,1.0,0.0,2.9444389791664403,7.824445930877619,5.989356496730282,5.057168106012912,0.5,12,4
7287,7.28456357081708,1.0,4.005513348515485,0.0,4.005513348515485,0.0,0.0,0.583333,0.0,2.0794415416798357,7.313886831633462,5.804799518080834,6.269841909067661,0.0,12,4
7289,1.8141246600251804,0.181818,5.78293247629394,0.0,5.78293247629394,0.0,0.0,1.0,0.0,2.8903717578961645,7.313886831633462,5.398149086040447,3.3450620678062988,0.083333,12,4
7294,2.30745053749931,0.909091,5.7595324897606925,0.0,5.7595324897606925,0.0,0.0,1.0,0.0,3.2188758248682006,7.601402334583733,5.972277390270996,4.505415472862092,0.6,12,4
7301,3.388207645827107,1.0,5.342334251964811,0.0,5.342334251964811,0.0,0.0,0.833333,0.0,2.3978952727983707,8.006700845440367,5.5394463578182656,5.140498380873082,0.0,12,4
7305,3.7762860967258165,1.0,4.545844719903276,0.0,4.545844719903276,0.0,0.0,0.5,0.0,1.9459101490553132,8.517393171418904,5.059921779522358,4.574636058171151,0.0,12,4
7306,5.654010058234936,0.363636,5.365602113353633,0.0,5.365602113353633,0.0,0.0,0.833333,0.0,2.772588722239781,7.313886831633462,7.093231690650553,5.017988353969277,0.0,12,4
7310,3.4926351643144202,0.636364,5.978885764901122,0.0,5.978885764901122,0.0,0.0,0.25,0.0,1.9459101490553132,7.313886831633462,6.658808598088007,5.044067220404093,1.0,12,4
7316,4.254806711329826,1.0,5.911230154397376,0.0,5.911230154397376,0.0,0.0,1.0,0.0,3.4965075614664802,7.824445930877619,5.03775820639901,4.97270116041122,0.083333,12,4
7317,3.3151579321979106,0.875,4.914931703582751,0.0,4.914931703582751,0.0,0.0,0.75,0.0,2.0794415416798357,7.313886831633462,4.552338645949203,4.734277297147098,0.8,8,4
7321,4.282640058895574,1.0,7.635018821477721,0.0,7.635018821477721,0.0,0.0,1.0,0.0,3.332204510175204,7.824445930877619,7.593872632104121,4.103018947389475,0.25,12,4
7322,3.767890914850471,1.0,5.750538825997975,0.0,5.750538825997975,0.0,0.0,0.666667,0.0,2.1972245773362196,7.601402334583733,6.061665633742301,5.251865114331437,0.666667,12,4
7328,4.028509556567119,0.8,6.2797214543106055,0.0,6.2797214543106055,0.0,0.0,0.7,0.0,2.1972245773362196,7.824445930877619,6.3073859072072285,4.921424197678676,1.0,10,4
7332,1.5070157422744819,0.363636,3.892636291627956,0.0,3.892636291627956,0.0,0.0,0.333333,0.0,1.6094379124341003,7.313886831633462,4.95540565192095,4.705537357628044,0.6,12,4
7340,4.751452718683754,1.0,5.961314570157099,0.0,5.961314570157099,0.0,0.0,0.916667,0.0,2.5649493574615367,7.824445930877619,6.889929775507914,4.815184452204121,0.181818,12,4
7341,5.310678230324901,1.0,7.431962962241385,0.0,7.431962962241385,0.0,0.0,1.0,0.0,2.5649493574615367,8.294299608857235,7.403760801750411,5.16711923831525,1.0,12,4
7345,7.455469500556233,1.0,6.514416350671813,0.0,6.514416350671813,0.0,0.0,1.0,0.0,2.5649493574615367,7.438971592395862,6.590879382302899,7.468931062063583,0.0,12,4
7346,6.9431523644561155,1.0,6.55843890849573,0.0,6.55843890849573,0.0,0.0,1.0,0.0,3.5263605246161616,8.131824785007195,5.617724388594899,5.612728201619298,0.0,12,4
7347,2.7643951841970558,0.818182,5.972995030824321,0.0,5.972995030824321,0.0,0.0,0.833333,0.0,2.3978952727983707,7.313886831633462,6.094478952550231,5.066522235513176,1.0,12,4
7348,6.737090163934824,1.0,6.209716152341764,0.0,6.209716152341764,0.0,0.0,1.0,0.0,2.5649493574615367,6.90875477931522,5.54361096037124,6.150351056598934,0.0,12,4
7349,7.501588698691806,1.0,5.589642793914616,0.0,5.589642793914616,0.0,0.0,1.0,0.0,3.2188758248682006,7.824445930877619,4.369335542363009,9.540916898719132,0.0,12,4
7353,4.915724427222576,1.0,6.656932158561185,0.0,6.656932158561185,0.0,0.0,1.0,0.0,3.871201010907891,8.006700845440367,6.401041033572171,5.1654497135995925,0.0,12,4
7354,3.024705904616272,0.909091,5.706345853059362,0.0,5.706345853059362,0.0,0.0,1.0,0.0,2.833213344056216,7.901377353792616,5.793195027902238,4.901457516771617,0.888889,12,4
7355,6.615219554595708,1.0,5.042715187559668,0.0,5.042715187559668,0.0,0.0,0.916667,0.0,2.4849066497880004,7.438971592395862,6.216826164693444,5.257548881012817,0.0,12,4
7356,5.6178817933429706,1.0,6.042347757422552,0.0,6.042347757422552,0.0,0.0,1.0,0.0,3.2188758248682006,7.824445930877619,6.502542093138894,5.226472888450059,0.0,12,4
7362,3.626414781066094,0.545455,6.3323555778909055,0.0,6.3323555778909055,0.0,0.0,0.416667,0.0,1.9459101490553132,8.006700845440367,6.794260217435375,5.125665311079319,1.0,12,4
7364,2.9394388678395593,0.363636,5.075173815233827,0.0,5.075173815233827,0.0,0.0,0.083333,0.0,1.0986122886681098,8.294299608857235,4.909207981392694,4.142686181365807,0.166667,12,4
7366,4.163443061463578,1.0,6.303314704365582,0.0,6.303314704365582,0.0,0.0,0.833333,0.0,2.4849066497880004,8.294299608857235,6.257545620674827,5.060060545444015,0.166667,12,4
7368,4.874293984015429,0.909091,6.511745329644728,0.0,6.511745329644728,0.0,0.0,0.666667,0.0,2.1972245773362196,7.313886831633462,6.654685009828739,5.090284619789862,0.0,12,4
7371,3.0874242792901136,0.727273,5.976249381301502,0.0,5.976249381301502,0.0,0.0,0.583333,0.0,2.1972245773362196,8.294299608857235,5.783840049911523,4.696453094483422,0.5,12,4
7376,7.110519736811457,1.0,4.914418036354433,0.0,4.914418036354433,0.0,0.0,1.0,0.0,2.5649493574615367,7.0909098220799835,5.798894971286131,6.521116614504939,0.0,12,4
7377,6.492423404534193,1.0,6.1301389417957415,0.0,6.1301389417957415,0.0,0.0,0.916667,0.0,2.4849066497880004,7.313886831633462,4.192026533165399,7.967254675670721,0.0,12,4
7385,4.137620295860754,0.454545,7.086085547839619,0.0,7.086085547839619,0.0,0.0,0.666667,0.0,3.044522437723423,8.23715589717482,7.482328133648139,4.626417925469238,0.0,12,4
7387,3.2022205729856306,1.0,6.731590728861922,0.0,6.731590728861922,0.0,0.0,1.0,0.0,2.5649493574615367,8.160803920954665,6.655305894739448,1.4586210691928645,0.166667,12,4
7390,6.519261097098106,1.0,4.7890738239646975,0.0,4.7890738239646975,5.208041038127706,0.0,0.416667,0.6931471805599453,1.791759469228055,6.55250788703459,6.226066493554786,6.465067374275576,0.0,12,4
7391,1.3636851891590316,0.727273,4.059407992341204,0.0,4.059407992341204,0.0,0.0,0.25,0.0,1.3862943611198906,8.006700845440367,4.870703991380444,3.761972561466542,0.272727,12,4
7392,6.695248869642035,0.818182,5.493308326442654,0.0,5.493308326442654,0.0,0.0,0.5,0.0,1.9459101490553132,6.90875477931522,7.384757662833587,6.225253603427391,0.0,12,4
7395,1.0788611800448202,0.181818,2.791165107812717,0.0,2.791165107812717,0.0,0.0,0.083333,0.0,0.6931471805599453,8.517393171418904,5.253604228003297,4.778219521627185,0.0,12,4
7399,3.2929336186201503,0.545455,5.598125618797658,0.0,5.598125618797658,0.0,0.0,0.416667,0.0,1.9459101490553132,7.313886831633462,6.129895055692328,4.993493936877428,1.0,12,4
7404,3.9034591601594695,1.0,5.558217057987366,0.0,5.558217057987366,0.0,0.0,0.833333,0.0,1.9459101490553132,7.313886831633462,5.290610928084265,4.416783239853769,0.5,6,4
7409,2.9769197219710586,0.888889,5.737410655636185,0.0,5.737410655636185,0.0,0.0,0.777778,0.0,2.70805020110221,7.313886831633462,5.611864797800795,4.814435242987362,0.714286,9,4
7414,4.986822131343152,1.0,4.564348191467836,3.6635616461296463,4.060443010546419,0.0,0.083333,0.166667,0.0,1.6094379124341003,7.313886831633462,5.171894074272617,5.096189505491142,0.0,12,4
7416,7.150307671049174,1.0,6.109869611486603,0.0,6.109869611486603,0.0,0.0,1.0,0.0,2.5649493574615367,7.0909098220799835,6.166944216059222,8.348865240056579,0.0,12,4
7431,3.6653093231802494,0.727273,6.6857610669244485,0.0,6.6857610669244485,0.0,0.0,1.0,0.0,2.5649493574615367,7.824445930877619,6.318838134128279,4.465797859702725,0.333333,12,4
7438,2.5635196435998826,0.727273,5.239363223704366,0.0,5.239363223704366,0.0,0.0,0.75,0.0,2.302585092994046,6.90875477931522,5.571850347286905,5.087415738678895,0.625,12,4
7440,0.0,0.0,5.707110264748875,0.0,5.707110264748875,0.0,0.0,0.083333,0.0,0.6931471805599453,8.294299608857235,8.56213197481665,4.411623991997412,0.0,12,4
7448,7.63878173153843,1.0,6.964135612418245,0.0,6.964135612418245,0.0,0.0,0.333333,0.0,2.1972245773362196,7.824445930877619,6.547889112791585,6.568530033908296,0.0,12,4
7449,4.160104867926844,1.0,4.74493212836325,0.0,4.74493212836325,0.0,0.0,0.25,0.0,1.3862943611198906,8.006700845440367,5.223499451675378,4.925676652439467,0.0,12,4
7453,4.43388985787115,1.0,3.7471483622379123,2.5572273113676265,3.417726683613366,0.0,0.083333,0.166667,0.0,1.3862943611198906,7.901377353792616,5.064019593807626,5.101801128254516,0.0,12,4
7455,5.721128348040227,0.909091,8.048462351829983,0.0,8.048462351829983,0.0,0.0,0.833333,0.0,2.3978952727983707,8.699681400989514,8.157915904317896,8.083786618081634,0.714286,12,4
7456,2.8334618425896627,0.636364,5.077920040901852,0.0,5.077920040901852,0.0,0.0,0.583333,0.0,2.4849066497880004,7.901377353792616,5.624424441428503,4.962255848570373,0.285714,12,4
7466,7.636728688138278,1.0,7.645498124801906,0.0,7.645498124801906,0.0,0.0,1.0,0.0,4.394449154672439,7.824445930877619,7.191425906837749,6.323698206495806,0.0,12,4
7470,4.425669981434257,1.0,6.158333999343015,0.0,6.158333999343015,0.0,0.0,0.916667,0.0,3.1780538303479458,7.0909098220799835,6.31927152537013,5.3747119324525485,0.333333,12,4
7479,4.834242702201915,0.636364,6.916169777583155,0.0,6.916169777583155,0.0,0.0,0.583333,0.0,2.70805020110221,7.824445930877619,7.388662237185545,4.99378411379221,1.0,12,4
7485,4.430579389711615,1.0,6.811002058495249,0.0,6.811002058495249,0.0,0.0,1.0,0.0,3.258096538021482,8.006700845440367,6.660837632673584,5.035298527393271,0.818182,12,4
7492,6.054365381092699,1.0,5.6104969106002045,0.0,5.6104969106002045,0.0,0.0,1.0,0.0,3.2188758248682006,7.438971592395862,4.184468711726881,6.615771994901072,0.0,12,4
7494,3.251090359664117,0.909091,5.968835429047621,3.8264651170664994,5.846872207124035,0.0,0.083333,0.75,0.0,2.4849066497880004,6.90875477931522,6.050531787423393,4.777769433929885,0.272727,12,4
7501,3.3945322187308915,0.727273,5.1591702351378785,0.0,5.1591702351378785,0.0,0.0,0.5,0.0,1.9459101490553132,6.90875477931522,5.440265274480355,4.901135780146077,0.272727,12,4
7504,6.55353976245657,1.0,6.054861792237774,0.0,6.054861792237774,0.0,0.0,1.0,0.0,3.4011973816621555,8.006700845440367,5.0078437079094575,5.371572358946511,0.0,12,4
7505,2.2277677924033035,0.454545,6.508769136971682,0.0,6.508769136971682,0.0,0.0,1.0,0.0,2.833213344056216,7.824445930877619,6.557875692784375,3.790074420907183,0.090909,12,4
7506,7.225990852487849,1.0,5.593781579441872,0.0,5.593781579441872,3.6863412104973947,0.0,0.666667,1.0986122886681098,2.302585092994046,7.313886831633462,6.1028861002618555,6.54207645146768,0.0,12,4
7510,7.460450200878452,1.0,6.424869023905388,0.0,6.424869023905388,0.0,0.0,0.916667,0.0,2.4849066497880004,7.550135342488429,6.690694915008462,6.469496500443579,0.0,12,4
7511,5.495240179281866,1.0,8.166500319155052,0.0,8.166500319155052,0.0,0.0,0.916667,0.0,2.4849066497880004,6.478509642208569,8.246935232779961,8.082607626719033,0.333333,12,4
7512,7.22481414609367,1.0,6.68586094706836,0.0,6.68586094706836,0.0,0.0,0.833333,0.0,2.3978952727983707,7.0909098220799835,7.083136231241004,7.808955994290103,0.0,12,4
7515,2.822182254099148,0.636364,4.803036954117508,0.0,4.803036954117508,0.0,0.0,0.416667,0.0,1.791759469228055,8.517393171418904,5.560190687445529,4.867116516979706,0.5,12,4
7517,6.745272064140704,1.0,5.846438775057725,0.0,5.846438775057725,4.629979747837193,0.0,0.666667,0.6931471805599453,3.2188758248682006,7.0909098220799835,7.290323513628207,5.598235408265535,0.083333,12,4
7524,3.155124790914523,0.272727,5.227089857259669,0.0,5.227089857259669,0.0,0.0,0.166667,0.0,1.3862943611198906,6.90875477931522,5.919474433016515,5.10270357005897,1.0,12,4
7529,0.7408586679285868,0.272727,5.843022541747705,0.0,5.843022541747705,5.137885105501392,0.0,0.833333,0.6931471805599453,2.3978952727983707,8.294299608857235,5.141053083652314,2.3796751998749066,0.0,12,4
7530,6.775257975503088,1.0,6.184231361763476,0.0,6.184231361763476,0.0,0.0,1.0,0.0,2.5649493574615367,6.90875477931522,6.773572007645134,5.273329468240129,0.0,12,4
7532,4.477728010678267,0.636364,6.549035388421738,0.0,6.549035388421738,0.0,0.0,0.416667,0.0,2.772588722239781,8.071218539969863,6.7006122992921195,4.732413689960322,0.454545,12,4
7542,6.941659029222068,1.0,4.931375613110624,0.0,4.931375613110624,0.0,0.0,0.166667,0.0,1.3862943611198906,6.90875477931522,6.051914155963483,6.564367846613695,0.0,12,4
7547,2.7175766137319055,0.875,5.176036731839204,0.0,5.176036731839204,0.0,0.0,0.75,0.0,2.0794415416798357,7.313886831633462,5.152879925958883,4.723604724925671,1.0,8,4
7554,3.7005385963940984,0.636364,6.040183280154843,0.0,6.040183280154843,0.0,0.0,1.0,0.0,3.4339872044851463,8.006700845440367,6.48640015358677,4.708321678549999,0.0,12,4
7556,3.575248219043369,1.0,5.513509388074627,0.0,5.513509388074627,0.0,0.0,1.0,0.0,2.9444389791664403,7.824445930877619,5.2751471738631555,5.099311566600103,0.166667,12,4
7559,3.364926888327541,0.5,5.138148614395216,0.0,5.138148614395216,0.0,0.0,0.2,0.0,1.791759469228055,7.313886831633462,4.764353054517321,4.984252255707597,0.0,10,4
7564,1.8198017499636474,0.545455,5.910661133504376,0.0,5.910661133504376,0.0,0.0,0.916667,0.0,2.4849066497880004,6.90875477931522,5.995100775509069,3.397298524319391,0.125,12,4
7570,5.938382532861848,1.0,5.755805502723353,0.0,5.755805502723353,0.0,0.0,1.0,0.0,3.044522437723423,7.313886831633462,5.333155007288941,5.31513321924294,0.0,12,4
7571,7.308839597428125,1.0,7.483396260562889,0.0,7.483396260562889,0.0,0.0,0.833333,0.0,2.995732273553991,8.517393171418904,7.585998376423662,5.845743212400848,0.0,12,4
7574,0.7242164918934453,0.090909,3.0791538816930633,0.0,3.0791538816930633,0.0,0.0,0.166667,0.0,1.0986122886681098,7.313886831633462,5.132793562226603,4.603767753038563,0.0,12,4
7575,2.5779151676480208,1.0,5.238142643511966,0.0,5.238142643511966,0.0,0.0,1.0,0.0,2.5649493574615367,7.601402334583733,5.214312525396651,5.094827019602251,1.0,12,4
7577,4.360361864164716,1.0,6.206575926724928,0.0,6.206575926724928,0.0,0.0,0.916667,0.0,2.5649493574615367,7.313886831633462,6.035275126556148,5.336155080529454,0.181818,12,4
7579,7.130022472807272,1.0,6.318373342310371,0.0,6.318373342310371,0.0,0.0,0.916667,0.0,2.4849066497880004,7.0909098220799835,7.564359098081977,7.129789813164118,0.083333,12,4
7590,5.689413791109301,1.0,7.53955882930103,0.0,7.53955882930103,0.0,0.0,0.833333,0.0,1.9459101490553132,6.90875477931522,7.299809848437021,4.479974571173547,1.0,6,4
7594,3.8272388046211856,1.0,5.996601331213134,0.0,5.996601331213134,0.0,0.0,0.916667,0.0,2.4849066497880004,6.90875477931522,6.092301297702595,5.204082480907667,0.4,12,4
7595,3.3842959199125215,1.0,5.5603354172443025,0.0,5.5603354172443025,0.0,0.0,1.0,0.0,3.091042453358316,8.517393171418904,5.513699241835794,5.097390908937091,0.75,12,4
7602,4.517239834143115,1.0,6.698009081004007,0.0,6.698009081004007,0.0,0.0,1.0,0.0,3.8066624897703196,7.901377353792616,6.642619276294804,5.170816206895136,0.916667,12,4
7604,3.395614560007043,0.9,5.589418587045473,0.0,5.589418587045473,0.0,0.0,0.8,0.0,2.9444389791664403,7.313886831633462,5.415739279229589,4.940568002769824,0.75,10,4
7605,2.178559349622493,0.181818,4.535176814167556,0.0,4.535176814167556,0.0,0.0,0.166667,0.0,1.0986122886681098,7.313886831633462,6.184446825931888,4.4389936579776075,0.5,12,4
7606,6.073218092770946,1.0,6.621405651764134,0.0,6.621405651764134,0.0,0.0,0.916667,0.0,2.5649493574615367,7.313886831633462,6.580603111670708,5.2827327091962575,0.0,12,4
7607,3.846333528862081,0.181818,6.450470422144176,0.0,6.450470422144176,0.0,0.0,0.166667,0.0,1.0986122886681098,8.294299608857235,8.228822093107318,4.789871533831702,1.0,12,4
7610,6.9172049082675695,1.0,6.462561328644976,0.0,6.462561328644976,0.0,0.0,1.0,0.0,3.4965075614664802,6.90875477931522,6.7613641509800555,6.935886545303231,0.0,12,4
7613,5.360659608880019,0.909091,7.826562840980567,0.0,7.826562840980567,0.0,0.0,0.833333,0.0,3.044522437723423,8.24301946898925,7.988093031507854,5.011459700846275,1.0,12,4
7619,5.32991977338129,1.0,7.069857121511234,0.0,7.069857121511234,0.0,0.0,0.833333,0.0,1.9459101490553132,6.90875477931522,6.898588685846314,4.375818994582692,0.5,6,4
7625,2.889044043540084,0.454545,6.0544158718154435,0.0,6.0544158718154435,0.0,0.0,0.5,0.0,2.0794415416798357,8.517393171418904,6.404229124152289,4.3637771334028255,0.5,12,4
7628,3.072449720208578,1.0,5.773432907679949,0.0,5.773432907679949,0.0,0.0,1.0,0.0,2.5649493574615367,8.294299608857235,5.616190536446242,5.130123328748754,0.416667,12,4
7630,3.84813464089296,1.0,5.989963420981715,0.0,5.989963420981715,0.0,0.0,1.0,0.0,2.5649493574615367,8.294299608857235,6.002884858890777,5.15283287658604,0.916667,12,4
7632,3.273640903631914,1.0,6.226457614779341,0.0,6.226457614779341,0.0,0.0,1.0,0.0,3.8918202981106265,8.006700845440367,6.142250769920342,5.120372119725058,0.916667,12,4
7636,3.4409716595189384,0.636364,5.809642865355678,0.0,5.809642865355678,0.0,0.0,0.5,0.0,2.1972245773362196,8.006700845440367,5.5743602089464535,4.475213174787169,0.416667,12,4
7638,4.832943085316475,0.818182,7.172439926201215,0.0,7.172439926201215,0.0,0.0,0.75,0.0,2.302585092994046,8.006700845440367,7.460885857618933,5.093963607481791,0.555556,12,4
7639,0.9915072893200709,0.090909,2.386006701133118,0.0,2.386006701133118,0.0,0.0,0.083333,0.0,0.6931471805599453,8.517393171418904,5.028688856722521,4.601337560854315,0.5,12,4
7641,2.855835292061461,0.272727,4.246779485265856,0.0,4.246779485265856,0.0,0.0,0.166667,0.0,1.0986122886681098,8.006700845440367,6.462420365065626,4.869934483455519,0.0,12,4
7644,4.234769169044639,0.909091,6.220291914890489,0.0,6.220291914890489,0.0,0.0,1.0,0.0,3.4657359027997265,7.0909098220799835,6.2776609884311245,5.014013335418011,0.181818,12,4
7646,5.358246923333318,1.0,5.592254833162325,0.0,5.592254833162325,0.0,0.0,1.0,0.0,3.1354942159291497,8.294299608857235,5.0422159474587405,5.2308280801816505,0.0,12,4
7647,0.9297915838440018,0.545455,4.9597629637225,0.0,4.9597629637225,0.0,0.0,0.5,0.0,1.9459101490553132,8.294299608857235,5.517867677900873,3.8192667435972196,1.0,12,4
7651,5.199813440661737,1.0,7.919690680167309,0.0,7.919690680167309,0.0,0.0,1.0,0.0,2.5649493574615367,6.2166061010848646,7.910081063896764,7.843937610272767,0.083333,12,4
7653,3.072680305346239,0.818182,6.051194651315749,0.0,6.051194651315749,0.0,0.0,0.666667,0.0,2.833213344056216,7.824445930877619,6.117229462637017,5.112253481972531,0.714286,12,4
7658,1.391190853709983,0.25,3.8416005411316,0.0,3.8416005411316,0.0,0.0,0.25,0.0,1.0986122886681098,7.3783837129967145,4.3069374370450895,4.72675839057551,0.0,8,4
7660,3.6519652050262534,1.0,6.452427431701569,0.0,6.452427431701569,0.0,0.0,1.0,0.0,2.5649493574615367,8.294299608857235,6.378845428523575,5.292877743588577,0.416667,12,4
7662,4.5652212477432705,0.818182,6.7076688572432905,0.0,6.7076688572432905,0.0,0.0,0.75,0.0,2.3978952727983707,7.824445930877619,6.635957768222211,5.024002289747932,0.375,12,4
7663,1.3640484965488162,1.0,5.853781691932408,0.0,5.853781691932408,0.0,0.0,0.25,0.0,1.3862943611198906,8.517393171418904,5.960076075516867,2.549666318345678,0.0,12,4
7665,4.973348570911503,1.0,6.310227321376853,0.0,6.310227321376853,0.0,0.0,0.666667,0.0,3.1354942159291497,7.313886831633462,5.656500625407697,5.337554550719516,0.0,12,4
7673,0.0,0.0,3.4651107074058083,0.0,3.4651107074058083,0.0,0.0,0.166667,0.0,1.0986122886681098,8.294299608857235,4.167935796127702,2.738140253791004,0.090909,12,4
7678,0.8521408285482329,0.181818,6.668101175540937,0.0,6.668101175540937,0.0,0.0,1.0,0.0,3.044522437723423,8.006700845440367,6.672367478106376,0.27723393021108245,0.0,12,4
7687,3.5434370056707505,1.0,5.7011122461003225,0.0,5.7011122461003225,0.0,0.0,1.0,0.0,2.5649493574615367,8.294299608857235,5.705609328275841,5.150513183372501,1.0,12,4
7690,3.949819666639062,1.0,5.117814155560866,0.0,5.117814155560866,0.0,0.0,0.5,0.0,2.0794415416798357,7.313886831633462,4.789538230629906,5.809465503301123,0.0,12,4
7691,2.8751050344830444,0.888889,5.167411096700238,0.0,5.167411096700238,0.0,0.0,0.666667,0.0,2.1972245773362196,7.313886831633462,4.967691765992031,4.767530910972193,0.333333,9,4
7697,3.2761787571537444,0.818182,5.484796933490655,0.0,5.484796933490655,0.0,0.0,1.0,0.0,2.5649493574615367,7.601402334583733,5.242132004433786,4.853674934145281,0.222222,12,4
7701,2.242403041978705,0.545455,4.92260521658922,0.0,4.92260521658922,0.0,0.0,0.25,0.0,1.791759469228055,6.90875477931522,5.813237533220472,4.74251158381624,0.5,12,4
7704,3.931909668408915,1.0,5.835220010024146,0.0,5.835220010024146,0.0,0.0,1.0,0.0,3.1780538303479458,8.006700845440367,5.448953500444834,4.9169275829862,0.0,12,4
7707,7.1881464472686885,1.0,6.6857610669244485,0.0,6.6857610669244485,0.0,0.0,1.0,0.0,3.044522437723423,6.90875477931522,6.153765578117605,9.137871953911105,0.0,12,4
7713,2.0183561183982115,0.285714,5.675040005790547,0.0,5.675040005790547,0.0,0.0,0.857143,0.0,2.0794415416798357,7.601402334583733,6.164303243788128,2.8383227394245982,0.0,7,4
7715,4.907487994135394,0.909091,6.966193984010557,0.0,6.966193984010557,0.0,0.0,0.833333,0.0,2.3978952727983707,8.294299608857235,7.0921904106023606,5.0753806625894375,0.727273,12,4
7716,1.500452166897216,0.272727,4.603268378698495,0.0,4.603268378698495,0.0,0.0,0.25,0.0,1.3862943611198906,8.006700845440367,5.9116623450939745,4.9185127317701856,1.0,12,4
7718,7.327751903320455,1.0,6.11295182469226,0.0,6.11295182469226,0.0,0.0,0.916667,0.0,2.4849066497880004,7.313886831633462,6.227836728981865,8.466980701380765,0.0,12,4
7725,6.6507174608795046,1.0,5.295262705818808,0.0,5.295262705818808,0.0,0.0,0.636364,0.0,2.0794415416798357,6.90875477931522,4.17248148581147,7.98245095940727,0.0,11,4
7727,4.203425877113129,0.727273,6.734591659972948,0.0,6.734591659972948,0.0,0.0,0.583333,0.0,2.1972245773362196,6.90875477931522,6.922667396618359,5.230119095354067,0.857143,12,4
7733,1.6727613831968469,0.545455,4.6163079303985475,0.0,4.6163079303985475,0.0,0.0,0.666667,0.0,2.302585092994046,8.294299608857235,4.82419284206487,4.127483791737399,0.3,12,4
7735,2.953901749805725,1.0,5.398434157882809,0.0,5.398434157882809,0.0,0.0,1.0,0.0,2.5649493574615367,6.90875477931522,5.385760720222303,4.952978906876377,0.7,12,4
7738,4.681150144167831,0.909091,4.154655409326203,0.0,4.154655409326203,0.0,0.0,0.181818,0.0,1.3862943611198906,8.517393171418904,6.293660482656537,4.990905087377643,0.272727,11,4
7744,5.890736316387991,1.0,8.28340316699806,0.0,8.28340316699806,5.008514326433697,0.0,1.0,0.6931471805599453,2.5649493574615367,8.412054873292933,8.297663879363558,8.206102201871012,0.25,12,4
7747,4.424492976513759,0.545455,5.648093568795613,0.0,5.648093568795613,0.0,0.0,0.25,0.0,1.3862943611198906,6.90875477931522,6.336689245726535,4.4454265547261835,0.0,12,4
7749,4.765103451536119,1.0,3.6635616461296463,0.0,3.6635616461296463,0.0,0.0,0.333333,0.0,1.6094379124341003,7.313886831633462,4.098679635532331,5.377109166008177,0.0,12,4
7754,4.1393660146627544,1.0,3.591817741270805,0.0,3.591817741270805,0.0,0.0,0.25,0.0,1.3862943611198906,7.313886831633462,4.334478476395718,5.153251327791132,0.0,12,4
7757,1.6322335073114278,0.363636,4.110873864173311,0.0,4.110873864173311,0.0,0.0,0.25,0.0,1.6094379124341003,7.824445930877619,4.708528158894938,5.120294600698059,0.0,12,4
7758,3.6349020871399755,0.909091,6.849426769082011,0.0,6.849426769082011,0.0,0.0,0.916667,0.0,3.091042453358316,7.313886831633462,6.91663347689028,4.602600386880985,0.666667,12,4
7762,2.313911605188008,1.0,4.678048831400664,0.0,4.678048831400664,0.0,0.0,1.0,0.0,2.5649493574615367,8.006700845440367,4.714835983605157,4.038069193676987,0.909091,12,4
7766,6.085446800153169,1.0,6.514238504389814,0.0,6.514238504389814,0.0,0.0,1.0,0.0,2.5649493574615367,6.90875477931522,6.5773076202921255,5.463520311601316,0.0,12,4
7770,3.2658293701518972,0.454545,6.413475350475609,0.0,6.413475350475609,0.0,0.0,1.0,0.0,3.9318256327243257,8.006700845440367,6.242492258456183,3.8243808768292644,0.181818,12,4
7777,1.2304957408510298,0.363636,4.174387269895637,0.0,4.174387269895637,0.0,0.0,0.333333,0.0,1.6094379124341003,8.294299608857235,5.029793079539682,4.273621070892547,0.333333,12,4
7780,3.9755289874306086,1.0,5.850649550465754,0.0,5.850649550465754,0.0,0.0,0.833333,0.0,2.833213344056216,8.294299608857235,5.320875478321262,5.187230240668495,0.333333,12,4
7781,1.6952513221473857,0.272727,4.2878533084066195,0.0,4.2878533084066195,0.0,0.0,0.25,0.0,1.3862943611198906,8.006700845440367,5.553837614069865,4.878112961722966,1.0,12,4
7784,4.236368842131494,1.0,6.667923246381692,0.0,6.667923246381692,0.0,0.0,1.0,0.0,3.5263605246161616,7.601402334583733,6.56490402602967,5.206162652520966,0.083333,12,4
7788,4.526972346331892,0.636364,5.349010480863555,0.0,5.349010480863555,0.0,0.0,0.333333,0.0,1.6094379124341003,7.601402334583733,6.069841703135497,4.873025156594193,0.0,12,4
7790,3.6756751345272063,0.818182,4.139955073474153,0.0,4.139955073474153,0.0,0.0,0.333333,0.0,1.6094379124341003,6.90875477931522,5.1166244860956915,4.9307442815830935,0.0,12,4
7793,4.020226992586426,0.909091,6.362338210446527,0.0,6.362338210446527,0.0,0.0,0.75,0.0,2.3978952727983707,7.824445930877619,6.41128140441276,5.223582570288818,0.333333,12,4
7796,4.684639310732848,1.0,6.589504027363245,0.0,6.589504027363245,0.0,0.0,0.75,0.0,2.5649493574615367,6.90875477931522,6.614343688142542,5.133850717946879,0.888889,12,4
7797,4.60557188529612,1.0,7.00397413672268,0.0,7.00397413672268,0.0,0.0,0.833333,0.0,2.3978952727983707,6.90875477931522,7.178642861936098,5.126282361306458,0.727273,12,4
7799,5.882189577183332,1.0,4.23410650459726,0.0,4.23410650459726,0.0,0.0,0.333333,0.0,1.6094379124341003,7.313886831633462,5.4988067101123805,5.273145106945426,0.0,12,4
7801,3.9906553898324115,1.0,6.305727691789675,0.0,6.305727691789675,3.88547243790796,0.0,0.75,0.6931471805599453,2.70805020110221,7.824445930877619,6.625690669665438,4.862927269060001,0.454545,12,4
7804,4.5567943054913265,0.818182,7.736743682453495,0.0,7.736743682453495,0.0,0.0,0.833333,0.0,2.3978952727983707,8.412054873292933,7.834616049848719,2.916834564286189,0.0,12,4
7806,2.8739763627197825,0.875,4.251775570170929,0.0,4.251775570170929,0.0,0.0,0.75,0.0,2.0794415416798357,7.313886831633462,3.802869349344898,4.72216564936861,0.0,8,4
7817,6.967561196810727,1.0,5.802118375377063,0.0,5.802118375377063,0.0,0.0,1.0,0.0,2.5649493574615367,6.90875477931522,6.379404657251921,6.679167469552736,0.0,12,4
7823,2.2707001273309757,0.454545,4.038126882223872,0.0,4.038126882223872,0.0,0.0,0.416667,0.0,1.791759469228055,7.313886831633462,5.055287378050696,4.947564154494276,0.333333,12,4
7825,4.619257551460789,0.909091,6.929643964239775,0.0,6.929643964239775,0.0,0.0,0.833333,0.0,2.3978952727983707,7.601402334583733,7.04301430888159,5.083836361803096,1.0,12,4
7827,5.839893863310215,1.0,8.209123360512427,0.0,8.209123360512427,0.0,0.0,1.0,0.0,2.5649493574615367,8.412054873292933,8.118196072892486,8.190587265722577,0.333333,12,4
7829,4.823959808696203,1.0,7.2297808054563735,0.0,7.2297808054563735,0.0,0.0,1.0,0.0,2.5649493574615367,7.824445930877619,7.1812850191880795,5.204154362985358,1.0,12,4
7832,5.444862736324611,1.0,7.646563924909964,0.0,7.646563924909964,0.0,0.0,1.0,0.0,2.70805020110221,7.601402334583733,7.564874388598581,5.195440835466719,0.916667,12,4
7834,0.0,0.0,6.936264987427853,0.0,6.936264987427853,0.0,0.0,1.0,0.0,2.5649493574615367,7.824445930877619,6.9366860238427535,2.666911072967072,0.0,12,4
7835,6.876459261675918,1.0,4.254761283628006,0.0,4.254761283628006,0.0,0.0,0.25,0.0,1.3862943611198906,6.90875477931522,5.532898257421239,6.096120581677267,0.0,12,4
7844,2.0389860164598366,0.363636,5.313944622433736,0.0,5.313944622433736,0.0,0.0,0.416667,0.0,1.791759469228055,8.294299608857235,6.3196481599400744,4.607662766925566,1.0,12,4
7846,4.881969841654544,0.363636,4.8847696822465165,0.0,4.8847696822465165,0.0,0.0,0.333333,0.0,1.6094379124341003,8.006700845440367,6.639311664255291,4.223822866754212,0.090909,12,4
7848,6.021903954221664,1.0,2.4672517145492794,0.0,2.4672517145492794,0.0,0.0,0.166667,0.0,0.6931471805599453,7.0909098220799835,6.823461214751908,5.119678087839028,0.0,12,4
7850,4.360878582699691,1.0,6.500553664018291,0.0,6.500553664018291,0.0,0.0,0.833333,0.0,2.4849066497880004,7.824445930877619,6.437003300993317,5.16913435741416,1.0,12,4
7853,2.996472999149039,0.454545,6.405658117779986,0.0,6.405658117779986,0.0,0.0,0.583333,0.0,2.3978952727983707,8.294299608857235,6.627864294363907,4.022918017467533,0.1,12,4
7855,3.3153222679717187,0.545455,5.925298034845025,0.0,5.925298034845025,0.0,0.0,0.636364,0.0,2.0794415416798357,8.006700845440367,6.284519137331065,4.955306858941115,1.0,11,4
7864,2.7145027386340956,1.0,4.951592753462473,0.0,4.951592753462473,0.0,0.0,1.0,0.0,2.5649493574615367,7.824445930877619,5.131737337230151,4.683452178357928,0.181818,12,4
7866,2.6843370536791844,0.636364,4.993556952561504,0.0,4.993556952561504,0.0,0.0,0.416667,0.0,1.9459101490553132,8.294299608857235,5.0341674156911775,5.079404938892205,0.428571,12,4
7871,7.981591407478207,1.0,6.973130949612269,0.0,6.973130949612269,0.0,0.0,1.0,0.0,3.2188758248682006,8.006700845440367,7.341993970448561,7.263305228952389,0.0,12,4
7873,5.21229383602284,1.0,5.066826573745998,0.0,5.066826573745998,5.375017540327901,0.0,0.916667,1.9459101490553132,2.4849066497880004,6.90875477931522,4.938404271165632,5.350511435616233,0.0,12,4
7879,7.231344910031655,1.0,5.8888779583328805,0.0,5.8888779583328805,0.0,0.0,0.666667,0.0,2.1972245773362196,6.90875477931522,4.759171491802465,9.515277064338068,0.0,12,4
7880,6.91818422498377,1.0,5.633181167472654,0.0,5.633181167472654,0.0,0.0,0.666667,0.0,2.70805020110221,6.90875477931522,6.4381196252251165,6.375454742730198,0.0,12,4
7885,6.5995452191041135,1.0,5.920934780917455,0.0,5.920934780917455,0.0,0.0,0.5,0.0,2.4849066497880004,8.006700845440367,6.554292274097178,5.355276511646399,0.0,12,4
7886,4.495021983180346,1.0,6.285681470832081,0.0,6.285681470832081,0.0,0.0,1.0,0.0,3.4011973816621555,7.901377353792616,5.4639223899057265,4.929726147839862,0.090909,12,4
7887,5.605991974732837,0.909091,4.465908118654584,0.0,4.465908118654584,0.0,0.0,0.166667,0.0,1.0986122886681098,6.90875477931522,6.093888405505713,7.9601981804427835,0.0,12,4
7892,3.2654912068646684,0.545455,6.640712085377909,0.0,6.640712085377909,0.0,0.0,1.0,0.0,2.5649493574615367,8.294299608857235,6.980964970373901,4.492285568468392,0.545455,12,4
7895,4.360824933630293,1.0,5.632787600498577,0.0,5.632787600498577,0.0,0.0,1.0,0.0,2.9444389791664403,7.824445930877619,5.840186972624604,5.161131137423659,0.0,12,4
7898,6.889696251931199,1.0,5.484796933490655,0.0,5.484796933490655,0.0,0.0,1.0,0.0,2.5649493574615367,6.90875477931522,7.483785091030156,6.768270804159297,0.0,12,4
7905,4.401160325046344,1.0,5.927912206201462,0.0,5.927912206201462,0.0,0.0,1.0,0.0,3.332204510175204,7.313886831633462,5.524602178931557,5.10908706121613,0.0,12,4
7907,5.365334383987032,1.0,5.573066163587918,0.0,5.573066163587918,0.0,0.0,1.0,0.0,3.8066624897703196,6.90875477931522,4.59874066081816,7.382326032395825,0.0,12,4
7908,1.4264816742725304,0.454545,3.9651845535423784,0.0,3.9651845535423784,0.0,0.0,0.416667,0.0,1.791759469228055,8.294299608857235,4.36521646974269,3.2992622519249997,0.0,12,4
7910,4.251208372465892,1.0,6.069628568077336,0.0,6.069628568077336,0.0,0.0,1.0,0.0,2.5649493574615367,7.901377353792616,6.088925303672576,5.151167838032475,0.333333,12,4
7912,4.046819894474187,1.0,5.9992590905738945,0.0,5.9992590905738945,0.0,0.0,1.0,0.0,3.713572066704308,6.90875477931522,5.700212901302976,5.145623407687401,0.666667,12,4
7915,3.0745108748893624,0.454545,6.14341280338004,0.0,6.14341280338004,0.0,0.0,1.0,0.0,2.5649493574615367,8.006700845440367,6.824965334105814,4.44445441805223,0.545455,12,4
7916,3.405512225984726,0.909091,5.520500456767122,0.0,5.520500456767122,0.0,0.0,0.833333,0.0,2.3978952727983707,8.071218539969863,5.6498708149892956,4.9927842615994935,0.909091,12,4
7917,5.328473509763408,1.0,5.290385996221756,0.0,5.290385996221756,0.0,0.0,0.916667,0.0,2.4849066497880004,7.313886831633462,4.983925961125036,5.152834183542955,0.0,12,4
7922,7.231348267284576,1.0,5.097179895496441,0.0,5.097179895496441,5.23243561301095,0.0,0.5,0.6931471805599453,1.9459101490553132,8.006700845440367,6.223453732193451,5.786232384231497,0.0,12,4
7927,0.42760552352283837,0.545455,4.706100904566532,0.0,4.706100904566532,0.0,0.0,0.5,0.0,1.9459101490553132,8.294299608857235,5.185520105610086,0.03704912619495685,0.0,12,4
7934,3.769896448554407,0.909091,5.0209815861504,0.0,5.0209815861504,0.0,0.0,0.5,0.0,1.9459101490553132,8.294299608857235,5.631671231813607,5.058102342063526,0.1,12,4
7935,3.435407968914757,1.0,6.042632833682381,0.0,6.042632833682381,0.0,0.0,1.0,0.0,2.5649493574615367,7.313886831633462,6.033012075165115,5.100009106669479,1.0,12,4
7940,6.028124879512905,1.0,5.2390980068880655,0.0,5.2390980068880655,0.0,0.0,0.6,0.0,1.9459101490553132,6.90875477931522,4.959526277465359,5.176755678894773,0.0,10,4
7942,7.2229340270112585,1.0,7.380754417207671,0.0,7.380754417207671,0.0,0.0,1.0,0.0,2.5649493574615367,7.170888478512505,7.373124633420178,7.154091420464179,0.0,12,4
7943,3.925578177561186,1.0,6.0242221113461545,0.0,6.0242221113461545,0.0,0.0,1.0,0.0,2.5649493574615367,8.294299608857235,6.3152972853934335,6.156277044367197,0.083333,12,4
7946,2.6131652908579657,0.272727,5.173660761948481,0.0,5.173660761948481,0.0,0.0,0.166667,0.0,1.3862943611198906,6.90875477931522,5.950295093793411,5.190444642379701,0.0,12,4
7947,3.585584082355556,1.0,4.29592393562047,0.0,4.29592393562047,0.0,0.0,0.416667,0.0,1.791759469228055,7.313886831633462,4.911246710899565,4.959747847166045,0.0,12,4
7949,2.935885289923591,1.0,5.1101789244325175,0.0,5.1101789244325175,0.0,0.0,0.333333,0.0,1.791759469228055,8.006700845440367,5.212010074359792,4.651330514215951,0.111111,12,4
7950,4.411159812369566,1.0,6.566897439648371,0.0,6.566897439648371,0.0,0.0,1.0,0.0,2.5649493574615367,6.90875477931522,6.535709223915907,5.186055815650517,0.75,12,4
7954,2.7092036023458537,0.454545,5.7954496631820245,0.0,5.7954496631820245,0.0,0.0,0.416667,0.0,1.791759469228055,7.313886831633462,6.5415153633441445,4.558668352092671,0.8,12,4
7965,4.455458608749522,1.0,7.348613270622064,0.0,7.348613270622064,0.0,0.0,0.916667,0.0,3.044522437723423,7.601402334583733,7.41210596873309,4.828570552322501,0.818182,12,4
7968,4.619112429633808,1.0,6.673297967767654,0.0,6.673297967767654,0.0,0.0,0.916667,0.0,2.6390573296152584,6.90875477931522,6.354320597835937,5.091243429577664,0.6,12,4
7969,4.367754584254165,0.545455,7.2473227205106525,0.0,7.2473227205106525,0.0,0.0,0.5,0.0,1.9459101490553132,8.294299608857235,7.531863073759072,4.570344593725272,0.636364,12,4
7970,6.899821783867791,1.0,5.198497031265826,0.0,5.198497031265826,0.0,0.0,0.5,0.0,1.9459101490553132,6.90875477931522,6.1420167494600415,7.557230903667198,0.0,12,4
7971,2.040235558418069,0.545455,5.812397688034523,0.0,5.812397688034523,0.0,0.0,0.583333,0.0,2.5649493574615367,8.294299608857235,5.767425194683739,0.7481215165929815,0.0,12,4
7972,3.1424981527392797,0.636364,7.124140041051793,0.0,7.124140041051793,0.0,0.0,0.666667,0.0,2.772588722239781,7.313886831633462,7.505927451761338,4.690168976583706,0.5,12,4
7973,2.790039628072168,0.636364,4.830311739964974,0.0,4.830311739964974,0.0,0.0,0.583333,0.0,2.0794415416798357,8.294299608857235,5.357129872179131,5.062057553167504,0.285714,12,4
7976,2.7390281253634403,1.0,4.795790545596741,0.0,4.795790545596741,0.0,0.0,1.0,0.0,2.5649493574615367,8.006700845440367,4.736299259102399,4.764622021257405,0.0,12,4
7977,2.9303751240983402,1.0,5.348439975951247,0.0,5.348439975951247,0.0,0.0,1.0,0.0,2.5649493574615367,7.901377353792616,4.966009323624834,5.027920592177579,0.416667,12,4
7978,1.075398931439842,0.636364,5.035132765696643,0.0,5.035132765696643,0.0,0.0,0.666667,0.0,2.1972245773362196,7.824445930877619,5.235422400699885,4.084922463329861,0.285714,12,4
7980,6.71365955472369,1.0,7.081069726616117,0.0,7.081069726616117,0.0,0.0,1.0,0.0,3.6109179126442243,6.90875477931522,7.4813197230827875,7.636094092804549,0.0,12,4
7981,5.458543976187081,1.0,6.258108103868043,0.0,6.258108103868043,0.0,0.0,1.0,0.0,3.1780538303479458,6.90875477931522,5.74670568088415,5.290245879561808,0.083333,12,4
7983,2.8086195574647475,0.545455,5.056245805348308,0.0,5.056245805348308,0.0,0.0,0.545455,0.0,1.9459101490553132,7.601402334583733,5.134187210309549,4.417167703247662,0.2,11,4
7984,6.540259366109156,1.0,6.311662211236443,0.0,6.311662211236443,0.0,0.0,1.0,0.0,2.5649493574615367,6.90875477931522,5.759504194908947,5.113498772750482,0.0,12,4
7986,3.633847072782054,0.909091,6.370551456156081,0.0,6.370551456156081,0.0,0.0,0.833333,0.0,2.3978952727983707,7.824445930877619,6.534675038165152,5.108922885493142,0.909091,12,4
7988,3.6854985452771527,0.818182,5.807962293565865,0.0,5.807962293565865,0.0,0.0,0.75,0.0,2.833213344056216,7.313886831633462,5.91423239092349,4.839579131792987,0.181818,12,4
7992,2.834672396767998,0.818182,4.74005066818191,0.0,4.74005066818191,0.0,0.0,0.666667,0.0,2.1972245773362196,8.006700845440367,4.852029724856972,4.894103777463128,0.111111,12,4
7993,3.985402771075286,1.0,5.589792237238514,0.0,5.589792237238514,0.0,0.0,0.333333,0.0,1.6094379124341003,7.601402334583733,5.910505078504197,5.286964005357953,0.5,12,4
7996,5.239293817954554,0.818182,6.274837347971665,0.0,6.274837347971665,0.0,0.0,0.583333,0.0,2.0794415416798357,7.824445930877619,6.832973592087442,4.9995542521635175,0.0,12,4
8001,3.52867058965428,0.5,5.720016651094949,0.0,5.720016651094949,0.0,0.0,0.333333,0.0,1.6094379124341003,7.0909098220799835,5.873098913649452,4.438560937825042,1.0,6,4
8003,1.85893840764382,0.545455,5.669191029886582,0.0,5.669191029886582,0.0,0.0,0.833333,0.0,2.4849066497880004,8.006700845440367,5.543001504619818,3.510806479300503,0.181818,12,4
8004,3.5868728079429335,1.0,5.921578419643816,0.0,5.921578419643816,0.0,0.0,1.0,0.0,2.5649493574615367,7.901377353792616,5.891784875965256,5.060843303441653,0.545455,12,4
8006,7.137134762392747,1.0,7.424141414408774,0.0,7.424141414408774,0.0,0.0,1.0,0.0,2.5649493574615367,6.90875477931522,6.878698845912067,8.146163916969712,0.0,12,4
8008,7.4500132670281225,1.0,6.362648721239272,0.0,6.362648721239272,0.0,0.0,0.666667,0.0,2.70805020110221,6.90875477931522,5.687496820353824,9.919217993351586,0.0,12,4
8014,0.004804440171897445,0.545455,3.9646154555473165,0.0,3.9646154555473165,0.0,0.0,0.25,0.0,1.3862943611198906,8.006700845440367,3.5336599366164836,0.057779165578160534,0.0,12,4
8015,6.110875421560021,1.0,6.671501158517832,0.0,6.671501158517832,0.0,0.0,0.666667,0.0,3.091042453358316,8.006700845440367,6.041092288982684,5.279119098490017,0.0,12,4
8017,1.1369120650687752,0.909091,4.6147243987929025,0.0,4.6147243987929025,0.0,0.0,1.0,0.0,2.5649493574615367,8.006700845440367,4.631141132381046,3.8087175988086024,0.125,12,4
8020,4.09467925620582,0.909091,4.089332020398556,0.0,4.089332020398556,0.0,0.0,0.166667,0.0,1.0986122886681098,7.313886831633462,5.087009514938882,5.009885312930676,0.0,12,4
8022,2.83195007588063,1.0,4.926673806915383,0.0,4.926673806915383,0.0,0.0,1.0,0.0,2.5649493574615367,7.824445930877619,4.891719902566882,4.882634484326943,0.181818,12,4
8024,5.921969388781828,1.0,6.467714253934107,0.0,6.467714253934107,0.0,0.0,1.0,0.0,3.7376696182833684,7.313886831633462,4.8359496057137905,5.328197694764468,0.0,12,4
8027,6.851551254038774,1.0,5.278114659230517,0.0,5.278114659230517,4.8489996057986575,0.0,1.0,1.3862943611198906,2.5649493574615367,6.90875477931522,6.398431598401246,6.497968781104586,0.0,12,4
8033,4.408795079038759,0.818182,6.441743671005939,0.0,6.441743671005939,0.0,0.0,0.5,0.0,2.0794415416798357,7.824445930877619,6.101755115310955,4.734609326760159,0.454545,12,4
8035,4.713381137291524,1.0,6.438902986693569,0.0,6.438902986693569,0.0,0.0,0.833333,0.0,1.9459101490553132,6.90875477931522,6.206511749262372,4.415087053946866,1.0,6,4
8039,4.723306154911757,1.0,7.219539545859344,0.0,7.219539545859344,0.0,0.0,0.833333,0.0,2.4849066497880004,8.294299608857235,7.3141847173077545,5.023012354625333,0.2,12,4
8040,2.682231754999055,0.909091,5.983936280687191,0.0,5.983936280687191,0.0,0.0,1.0,0.0,2.5649493574615367,8.006700845440367,5.974402848083598,4.982603303484403,0.818182,12,4
8042,3.497403493332972,0.727273,5.810542011227735,0.0,5.810542011227735,0.0,0.0,0.666667,0.0,2.1972245773362196,8.294299608857235,6.186672039140808,5.007584625535196,0.625,12,4
8043,2.5432206040671943,0.727273,4.704472387061954,0.0,4.704472387061954,0.0,0.0,0.666667,0.0,2.1972245773362196,7.824445930877619,5.015580950816375,4.679700311879527,0.2,12,4
8044,4.3049421679211255,1.0,5.405016985207093,0.0,5.405016985207093,0.0,0.0,1.0,0.0,2.5649493574615367,7.313886831633462,5.351924861107548,5.188402010000753,0.0,12,4
8045,5.5741601820109405,1.0,5.4637470556717735,0.0,5.4637470556717735,0.0,0.0,0.833333,0.0,2.772588722239781,7.438971592395862,4.567729862999245,5.244237561865257,0.0,12,4
8056,6.770562522021904,1.0,5.860786223465865,0.0,5.860786223465865,0.0,0.0,0.666667,0.0,2.1972245773362196,7.0909098220799835,5.366046040607386,5.432848945694219,0.0,12,4
8057,5.41963008996533,1.0,5.487862768431311,0.0,5.487862768431311,0.0,0.0,0.666667,0.0,2.302585092994046,6.90875477931522,5.922385712997778,5.392344296066067,0.0,12,4
8058,2.283355381550233,0.818182,4.74493212836325,0.0,4.74493212836325,0.0,0.0,0.666667,0.0,2.1972245773362196,8.294299608857235,5.085291390764191,4.47393126079384,0.428571,12,4
8059,3.773282985712111,0.818182,6.174827228410347,0.0,6.174827228410347,0.0,0.0,0.833333,0.0,2.8903717578961645,6.90875477931522,6.373855175242766,5.053235667962152,0.9,12,4
8062,6.427290790841967,1.0,6.258892890532495,0.0,6.258892890532495,0.0,0.0,1.0,0.0,2.5649493574615367,7.313886831633462,5.601821403961947,5.462664399296357,0.0,12,4
8065,7.464410172936941,1.0,7.3969915201549785,0.0,7.3969915201549785,0.0,0.0,1.0,0.0,4.0943445622221,7.313886831633462,6.979039496662554,8.937963943734708,0.0,12,4
8066,1.1444084514756543,0.363636,5.480305534440753,0.0,5.480305534440753,0.0,0.0,1.0,0.0,2.5649493574615367,7.824445930877619,5.23256984820111,3.597808274539486,0.0,12,4
8067,2.9944229667858493,0.272727,4.499365127091115,0.0,4.499365127091115,0.0,0.0,0.166667,0.0,1.0986122886681098,7.313886831633462,6.716113645691006,4.890874028031727,0.0,12,4
8068,2.146441678990236,1.0,4.494908791730554,0.0,4.494908791730554,0.0,0.0,0.916667,0.0,2.5649493574615367,7.313886831633462,4.246424986262206,4.305159318645418,0.285714,12,4
8071,4.588023935596657,1.0,6.0606873921489886,0.0,6.0606873921489886,0.0,0.0,0.666667,0.0,2.1972245773362196,7.824445930877619,6.325751812703312,5.159624258016424,0.0,12,4
8078,4.913529672116497,1.0,5.407171771460119,0.0,5.407171771460119,0.0,0.0,1.0,0.0,2.5649493574615367,7.438971592395862,5.001569409538462,5.137754446345609,0.0,12,4
8079,6.950838756660612,1.0,6.3578422665081,0.0,6.3578422665081,3.9095076245084215,0.0,1.0,0.6931471805599453,3.2188758248682006,6.90875477931522,6.5994319295858475,6.988335041492827,0.0,12,4
8081,3.5293230437843106,0.888889,5.629310333636944,0.0,5.629310333636944,0.0,0.0,0.555556,0.0,2.302585092994046,7.313886831633462,5.273925099349472,4.8327379360860165,0.142857,9,4
8087,3.010813675344464,0.727273,5.135210028677887,0.0,5.135210028677887,0.0,0.0,0.333333,0.0,1.9459101490553132,6.90875477931522,5.847451929273674,4.76166264171656,0.142857,12,4
8090,1.624552115243989,0.454545,6.3929885659828845,0.0,6.3929885659828845,0.0,0.0,1.0,0.0,2.5649493574615367,7.601402334583733,5.7449216668639504,3.155367556837595,0.0,12,4
8091,3.6631268080115102,0.545455,5.494048610251909,0.0,5.494048610251909,0.0,0.0,0.25,0.0,1.3862943611198906,7.601402334583733,6.497404320019763,4.605744241186872,0.166667,12,4
8093,1.795165827662728,0.181818,4.61561544384963,0.0,4.61561544384963,0.0,0.0,0.25,0.0,1.3862943611198906,8.294299608857235,5.8895074249971096,4.838880551357971,0.333333,12,4
8094,5.429964660998774,1.0,7.865187954187467,0.0,7.865187954187467,0.0,0.0,0.916667,0.0,2.995732273553991,8.071218539969863,7.828728174002811,5.1000354623175514,0.545455,12,4
8099,6.657677022183473,1.0,5.574432802628352,0.0,5.574432802628352,0.0,0.0,0.75,0.0,2.302585092994046,6.90875477931522,4.886986118736954,7.230204843749759,0.0,12,4
8100,3.0860575950254954,1.0,4.709530201312334,0.0,4.709530201312334,0.0,0.0,0.875,0.0,2.1972245773362196,6.90875477931522,4.055524849990535,4.694047555929492,0.333333,8,4
8103,3.507649291532591,1.0,5.791335371664062,4.343805421853684,5.527244162617974,0.0,0.083333,0.75,0.0,2.5649493574615367,6.90875477931522,5.500121617929212,5.202065221233469,0.4,12,4
8104,1.0462363031187936,0.181818,6.405757243818826,0.0,6.405757243818826,0.0,0.0,1.0,0.0,2.5649493574615367,7.313886831633462,6.325673835907367,2.582086444409204,0.0,12,4
8106,6.465082457276899,1.0,7.00357442015274,0.0,7.00357442015274,0.0,0.0,1.0,0.0,3.912023005428146,8.294299608857235,5.792064774237019,5.271768134004986,0.0,12,4
8107,3.7371411929770195,0.454545,6.2224175253136735,0.0,6.2224175253136735,0.0,0.0,0.416667,0.0,1.9459101490553132,8.294299608857235,6.61914315550028,5.183890772359588,0.75,12,4
8109,2.8435521841707136,0.363636,4.570061008874523,0.0,4.570061008874523,0.0,0.0,0.25,0.0,1.3862943611198906,6.90875477931522,4.926978023977747,4.109352789893362,0.0,12,4
8112,2.4218775666532637,0.818182,4.957515771765594,0.0,4.957515771765594,0.0,0.0,1.0,0.0,2.5649493574615367,8.006700845440367,4.811341357873427,4.583313673112217,0.2,12,4
8114,2.7583507795769964,0.272727,5.081404364984463,0.0,5.081404364984463,0.0,0.0,0.090909,0.0,1.0986122886681098,7.496097345175956,5.934986995546345,5.353017338115929,1.0,11,4
8116,3.183314095860443,0.727273,5.370405442942291,0.0,5.370405442942291,0.0,0.0,0.583333,0.0,2.0794415416798357,7.601402334583733,5.705485064427306,4.7976642849180555,0.888889,12,4
8117,6.7905545864810595,1.0,5.854211953681605,0.0,5.854211953681605,0.0,0.0,0.75,0.0,2.302585092994046,6.90875477931522,5.7100000520659675,6.098447747250934,0.0,12,4
8123,4.884997079646988,1.0,5.887325507366836,0.0,5.887325507366836,0.0,0.0,0.666667,0.0,2.1972245773362196,7.313886831633462,5.6787295785881975,5.117273840724476,0.083333,12,4
8125,4.108102601540224,0.727273,6.27979640840126,0.0,6.27979640840126,3.6969837008137354,0.0,0.666667,0.6931471805599453,2.1972245773362196,8.699681400989514,6.467583534687469,4.756707138719001,0.272727,12,4
8126,2.614361306304785,0.363636,5.119908146573998,0.0,5.119908146573998,0.0,0.0,0.25,0.0,1.6094379124341003,7.824445930877619,6.042754054363361,5.4009690045073935,1.0,12,4
8129,3.6867740893881633,1.0,6.336825731146441,0.0,6.336825731146441,0.0,0.0,1.0,0.0,2.5649493574615367,7.601402334583733,6.314449451483528,5.194686936761528,1.0,12,4
8130,6.862951151701786,1.0,6.214528095222021,0.0,6.214528095222021,0.0,0.0,1.0,0.0,2.5649493574615367,6.90875477931522,6.640665120950297,6.668155607913834,0.0,12,4
8135,6.836964098649518,1.0,5.707276363910457,0.0,5.707276363910457,0.0,0.0,0.75,0.0,2.302585092994046,7.0909098220799835,6.242348074786779,5.803394946919725,0.0,12,4
8152,2.2068695810537484,0.363636,6.246106765481563,0.0,6.246106765481563,0.0,0.0,0.75,0.0,2.8903717578961645,8.006700845440367,5.9926048167533805,2.7456228261348143,0.0,12,4
8153,3.46832701172573,0.636364,4.934761661517082,0.0,4.934761661517082,0.0,0.0,0.5,0.0,2.0794415416798357,7.901377353792616,4.191678994873804,4.960853039968283,0.0,12,4
8155,5.223468058134019,1.0,6.014594964496837,0.0,6.014594964496837,0.0,0.0,1.0,0.0,2.5649493574615367,6.90875477931522,5.689973781989073,5.48369944350197,0.0,12,4
8161,6.944320894519674,1.0,5.9050893313612365,0.0,5.9050893313612365,0.0,0.0,0.75,0.0,2.302585092994046,6.90875477931522,6.545713604156303,6.721986295435328,0.0,12,4
8166,5.403200794417581,0.727273,4.774912960575186,0.0,4.774912960575186,5.60865917205591,0.0,0.909091,0.6931471805599453,2.3978952727983707,7.0909098220799835,6.44441695356406,4.805133302993822,0.0,11,4
8172,2.7362456796181376,0.727273,5.303304908059076,0.0,5.303304908059076,0.0,0.0,0.666667,0.0,2.1972245773362196,8.006700845440367,5.677515905629346,5.014466711500227,0.375,12,4
8173,2.2869026640113392,0.181818,4.767969076293182,0.0,4.767969076293182,0.0,0.0,0.166667,0.0,1.0986122886681098,8.006700845440367,6.520595940201733,4.82114527314743,0.666667,12,4
8175,4.771209266477991,1.0,5.043425116919247,0.0,5.043425116919247,0.0,0.0,0.916667,0.0,2.4849066497880004,7.313886831633462,5.698267025826611,5.094158810565957,0.090909,12,4
8176,3.762485452085411,1.0,6.653340334779825,0.0,6.653340334779825,0.0,0.0,1.0,0.0,2.995732273553991,8.006700845440367,6.501224124848774,4.209852641756631,0.333333,12,4
8179,4.99820306655058,1.0,5.879638731925725,0.0,5.879638731925725,0.0,0.0,1.0,0.0,2.833213344056216,7.901377353792616,5.956532034864694,5.1283091860189005,0.0,12,4
8185,6.929844071402388,1.0,5.707110264748875,0.0,5.707110264748875,0.0,0.0,0.833333,0.0,2.3978952727983707,6.90875477931522,6.249195585123978,7.028713306347153,0.0,12,4
8186,6.954804120309526,1.0,6.111467339502679,0.0,6.111467339502679,0.0,0.0,0.666667,0.0,2.5649493574615367,6.90875477931522,6.2239613025158045,7.137044085477828,0.0,12,4
8190,2.5679567537853596,0.363636,4.61512051684126,0.0,4.61512051684126,0.0,0.0,0.181818,0.0,1.0986122886681098,8.006700845440367,6.010945789432211,4.395382385743496,0.333333,11,4
8196,5.397030164512154,1.0,7.097863110576525,0.0,7.097863110576525,0.0,0.0,0.833333,0.0,2.3978952727983707,6.90875477931522,7.136550801373425,5.239703605969288,0.083333,12,4
8201,3.0104247091708483,1.0,5.351858133476067,0.0,5.351858133476067,0.0,0.0,1.0,0.0,2.5649493574615367,6.90875477931522,5.695325669804286,5.0754176792465815,0.5,12,4
8202,3.13817167182123,1.0,5.346154695962197,0.0,5.346154695962197,0.0,0.0,1.0,0.0,2.5649493574615367,6.90875477931522,5.328415135171589,5.153939026486948,0.25,12,4
8205,5.149831029829872,1.0,6.62870253322841,0.0,6.62870253322841,0.0,0.0,1.0,0.0,3.58351893845611,7.901377353792616,6.741532651017575,5.091232611022567,0.0,12,4
8209,6.632157376620141,0.727273,6.731543022352359,0.0,6.731543022352359,0.0,0.0,1.0,0.0,3.1354942159291497,6.90875477931522,7.696209157976711,8.78294954424145,0.0,12,4
8210,6.180075328949777,1.0,4.677211738853062,0.0,4.677211738853062,0.0,0.0,0.5,0.0,2.302585092994046,7.824445930877619,5.2212561709966225,5.195244127521953,0.0,12,4
8214,4.130541799017321,0.909091,5.64130405227947,0.0,5.64130405227947,0.0,0.0,0.909091,0.0,2.4849066497880004,7.313886831633462,5.2595067488941,5.079712394035892,0.0,11,4
8219,3.072485005958325,0.545455,5.672566967503279,0.0,5.672566967503279,0.0,0.0,0.416667,0.0,1.791759469228055,7.901377353792616,5.839012464680339,4.423162495932818,0.363636,12,4
8221,2.5170150308048345,1.0,5.310838647101709,0.0,5.310838647101709,0.0,0.0,0.916667,0.0,2.4849066497880004,8.294299608857235,5.353958963102058,4.286356886482592,0.9,12,4
8224,3.135482607166116,1.0,5.842819516673411,0.0,5.842819516673411,0.0,0.0,0.916667,0.0,3.1354942159291497,8.294299608857235,5.82311205897464,5.0494616089719395,0.909091,12,4
8228,3.952960321298639,0.818182,4.954064942607862,0.0,4.954064942607862,0.0,0.0,0.416667,0.0,1.791759469228055,6.90875477931522,5.852892101126401,5.479852597602256,0.111111,12,4
8232,6.004667419342642,1.0,5.176149732573829,0.0,5.176149732573829,0.0,0.0,0.416667,0.0,1.791759469228055,6.90875477931522,5.066667444680522,5.269107388760168,0.0,12,4
8233,4.181623227098251,0.727273,5.303404405596594,0.0,5.303404405596594,0.0,0.0,0.25,0.0,1.3862943611198906,7.0909098220799835,6.094324194199268,5.14677103495993,0.222222,12,4
8234,4.137224948799117,1.0,6.127545811045741,0.0,6.127545811045741,0.0,0.0,0.875,0.0,2.302585092994046,7.313886831633462,5.900594157333703,4.7281116982412446,0.666667,8,4
8236,6.539848216022091,1.0,6.088863453095115,0.0,6.088863453095115,0.0,0.0,1.0,0.0,2.5649493574615367,6.90875477931522,5.099839366482434,5.797474111993726,0.0,12,4
8241,3.0503397699020307,0.666667,5.365134539585354,0.0,5.365134539585354,0.0,0.0,0.5,0.0,1.791759469228055,7.824445930877619,5.271513295647644,4.463464895033698,1.0,6,4
8246,3.7941006300644364,1.0,5.273512247629066,0.0,5.273512247629066,0.0,0.0,0.75,0.0,2.3978952727983707,8.006700845440367,4.8225606198127435,5.040223144459588,0.083333,12,4
8247,4.105985311697122,0.636364,6.515719591185634,0.0,6.515719591185634,0.0,0.0,0.5,0.0,2.6390573296152584,6.90875477931522,6.699265205376804,5.281295991381991,1.0,12,4
8248,4.5602197959414195,1.0,6.705639094860003,0.0,6.705639094860003,0.0,0.0,1.0,0.0,2.5649493574615367,7.824445930877619,6.5439909014326005,5.049455324422791,0.416667,12,4
8249,3.153925955138397,0.454545,5.833347679010845,4.787491742782046,5.404927101606295,0.0,0.083333,0.416667,0.0,1.9459101490553132,7.824445930877619,6.025928742386728,4.589445843969687,0.4,12,4
8252,4.189591436992401,1.0,6.311734809152915,0.0,6.311734809152915,0.0,0.0,0.916667,0.0,2.4849066497880004,7.824445930877619,6.219917798979706,5.191930963736776,0.583333,12,4
8259,5.805466248374739,1.0,8.247220052745229,0.0,8.247220052745229,0.0,0.0,1.0,0.0,2.5649493574615367,7.762596048540069,8.081791980629669,6.933260882956656,0.25,12,4
8261,4.660546575187102,1.0,6.664715095953471,0.0,6.664715095953471,0.0,0.0,1.0,0.0,2.5649493574615367,7.901377353792616,6.600366883476774,5.30982971444091,0.666667,12,4
8262,3.467984373094759,1.0,5.462050558530638,0.0,5.462050558530638,0.0,0.0,1.0,0.0,3.2188758248682006,7.601402334583733,5.418879669793105,5.055738268930175,0.416667,12,4
8263,4.70056338961857,1.0,6.620313177734963,0.0,6.620313177734963,0.0,0.0,0.833333,0.0,2.3978952727983707,6.90875477931522,6.828309779694168,5.117127599038894,0.727273,12,4
8275,5.396846582419179,1.0,6.376114515502226,0.0,6.376114515502226,0.0,0.0,0.875,0.0,2.1972245773362196,6.90875477931522,5.06221415670532,5.115318944732628,0.0,8,4
8278,3.9017127974269643,0.818182,5.571431337636887,0.0,5.571431337636887,0.0,0.0,0.5,0.0,2.1972245773362196,6.90875477931522,5.448784051649282,5.058301684210945,0.0,12,4
8285,5.637685238909497,1.0,5.993712019648461,0.0,5.993712019648461,0.0,0.0,0.916667,0.0,2.70805020110221,6.90875477931522,6.290931586364467,5.28032271966983,0.0,12,4
8286,4.018153020945,1.0,6.725849635684172,0.0,6.725849635684172,0.0,0.0,1.0,0.0,2.5649493574615367,7.601402334583733,6.700437587999791,4.3308292435822,0.333333,12,4
8289,4.581884046101118,1.0,6.959664383719566,0.0,6.959664383719566,0.0,0.0,1.0,0.0,3.1780538303479458,7.601402334583733,6.836471362196856,5.200705618165569,0.833333,12,4
8290,3.6895404855844847,0.888889,5.074923783978618,0.0,5.074923783978618,0.0,0.0,0.777778,0.0,2.1972245773362196,7.313886831633462,4.774510322565355,4.818306624757083,0.0,9,4
8291,4.2902095469137285,1.0,6.132291139932975,0.0,6.132291139932975,0.0,0.0,1.0,0.0,2.6390573296152584,6.90875477931522,5.985420971439103,5.188391434105324,0.666667,12,4
8295,5.252778373838472,1.0,6.333261865992601,0.0,6.333261865992601,0.0,0.0,1.0,0.0,2.70805020110221,6.90875477931522,5.923879785554462,5.278787509346712,0.0,12,4
8299,3.3187413587289405,1.0,5.29931686688112,0.0,5.29931686688112,0.0,0.0,1.0,0.0,2.5649493574615367,7.901377353792616,5.186690547444863,4.928805885667559,0.181818,12,4
8300,3.0037812435101636,1.0,6.460029642159371,0.0,6.460029642159371,0.0,0.0,1.0,0.0,2.5649493574615367,7.824445930877619,6.462732312933774,5.145848337786021,1.0,12,4
8303,3.4025317576530583,0.909091,5.672050980494704,0.0,5.672050980494704,0.0,0.0,0.909091,0.0,2.4849066497880004,6.90875477931522,5.498904692171383,4.488678717150082,0.0,11,4
8325,5.542282707988452,1.0,7.689700572700881,0.0,7.689700572700881,0.0,0.0,1.0,0.0,3.7376696182833684,8.294299608857235,7.5444894448819495,5.243821908597521,0.5,12,4
8331,3.2899006146103495,1.0,5.629633476019879,0.0,5.629633476019879,0.0,0.0,1.0,0.0,2.5649493574615367,6.90875477931522,5.617319307372168,5.181773555860119,1.0,12,4
8334,2.4945172364660047,1.0,5.3815549651180925,0.0,5.3815549651180925,0.0,0.0,1.0,0.0,2.5649493574615367,6.90875477931522,5.302545858860078,3.5815444070179856,0.555556,12,4
8335,6.687966999941103,1.0,5.789715492647929,0.0,5.789715492647929,0.0,0.0,1.0,0.0,2.5649493574615367,6.90875477931522,6.185777382781259,5.418105479581477,0.0,12,4
8337,3.5247367069375546,1.0,5.230038525794742,0.0,5.230038525794742,0.0,0.0,0.9,0.0,2.3978952727983707,6.90875477931522,4.63294674077557,4.965824640161923,0.625,10,4
8339,4.001579189979882,0.818182,6.760959154655469,0.0,6.760959154655469,0.0,0.0,0.666667,0.0,2.302585092994046,7.824445930877619,6.916083042699775,5.154899162938631,1.0,12,4
8340,5.441345347867649,1.0,4.422208424306714,0.0,4.422208424306714,0.0,0.0,0.333333,0.0,1.6094379124341003,6.90875477931522,5.321973783936954,5.152569750215842,0.0,12,4
8341,5.220398191748412,1.0,6.268944757075166,0.0,6.268944757075166,0.0,0.0,1.0,0.0,2.5649493574615367,7.313886831633462,5.986430148261655,5.201523386456335,0.083333,12,4
8343,1.7231888300170803,0.181818,3.674273301724574,0.0,3.674273301724574,0.0,0.0,0.166667,0.0,1.0986122886681098,6.90875477931522,4.327440715013964,3.738500368353048,0.0,12,4
8345,1.931848459566473,0.818182,5.510399970502822,0.0,5.510399970502822,0.0,0.0,0.5,0.0,2.302585092994046,6.90875477931522,5.760784779089488,4.454495110909779,0.777778,12,4
8348,3.9405156472896326,1.0,6.53134399126471,0.0,6.53134399126471,0.0,0.0,0.916667,0.0,2.5649493574615367,6.90875477931522,6.443064264773476,5.2213605472029965,0.8,12,4
8349,7.347513398913239,1.0,5.860558277260183,0.0,5.860558277260183,0.0,0.0,1.0,0.0,2.5649493574615367,7.313886831633462,5.776920163618348,8.913844867749825,0.0,12,4
8355,5.53480783417855,1.0,7.81923445385907,0.0,7.81923445385907,0.0,0.0,1.0,0.0,2.5649493574615367,6.111467339502679,7.76149759050054,7.872008967460056,0.166667,12,4
8361,3.1118514813717413,0.727273,5.2699178920263385,0.0,5.2699178920263385,0.0,0.0,0.666667,0.0,2.1972245773362196,7.824445930877619,5.582937099821931,5.046577375585319,1.0,12,4
8363,4.967292820279512,1.0,7.409136443920128,0.0,7.409136443920128,0.0,0.0,0.916667,0.0,2.4849066497880004,6.90875477931522,7.482188246599668,5.184455981781867,0.636364,12,4
8367,4.719377449517908,1.0,7.009309560111,0.0,7.009309560111,0.0,0.0,1.0,0.0,3.295836866004329,7.601402334583733,6.913408144389771,5.028894770563099,0.909091,12,4
8369,3.1850224513422787,1.0,5.929589143389895,0.0,5.929589143389895,0.0,0.0,1.0,0.0,2.5649493574615367,7.824445930877619,5.967981657195486,5.192072793559993,0.916667,12,4
8372,3.221190224577837,0.7,6.093073032696079,3.929862923556477,5.973504221730989,0.0,0.1,0.8,0.0,3.091042453358316,7.313886831633462,5.704583547045354,4.240664245391537,0.2,10,4
8373,5.971441032918088,1.0,7.869783902530146,0.0,7.869783902530146,0.0,0.0,1.0,0.0,2.5649493574615367,7.601402334583733,7.690438816958926,5.419250781211842,0.083333,12,4
8376,2.0788623739946064,0.363636,4.3538843287276014,0.0,4.3538843287276014,0.0,0.0,0.25,0.0,1.3862943611198906,8.294299608857235,5.682921193383596,4.8864078075015085,0.5,12,4
8378,4.54209456229408,1.0,7.138470095792665,0.0,7.138470095792665,0.0,0.0,0.916667,0.0,3.258096538021482,6.90875477931522,7.0995864300802305,5.101807220097163,0.666667,12,4
8381,3.749011130923531,1.0,5.501094931909374,0.0,5.501094931909374,0.0,0.0,1.0,0.0,3.2188758248682006,8.006700845440367,7.045588818835955,4.8955766588884275,0.4,12,4
8382,2.705576744629285,1.0,4.926673806915383,0.0,4.926673806915383,0.0,0.0,1.0,0.0,2.5649493574615367,6.90875477931522,4.907985582368648,4.927235634269651,0.416667,12,4
8384,1.8938502451082546,0.454545,3.8815637979434374,0.0,3.8815637979434374,0.0,0.0,0.166667,0.0,1.3862943611198906,8.006700845440367,4.2704533178058295,3.771259006161636,0.1,12,4
8393,1.2976464639431062,0.090909,4.642369626977198,0.0,4.642369626977198,0.0,0.0,0.083333,0.0,0.6931471805599453,8.294299608857235,5.319243729863382,3.3515490493717723,0.090909,12,4
8403,2.1808252854518524,0.363636,4.836281906951478,0.0,4.836281906951478,0.0,0.0,0.333333,0.0,1.791759469228055,7.824445930877619,4.530304097305871,3.793228658568931,0.0,12,4
8405,2.012768477358359,0.272727,4.138520924554929,0.0,4.138520924554929,0.0,0.0,0.25,0.0,1.3862943611198906,6.90875477931522,5.458579574313746,4.9265894211044206,1.0,12,4
8407,4.529036680749661,0.833333,6.604824195767617,0.0,6.604824195767617,0.0,0.0,0.666667,0.0,1.791759469228055,7.824445930877619,6.500369048699919,4.47204832092428,1.0,6,4
8408,5.721326946394054,1.0,5.672463791398774,0.0,5.672463791398774,0.0,0.0,0.416667,0.0,2.0794415416798357,7.824445930877619,6.509741672847199,5.182232595523598,0.0,12,4
8413,3.499307305190463,0.909091,6.3526642389181305,0.0,6.3526642389181305,0.0,0.0,0.75,0.0,2.3978952727983707,7.601402334583733,6.329974782384148,4.862658428110666,0.555556,12,4
8416,2.3714328472853397,0.636364,4.867072805452385,0.0,4.867072805452385,0.0,0.0,0.5,0.0,2.0794415416798357,8.006700845440367,5.140864313216211,5.0489552170444485,0.6,12,4
8427,0.9960212677502226,0.181818,3.497718948652777,0.0,3.497718948652777,0.0,0.0,0.083333,0.0,1.0986122886681098,7.824445930877619,4.786925841023179,5.021251053667634,1.0,12,4
8429,3.391050778548847,1.0,5.8888779583328805,0.0,5.8888779583328805,0.0,0.0,1.0,0.0,2.5649493574615367,7.601402334583733,5.867470310882906,4.570156892418409,0.75,12,4
8431,1.3480793820464967,0.181818,4.749789875598035,0.0,4.749789875598035,0.0,0.0,0.25,0.0,1.3862943611198906,6.90875477931522,6.001941783676405,4.88052669227239,0.333333,12,4
8432,5.317965217161041,1.0,5.103214475389349,0.0,5.103214475389349,0.0,0.0,0.5,0.0,2.302585092994046,7.313886831633462,5.246059264778227,7.445538575079603,0.0,12,4
8433,2.293105200467414,0.363636,4.729950902885397,0.0,4.729950902885397,0.0,0.0,0.166667,0.0,1.3862943611198906,6.90875477931522,5.712671166262205,4.619590107382538,0.0,12,4
8434,5.092245320576045,1.0,5.736572297479192,0.0,5.736572297479192,0.0,0.0,0.25,0.0,1.3862943611198906,6.90875477931522,6.447269201013403,5.27306051055229,0.0,12,4
8443,4.572671353489976,1.0,5.393445711639614,0.0,5.393445711639614,0.0,0.0,0.909091,0.0,2.3978952727983707,7.824445930877619,4.800132872628585,5.088645907695244,0.0,11,4
8444,1.8915011789193552,0.222222,4.154498485041848,0.0,4.154498485041848,0.0,0.0,0.444444,0.0,1.6094379124341003,7.313886831633462,3.4819496529205143,3.4247717106698703,0.0,9,4
8449,2.3975885894121918,0.454545,4.48796198508255,0.0,4.48796198508255,0.0,0.0,0.416667,0.0,1.791759469228055,6.90875477931522,5.372692571920353,4.81401592904935,0.2,12,4
8455,6.454820809610228,1.0,5.900417766089615,0.0,5.900417766089615,0.0,0.0,0.833333,0.0,2.9444389791664403,6.90875477931522,3.4306644321218185,8.274684719498296,0.0,12,4
8456,6.998073490529261,1.0,6.359781459580641,0.0,6.359781459580641,0.0,0.0,0.833333,0.0,2.70805020110221,6.957497370876951,6.751575873348255,7.249051990514849,0.0,12,4
8459,4.17965109929766,0.666667,5.642084360185986,0.0,5.642084360185986,0.0,0.0,0.666667,0.0,1.791759469228055,7.313886831633462,4.4261805441952475,4.446884308001974,0.0,6,4
8460,3.72956860781124,0.909091,5.465102184192863,0.0,5.465102184192863,0.0,0.0,0.833333,0.0,2.3978952727983707,6.90875477931522,5.635626681293008,5.0880602584675545,0.272727,12,4
8462,3.0736386547524033,0.818182,5.139673273108439,0.0,5.139673273108439,0.0,0.0,0.666667,0.0,2.302585092994046,6.90875477931522,5.263652233763316,4.989150765596872,1.0,12,4
8466,3.8975987745925407,1.0,5.789715492647929,0.0,5.789715492647929,0.0,0.0,1.0,0.0,2.5649493574615367,7.824445930877619,5.854131500201548,5.119825248086615,0.416667,12,4
8468,3.1775284840444047,0.454545,5.303304908059076,0.0,5.303304908059076,0.0,0.0,0.363636,0.0,1.6094379124341003,7.601402334583733,6.196746342815425,5.09317455048933,0.0,11,4
8472,3.3756830415461785,0.545455,5.771441123130016,0.0,5.771441123130016,0.0,0.0,0.416667,0.0,1.9459101490553132,6.90875477931522,6.313970947783675,5.037563253590579,0.4,12,4
8474,2.9017854289857046,0.818182,4.700480365792417,0.0,4.700480365792417,0.0,0.0,0.416667,0.0,1.9459101490553132,6.90875477931522,4.972663103081407,4.67458027176239,0.1,12,4
8475,4.295511466370538,1.0,6.3784261836515865,0.0,6.3784261836515865,0.0,0.0,1.0,0.0,2.5649493574615367,7.824445930877619,6.361210165885805,5.220227811479528,0.583333,12,4
8481,1.479572022211325,0.272727,4.296468746312235,0.0,4.296468746312235,0.0,0.0,0.333333,0.0,1.6094379124341003,6.90875477931522,5.275332087384121,4.7267981404615105,0.75,12,4
8482,4.029686762860054,1.0,6.621405651764134,0.0,6.621405651764134,0.0,0.0,1.0,0.0,2.5649493574615367,7.601402334583733,6.5675487995468655,5.150658193723457,1.0,12,4
8485,3.494450234498701,0.363636,5.903616456534786,0.0,5.903616456534786,0.0,0.0,0.333333,0.0,1.6094379124341003,7.51443638820993,6.713099720146795,4.9328173531263095,1.0,12,4
8486,3.5765717793981797,1.0,7.848933726364071,0.0,7.848933726364071,0.0,0.0,1.0,0.0,2.5649493574615367,7.741099090035366,7.841973916862103,5.044375955051941,0.454545,12,4
8487,2.741391162343098,0.454545,5.231856999847767,0.0,5.231856999847767,0.0,0.0,0.666667,0.0,2.302585092994046,7.824445930877619,5.208646417849001,4.381835178847385,0.142857,12,4
8492,6.954812560672862,0.818182,7.455090251164196,0.0,7.455090251164196,0.0,0.0,1.0,0.0,2.5649493574615367,6.90875477931522,8.174646597223505,8.084773598544896,0.0,12,4
8496,5.05092961021875,0.8,6.990035481595865,0.0,6.990035481595865,0.0,0.0,0.7,0.0,2.5649493574615367,8.294299608857235,6.977198779453928,5.001931156088794,0.666667,10,4
8498,3.7107790968218377,1.0,6.073781589597195,0.0,6.073781589597195,0.0,0.0,1.0,0.0,2.5649493574615367,8.699681400989514,6.118525036021044,5.1979518163648475,0.666667,12,4
8499,2.8370845471533817,0.545455,5.046324136504762,0.0,5.046324136504762,0.0,0.0,0.416667,0.0,1.791759469228055,8.294299608857235,5.710604915457352,4.813803482902099,0.166667,12,4
8510,2.5809204456328554,0.545455,4.975008116453105,0.0,4.975008116453105,0.0,0.0,0.416667,0.0,1.791759469228055,7.313886831633462,5.803637236429147,5.001835468957501,1.0,12,4
8511,2.0342866058042275,1.0,5.437383414671034,0.0,5.437383414671034,0.0,0.0,0.666667,0.0,2.5649493574615367,8.294299608857235,5.454424662381723,4.580904450022928,1.0,12,4
8512,2.93556848928562,0.545455,5.040841136153322,0.0,5.040841136153322,0.0,0.0,0.416667,0.0,1.791759469228055,6.90875477931522,5.339344394447512,4.476813814100985,0.363636,12,4
8516,1.473558164580611,0.272727,6.369798237824113,0.0,6.369798237824113,0.0,0.0,0.416667,0.0,1.791759469228055,7.601402334583733,3.367774646370094,2.7629009469158934,0.0,12,4
8517,4.973543873988684,1.0,6.031814430201173,0.0,6.031814430201173,0.0,0.0,1.0,0.0,2.8903717578961645,8.006700845440367,5.980183165950263,5.156605795882146,0.0,12,4
8520,3.216240555594287,0.818182,5.587623120115915,0.0,5.587623120115915,0.0,0.0,0.583333,0.0,2.1972245773362196,8.294299608857235,5.75013591369071,4.814040477240402,0.636364,12,4
8522,5.01906567833638,1.0,6.750446283589474,0.0,6.750446283589474,0.0,0.0,1.0,0.0,2.5649493574615367,8.006700845440367,6.768968002365952,5.162782808927516,0.083333,12,4
8523,2.51732293511261,0.636364,4.620058798481842,0.0,4.620058798481842,0.0,0.0,0.5,0.0,1.9459101490553132,8.006700845440367,5.010156779626466,4.478630443288622,0.142857,12,4
8524,2.647991160980957,0.545455,4.6819460247901405,0.0,4.6819460247901405,0.0,0.0,0.5,0.0,1.9459101490553132,7.824445930877619,5.621285952173417,4.965759956981905,0.5,12,4
8526,2.0862277134414855,0.818182,6.061410297794649,0.0,6.061410297794649,0.0,0.0,0.916667,0.0,2.9444389791664403,7.313886831633462,5.999787242199238,2.9324485381767236,0.111111,12,4
8527,3.3240054898820675,1.0,6.311734809152915,0.0,6.311734809152915,0.0,0.0,0.916667,0.0,2.4849066497880004,7.601402334583733,6.368032495141141,3.3370987637529694,0.0,12,4
8528,4.851033321825449,0.545455,6.3447587828872365,0.0,6.3447587828872365,0.0,0.0,0.5,0.0,1.9459101490553132,7.601402334583733,7.166432576470914,5.310960785603391,0.0,12,4
8530,3.247238144619669,0.545455,5.638497007957572,0.0,5.638497007957572,0.0,0.0,0.5,0.0,1.9459101490553132,7.824445930877619,6.291382879620422,4.95232027517586,0.666667,12,4
8533,6.895529882428477,1.0,6.326471424900891,0.0,6.326471424900891,3.835387870378859,0.0,1.0,0.6931471805599453,3.6888794541139363,6.90875477931522,7.345678671089402,8.655025014569981,0.0,12,4
8534,3.098658874643353,1.0,5.469746482175568,2.2407096892759584,5.43372200355424,0.0,1.0,1.0,0.0,3.2188758248682006,7.824445930877619,5.384533328112008,5.188331286107689,0.833333,12,4
8536,3.0084915269749417,0.636364,5.225854194814321,0.0,5.225854194814321,0.0,0.0,0.5,0.0,1.9459101490553132,7.824445930877619,5.455430780284455,4.3958801180101945,0.3,12,4
8537,4.889114757677242,0.545455,7.712005455553492,0.0,7.712005455553492,0.0,0.0,0.5,0.0,1.9459101490553132,7.601402334583733,8.397047203611068,5.042216955127553,1.0,12,4
8538,6.271191178789573,1.0,6.515482764659955,0.0,6.515482764659955,0.0,0.0,1.0,0.0,2.5649493574615367,7.824445930877619,4.857992610005002,5.622957168054215,0.0,12,4
8543,3.5978127654519736,0.909091,5.651787179537821,0.0,5.651787179537821,0.0,0.0,0.75,0.0,2.3978952727983707,7.824445930877619,5.7161593310607515,5.147544679041673,0.666667,12,4
8551,6.6026207111894575,0.9,5.860843201899544,0.0,5.860843201899544,0.0,0.0,0.6,0.0,1.9459101490553132,6.90875477931522,4.903981928252855,5.780924900575683,0.0,10,4
8553,4.773603098861362,1.0,6.495718625490934,0.0,6.495718625490934,6.1713363264794125,0.0,0.9,0.6931471805599453,2.6390573296152584,7.0909098220799835,6.334870986479101,5.02348762788447,0.25,10,4
8555,3.4692282972845545,0.909091,6.156237185095862,0.0,6.156237185095862,0.0,0.0,0.833333,0.0,2.8903717578961645,8.006700845440367,6.209369245565101,4.9636489011529425,0.909091,12,4
8557,2.489612974315147,0.454545,5.816664631712873,0.0,5.816664631712873,0.0,0.0,0.583333,0.0,2.0794415416798357,8.006700845440367,6.263506942400045,4.89955443360372,0.833333,12,4
8558,4.910356319585169,1.0,7.781939858825276,0.0,7.781939858825276,0.0,0.0,1.0,0.0,2.5649493574615367,8.160803920954665,7.800481822535708,7.680495594326716,0.916667,12,4
8562,3.9126801694485622,1.0,5.891533708482933,0.0,5.891533708482933,0.0,0.0,0.875,0.0,2.1972245773362196,6.90875477931522,5.776705844493191,4.903937232470654,0.285714,8,4
8566,2.100356050606472,0.181818,4.7808027546312495,0.0,4.7808027546312495,0.0,0.0,0.083333,0.0,0.6931471805599453,7.601402334583733,6.791266932478938,4.310230480516185,0.0,12,4
8571,3.5617035652785765,1.0,4.6913478822291435,0.0,4.6913478822291435,0.0,0.0,1.0,0.0,2.5649493574615367,6.90875477931522,4.238903156161657,5.128279849053518,0.0,12,4
8572,3.395785296045019,1.0,6.185549970822179,0.0,6.185549970822179,0.0,0.0,1.0,0.0,2.5649493574615367,6.90875477931522,6.186283691041733,4.3758292454671786,0.166667,12,4
8573,3.98278751729975,1.0,5.01926462079431,0.0,5.01926462079431,0.0,0.0,0.833333,0.0,1.9459101490553132,6.90875477931522,4.020384266343188,4.430283085014851,0.0,6,4
8576,2.363725158417186,1.0,5.554857008480675,0.0,5.554857008480675,0.0,0.0,1.0,0.0,2.70805020110221,7.313886831633462,5.5330224846308615,4.745167613677885,0.7,12,4
8587,3.48311313409165,0.545455,5.707110264748875,0.0,5.707110264748875,0.0,0.0,0.5,0.0,1.9459101490553132,6.90875477931522,6.3797208765840425,4.972166639409433,1.0,12,4
8588,4.875512533059289,1.0,6.36695143169646,0.0,6.36695143169646,5.838889975818865,0.0,0.875,0.6931471805599453,2.1972245773362196,6.90875477931522,6.213656860138477,4.715196594418622,0.5,8,4
8594,1.876350739564989,0.181818,3.828641396489095,0.0,3.828641396489095,0.0,0.0,0.166667,0.0,1.0986122886681098,6.90875477931522,6.247738522588798,4.731293667669214,0.5,12,4
8595,6.487359391978732,1.0,5.9627563829712384,0.0,5.9627563829712384,0.0,0.0,0.083333,0.0,0.6931471805599453,7.601402334583733,7.013037204351828,6.469665191963477,0.0,12,4
8600,3.0908939423310993,0.909091,5.693462742249347,0.0,5.693462742249347,0.0,0.0,1.0,0.0,2.5649493574615367,6.90875477931522,5.624789417573354,5.087050612278622,0.636364,12,4
8601,4.730840365083427,1.0,5.6017497490910495,3.929862923556477,5.3981627015177525,0.0,0.083333,0.666667,0.0,2.302585092994046,7.313886831633462,5.323790372113559,5.124858709964846,0.0,12,4
8603,3.502015516310302,1.0,5.3452486612324694,0.0,5.3452486612324694,0.0,0.0,1.0,0.0,2.772588722239781,6.90875477931522,4.996783654893142,4.9120329570843975,0.181818,12,4
8604,3.010786488098512,0.818182,5.018867979022732,0.0,5.018867979022732,0.0,0.0,0.666667,0.0,2.1972245773362196,7.313886831633462,5.26492395126643,5.0591022568353825,0.7,12,4
8605,1.3591423078331901,0.181818,3.9830404926634264,0.0,3.9830404926634264,0.0,0.0,0.166667,0.0,1.0986122886681098,6.2166061010848646,5.673572174335864,4.834090706436825,1.0,12,4
8606,3.830143897603547,1.0,5.39034945199453,0.0,5.39034945199453,0.0,0.0,1.0,0.0,2.5649493574615367,6.90875477931522,5.319211794671547,5.135419594710329,0.0,12,4
8608,3.12410627089939,0.727273,5.547518452181536,0.0,5.547518452181536,0.0,0.0,0.666667,0.0,2.1972245773362196,7.313886831633462,5.995116358620312,4.928658053642457,0.75,12,4
8620,2.0474302282397607,0.545455,5.629202596300466,0.0,5.629202596300466,0.0,0.0,1.0,0.0,2.5649493574615367,6.90875477931522,5.578186994924784,4.425181485966555,0.363636,12,4
8621,2.670139935603878,0.454545,4.051958845725663,0.0,4.051958845725663,0.0,0.0,0.25,0.0,1.3862943611198906,6.90875477931522,5.254530831073677,5.038810654386236,0.166667,12,4
8622,0.06335219272820937,0.090909,4.248495242049359,0.0,4.248495242049359,0.0,0.0,0.083333,0.0,0.6931471805599453,7.313886831633462,6.229868405375795,4.150898825081073,0.0,12,4
8623,4.276040895826987,0.818182,6.425954334256763,0.0,6.425954334256763,0.0,0.0,0.5,0.0,2.0794415416798357,6.2166061010848646,6.536026519954457,6.483442732519551,0.0,12,4
8624,6.920760029451634,1.0,5.747735562184664,0.0,5.747735562184664,0.0,0.0,1.0,0.0,2.5649493574615367,6.90875477931522,5.788755280170255,6.411748445896385,0.0,12,4
8628,4.3825128914319,0.363636,6.621405651764134,0.0,6.621405651764134,0.0,0.0,0.25,0.0,1.3862943611198906,7.170888478512505,7.802543194273065,5.18353959181792,1.0,12,4
8629,4.7588438663549075,1.0,5.941013003611884,0.0,5.941013003611884,0.0,0.0,1.0,0.0,2.5649493574615367,6.90875477931522,5.642446131292729,5.197953850620754,0.0,12,4
8631,6.318790557443706,1.0,6.130704614199486,0.0,6.130704614199486,0.0,0.0,1.0,0.0,2.5649493574615367,6.90875477931522,5.067461312699028,5.555015605520893,0.0,12,4
8632,4.2649689031083815,0.636364,6.396929655216146,0.0,6.396929655216146,0.0,0.0,0.416667,0.0,1.9459101490553132,6.90875477931522,6.916068781854075,4.947766986264464,1.0,12,4
8635,1.630707110847765,0.181818,3.979681653901961,0.0,3.979681653901961,0.0,0.0,0.083333,0.0,1.0986122886681098,6.2166061010848646,4.425199635411986,5.103533743773593,0.0,12,4
8636,2.913081864614356,0.818182,5.582744146279145,0.0,5.582744146279145,0.0,0.0,0.833333,0.0,2.3978952727983707,6.90875477931522,5.714560057301638,5.020837936350548,0.6,12,4
8640,3.6100047120196463,0.909091,5.380450196086559,0.0,5.380450196086559,0.0,0.0,1.0,0.0,2.5649493574615367,6.90875477931522,5.0177385130638426,4.887983294248265,0.0,12,4
8641,2.4236343443114463,0.363636,4.110873864173311,0.0,4.110873864173311,0.0,0.0,0.25,0.0,1.3862943611198906,6.90875477931522,5.275359852927465,4.960007665823147,0.25,12,4
8643,4.619838498355482,1.0,7.353081920515432,0.0,7.353081920515432,0.0,0.0,1.0,0.0,2.5649493574615367,6.90875477931522,7.300480324705497,5.111993342557986,1.0,12,4
8644,3.123170282918562,1.0,5.210960475329785,0.0,5.210960475329785,0.0,0.0,0.833333,0.0,2.4849066497880004,7.313886831633462,5.176884355327813,5.148759414814036,0.375,12,4
8650,5.530545222337652,1.0,7.536129244199314,0.0,7.536129244199314,0.0,0.0,1.0,0.0,2.5649493574615367,6.90875477931522,7.378078108528036,5.293233847331285,0.416667,12,4
8652,5.592484198672398,1.0,5.060060177423779,0.0,5.060060177423779,0.0,0.0,1.0,0.0,2.5649493574615367,6.90875477931522,5.0669625448380575,7.108656042612941,0.0,12,4
8654,4.106183076331464,0.909091,5.726326439091095,0.0,5.726326439091095,0.0,0.0,0.833333,0.0,2.3978952727983707,6.90875477931522,5.848075945722866,5.045815786023528,0.636364,12,4
8657,5.612519632984502,1.0,6.267276446989276,0.0,6.267276446989276,0.0,0.0,1.0,0.0,3.367295829986474,7.313886831633462,4.735886601529702,5.183735559611988,0.0,12,4
8664,4.105876760075567,1.0,5.9177103585193205,0.0,5.9177103585193205,0.0,0.0,1.0,0.0,2.995732273553991,7.313886831633462,5.676286566418281,5.106994244960023,0.166667,12,4
8666,3.13260517710729,1.0,4.736198448394496,0.0,4.736198448394496,0.0,0.0,0.833333,0.0,2.3978952727983707,7.313886831633462,4.633089800835549,5.030560547860431,0.083333,12,4
8667,4.392739100770764,1.0,6.059963963532675,0.0,6.059963963532675,0.0,0.0,0.833333,0.0,2.3978952727983707,6.90875477931522,6.019489280062829,5.109830710524014,0.166667,12,4
8669,4.8898746923865986,0.888889,7.118243083102442,0.0,7.118243083102442,0.0,0.0,0.777778,0.0,2.5649493574615367,7.601402334583733,6.5981510612821,6.630492684082676,0.333333,9,4
8671,3.1873256720034586,0.181818,5.961829741978291,5.075173815233827,5.435118408040182,0.0,0.083333,0.083333,0.0,1.9459101490553132,7.0909098220799835,4.469721344804898,5.095698381624158,0.0,12,4
8673,3.7028954692565623,0.363636,5.886770475993316,0.0,5.886770475993316,0.0,0.0,0.333333,0.0,1.6094379124341003,7.313886831633462,6.901382995037685,4.941645294033753,1.0,12,4
8674,2.1495894958019113,0.363636,4.555139252382526,0.0,4.555139252382526,0.0,0.0,0.333333,0.0,1.6094379124341003,6.90875477931522,5.60352380759321,4.974437010397901,1.0,12,4
8677,0.49960733339179575,0.272727,5.556828061699537,0.0,5.556828061699537,0.0,0.0,1.0,0.0,2.5649493574615367,6.90875477931522,5.771863404673124,3.3081438603542894,0.2,12,4
8681,2.9712807056600123,1.0,5.566051801190121,0.0,5.566051801190121,0.0,0.0,1.0,0.0,2.5649493574615367,7.313886831633462,5.523335843090924,5.125568084994816,0.75,12,4
8687,0.7680732822401346,0.181818,4.7764307954226215,0.0,4.7764307954226215,0.0,0.0,0.25,0.0,1.6094379124341003,7.313886831633462,6.006833243850235,4.007638993013959,0.75,12,4
8695,3.826553304898971,1.0,5.126163938669708,0.0,5.126163938669708,0.0,0.0,0.857143,0.0,2.0794415416798357,6.90875477931522,4.07856662598052,4.643293855301076,0.2,7,4
8696,4.706110224718362,1.0,6.967438281143311,0.0,6.967438281143311,0.0,0.0,1.0,0.0,3.4011973816621555,6.90875477931522,6.792540444172983,5.2744531170202285,0.583333,12,4
8701,2.4264609960454377,0.625,4.641116312761561,0.0,4.641116312761561,0.0,0.0,0.25,0.0,1.3862943611198906,7.313886831633462,5.254531901951399,4.028540422749636,0.0,8,4
8702,4.124170545596066,0.818182,6.803505257608338,0.0,6.803505257608338,0.0,0.0,0.75,0.0,2.302585092994046,6.90875477931522,7.098197955037404,5.1694770962401995,0.777778,12,4
8703,4.237389428740529,0.571429,5.964863865310803,0.0,5.964863865310803,0.0,0.0,0.714286,0.0,1.791759469228055,6.90875477931522,5.718381922193085,4.415153142747516,0.0,7,4
8704,3.339393996627256,1.0,6.29047594965132,0.0,6.29047594965132,0.0,0.0,1.0,0.0,2.772588722239781,7.313886831633462,6.1299886018772,4.622490352172905,0.4,12,4
8706,4.005852981179865,1.0,5.684939386854721,0.0,5.684939386854721,0.0,0.0,0.916667,0.0,2.5649493574615367,6.90875477931522,5.3739851273130625,5.147454307402022,0.090909,12,4
8710,2.959774885957119,0.545455,4.776177982881773,0.0,4.776177982881773,0.0,0.0,0.416667,0.0,1.791759469228055,7.313886831633462,5.231120114114696,4.490140305669066,0.2,12,4
8711,4.177880131975244,1.0,6.041206639002796,0.0,6.041206639002796,0.0,0.0,0.75,0.0,2.302585092994046,6.90875477931522,6.009151049735948,5.18278898287755,0.272727,12,4
8712,4.905274563623592,1.0,7.303843225277705,0.0,7.303843225277705,0.0,0.0,1.0,0.0,2.5649493574615367,6.90875477931522,7.2110228424799665,5.145219355803549,0.909091,12,4
8714,4.741130581195847,1.0,6.593866114361182,0.0,6.593866114361182,0.0,0.0,1.0,0.0,2.5649493574615367,6.90875477931522,6.392820788707136,5.178763550860713,0.545455,12,4
8715,2.3099719429159955,0.888889,6.3219546406230736,0.0,6.3219546406230736,0.0,0.0,0.888889,0.0,2.302585092994046,7.313886831633462,6.30663009443435,1.1530401817305995,0.0,9,4
8717,5.4024235884081815,1.0,7.5144400227662915,0.0,7.5144400227662915,0.0,0.0,0.916667,0.0,2.4849066497880004,6.90875477931522,7.410803968031585,5.180801871974346,0.818182,12,4
8721,1.7653044336489399,0.090909,5.91155516387968,0.0,5.91155516387968,0.0,0.0,1.0,0.0,2.5649493574615367,6.90875477931522,6.842149642546175,3.433258358296119,0.0,12,4
8727,5.340233822726572,0.833333,4.110873864173311,0.0,4.110873864173311,5.562776504465884,0.0,0.833333,1.0986122886681098,1.9459101490553132,6.90875477931522,4.104101309982835,4.585090858814031,0.0,6,4
8728,3.6904252088193337,1.0,5.697160598347314,0.0,5.697160598347314,0.0,0.0,0.916667,0.0,2.4849066497880004,6.90875477931522,5.698197407162063,5.236261787024795,0.0,12,4
8731,3.842583212658183,1.0,5.407171771460119,0.0,5.407171771460119,0.0,0.0,0.916667,0.0,2.5649493574615367,7.313886831633462,5.1757996260959676,5.178868102253391,0.3,12,4
8733,2.5211099143778637,0.636364,4.418840607796598,0.0,4.418840607796598,0.0,0.0,0.416667,0.0,1.9459101490553132,6.90875477931522,4.428994472748609,4.402772297564343,0.222222,12,4
8735,3.594289889604031,1.0,5.6568306197604095,0.0,5.6568306197604095,0.0,0.0,0.916667,0.0,2.5649493574615367,6.90875477931522,5.454556849021598,5.1781622597540915,0.363636,12,4
8741,4.443041450942794,1.0,7.003065458786462,0.0,7.003065458786462,0.0,0.0,0.916667,0.0,2.5649493574615367,6.90875477931522,6.893041158308804,5.190239801942374,0.909091,12,4
8742,4.477632327628076,1.0,6.407737703932739,0.0,6.407737703932739,0.0,0.0,0.916667,0.0,2.5649493574615367,7.313886831633462,6.2395686009805,5.17055617993276,0.0,12,4
8749,3.663955568532028,1.0,5.370405442942291,0.0,5.370405442942291,0.0,0.0,0.833333,0.0,2.4849066497880004,7.313886831633462,5.1028889955046095,5.195263571696263,0.444444,12,4
8750,2.2350532964741814,0.181818,5.968707559985366,0.0,5.968707559985366,0.0,0.0,0.916667,0.0,2.5649493574615367,7.313886831633462,6.01987897149793,3.4589932533937544,0.0,12,4
8751,0.43571428687171837,0.090909,5.43372200355424,0.0,5.43372200355424,0.0,0.0,0.916667,0.0,2.5649493574615367,6.90875477931522,5.479367761591453,2.84067350654034,0.0,12,4
8756,3.817833791107187,1.0,5.9983408510474145,0.0,5.9983408510474145,0.0,0.0,0.916667,0.0,2.5649493574615367,7.313886831633462,5.677059505536276,5.112972736870403,0.6,12,4
8759,4.225040064591662,1.0,5.69035945432406,0.0,5.69035945432406,0.0,0.0,0.416667,0.0,1.9459101490553132,6.90875477931522,5.508129970318303,5.124713900523065,0.3,12,4
8762,2.4767592160719807,1.0,4.800407968048592,0.0,4.800407968048592,0.0,0.0,0.909091,0.0,2.4849066497880004,7.313886831633462,4.505232473651717,4.930691515417974,0.1,11,4
8766,2.805121495899434,0.909091,5.690291884473702,0.0,5.690291884473702,0.0,0.0,0.909091,0.0,2.5649493574615367,7.313886831633462,5.686385368772055,3.8506208726784075,0.25,11,4
8767,3.276643211024641,1.0,5.902633333401366,0.0,5.902633333401366,0.0,0.0,0.909091,0.0,2.995732273553991,7.313886831633462,5.543953993243222,4.946023874301642,0.777778,11,4
8770,3.8671273288875385,1.0,6.096500009941863,0.0,6.096500009941863,0.0,0.0,0.909091,0.0,2.4849066497880004,6.90875477931522,5.99791469262148,5.032135381851699,0.888889,11,4
8772,2.284482525776462,0.636364,4.8283137373023015,0.0,4.8283137373023015,0.0,0.0,0.454545,0.0,1.9459101490553132,6.90875477931522,5.27199630675696,4.8550557450325,1.0,11,4
8773,3.2457193713213717,1.0,5.583496308781699,0.0,5.583496308781699,0.0,0.0,0.727273,0.0,2.302585092994046,6.90875477931522,5.6214285620939615,4.930044164956043,1.0,11,4
8774,7.857962852161753,0.909091,5.82600010738045,0.0,5.82600010738045,0.0,0.0,0.454545,0.0,1.9459101490553132,9.105090961257085,6.765358296034936,6.65608602218561,0.0,11,4
8775,3.467325919303252,1.0,6.102670445181327,0.0,6.102670445181327,0.0,0.0,0.909091,0.0,2.4849066497880004,6.90875477931522,5.962925518095923,5.071384425808071,1.0,11,4
8776,3.6064933277784887,1.0,5.315174483614459,0.0,5.315174483614459,0.0,0.0,0.909091,0.0,2.4849066497880004,6.90875477931522,5.321174700923199,5.439648642092875,0.333333,11,4
8781,3.9417001501815023,0.909091,6.3818160174060985,0.0,6.3818160174060985,0.0,0.0,0.818182,0.0,2.3978952727983707,7.313886831633462,6.294205051377238,5.040265821920799,0.777778,11,4
8783,2.3319894172850684,0.909091,4.687671407499835,0.0,4.687671407499835,0.0,0.0,0.818182,0.0,2.3978952727983707,6.90875477931522,4.509417291199949,4.507686036823862,0.428571,11,4
8786,4.553589860937497,0.909091,6.334167333479831,0.0,6.334167333479831,0.0,0.0,0.818182,0.0,2.3978952727983707,6.90875477931522,6.075025782113305,5.01093614883493,0.25,11,4
8787,3.18076357234538,0.7,5.017279836814924,0.0,5.017279836814924,0.0,0.0,0.4,0.0,1.791759469228055,7.313886831633462,5.44127585972403,4.768528929743134,1.0,10,4
8788,4.898581651576608,1.0,7.065613363597717,0.0,7.065613363597717,0.0,0.0,0.9,0.0,2.5649493574615367,6.90875477931522,6.9749488978511165,5.0926238182097405,0.444444,10,4
8794,4.0960360142435785,1.0,6.668228248417403,0.0,6.668228248417403,0.0,0.0,0.9,0.0,2.5649493574615367,6.90875477931522,6.499876916316164,4.981461411430332,1.0,10,4
8797,4.592157811059314,0.833333,6.454490765740678,0.0,6.454490765740678,0.0,0.0,0.666667,0.0,2.3978952727983707,6.90875477931522,6.332320123557388,4.416202975674851,1.0,6,4
8798,3.4031222944948167,1.0,5.10230248262208,0.0,5.10230248262208,0.0,0.0,0.9,0.0,2.3978952727983707,7.313886831633462,4.716156710934811,4.909617852144119,0.25,10,4
8799,2.0285435638812275,0.5,6.063785208687608,0.0,6.063785208687608,0.0,0.0,0.6,0.0,2.70805020110221,6.90875477931522,6.203196074275688,2.9556608826769923,0.0,10,4
8800,2.4782198428428788,1.0,4.570578741218473,0.0,4.570578741218473,0.0,0.0,0.9,0.0,2.3978952727983707,6.90875477931522,4.370617080046375,4.545528158767433,0.571429,10,4
8806,3.283880974617705,0.9,5.940171252720432,0.0,5.940171252720432,0.0,0.0,0.8,0.0,2.302585092994046,6.90875477931522,5.872293957055588,4.912947622296288,1.0,10,4
8809,1.9053065830587634,0.9,4.435922788681409,0.0,4.435922788681409,0.0,0.0,0.8,0.0,2.302585092994046,7.313886831633462,4.376510875805614,4.528624819647224,0.375,10,4
8810,3.376829378880319,1.0,5.980909033168466,3.824284091120139,5.860786223465865,0.0,0.1,0.9,0.0,2.4849066497880004,6.90875477931522,5.864387477597808,4.979278267885346,1.0,10,4
8814,2.50584996612028,0.888889,5.047545648116353,0.0,5.047545648116353,0.0,0.0,0.777778,0.0,2.1972245773362196,7.313886831633462,4.8228766229485345,4.8758503770906065,0.857143,9,4
8817,2.9149898961686778,1.0,4.912654885736052,0.0,4.912654885736052,0.0,0.0,0.888889,0.0,2.302585092994046,6.90875477931522,4.424266068152731,4.891763022938209,0.0,9,4
8818,4.48531113941147,1.0,5.868816571799645,0.0,5.868816571799645,0.0,0.0,0.888889,0.0,2.5649493574615367,6.90875477931522,5.449164256294618,4.893598332557351,0.285714,9,4
8820,2.8530843657839164,0.666667,5.340130869361447,0.0,5.340130869361447,0.0,0.0,0.833333,0.0,1.9459101490553132,6.90875477931522,4.849032815117624,3.3480165526153804,0.2,6,4
8822,4.557110583893189,1.0,5.843515431104025,0.0,5.843515431104025,0.0,0.0,0.888889,0.0,2.8903717578961645,6.90875477931522,5.794906297824245,4.8390510851090385,0.0,9,4
8823,4.19786136929331,1.0,6.260537030310592,0.0,6.260537030310592,0.0,0.0,0.444444,0.0,1.9459101490553132,7.313886831633462,6.291593070753448,4.663839674246489,1.0,9,4
8824,4.495724749501252,1.0,6.111467339502679,0.0,6.111467339502679,0.0,0.0,0.888889,0.0,2.302585092994046,6.90875477931522,5.813103694360118,5.007368002306855,0.0,9,4
8826,3.547471782018205,1.0,5.964709809799162,0.0,5.964709809799162,0.0,0.0,0.888889,0.0,2.302585092994046,6.90875477931522,5.7637392876556035,4.855168046863239,1.0,9,4
8827,3.439632209165112,1.0,5.4668357631983,0.0,5.4668357631983,0.0,0.0,0.888889,0.0,2.302585092994046,7.313886831633462,5.147883773120835,4.867237729515201,0.857143,9,4
8829,2.8957494388816243,0.333333,5.7276617484461445,0.0,5.7276617484461445,0.0,0.0,0.666667,0.0,2.0794415416798357,7.313886831633462,6.568930376611934,3.743583832882571,0.25,9,4
8832,2.136837427321124,0.333333,4.165113633110308,3.586015818654697,3.377928754722801,0.0,0.111111,0.111111,0.0,1.0986122886681098,6.2166061010848646,4.435774003481022,4.673091566300014,0.0,9,4
8834,5.259456624597347,1.0,6.236369590203704,0.0,6.660575149839686,0.0,0.0,0.444444,0.0,2.0794415416798357,6.90875477931522,6.131606504224913,4.861609176795766,0.0,9,4
8836,4.7277184543118524,1.0,6.915415861648748,0.0,6.915415861648748,0.0,0.0,0.888889,0.0,2.4849066497880004,6.90875477931522,6.9087913380875,4.823569043021486,1.0,9,4
8847,5.41917332039587,0.888889,7.014877242379619,0.0,7.014877242379619,0.0,0.0,0.777778,0.0,3.8066624897703196,7.313886831633462,6.803911864166871,5.026703604561315,0.0,9,4
8849,2.078455680878734,0.888889,4.581287245524759,0.0,4.581287245524759,0.0,0.0,0.777778,0.0,2.1972245773362196,7.313886831633462,4.493476200630775,4.686804272899575,0.0,9,4
8850,4.6348422633671635,0.888889,6.684611727667927,0.0,6.684611727667927,0.0,0.0,0.333333,0.0,1.9459101490553132,6.90875477931522,6.811839559375587,4.835347462557767,1.0,9,4
8852,2.87302144122681,0.375,4.824305715904762,0.0,4.824305715904762,0.0,0.0,0.25,0.0,1.791759469228055,7.313886831633462,5.260896062287094,4.744153816861766,0.0,8,4
8859,2.623540637420741,0.625,4.561322786207815,0.0,4.561322786207815,0.0,0.0,0.75,0.0,2.0794415416798357,7.313886831633462,4.977021039077972,4.369874824592588,0.0,8,4
8860,4.337562128840035,1.0,5.354130431367249,0.0,5.354130431367249,0.0,0.0,0.875,0.0,2.1972245773362196,6.90875477931522,4.418681691555623,4.691623358043665,0.0,8,4
8861,3.837841359791369,1.0,5.8888779583328805,0.0,5.8888779583328805,0.0,0.0,0.875,0.0,2.1972245773362196,6.90875477931522,5.734800218597045,4.793059439353673,0.666667,8,4
8865,3.396298200247248,0.625,5.531609248914061,4.110873864173311,5.260355860260918,0.0,0.125,0.5,0.0,2.1972245773362196,6.2166061010848646,5.001106398026972,4.51063672346079,0.666667,8,4
8866,4.163952804329708,1.0,5.511976078651031,0.0,5.511976078651031,0.0,0.0,0.875,0.0,2.1972245773362196,6.90875477931522,4.852434846127697,4.97953366036872,0.0,8,4
8870,4.61934545051361,1.0,6.677436043918831,0.0,6.677436043918831,0.0,0.0,0.875,0.0,2.1972245773362196,6.90875477931522,6.522139479433506,4.7728723567519316,1.0,8,4
8875,2.8346116600741755,1.0,5.338883328294698,0.0,5.338883328294698,0.0,0.0,0.875,0.0,2.1972245773362196,6.90875477931522,5.1594770838141155,4.853156371809554,0.714286,8,4
8877,4.027986110459423,0.875,5.1017548874637395,0.0,5.1017548874637395,0.0,0.0,0.75,0.0,2.0794415416798357,6.90875477931522,4.152912293618483,4.705744115197057,0.0,8,4
8879,4.93263695915688,1.0,6.091309882077698,0.0,6.091309882077698,0.0,0.0,0.625,0.0,1.9459101490553132,6.90875477931522,5.137266083060194,4.833419918541538,0.0,8,4
8885,3.391794344683036,0.571429,5.147494476813453,4.212127597878484,4.658710952916121,0.0,0.142857,0.285714,0.0,1.6094379124341003,7.313886831633462,4.488964765242633,4.620839813607157,0.5,7,4
8888,2.456598820586632,1.0,4.464642950851115,0.0,4.464642950851115,0.0,0.0,0.857143,0.0,2.0794415416798357,6.90875477931522,4.296946940782561,4.349235457683307,0.666667,7,4
8890,4.465172928928604,1.0,6.200570024118265,0.0,6.200570024118265,0.0,0.0,0.857143,0.0,2.0794415416798357,6.90875477931522,6.017213116613704,4.578458165515457,1.0,7,4
8891,2.9262500323452074,1.0,5.199877293734784,0.0,5.199877293734784,0.0,0.0,0.857143,0.0,2.0794415416798357,6.90875477931522,5.026950658410343,4.575839043030205,0.666667,7,4
8893,5.90879775056445,1.0,5.638354669333745,0.0,5.638354669333745,5.542434369280207,0.0,0.857143,0.6931471805599453,2.0794415416798357,6.90875477931522,4.18351516058123,4.93317380055471,0.0,7,4
8894,3.756100483481991,1.0,5.090431817622808,3.673765816303888,4.820765319544972,0.0,0.285714,0.857143,0.0,2.302585092994046,7.313886831633462,3.761858364116805,4.565390991313032,0.2,7,4
8900,3.2696660067158594,0.714286,5.177561165412237,0.0,5.177561165412237,0.0,0.0,0.571429,0.0,1.791759469228055,7.313886831633462,5.261553221558878,4.61095519053547,0.0,7,4
8902,3.556746597367767,1.0,5.207407491188194,0.0,5.207407491188194,0.0,0.0,0.714286,0.0,1.9459101490553132,7.313886831633462,4.914034705405724,4.632983222548657,0.6,7,4
8904,3.8057873736345345,1.0,6.3658688922627755,0.0,6.3658688922627755,0.0,0.0,0.857143,0.0,2.0794415416798357,6.90875477931522,6.193776468884751,4.649324267734645,0.833333,7,4
8905,3.516600164540932,0.571429,5.831882477283517,0.0,5.831882477283517,0.0,0.0,0.428571,0.0,2.1972245773362196,6.90875477931522,6.145044872171024,4.40315353179641,1.0,7,4
8907,1.2696091289067397,0.571429,4.763028270603671,0.0,4.763028270603671,0.0,0.0,0.714286,0.0,1.9459101490553132,7.313886831633462,5.551571719180575,4.209005113178351,0.5,7,4
8908,3.1071514136251333,1.0,5.365368353797646,0.0,5.365368353797646,0.0,0.0,0.857143,0.0,2.0794415416798357,6.90875477931522,5.139988692712716,4.648108614481108,1.0,7,4
8911,3.4566059765726336,0.285714,6.543076964774693,0.0,6.543076964774693,0.0,0.0,0.571429,0.0,2.0794415416798357,6.90875477931522,7.052305811649046,2.824580482018579,0.0,7,4
8913,3.2842459501271932,1.0,4.647463098178343,0.0,4.647463098178343,0.0,0.0,0.833333,0.0,1.9459101490553132,7.313886831633462,4.324232267187685,4.498428205435784,0.5,6,4
8916,3.1391558517769225,0.833333,5.162497643405501,0.0,5.162497643405501,0.0,0.0,0.333333,0.0,1.3862943611198906,7.313886831633462,5.349260155015563,4.166831194523948,0.333333,6,4
8918,2.509126305023217,0.666667,5.049856007249537,0.0,5.049856007249537,0.0,0.0,0.5,0.0,1.6094379124341003,6.90875477931522,5.01455160864885,3.791925498448165,0.5,6,4
8921,1.4855528723585256,0.5,4.067658296959595,0.0,4.067658296959595,0.0,0.0,0.833333,0.0,1.9459101490553132,7.313886831633462,4.240788175909694,3.0779972332722956,0.0,6,4
8922,3.5499861980715273,1.0,4.990296523100725,0.0,4.990296523100725,0.0,0.0,0.833333,0.0,1.9459101490553132,7.313886831633462,4.001425843926176,4.41167127061025,0.25,6,4
8925,4.63048702322191,1.0,6.039278044016987,0.0,6.039278044016987,0.0,0.0,0.5,0.0,1.791759469228055,6.90875477931522,6.048645571247872,4.411456520839115,0.5,6,4
8926,3.9907854046256825,0.833333,6.364750756851911,0.0,6.364750756851911,0.0,0.0,0.833333,0.0,1.9459101490553132,7.313886831633462,6.465060880481477,3.9788029689059243,0.666667,6,4
8927,4.528711147627482,1.0,5.756374924775372,5.002603122398992,5.126342101808226,0.0,0.333333,0.833333,0.0,2.1972245773362196,6.90875477931522,5.447920468944436,4.469862737108969,0.25,6,4
8928,4.1482016772110715,1.0,6.2166061010848646,0.0,6.2166061010848646,0.0,0.0,0.833333,0.0,1.9459101490553132,6.90875477931522,6.126312319486868,4.31546947746077,1.0,6,4
8930,5.44042446125042,1.0,4.442651256490317,0.0,4.442651256490317,5.7234263344475265,0.0,0.833333,1.6094379124341003,1.9459101490553132,6.90875477931522,4.831299164476542,4.508142147509102,0.0,6,4
8931,3.867321495309353,0.833333,5.46721590300985,0.0,5.46721590300985,0.0,0.0,0.666667,0.0,1.9459101490553132,7.313886831633462,5.247499085639507,4.5053123251399265,0.666667,6,4
8932,3.7025948663620607,1.0,5.198497031265826,0.0,5.198497031265826,0.0,0.0,0.833333,0.0,1.9459101490553132,6.90875477931522,4.93593502349151,4.472371918847111,1.0,6,4
8934,3.0568610506157516,0.833333,4.7140245909001735,0.0,4.7140245909001735,0.0,0.0,0.5,0.0,1.6094379124341003,7.313886831633462,5.0905351546445505,4.20374815860288,0.5,6,4
8936,4.700273817189995,1.0,6.570182436916891,0.0,6.570182436916891,0.0,0.0,0.833333,0.0,1.9459101490553132,6.90875477931522,6.408061393543165,4.475842459849931,0.75,6,4
8940,4.881578098261208,1.0,6.383911958134843,0.0,6.383911958134843,0.0,0.0,0.833333,0.0,1.9459101490553132,6.90875477931522,6.16651654037067,4.428090705472632,1.0,6,4
8942,3.7336077849579783,1.0,4.738651577362572,0.0,4.738651577362572,0.0,0.0,0.833333,0.0,1.9459101490553132,6.90875477931522,4.559009256350294,4.469156870224553,0.25,6,4
8945,3.3841704764825464,1.0,5.677164676751909,0.0,5.677164676751909,0.0,0.0,0.833333,0.0,1.9459101490553132,6.90875477931522,5.788719223870862,3.9097477189258623,0.5,6,4
8947,3.194528745574323,0.833333,4.979488565099419,0.0,4.979488565099419,0.0,0.0,0.666667,0.0,1.791759469228055,6.90875477931522,4.410015941338243,4.423868536911396,0.25,6,4
