,BALANCE,BALANCE_FREQUENCY,PURCHASES,ONEOFF_PURCHASES,INSTALLMENTS_PURCHASES,CASH_ADVANCE,ONEOFF_PURCHASES_FREQUENCY,PURCHASES_INSTALLMENTS_FREQUENCY,CASH_ADVANCE_TRX,PURCHASES_TRX,CREDIT_LIMIT,PAYMENTS,MINIMUM_PAYMENTS,PRC_FULL_PAYMENT,TENURE,KMC_clusters
2,2495.148862,1.0,773.17,773.17,0.0,0.0,1.0,0.0,0,12,7500.0,622.066742,627.284787,0.0,12,2
4,817.714335,1.0,16.0,16.0,0.0,0.0,0.083333,0.0,0,1,1200.0,678.334763,244.791237,0.0,12,2
9,152.225975,0.545455,1281.6,1281.6,0.0,0.0,0.166667,0.0,0,3,11000.0,1164.770591,100.302262,0.0,12,2
11,630.794744,0.818182,1492.18,1492.18,0.0,0.0,0.25,0.0,0,6,2000.0,705.618627,155.549069,0.0,12,2
33,125.660453,1.0,636.79,636.79,0.0,0.0,0.916667,0.0,0,11,1200.0,423.449696,196.301885,0.3,12,2
42,4104.710798,1.0,203.82,203.82,0.0,0.0,0.083333,0.0,0,1,4500.0,868.275275,1801.264841,0.0,12,2
60,1879.114033,0.727273,113.0,113.0,0.0,0.0,0.166667,0.0,0,2,6500.0,3509.686561,548.105836,0.0,12,2
61,1555.793701,1.0,66.2,66.2,0.0,0.0,0.083333,0.0,0,1,1600.0,338.083661,837.215674,0.0,12,2
69,1699.435486,1.0,1363.69,1363.69,0.0,0.0,0.333333,0.0,0,4,1700.0,1623.816348,923.505868,0.0,12,2
76,1727.638449,1.0,606.11,606.11,0.0,0.0,1.0,0.0,0,17,11000.0,2959.920544,623.656993,0.0,12,2
85,134.917202,1.0,1247.8,1247.8,0.0,0.0,1.0,0.0,0,22,16500.0,1275.229436,171.357189,1.0,12,2
96,1619.955708,1.0,739.44,739.44,0.0,0.0,0.666667,0.0,0,11,6000.0,417.128532,389.138517,0.0,12,2
100,4.875885,0.666667,20.0,20.0,0.0,0.0,0.111111,0.0,0,1,1500.0,26.487919,60.913577,0.0,9,2
125,2392.917738,1.0,12462.44,12462.44,0.0,0.0,0.916667,0.0,0,217,2800.0,11628.71557,2000.990921,0.0,12,2
140,947.13081,1.0,197.06,148.66,48.4,0.0,0.25,0.166667,0,5,1000.0,492.200419,509.384182,0.0,12,2
145,3057.400553,1.0,1025.0,1025.0,0.0,0.0,0.083333,0.0,0,2,7500.0,698.854095,819.682666,0.0,12,2
159,1046.37041,1.0,295.0,295.0,0.0,93.579809,0.083333,0.0,1,2,1200.0,439.407082,362.838185,0.0,12,2
190,38.615644,0.727273,280.4,280.4,0.0,0.0,0.25,0.0,0,3,6150.0,254.392984,55.79974,0.090909,12,2
194,3983.923705,1.0,756.54,756.54,0.0,0.0,0.5,0.0,0,15,4000.0,1110.870941,1431.201171,0.0,12,2
198,1973.814964,1.0,873.0,873.0,0.0,0.0,0.166667,0.0,0,5,8000.0,541.722532,762.682834,0.0,12,2
200,43.103899,0.454545,370.0,370.0,0.0,0.0,0.166667,0.0,0,2,23000.0,1212.054219,68.725483,0.0,12,2
213,768.004936,1.0,336.41,336.41,0.0,0.0,0.75,0.0,0,9,6000.0,947.696134,217.027653,0.0,12,2
222,41.642389,0.857143,75.99,75.99,0.0,0.0,0.142857,0.0,0,1,2700.0,69.163384,99.401747,0.0,7,2
224,6571.484039,1.0,9325.22,9325.22,0.0,0.0,0.333333,0.0,0,5,8500.0,11036.72668,1824.680131,0.0,12,2
225,28.461629,1.0,100.0,100.0,0.0,0.0,0.083333,0.0,0,1,4000.0,125.769169,104.857518,0.0,12,2
233,2229.857287,1.0,45.65,45.65,0.0,0.0,0.083333,0.0,0,1,2500.0,542.7463,628.211031,0.0,12,2
243,558.476701,1.0,630.03,630.03,0.0,0.0,0.090909,0.0,0,1,5500.0,426.092563,213.369694,0.0,11,2
253,185.640313,1.0,1703.23,1703.23,0.0,0.0,1.0,0.0,0,13,11500.0,1449.039414,183.298253,1.0,12,2
256,5.871769,0.818182,29.68,29.68,0.0,0.0,0.083333,0.0,0,1,10000.0,76.943584,75.595199,0.0,12,2
260,2224.590946,0.818182,3183.0,3183.0,0.0,0.0,0.166667,0.0,0,2,9000.0,3823.346244,629.080506,0.0,12,2
267,2734.66412,1.0,560.73,560.73,0.0,0.0,0.916667,0.0,0,11,7500.0,717.798364,670.049653,0.0,12,2
268,80.708806,1.0,569.9,569.9,0.0,0.0,0.166667,0.0,0,3,9500.0,634.000055,92.012927,0.083333,12,2
275,2.564117,0.181818,47.95,47.95,0.0,0.0,0.083333,0.0,0,1,1500.0,294.507498,86.245988,0.0,12,2
288,83.148283,0.636364,843.34,843.34,0.0,0.0,0.5,0.0,0,17,6500.0,1024.267592,122.850835,0.5,12,2
292,3605.714046,1.0,1779.0,1779.0,0.0,0.0,0.166667,0.0,0,2,5000.0,856.05828,761.012234,0.0,12,2
298,2503.107213,1.0,733.9,733.9,0.0,0.0,1.0,0.0,0,13,3000.0,1620.193277,857.535876,0.0,12,2
310,53.208422,1.0,498.17,459.02,39.15,0.0,0.916667,0.083333,0,14,15000.0,611.606459,162.94308,0.909091,12,2
317,994.105777,1.0,126.2,126.2,0.0,0.0,0.833333,0.0,0,10,1950.0,314.302968,417.290247,0.0,12,2
323,2233.074041,1.0,445.2,445.2,0.0,0.0,0.166667,0.0,0,4,8000.0,1042.991769,579.587654,0.0,12,2
331,92.440743,0.909091,1080.0,1080.0,0.0,0.0,0.75,0.0,0,12,6000.0,1077.058667,169.005281,1.0,12,2
342,1254.6691,1.0,361.73,361.73,0.0,198.686744,0.166667,0.0,1,2,1500.0,535.606816,432.68808,0.0,12,2
343,80.336636,0.6,330.0,330.0,0.0,0.0,0.1,0.0,0,1,1800.0,345.330572,85.297166,0.0,10,2
346,1897.672025,1.0,422.18,422.18,0.0,0.0,1.0,0.0,0,12,5500.0,2961.632199,440.30634,0.0,12,2
354,41.754778,0.181818,636.15,636.15,0.0,0.0,0.166667,0.0,0,5,8500.0,918.414211,57.150516,0.181818,12,2
366,237.669312,1.0,259.13,259.13,0.0,0.0,0.083333,0.0,0,1,2300.0,2680.635587,2503.374595,0.25,12,2
375,8.520292,0.545455,64.12,64.12,0.0,0.0,0.166667,0.0,0,2,7000.0,176.600545,76.462301,0.0,12,2
378,241.223955,0.909091,180.91,180.91,0.0,0.0,0.166667,0.0,0,6,1400.0,802.858576,220.455533,0.0,12,2
383,1.838084,0.272727,16.5,16.5,0.0,0.0,0.083333,0.0,0,1,6000.0,57.595083,67.1925,0.0,12,2
386,1526.506915,1.0,46.67,46.67,0.0,0.0,0.083333,0.0,0,1,1800.0,338.413344,642.547142,0.0,12,2
390,681.95925,1.0,98.0,98.0,0.0,0.0,0.166667,0.0,0,2,4000.0,192.369983,221.375942,0.0,12,2
391,1535.248256,1.0,857.36,857.36,0.0,0.0,1.0,0.0,0,13,6550.0,3239.629759,411.871046,0.083333,12,2
416,9335.31417,1.0,226.23,226.23,0.0,0.0,0.166667,0.0,0,5,15000.0,1885.239981,4980.192685,0.0,12,2
432,541.915572,0.636364,1377.72,1377.72,0.0,0.0,0.25,0.0,0,5,2500.0,182.177646,200.759856,0.0,12,2
440,37.753941,0.363636,243.36,243.36,0.0,0.0,0.083333,0.0,0,2,1800.0,546.417272,134.985783,0.25,12,2
444,3143.928913,1.0,3055.87,3055.87,0.0,0.0,0.75,0.0,0,26,4500.0,2198.293667,784.387878,0.0,12,2
447,51.818382,0.454545,903.36,903.36,0.0,0.0,0.25,0.0,0,6,15000.0,538.841222,41.302445,0.0,12,2
450,1534.969344,1.0,1476.19,1476.19,0.0,0.0,1.0,0.0,0,23,2500.0,1493.919986,382.989143,0.0,12,2
451,4994.04832,1.0,2506.89,2506.89,0.0,0.0,0.75,0.0,0,30,8500.0,1230.219396,1646.973276,0.0,12,2
469,206.596865,0.363636,1726.67,1726.67,0.0,0.0,0.166667,0.0,0,4,6000.0,4804.383296,128.834658,0.0,12,2
479,911.281862,1.0,70.0,70.0,0.0,0.0,0.083333,0.0,0,1,8500.0,566.292758,218.497636,0.0,12,2
485,204.329381,1.0,6558.55,6558.55,0.0,0.0,1.0,0.0,0,74,7000.0,5872.707939,169.703195,0.916667,12,2
499,2516.753364,1.0,606.62,598.95,7.67,0.0,0.833333,0.083333,0,14,2750.0,1043.617154,1342.522124,0.0,12,2
502,80.062693,1.0,727.27,727.27,0.0,0.0,0.583333,0.0,0,11,20000.0,822.928249,206.656437,0.916667,12,2
515,98.420888,1.0,907.37,907.37,0.0,0.0,1.0,0.0,0,12,10000.0,908.907467,184.723457,1.0,12,2
535,71.046063,0.181818,1023.8,1023.8,0.0,0.0,0.083333,0.0,0,2,20000.0,5872.895164,116.063003,0.0,12,2
538,68.039722,0.454545,734.11,734.11,0.0,0.0,0.333333,0.0,0,6,5000.0,1537.307484,102.554198,0.5,12,2
543,76.93561,0.833333,277.0,277.0,0.0,0.0,0.333333,0.0,0,2,8500.0,814.605178,109.433095,0.333333,6,2
544,950.563525,0.909091,7479.95,7479.95,0.0,0.0,0.818182,0.0,0,14,15000.0,7521.226078,319.437528,0.888889,11,2
546,531.455619,1.0,6300.4,6300.4,0.0,0.0,0.833333,0.0,0,21,16500.0,4924.941312,182.288774,1.0,12,2
548,492.070146,0.8,4924.41,4924.41,0.0,0.0,0.8,0.0,0,48,10500.0,3430.597877,149.408227,1.0,10,2
559,181.463092,1.0,133.39,133.39,0.0,219.143859,0.25,0.0,2,3,2500.0,168.425788,169.473399,0.0,12,2
566,28.934197,0.909091,258.74,258.74,0.0,0.0,0.666667,0.0,0,16,12000.0,502.486404,105.034384,1.0,12,2
570,2154.175363,1.0,1628.07,1628.07,0.0,0.0,0.333333,0.0,0,8,5000.0,654.505745,507.655831,0.0,12,2
574,3452.538704,1.0,11681.64,11681.64,0.0,0.0,1.0,0.0,0,141,10500.0,8145.713972,1198.614519,0.0,12,2
578,1866.608592,1.0,1494.5,1494.5,0.0,0.0,0.416667,0.0,0,8,8500.0,2031.589282,462.41515,0.0,12,2
579,259.467265,0.909091,646.24,646.24,0.0,0.0,0.083333,0.0,0,1,10000.0,540.021578,183.086463,0.0,12,2
586,0.327199,0.454545,24.64,24.64,0.0,0.0,0.083333,0.0,0,1,1800.0,45.640106,26.849523,0.0,12,2
592,1642.024936,1.0,2094.38,2094.38,0.0,0.0,0.416667,0.0,0,17,4500.0,576.699993,556.378998,0.0,12,2
594,1946.447038,1.0,411.38,411.38,0.0,99.078081,0.25,0.0,1,5,2500.0,1403.266638,513.547978,0.0,12,2
604,2469.665655,1.0,963.13,963.13,0.0,0.0,0.666667,0.0,0,16,7000.0,566.87028,639.521888,0.0,12,2
605,202.190447,0.545455,2011.81,2011.81,0.0,0.0,0.416667,0.0,0,8,2100.0,3144.544042,165.070133,0.8,12,2
625,1670.928797,1.0,794.52,794.52,0.0,0.0,0.666667,0.0,0,16,1750.0,1083.625844,1196.302503,0.0,12,2
632,79.554406,0.636364,472.71,472.71,0.0,0.0,0.083333,0.0,0,1,16000.0,563.830183,108.579632,0.0,12,2
657,15.728894,0.272727,202.0,202.0,0.0,0.0,0.166667,0.0,0,2,2000.0,200.169721,43.909196,0.0,12,2
661,408.069031,1.0,3660.97,3660.97,0.0,0.0,1.0,0.0,0,33,7500.0,4471.044825,188.409994,0.666667,12,2
662,975.165854,1.0,2281.56,2281.56,0.0,98.596565,0.916667,0.0,2,29,20000.0,2068.187388,243.235999,0.0,12,2
683,235.294264,1.0,1286.2,1286.2,0.0,0.0,1.0,0.0,0,24,4000.0,1272.434565,218.00803,0.0,12,2
691,448.190189,1.0,1687.29,1687.29,0.0,0.0,0.5,0.0,0,8,11500.0,1464.000198,261.032083,0.166667,12,2
703,3386.99251,1.0,171.92,171.92,0.0,0.0,0.416667,0.0,0,5,4500.0,907.867126,912.269822,0.0,12,2
705,454.580913,1.0,1229.57,1229.57,0.0,0.0,0.416667,0.0,0,16,2700.0,1125.497981,192.979922,0.0,12,2
711,838.616485,1.0,375.57,375.57,0.0,99.587515,0.25,0.0,1,3,6000.0,779.057364,179.42685,0.0,12,2
714,821.916526,0.857143,1386.4,1386.4,0.0,0.0,0.285714,0.0,0,3,1500.0,238.348011,154.555561,0.0,7,2
717,1024.761905,1.0,77.99,77.99,0.0,0.0,0.166667,0.0,0,2,1200.0,555.23373,303.743033,0.0,12,2
719,15.492415,1.0,65.0,65.0,0.0,0.0,0.083333,0.0,0,1,3000.0,19.221233,67.643963,0.0,12,2
722,1855.212121,1.0,32.22,32.22,0.0,37.743145,0.083333,0.0,1,1,2000.0,349.584645,695.503633,0.0,12,2
737,95.865855,0.363636,1123.58,1123.58,0.0,0.0,0.083333,0.0,0,9,1500.0,3245.496885,142.868781,0.0,12,2
738,1439.343061,0.909091,571.91,571.91,0.0,0.0,0.25,0.0,0,5,2100.0,2573.55754,756.220978,0.0,12,2
746,1350.286625,1.0,642.33,642.33,0.0,0.0,0.5,0.0,0,12,9000.0,323.683167,344.973051,0.0,12,2
747,1261.488342,1.0,890.2,890.2,0.0,0.0,0.5,0.0,0,9,3000.0,302.073647,330.87851,0.0,12,2
764,62.209376,0.090909,782.88,782.88,0.0,0.0,0.083333,0.0,0,2,3000.0,2941.300379,280.618072,0.0,12,2
766,56.720267,0.818182,260.0,260.0,0.0,0.0,0.083333,0.0,0,1,5500.0,278.975102,92.072121,0.0,12,2
770,1955.179305,1.0,503.45,503.45,0.0,0.0,0.083333,0.0,0,1,10500.0,685.660178,495.65428,0.0,12,2
775,1557.750089,1.0,283.6,204.27,79.33,0.0,0.125,0.125,0,2,5000.0,424.829757,282.152847,0.0,8,2
794,4.607593,0.181818,44.55,44.55,0.0,0.0,0.083333,0.0,0,1,6000.0,267.147917,88.028446,0.0,12,2
811,3405.005439,1.0,8.4,8.4,0.0,0.0,1.0,0.0,0,12,10500.0,1015.698271,795.091125,0.0,12,2
823,1392.773202,1.0,221.61,221.61,0.0,0.0,0.666667,0.0,0,8,1700.0,369.345758,294.377252,0.0,12,2
824,487.584965,0.727273,4768.27,4768.27,0.0,0.0,0.727273,0.0,0,27,2500.0,1980.213325,149.493574,0.454545,11,2
825,1892.439622,1.0,86.7,86.7,0.0,92.435934,0.166667,0.0,2,2,2000.0,534.092827,1069.925154,0.0,12,2
849,170.907823,0.909091,1366.3,1366.3,0.0,0.0,0.5,0.0,0,11,2000.0,3453.112338,139.388035,0.4,12,2
850,1271.212003,0.909091,76.94,76.94,0.0,0.0,0.181818,0.0,0,2,1500.0,257.110005,277.714185,0.0,11,2
897,11.35774,0.555556,223.5,175.5,48.0,0.0,0.222222,0.111111,0,4,17500.0,192.80601,95.228179,0.0,9,2
907,993.662006,1.0,348.88,348.88,0.0,0.0,0.333333,0.0,0,4,1200.0,335.62347,255.439979,0.0,12,2
921,1894.11023,1.0,678.0,678.0,0.0,0.0,1.0,0.0,0,12,2000.0,992.569418,1111.413896,0.0,12,2
929,1104.960744,1.0,45.65,45.65,0.0,0.0,0.083333,0.0,0,1,1200.0,293.890715,448.973668,0.0,12,2
935,330.273411,1.0,53.8,53.8,0.0,0.0,0.25,0.0,0,6,2500.0,429.112894,171.6492,0.0,12,2
946,51.161976,0.25,736.72,736.72,0.0,0.0,0.5,0.0,0,5,4500.0,1665.89154,54.443091,1.0,8,2
953,1084.291919,1.0,270.0,270.0,0.0,0.0,0.25,0.0,0,3,1200.0,371.168672,229.778025,0.0,12,2
955,16.553858,0.272727,308.16,308.16,0.0,0.0,0.25,0.0,0,3,2500.0,291.719987,28.242152,0.0,12,2
958,192.037218,0.909091,1000.0,1000.0,0.0,0.0,0.083333,0.0,0,1,1500.0,1128.431348,157.31769,0.090909,12,2
967,160.816558,1.0,1755.76,1755.76,0.0,0.0,1.0,0.0,0,20,2500.0,1633.050111,194.343579,0.916667,12,2
974,1216.893766,1.0,76.3,76.3,0.0,0.0,0.166667,0.0,0,3,1200.0,533.085955,7781.671432,0.0,12,2
995,1250.394614,0.909091,443.99,443.99,0.0,0.0,0.272727,0.0,0,3,3500.0,273.823646,259.715939,0.0,11,2
1002,76.483078,0.727273,69.0,69.0,0.0,0.0,0.083333,0.0,0,1,4500.0,462.226271,100.023175,0.0,12,2
1005,250.123525,0.909091,2655.99,2655.99,0.0,0.0,0.916667,0.0,0,21,3600.0,3155.89347,168.814522,0.727273,12,2
1014,411.727643,0.909091,1037.82,1037.82,0.0,0.0,0.5,0.0,0,12,6500.0,1461.416883,214.724575,0.1,12,2
1020,1583.622027,1.0,45.65,45.65,0.0,0.0,0.090909,0.0,0,1,1700.0,317.911208,481.237501,0.0,11,2
1021,380.384776,0.545455,1188.0,1188.0,0.0,0.0,0.083333,0.0,0,2,9000.0,2461.320337,158.339807,0.0,12,2
1025,48.521324,1.0,514.97,514.97,0.0,0.0,1.0,0.0,0,16,5500.0,380.613937,208.568375,0.25,12,2
1026,1076.571029,1.0,45.65,45.65,0.0,48.730842,0.083333,0.0,1,1,1200.0,299.78995,374.377774,0.0,12,2
1028,25.570988,0.454545,45.65,45.65,0.0,0.0,0.083333,0.0,0,1,1500.0,491.455491,117.808437,0.0,12,2
1036,1095.27596,1.0,119.0,119.0,0.0,54.739913,0.083333,0.0,3,1,1200.0,365.05305,540.656023,0.0,12,2
1040,209.178326,0.5,34.0,19.0,15.0,0.0,0.166667,0.166667,0,3,6000.0,635.909695,81.198552,0.0,6,2
1046,140.349336,0.363636,1042.52,1042.52,0.0,0.0,0.083333,0.0,0,1,6000.0,3212.647061,260.066741,0.5,12,2
1048,1688.534078,1.0,280.0,280.0,0.0,49.117804,0.166667,0.0,1,3,1800.0,547.982657,664.585302,0.0,12,2
1051,554.289791,1.0,90.0,90.0,0.0,0.0,0.083333,0.0,0,1,7000.0,414.117463,189.979169,0.0,12,2
1062,1594.527848,1.0,60.0,60.0,0.0,97.854366,1.0,0.0,1,12,1800.0,422.765741,385.395799,0.0,12,2
1064,864.975705,1.0,66.7,66.7,0.0,75.254745,0.083333,0.0,1,1,1000.0,413.167127,240.517311,0.0,12,2
1065,2683.746154,1.0,130.0,130.0,0.0,0.0,0.083333,0.0,0,1,4500.0,610.42602,891.684832,0.0,12,2
1069,601.369472,1.0,35.8,35.8,0.0,0.0,0.083333,0.0,0,1,750.0,255.502079,217.074658,0.0,12,2
1073,1026.874467,0.909091,153.96,153.96,0.0,0.0,0.083333,0.0,0,2,8500.0,1676.090994,266.069794,0.090909,12,2
1074,42.125651,0.636364,453.89,453.89,0.0,0.0,0.25,0.0,0,3,6500.0,793.296498,127.427088,1.0,12,2
1077,15.216647,0.272727,133.0,133.0,0.0,0.0,0.166667,0.0,0,2,1200.0,780.127863,89.546616,0.0,12,2
1080,39.274052,0.545455,431.49,431.49,0.0,0.0,0.333333,0.0,0,7,1500.0,745.768447,107.848735,0.0,12,2
1097,6.338717,0.090909,171.0,171.0,0.0,0.0,0.166667,0.0,0,2,4000.0,495.808559,88.232737,0.0,12,2
1105,510.233775,1.0,436.74,436.74,0.0,0.0,0.333333,0.0,0,5,3500.0,484.285337,239.690542,0.0,12,2
1115,417.878821,1.0,364.0,364.0,0.0,0.0,0.083333,0.0,0,4,5000.0,1039.551142,211.317636,0.0,12,2
1127,26.787185,0.272727,114.0,114.0,0.0,0.0,0.083333,0.0,0,1,1200.0,333.794157,124.494411,0.0,12,2
1129,952.51575,1.0,129.95,129.95,0.0,0.0,0.083333,0.0,0,2,1500.0,1791.01792,500.848096,0.083333,12,2
1130,6090.522273,1.0,22.16,22.16,0.0,0.0,0.083333,0.0,0,1,9000.0,568.7811,30528.4324,0.0,12,2
1144,126.121035,0.454545,590.0,590.0,0.0,0.0,0.083333,0.0,0,1,2500.0,1471.72027,156.326043,0.0,12,2
1146,1931.821799,1.0,120.0,120.0,0.0,0.0,0.083333,0.0,0,1,2100.0,476.682076,751.902022,0.0,12,2
1154,2127.069602,1.0,743.38,743.38,0.0,0.0,0.166667,0.0,0,18,2100.0,1047.607919,4500.377613,0.0,12,2
1156,76.059828,1.0,927.1,927.1,0.0,0.0,1.0,0.0,0,12,1500.0,906.712652,163.265372,1.0,12,2
1157,25.659372,0.181818,951.1,951.1,0.0,0.0,0.166667,0.0,0,2,6000.0,865.208858,108.418045,0.0,12,2
1166,1.059103,0.181818,25.5,25.5,0.0,0.0,0.083333,0.0,0,1,5500.0,563.748018,83.648417,0.5,12,2
1167,1109.366186,1.0,348.78,348.78,0.0,46.656862,0.714286,0.0,1,9,1200.0,438.733395,590.202893,0.0,7,2
1173,364.140613,1.0,1462.38,1462.38,0.0,0.0,0.333333,0.0,0,5,2500.0,1858.4353,218.825218,0.083333,12,2
1174,72.706076,0.272727,508.56,508.56,0.0,0.0,0.083333,0.0,0,2,7000.0,2197.473031,217.322796,0.0,12,2
1204,39.977967,0.3,432.05,432.05,0.0,0.0,0.2,0.0,0,3,10000.0,1282.534281,55.522218,0.0,10,2
1207,2372.842569,1.0,218.0,218.0,0.0,0.0,0.333333,0.0,0,4,6500.0,529.808323,526.403412,0.0,12,2
1209,92.782518,0.2,921.82,921.82,0.0,0.0,0.1,0.0,0,1,1200.0,4644.142145,68.262356,0.0,10,2
1210,4.398104,0.181818,76.0,76.0,0.0,0.0,0.083333,0.0,0,1,1500.0,307.868817,109.152917,0.0,12,2
1215,2.549291,0.181818,322.98,322.98,0.0,0.0,0.166667,0.0,0,3,9500.0,1210.429773,5.458904,0.0,12,2
1220,31.876386,0.909091,311.05,311.05,0.0,0.0,0.916667,0.0,0,11,6000.0,320.176291,117.973282,1.0,12,2
1221,41.620283,1.0,689.4,689.4,0.0,0.0,1.0,0.0,0,12,10000.0,718.15858,191.837369,1.0,12,2
1235,5.340221,0.454545,35.97,35.97,0.0,0.0,0.083333,0.0,0,1,2000.0,83.093843,97.069542,0.0,12,2
1237,12.40875,0.3,85.5,85.5,0.0,0.0,0.1,0.0,0,1,1500.0,414.010478,72.47544,0.0,10,2
1238,1548.224072,1.0,696.63,696.63,0.0,0.0,0.083333,0.0,0,2,1800.0,588.329981,918.350562,0.0,12,2
1252,1096.949604,1.0,227.55,227.55,0.0,0.0,0.083333,0.0,0,2,2500.0,397.836763,352.17313,0.0,12,2
1253,75.039332,0.272727,588.05,588.05,0.0,0.0,0.166667,0.0,0,5,9000.0,707.386471,18.113017,0.0,12,2
1260,18.776309,0.5,59.0,59.0,0.0,0.0,0.166667,0.0,0,1,1200.0,127.623057,55.553231,0.0,6,2
1263,317.657562,1.0,4398.35,4398.35,0.0,0.0,0.916667,0.0,0,47,16500.0,4028.380624,179.19571,0.916667,12,2
1279,43.124063,0.727273,491.43,491.43,0.0,0.0,0.545455,0.0,0,7,2100.0,714.720575,129.562455,1.0,11,2
1284,80.054576,0.454545,315.0,315.0,0.0,0.0,0.083333,0.0,0,1,300.0,1054.977467,190.131556,0.0,12,2
1287,396.419487,1.0,4349.34,4349.34,0.0,0.0,0.916667,0.0,0,14,5000.0,4381.453625,163.370313,1.0,12,2
1291,4609.210475,1.0,335.0,335.0,0.0,0.0,0.166667,0.0,0,2,6000.0,6344.618447,1785.222397,0.083333,12,2
1295,31.473181,0.272727,220.5,220.5,0.0,0.0,0.083333,0.0,0,2,3750.0,1199.475254,89.231655,0.0,12,2
1298,2138.185971,1.0,45.65,45.65,0.0,0.0,0.083333,0.0,0,1,2500.0,728.892219,755.461023,0.0,12,2
1301,15.173238,0.666667,316.91,316.91,0.0,0.0,0.666667,0.0,0,6,11000.0,348.334373,71.08943,1.0,6,2
1304,373.243163,0.909091,3603.23,3603.23,0.0,0.0,0.75,0.0,0,24,6000.0,4752.699763,170.242711,1.0,12,2
1312,50.435246,0.636364,553.73,553.73,0.0,0.0,0.5,0.0,0,8,13000.0,371.23017,118.538181,0.545455,12,2
1313,1094.221693,1.0,35.0,35.0,0.0,18.804195,0.083333,0.0,1,2,1200.0,348.094372,493.967774,0.0,12,2
1321,779.500096,1.0,689.4,689.4,0.0,0.0,1.0,0.0,0,12,7000.0,1663.032141,269.813501,0.0,12,2
1322,245.199649,1.0,2241.84,2241.84,0.0,0.0,0.916667,0.0,0,27,6000.0,2033.297863,161.507699,0.2,12,2
1344,61.976914,0.818182,401.63,401.63,0.0,0.0,0.5,0.0,0,7,6000.0,806.587482,130.017867,0.2,12,2
1351,148.826903,0.727273,3386.58,3386.58,0.0,47.494639,0.583333,0.0,1,16,16500.0,4474.571671,138.674322,1.0,12,2
1353,177.268927,0.636364,429.88,429.88,0.0,0.0,0.25,0.0,0,4,7000.0,1590.946442,133.273654,0.25,12,2
1356,4240.449485,1.0,2798.36,2798.36,0.0,48.46298,0.428571,0.0,1,4,4500.0,539.231042,931.531127,0.0,7,2
1370,73.507271,1.0,890.45,890.45,0.0,0.0,1.0,0.0,0,17,8500.0,999.607298,171.602356,0.363636,12,2
1373,2792.534256,1.0,9661.37,9661.37,0.0,0.0,0.416667,0.0,0,12,8500.0,6000.763458,682.274622,0.0,12,2
1375,65.253182,0.363636,1027.41,1027.41,0.0,0.0,0.25,0.0,0,7,6000.0,1558.234063,165.821848,0.666667,12,2
1377,23.956905,0.636364,186.05,186.05,0.0,0.0,0.416667,0.0,0,7,16500.0,410.798862,209.045742,1.0,12,2
1383,1920.231187,1.0,167.08,167.08,0.0,132.902662,0.166667,0.0,2,2,2300.0,625.532634,472.309554,0.0,12,2
1386,1.599053,0.272727,188.0,188.0,0.0,149.167024,0.083333,0.0,1,1,3000.0,356.465959,19.329034,0.0,12,2
1388,198.31397,0.909091,487.61,487.61,0.0,0.0,0.166667,0.0,0,8,3000.0,90.1719,198.000106,0.0,12,2
1403,3304.829014,1.0,2577.7,2577.7,0.0,0.0,0.583333,0.0,0,23,5000.0,1411.392046,770.484199,0.0,12,2
1405,83.279708,0.545455,899.73,899.73,0.0,0.0,0.333333,0.0,0,5,8000.0,1846.833247,136.934288,1.0,12,2
1414,4279.153917,1.0,1006.17,1006.17,0.0,0.0,0.3,0.0,0,9,7500.0,836.921157,920.73478,0.0,10,2
1417,19.945714,0.272727,170.0,170.0,0.0,0.0,0.083333,0.0,0,1,6500.0,734.613034,166.057617,1.0,12,2
1420,311.357,0.818182,2283.07,2283.07,0.0,0.0,0.666667,0.0,0,18,9000.0,2395.548466,178.054329,1.0,12,2
1425,31.973194,0.545455,94.53,94.53,0.0,0.0,0.083333,0.0,0,2,2100.0,114.614967,140.169606,0.0,12,2
1431,48.213487,1.0,403.1,403.1,0.0,0.0,0.666667,0.0,0,8,7000.0,341.196389,158.741704,0.666667,12,2
1443,2337.713483,1.0,773.7,773.7,0.0,0.0,0.833333,0.0,0,20,9500.0,1004.760912,578.179464,0.0,12,2
1456,965.605202,1.0,215.0,215.0,0.0,0.0,0.25,0.0,0,3,1000.0,398.080493,718.175953,0.0,12,2
1470,129.613905,0.636364,1083.04,1083.04,0.0,0.0,0.333333,0.0,0,10,5500.0,1958.462851,87.443335,1.0,12,2
1471,262.106758,1.0,2625.84,2625.84,0.0,0.0,1.0,0.0,0,38,4500.0,2489.949174,167.452035,1.0,12,2
1476,2475.660894,0.909091,440.0,440.0,0.0,0.0,0.272727,0.0,0,3,10500.0,511.059528,492.803429,0.0,11,2
1480,22.794308,0.636364,12.0,12.0,0.0,0.0,0.083333,0.0,0,1,1600.0,119.909635,85.190203,0.0,12,2
1483,1057.585071,1.0,1008.3,1008.3,0.0,0.0,0.916667,0.0,0,15,1200.0,1083.253347,416.746641,0.0,12,2
1495,1075.401912,1.0,150.0,150.0,0.0,0.0,0.083333,0.0,0,1,1200.0,224.135558,443.646049,0.0,12,2
1509,75.012641,0.545455,480.02,480.02,0.0,0.0,0.083333,0.0,0,1,1950.0,485.738057,86.502541,0.0,12,2
1515,4627.588589,1.0,1774.46,1774.46,0.0,0.0,0.583333,0.0,0,12,5200.0,864.174924,2154.424137,0.0,12,2
1521,793.713659,1.0,1307.0,1307.0,0.0,0.0,0.166667,0.0,0,1,3000.0,1533.10785,115.667981,0.0,6,2
1548,843.357393,1.0,45.0,45.0,0.0,0.0,0.083333,0.0,0,1,2000.0,304.408605,312.893487,0.0,12,2
1564,39.477741,0.545455,325.66,325.66,0.0,0.0,0.333333,0.0,0,7,1000.0,288.039256,107.908566,0.0,12,2
1565,8.04034,0.181818,176.85,176.85,0.0,0.0,0.166667,0.0,0,4,6000.0,266.209837,169.928063,1.0,12,2
1570,341.379209,1.0,426.92,426.92,0.0,36.144056,0.416667,0.0,1,13,3000.0,595.682302,176.911112,0.0,12,2
1574,0.0,0.0,2600.0,2600.0,0.0,0.0,0.083333,0.0,0,1,6000.0,2437.260081,49.283603,0.0,12,2
1576,167.35668,1.0,288.0,288.0,0.0,189.705758,0.083333,0.0,1,3,6000.0,292.213876,168.244932,0.0,12,2
1583,1163.790341,1.0,517.0,517.0,0.0,0.0,0.272727,0.0,0,12,1200.0,541.21958,709.92275,0.0,11,2
1609,350.378913,0.636364,3263.48,3263.48,0.0,0.0,0.583333,0.0,0,25,7500.0,4547.760665,142.221091,1.0,12,2
1613,1670.146578,0.727273,3420.97,3420.97,0.0,0.0,0.25,0.0,0,31,2700.0,1164.552612,1283.600242,0.125,12,2
1618,7611.152584,1.0,3707.79,3707.79,0.0,0.0,0.666667,0.0,0,57,12000.0,4610.460803,4441.612219,0.0,12,2
1619,25.414572,1.0,262.92,262.92,0.0,0.0,0.916667,0.0,0,11,13000.0,280.367131,170.017741,0.636364,12,2
1625,2403.75955,1.0,367.16,367.16,0.0,0.0,0.333333,0.0,0,8,2600.0,687.263236,632.040291,0.0,12,2
1630,1226.122189,1.0,295.34,295.34,0.0,0.0,0.416667,0.0,0,8,1200.0,439.233552,1282.187993,0.0,12,2
1632,30.525356,0.454545,384.95,384.95,0.0,0.0,0.333333,0.0,0,4,14500.0,498.165923,86.348345,0.272727,12,2
1637,5269.72399,1.0,682.57,669.47,13.1,0.0,0.333333,0.083333,0,9,7000.0,1771.172074,1336.751401,0.0,12,2
1654,96.109401,1.0,938.2,938.2,0.0,148.986635,1.0,0.0,1,12,8000.0,3722.654209,182.443604,0.416667,12,2
1663,392.667425,1.0,4015.23,4015.23,0.0,0.0,1.0,0.0,0,26,7500.0,3189.923177,176.9102,0.916667,12,2
1671,1171.429087,0.909091,1845.42,1845.42,0.0,0.0,0.25,0.0,0,7,3000.0,3073.603769,855.360889,0.1,12,2
1692,144.012882,0.636364,675.53,675.53,0.0,0.0,0.166667,0.0,0,2,4000.0,1945.250404,271.90089,0.0,12,2
1717,146.04887,0.909091,3256.15,3256.15,0.0,0.0,0.916667,0.0,0,22,6500.0,3498.681846,74.878694,0.25,12,2
1720,5239.120768,1.0,1823.23,1823.23,0.0,0.0,0.75,0.0,0,14,5750.0,2107.740768,2658.139243,0.0,12,2
1721,2288.014844,1.0,1753.46,1753.46,0.0,0.0,1.0,0.0,0,50,2500.0,989.999739,1121.296235,0.0,12,2
1726,5.270593,0.181818,69.57,69.57,0.0,0.0,0.083333,0.0,0,2,4000.0,411.825987,83.449559,0.0,12,2
1731,97.389327,1.0,60.0,60.0,0.0,0.0,0.083333,0.0,0,1,12500.0,453.421982,204.88001,0.0,12,2
1743,11.249863,0.636364,137.84,137.84,0.0,0.0,0.166667,0.0,0,3,10000.0,234.444295,101.418698,0.166667,12,2
1757,890.275144,0.545455,435.14,435.14,0.0,0.0,0.166667,0.0,0,7,1800.0,3334.754054,1102.402301,0.0,12,2
1766,926.341558,0.909091,45.65,45.65,0.0,0.0,0.083333,0.0,0,1,1000.0,1293.650192,9957.74274,0.0,12,2
1793,16.005542,0.272727,151.33,151.33,0.0,0.0,0.166667,0.0,0,3,5000.0,450.83685,132.752406,0.5,12,2
1805,2021.641161,1.0,363.18,363.18,0.0,0.0,1.0,0.0,0,13,2000.0,704.24077,795.859808,0.0,12,2
1807,1407.26415,0.909091,151.64,151.64,0.0,0.0,0.090909,0.0,0,1,1500.0,337.890842,337.424016,0.0,11,2
1812,54.842927,1.0,105.0,105.0,0.0,0.0,0.083333,0.0,0,1,4000.0,329.582826,174.978044,0.0,12,2
1830,10.486808,0.363636,241.27,241.27,0.0,0.0,0.083333,0.0,0,1,2500.0,557.897488,204.561603,0.0,12,2
1848,52.776167,1.0,508.94,508.94,0.0,0.0,1.0,0.0,0,12,3000.0,478.833594,164.997774,0.4,12,2
1849,109.140973,1.0,319.62,319.62,0.0,0.0,0.666667,0.0,0,13,3500.0,597.96043,168.622192,0.0,12,2
1850,2586.533933,1.0,400.0,400.0,0.0,0.0,0.083333,0.0,0,1,3000.0,886.663668,939.459896,0.0,12,2
1853,2154.354852,1.0,104.0,104.0,0.0,91.406322,0.090909,0.0,1,1,6000.0,732.471319,512.458262,0.0,11,2
1863,7.03142,0.454545,502.33,424.0,78.33,0.0,0.166667,0.166667,0,5,2500.0,844.120402,25.455716,0.0,12,2
1870,2572.878701,1.0,3975.0,3975.0,0.0,0.0,0.416667,0.0,0,5,4000.0,2386.982592,667.024916,0.0,12,2
1882,210.993146,0.818182,90.51,90.51,0.0,0.0,0.083333,0.0,0,1,6500.0,1240.766161,230.983088,0.0,12,2
1887,131.342635,0.636364,1160.65,1160.65,0.0,0.0,0.5,0.0,0,8,13000.0,1113.408654,93.234625,0.3,12,2
1892,1106.697298,1.0,1260.13,1260.13,0.0,0.0,0.2,0.0,0,3,6500.0,1556.574701,238.440314,0.0,10,2
1897,1329.826951,1.0,1304.96,1304.96,0.0,18.427395,0.25,0.0,1,7,7500.0,625.414678,402.131301,0.0,12,2
1899,559.151424,1.0,94.0,94.0,0.0,0.0,0.25,0.0,0,3,5500.0,254.733329,218.279194,0.0,12,2
1939,168.539199,1.0,176.73,109.0,67.73,0.0,0.083333,0.166667,0,4,5000.0,197.074177,173.057909,0.0,12,2
1941,1302.78269,1.0,45.65,45.65,0.0,0.0,0.083333,0.0,0,1,1500.0,351.864266,5104.500905,0.0,12,2
1945,1308.302091,1.0,918.67,918.67,0.0,0.0,0.583333,0.0,0,22,1800.0,258.034145,376.716571,0.0,12,2
1964,51.427334,1.0,486.01,486.01,0.0,0.0,0.833333,0.0,0,13,7000.0,544.044265,164.607409,0.0,12,2
1976,4333.59727,1.0,333.08,333.08,0.0,72.049232,0.416667,0.0,1,7,12500.0,1113.279765,1634.9904,0.0,12,2
1981,2004.298844,1.0,1500.0,1500.0,0.0,0.0,0.083333,0.0,0,1,3000.0,675.426241,672.964531,0.0,12,2
1990,1590.712709,1.0,674.57,674.57,0.0,0.0,0.75,0.0,0,11,1600.0,830.768021,1017.533824,0.0,12,2
1993,2097.603234,1.0,963.21,963.21,0.0,0.0,1.0,0.0,0,11,2100.0,622.542212,1252.200387,0.0,6,2
1995,3.03124,0.272727,37.65,37.65,0.0,0.0,0.083333,0.0,0,1,7500.0,88.090034,56.690917,0.0,12,2
2005,828.596569,1.0,1115.0,1115.0,0.0,0.0,0.083333,0.0,0,1,1800.0,268.295902,289.110551,0.0,12,2
2006,4232.350593,1.0,32.35,32.35,0.0,0.0,0.083333,0.0,0,1,14000.0,1262.608728,1163.798856,0.0,12,2
2017,133.926073,0.272727,246.75,246.75,0.0,0.0,0.416667,0.0,0,5,11000.0,7103.026842,151.26551,0.0,12,2
2022,1193.434312,1.0,689.4,689.4,0.0,0.0,1.0,0.0,0,12,3500.0,328.171066,328.045032,0.0,12,2
2029,311.341555,0.909091,3721.39,3721.39,0.0,0.0,0.5,0.0,0,26,4000.0,4004.905569,156.580586,0.714286,12,2
2047,193.207812,1.0,1937.7,1937.7,0.0,0.0,1.0,0.0,0,30,2000.0,2100.802868,169.00964,0.916667,12,2
2063,2828.765822,1.0,19.98,19.98,0.0,0.0,0.083333,0.0,0,2,5500.0,593.220384,1159.310924,0.0,12,2
2064,1452.469721,1.0,205.89,205.89,0.0,0.0,0.25,0.0,0,3,1600.0,501.655195,490.885882,0.0,12,2
2066,1414.878106,1.0,98.08,68.42,29.66,0.0,0.166667,0.083333,0,3,1500.0,523.235492,535.880979,0.0,12,2
2068,482.799015,0.818182,4240.41,4240.41,0.0,0.0,0.333333,0.0,0,4,6000.0,6360.427012,127.311184,1.0,12,2
2078,1389.583627,1.0,712.87,712.87,0.0,0.0,0.083333,0.0,0,1,4500.0,801.18565,364.139587,0.0,12,2
2098,1134.648238,1.0,143.12,143.12,0.0,0.0,0.1,0.0,0,1,1200.0,289.967312,286.845297,0.0,10,2
2104,329.388289,1.0,72.84,72.84,0.0,0.0,0.083333,0.0,0,1,3000.0,467.674193,216.289689,0.0,12,2
2113,699.586726,1.0,796.11,796.11,0.0,0.0,0.083333,0.0,0,1,6000.0,807.665219,1559.810579,0.0,12,2
2127,478.834962,1.0,1060.99,1040.99,20.0,0.0,0.083333,0.083333,0,4,1300.0,1162.790308,208.55975,0.0,12,2
2133,273.247883,1.0,60.0,60.0,0.0,0.0,0.083333,0.0,0,1,2300.0,111.559902,208.976648,0.0,12,2
2137,422.723099,0.727273,344.86,344.86,0.0,0.0,0.25,0.0,0,4,8500.0,1499.598264,185.217625,0.0,12,2
2141,349.086448,0.818182,2569.94,2569.94,0.0,186.415123,0.363636,0.0,1,8,5000.0,3362.877104,164.400313,0.714286,11,2
2143,6460.838794,1.0,6814.47,6814.47,0.0,0.0,1.0,0.0,0,15,13000.0,1917.817732,1643.130029,0.0,12,2
2146,805.520824,1.0,4019.28,4019.28,0.0,0.0,0.833333,0.0,0,19,4500.0,3728.70891,276.007263,0.272727,12,2
2150,226.03038,1.0,435.08,435.08,0.0,0.0,0.916667,0.0,0,15,7500.0,3796.014359,180.308803,0.2,12,2
2154,62.788771,1.0,802.1,802.1,0.0,0.0,0.916667,0.0,0,21,13000.0,710.240283,171.20871,0.818182,12,2
2160,68.20838,0.272727,780.0,780.0,0.0,0.0,0.166667,0.0,0,2,3200.0,196.173726,14.037214,0.0,12,2
2169,379.767959,1.0,493.5,493.5,0.0,0.0,0.25,0.0,0,3,4000.0,3308.04995,3396.356156,0.272727,12,2
2186,46.461265,0.545455,237.99,237.99,0.0,0.0,0.166667,0.0,0,2,4500.0,543.788113,195.089406,0.0,12,2
2199,36.023577,0.181818,273.8,273.8,0.0,0.0,0.083333,0.0,0,1,5500.0,174.52575,259.524372,1.0,12,2
2214,4158.137668,1.0,8.4,8.4,0.0,0.0,1.0,0.0,0,12,7500.0,1001.17541,1917.458466,0.0,12,2
2216,131.260514,0.5,1109.91,1109.91,0.0,0.0,0.5,0.0,0,21,9500.0,2137.485075,89.478836,1.0,10,2
2219,1504.334228,0.909091,565.0,565.0,0.0,0.0,0.25,0.0,0,3,2200.0,2511.315474,471.295665,0.0,12,2
2228,40.343354,0.5,318.79,318.79,0.0,0.0,0.2,0.0,0,2,6000.0,603.896667,56.679587,0.0,10,2
2242,4181.216991,1.0,1443.33,1443.33,0.0,0.0,0.083333,0.0,0,1,6000.0,1027.149996,1420.666789,0.0,12,2
2243,162.94835,0.545455,400.0,400.0,0.0,0.0,0.083333,0.0,0,1,4000.0,137.20573,71.377094,0.0,12,2
2247,1599.306976,1.0,112.57,112.57,0.0,70.564078,0.25,0.0,1,3,1800.0,595.55337,379.959706,0.0,12,2
2250,1738.377115,1.0,140.2,140.2,0.0,0.0,1.0,0.0,0,12,6500.0,432.72779,591.069406,0.0,12,2
2256,1236.635476,1.0,540.0,540.0,0.0,0.0,0.818182,0.0,0,9,4000.0,2136.389192,247.620077,0.090909,11,2
2260,955.415962,1.0,1060.0,1060.0,0.0,0.0,0.111111,0.0,0,1,2100.0,189.106448,213.863185,0.0,9,2
2264,937.276757,1.0,45.65,45.65,0.0,19.995297,0.083333,0.0,1,1,1000.0,335.809644,442.354727,0.0,12,2
2268,1053.59473,1.0,1450.0,1450.0,0.0,0.0,0.125,0.0,0,1,1500.0,397.090516,227.143184,0.0,8,2
2269,1877.424948,1.0,170.07,118.2,51.87,0.0,0.166667,0.166667,0,2,6000.0,248.81801,264.497515,0.0,6,2
2270,8.928211,0.727273,105.78,105.78,0.0,0.0,0.416667,0.0,0,6,3500.0,199.171196,88.814442,0.5,12,2
2275,26.621291,0.363636,426.83,426.83,0.0,0.0,0.416667,0.0,0,5,6000.0,195.490843,88.384521,0.0,12,2
2279,9.75539,0.909091,219.37,219.37,0.0,0.0,1.0,0.0,0,12,6000.0,216.850592,76.604414,0.25,12,2
2282,1417.474456,1.0,144.49,144.49,0.0,0.0,0.416667,0.0,0,6,1500.0,348.50421,417.305741,0.0,12,2
2283,1613.321542,1.0,252.0,252.0,0.0,0.0,0.166667,0.0,0,3,1800.0,833.515706,592.475313,0.0,12,2
2284,392.194003,1.0,788.14,788.14,0.0,0.0,0.166667,0.0,0,2,9000.0,1041.707049,192.452296,0.0,12,2
2289,15.236618,0.272727,161.5,161.5,0.0,0.0,0.166667,0.0,0,1,3000.0,912.737392,114.337421,0.0,12,2
2294,475.171266,0.727273,1155.4,1155.4,0.0,0.0,0.083333,0.0,0,1,2000.0,1264.974166,116.244107,0.0,12,2
2295,1117.683394,0.909091,45.65,45.65,0.0,0.0,0.090909,0.0,0,1,1200.0,287.581425,371.232319,0.0,11,2
2297,14.68344,0.363636,67.44,67.44,0.0,0.0,0.083333,0.0,0,1,4000.0,82.000743,57.564463,0.0,12,2
2315,21.928045,0.909091,190.45,190.45,0.0,49.196465,0.166667,0.0,1,2,8500.0,155.609598,66.465635,0.0,12,2
2326,1.059425,0.363636,23.91,23.91,0.0,0.0,0.333333,0.0,0,4,15500.0,31.845894,22.081988,0.111111,12,2
2328,234.700486,1.0,82.0,82.0,0.0,0.0,0.083333,0.0,0,2,4200.0,350.773984,215.834479,0.0,12,2
2338,3860.238072,1.0,11.41,11.41,0.0,0.0,0.166667,0.0,0,2,10000.0,7280.584479,1013.780486,0.083333,12,2
2350,929.115076,1.0,611.71,591.71,20.0,0.0,0.5,0.166667,0,11,1200.0,1019.527645,273.627647,0.0,12,2
2356,606.323282,1.0,299.9,299.9,0.0,0.0,0.25,0.0,0,3,4200.0,502.64224,204.447891,0.0,12,2
2371,6.121105,0.571429,233.9,233.9,0.0,0.0,0.428571,0.0,0,5,10500.0,33.010201,53.9438,0.0,7,2
2390,109.594389,1.0,177.0,177.0,0.0,0.0,0.083333,0.0,0,1,1950.0,170.47103,221.171027,0.0,12,2
2407,611.561026,1.0,765.0,765.0,0.0,0.0,0.125,0.0,0,1,2000.0,204.464151,146.352314,0.0,8,2
2414,14.871714,0.545455,62.7,62.7,0.0,0.0,0.083333,0.0,0,1,3000.0,125.780361,164.519883,0.0,12,2
2430,1128.717636,1.0,55.69,55.69,0.0,56.453676,0.083333,0.0,1,3,1200.0,266.286419,544.723121,0.0,12,2
2455,107.944741,0.875,118.16,118.16,0.0,472.818286,0.125,0.0,1,2,2500.0,192.781455,56.999671,0.25,8,2
2456,117.777688,0.727273,853.3,853.3,0.0,0.0,0.25,0.0,0,3,2000.0,851.921672,73.600798,0.0,12,2
2461,1848.248809,1.0,307.12,307.12,0.0,0.0,0.083333,0.0,0,2,8500.0,3421.846931,470.192366,0.0,12,2
2476,96.699394,0.545455,1475.23,1475.23,0.0,0.0,1.0,0.0,0,14,4000.0,1595.023315,34.819015,0.0,12,2
2482,2305.313527,1.0,255.7,229.02,26.68,14.222216,0.454545,0.181818,1,8,6500.0,620.437714,505.940539,0.0,11,2
2486,2008.004976,1.0,75.5,75.5,0.0,0.0,0.166667,0.0,0,2,5000.0,485.389275,603.340807,0.0,12,2
2493,112.01046,1.0,229.0,229.0,0.0,0.0,0.181818,0.0,0,4,150.0,119.62682,252.515849,0.0,11,2
2497,1003.058842,1.0,1627.0,1627.0,0.0,0.0,0.333333,0.0,0,12,1200.0,1897.171179,613.912928,0.0,12,2
2500,505.333425,0.909091,5176.62,5176.62,0.0,0.0,0.666667,0.0,0,33,8500.0,4971.981428,172.888946,0.6,12,2
2528,126.134681,1.0,1197.12,1197.12,0.0,0.0,1.0,0.0,0,12,9000.0,936.326494,180.002457,0.454545,12,2
2539,66.65712,1.0,585.87,585.87,0.0,0.0,1.0,0.0,0,12,10000.0,570.478919,182.613309,1.0,12,2
2544,956.303408,0.857143,1451.5,1451.5,0.0,0.0,0.571429,0.0,0,54,1200.0,210.435488,886.458108,0.0,7,2
2545,40.627614,1.0,528.08,528.08,0.0,0.0,1.0,0.0,0,16,2000.0,384.322913,174.894699,0.333333,12,2
2559,462.598215,1.0,1319.26,1319.26,0.0,0.0,0.083333,0.0,0,1,3500.0,98.018318,281.813294,0.0,12,2
2580,87.802127,0.818182,803.95,803.95,0.0,0.0,0.5,0.0,0,8,1000.0,1134.379946,137.584907,0.666667,12,2
2610,1212.426549,1.0,265.22,265.22,0.0,0.0,0.166667,0.0,0,2,3000.0,332.755679,441.115564,0.0,12,2
2611,210.870503,1.0,664.05,664.05,0.0,0.0,0.2,0.0,0,5,7500.0,728.19268,140.348508,0.0,10,2
2615,3633.533005,1.0,383.2,383.2,0.0,49.167984,0.083333,0.0,1,2,11000.0,1061.683135,953.456332,0.0,12,2
2617,86.547135,0.818182,789.45,789.45,0.0,0.0,0.416667,0.0,0,5,2500.0,1370.171713,119.649702,0.111111,12,2
2634,542.807485,1.0,220.62,220.62,0.0,0.0,0.166667,0.0,0,3,2000.0,608.782428,166.733071,0.0,12,2
2644,1327.653853,1.0,20.9,20.9,0.0,0.0,0.083333,0.0,0,1,1500.0,287.690115,483.2481,0.0,12,2
2654,1135.816377,1.0,520.24,520.24,0.0,0.0,0.583333,0.0,0,10,1200.0,706.605439,785.964114,0.0,12,2
2656,763.696095,1.0,1229.42,1229.42,0.0,0.0,1.0,0.0,0,34,7000.0,2422.735455,294.622525,0.0,12,2
2658,745.157677,1.0,485.17,485.17,0.0,0.0,0.166667,0.0,0,2,3000.0,191.111587,285.884887,0.0,12,2
2663,939.348677,1.0,50.0,50.0,0.0,0.0,0.083333,0.0,0,1,1000.0,315.440785,628.156487,0.0,12,2
2668,57.257195,0.818182,472.5,472.5,0.0,0.0,0.75,0.0,0,9,7227.272727,598.240579,174.283792,0.9,12,2
2675,41.217844,0.363636,221.48,221.48,0.0,0.0,0.25,0.0,0,4,13500.0,1242.51149,167.536373,0.666667,12,2
2703,28.445432,0.545455,166.2,166.2,0.0,0.0,0.25,0.0,0,3,5500.0,236.022703,97.531842,0.181818,12,2
2712,201.463946,1.0,2364.85,2364.85,0.0,0.0,1.0,0.0,0,13,5000.0,1883.762278,134.457412,0.444444,12,2
2725,16.052971,0.545455,127.0,127.0,0.0,0.0,0.166667,0.0,0,2,4500.0,190.19504,141.377809,0.0,12,2
2733,414.196362,0.909091,794.53,794.53,0.0,0.0,0.090909,0.0,0,9,2000.0,814.33642,150.284972,0.1,11,2
2743,229.295689,1.0,2099.89,2099.89,0.0,0.0,1.0,0.0,0,14,3000.0,2470.255953,176.361201,0.0,12,2
2747,2085.013555,1.0,198.27,198.27,0.0,0.0,0.166667,0.0,0,2,8000.0,748.549629,524.180778,0.0,12,2
2754,78.027358,0.454545,377.07,377.07,0.0,367.672276,0.25,0.0,2,8,1500.0,1547.271973,157.18024,0.25,12,2
2758,4360.245187,1.0,703.23,703.23,0.0,0.0,1.0,0.0,0,12,4500.0,1372.421202,1377.09619,0.0,12,2
2773,1391.33075,1.0,530.5,530.5,0.0,0.0,0.25,0.0,0,3,1600.0,573.866182,482.499021,0.0,12,2
2774,2748.868773,1.0,598.5,598.5,0.0,0.0,0.333333,0.0,0,34,2000.0,518.300462,28483.25483,0.0,12,2
2787,13.925681,0.272727,462.78,422.78,40.0,0.0,0.25,0.083333,0,17,2000.0,1047.090159,119.325453,1.0,12,2
2789,13.75098,0.181818,214.38,214.38,0.0,0.0,0.083333,0.0,0,1,1500.0,1458.242991,178.665615,0.0,12,2
2790,176.478557,0.545455,600.0,600.0,0.0,0.0,0.083333,0.0,0,1,1500.0,690.478077,77.300437,0.0,12,2
2799,115.376754,1.0,448.15,448.15,0.0,0.0,1.0,0.0,0,13,9000.0,423.564594,174.871144,0.0,12,2
2802,11.4334,0.090909,250.0,250.0,0.0,0.0,0.083333,0.0,0,1,1800.0,1445.844749,84.417079,0.0,12,2
2812,1485.081634,1.0,48.22,48.22,0.0,106.224702,0.083333,0.0,1,1,1700.0,338.531014,542.822761,0.0,12,2
2814,1738.802811,1.0,395.0,395.0,0.0,0.0,0.166667,0.0,0,2,6000.0,566.494736,457.010558,0.0,12,2
2819,750.070967,1.0,311.2,311.2,0.0,0.0,0.166667,0.0,0,4,1000.0,544.179931,181.243059,0.0,12,2
2833,335.360271,1.0,3237.47,3237.47,0.0,0.0,0.75,0.0,0,19,2000.0,3137.11501,124.831219,0.571429,12,2
2844,1647.990537,1.0,127.46,127.46,0.0,0.0,0.083333,0.0,0,2,3500.0,414.257207,486.378735,0.0,12,2
2877,40.645069,1.0,636.83,636.83,0.0,0.0,0.666667,0.0,0,8,7500.0,670.205252,182.978696,0.416667,12,2
2878,12323.84536,1.0,989.32,989.32,0.0,0.0,0.090909,0.0,0,2,18000.0,9542.247486,2540.084696,0.0,11,2
2880,97.453056,0.818182,334.73,334.73,0.0,19.551802,0.083333,0.0,1,1,2500.0,234.271939,117.297542,0.25,12,2
2881,346.782576,1.0,961.12,961.12,0.0,0.0,0.333333,0.0,0,4,7000.0,409.11342,373.884808,0.0,12,2
2882,32.228288,0.636364,73.45,73.45,0.0,0.0,0.166667,0.0,0,2,4000.0,25.162565,163.322311,0.0,12,2
2890,2809.125422,1.0,65.5,65.5,0.0,0.0,0.083333,0.0,0,1,3000.0,534.051634,1900.025531,0.0,12,2
2908,1109.109473,1.0,113.0,113.0,0.0,189.801109,0.1,0.0,1,2,2500.0,200.741855,234.552176,0.0,10,2
2909,969.034643,1.0,50.85,50.85,0.0,0.0,0.166667,0.0,0,2,1200.0,256.061264,309.02637,0.0,12,2
2910,80.167956,0.545455,1053.52,1053.52,0.0,0.0,0.416667,0.0,0,12,3000.0,970.48092,67.064056,0.125,12,2
2921,1182.045732,1.0,130.0,70.0,60.0,0.0,0.166667,0.166667,0,5,1200.0,279.439759,293.907914,0.0,12,2
2925,188.701762,0.454545,900.45,900.45,0.0,0.0,0.083333,0.0,0,1,1200.0,1002.783773,74.503021,0.0,12,2
2950,1530.883538,1.0,964.67,964.67,0.0,0.0,0.3,0.0,0,10,3000.0,288.366557,605.921914,0.0,10,2
2952,256.182628,0.181818,111.39,111.39,0.0,0.0,0.166667,0.0,0,4,10000.0,16842.39187,751.683377,0.333333,12,2
2969,3.744802,0.272727,154.5,154.5,0.0,0.0,0.083333,0.0,0,1,3800.0,178.897596,30.229283,0.0,12,2
2971,2249.367093,1.0,902.43,902.43,0.0,0.0,0.5,0.0,0,10,2500.0,789.29843,705.466936,0.0,12,2
2974,2237.238086,1.0,120.0,120.0,0.0,0.0,0.125,0.0,0,1,2500.0,343.102984,712.986387,0.0,8,2
2982,4881.395564,0.909091,849.78,849.78,0.0,0.0,0.454545,0.0,0,7,11500.0,1097.471776,1314.593462,0.0,11,2
2984,124.732546,0.818182,301.07,301.07,0.0,0.0,0.083333,0.0,0,1,5000.0,732.951933,133.935004,0.0,12,2
2999,36.607995,0.545455,224.4,224.4,0.0,0.0,0.166667,0.0,0,2,2100.0,372.093413,151.08003,0.0,12,2
3005,1412.593167,1.0,1278.5,1278.5,0.0,0.0,0.166667,0.0,0,6,10500.0,1296.772849,327.424876,0.0,12,2
3011,1134.830372,1.0,833.98,833.98,0.0,0.0,1.0,0.0,0,11,7500.0,285.23111,184.13146,0.0,8,2
3022,795.401963,1.0,3408.01,3408.01,0.0,0.0,0.916667,0.0,0,11,5000.0,5797.060195,242.410057,0.083333,12,2
3031,733.988674,1.0,83.47,83.47,0.0,0.0,0.083333,0.0,0,1,9000.0,195.17029,219.056873,0.0,12,2
3044,117.205812,0.818182,215.0,215.0,0.0,0.0,0.083333,0.0,0,1,1750.0,86.403222,182.994424,0.0,12,2
3049,931.144615,0.666667,1864.5,1864.5,0.0,148.542419,0.333333,0.0,4,6,2000.0,194.303595,215.542334,0.0,6,2
3050,1484.996584,1.0,170.0,170.0,0.0,0.0,0.416667,0.0,0,5,1500.0,406.189673,479.239093,0.0,12,2
3057,226.804333,1.0,669.19,669.19,0.0,0.0,1.0,0.0,0,25,8000.0,1093.526476,173.672316,0.083333,12,2
3058,216.595085,1.0,270.21,270.21,0.0,232.881575,1.0,0.0,2,12,6000.0,453.391188,199.633262,0.0,12,2
3061,1048.403657,1.0,652.24,652.24,0.0,0.0,0.583333,0.0,0,7,4000.0,2274.855647,669.585057,0.0,12,2
3075,740.231763,1.0,150.0,150.0,0.0,0.0,0.083333,0.0,0,2,1800.0,1810.018994,371.232676,0.0,12,2
3086,4413.461158,1.0,55.12,55.12,0.0,0.0,0.083333,0.0,0,1,5000.0,1433.807814,2036.483418,0.0,12,2
3087,2900.59088,1.0,588.48,588.48,0.0,0.0,0.166667,0.0,0,2,3000.0,1189.418494,2648.004763,0.0,12,2
3090,791.117673,1.0,854.2,854.2,0.0,0.0,0.25,0.0,0,3,7350.0,5346.679636,5583.630482,0.416667,12,2
3091,950.31308,1.0,1022.84,1022.84,0.0,0.0,0.166667,0.0,0,5,1500.0,818.113846,2083.026155,0.0,12,2
3097,2262.825216,0.727273,221.2,221.2,0.0,0.0,0.166667,0.0,0,4,9000.0,6791.182982,826.907399,0.125,12,2
3098,380.351858,0.909091,1216.21,1216.21,0.0,145.058195,0.166667,0.0,1,9,3000.0,1605.939594,135.474623,0.111111,12,2
3110,7.954284,0.272727,56.0,56.0,0.0,0.0,0.083333,0.0,0,1,10500.0,312.280331,82.975613,0.0,12,2
3128,99.527723,0.818182,1059.59,1059.59,0.0,0.0,0.666667,0.0,0,14,2500.0,1438.379172,162.415247,0.833333,12,2
3131,2852.354665,1.0,424.84,424.84,0.0,0.0,0.416667,0.0,0,6,3000.0,725.815797,833.636185,0.0,12,2
3133,240.814517,0.181818,59.0,59.0,0.0,196.906234,0.083333,0.0,1,2,5000.0,5135.531491,288.495064,0.0,12,2
3148,1876.290248,1.0,63.62,63.62,0.0,0.0,0.083333,0.0,0,1,2000.0,383.273938,663.925938,0.0,12,2
3154,1562.698176,1.0,354.04,354.04,0.0,0.0,0.916667,0.0,0,16,6000.0,2975.946627,392.783086,0.0,12,2
3162,793.005227,1.0,4.99,4.99,0.0,0.0,0.083333,0.0,0,1,2500.0,1127.028432,223.627537,0.083333,12,2
3168,0.683939,0.181818,17.7,17.7,0.0,0.0,0.083333,0.0,0,1,1500.0,18.825023,10.074393,0.0,12,2
3169,1328.569532,1.0,140.0,140.0,0.0,0.0,0.083333,0.0,0,1,1600.0,326.461136,540.345357,0.0,12,2
3175,2.796865,0.272727,170.92,170.92,0.0,0.0,0.583333,0.0,0,7,4000.0,227.392057,37.257557,0.0,12,2
3177,2146.005518,0.909091,469.83,469.83,0.0,0.0,0.818182,0.0,0,10,8500.0,1025.916057,477.907704,0.0,11,2
3188,22.242824,1.0,236.28,236.28,0.0,0.0,0.833333,0.0,0,10,4000.0,258.45701,153.481269,0.545455,12,2
3194,1763.755481,1.0,2233.3,2233.3,0.0,0.0,0.083333,0.0,0,2,13000.0,2209.056302,405.557756,0.0,12,2
3208,3.925627,0.454545,17.8,17.8,0.0,0.0,0.083333,0.0,0,1,2500.0,649.54356,84.757464,0.5,12,2
3209,65.207898,0.454545,350.0,350.0,0.0,0.0,0.083333,0.0,0,1,8000.0,369.369235,97.235037,0.0,12,2
3213,1133.652007,1.0,34.83,34.83,0.0,0.0,0.166667,0.0,0,2,1200.0,309.340005,279.044103,0.0,12,2
3214,1054.466688,1.0,142.8,142.8,0.0,0.0,0.166667,0.0,0,2,1200.0,515.767434,319.949186,0.0,12,2
3224,124.561589,0.636364,1674.16,1674.16,0.0,0.0,0.583333,0.0,0,60,1800.0,2397.018501,144.268048,1.0,12,2
3226,250.493739,1.0,500.67,500.67,0.0,0.0,0.166667,0.0,0,3,12000.0,589.69489,197.615598,0.166667,12,2
3229,1954.920348,1.0,1016.34,1016.34,0.0,0.0,0.333333,0.0,0,9,7500.0,481.559934,595.650324,0.0,12,2
3236,56.837819,0.727273,584.34,584.34,0.0,0.0,0.5,0.0,0,8,9500.0,1074.374998,128.896127,0.1,12,2
3240,182.085903,1.0,1935.16,1935.16,0.0,0.0,0.833333,0.0,0,26,13500.0,2559.793542,212.12069,0.416667,12,2
3247,42.996921,1.0,230.04,230.04,0.0,0.0,0.25,0.0,0,4,200.0,187.489678,186.703736,0.0,12,2
3266,73.189931,0.636364,199.96,199.96,0.0,0.0,0.083333,0.0,0,1,2000.0,362.012001,167.584529,0.0,12,2
3272,124.117838,0.363636,14.98,14.98,0.0,0.0,0.083333,0.0,0,1,1700.0,607.535166,43.582049,0.0,12,2
3281,355.125926,1.0,269.75,269.75,0.0,0.0,0.75,0.0,0,9,2000.0,960.623536,202.824829,0.0,12,2
3285,868.808006,1.0,39.83,33.5,6.33,0.0,0.083333,0.083333,0,2,1950.0,264.721497,282.178494,0.0,12,2
3287,826.019814,1.0,6856.25,6856.25,0.0,0.0,0.833333,0.0,0,46,10500.0,6429.084786,215.361187,0.4,12,2
3294,5379.384053,1.0,501.09,501.09,0.0,0.0,0.416667,0.0,0,6,9000.0,1480.283481,1923.071434,0.0,12,2
3295,1132.615315,1.0,136.19,136.19,0.0,0.0,0.166667,0.0,0,2,5100.0,346.986446,407.889131,0.0,12,2
3299,1647.461444,1.0,323.55,323.55,0.0,0.0,0.75,0.0,0,9,5000.0,669.943854,607.902881,0.0,12,2
3303,3.93442,0.636364,29.99,29.99,0.0,0.0,0.083333,0.0,0,1,1800.0,18.769077,42.100823,0.0,12,2
3318,79.462211,0.727273,1073.97,1073.97,0.0,0.0,0.416667,0.0,0,5,8100.0,866.683765,116.514395,0.222222,12,2
3322,364.464393,0.818182,1050.76,1050.76,0.0,0.0,0.416667,0.0,0,5,1200.0,1195.876023,173.488987,0.0,12,2
3338,2073.595183,1.0,1716.11,1716.11,0.0,0.0,0.333333,0.0,0,7,7000.0,1608.073274,699.559936,0.0,12,2
3363,126.32794,0.909091,718.01,718.01,0.0,0.0,0.25,0.0,0,5,7500.0,1067.973689,157.340797,0.0,12,2
3368,68.707804,1.0,774.91,774.91,0.0,0.0,1.0,0.0,0,12,7500.0,1209.741424,169.985235,1.0,12,2
3376,11.78569,0.272727,69.9,69.9,0.0,0.0,0.083333,0.0,0,1,2000.0,266.254303,116.316856,0.0,12,2
3381,1003.774921,1.0,161.27,161.27,0.0,0.0,0.333333,0.0,0,8,1200.0,257.638043,368.466873,0.0,12,2
3389,61.921514,0.181818,655.21,655.21,0.0,0.0,0.166667,0.0,0,2,1500.0,116.093233,172.342232,0.0,12,2
3395,1158.783497,1.0,183.0,183.0,0.0,0.0,0.166667,0.0,0,3,1200.0,271.548882,355.227627,0.0,12,2
3405,35.276551,1.0,22.48,22.48,0.0,0.0,0.083333,0.0,0,1,7500.0,68.205028,200.03439,0.0,12,2
3406,87.908147,0.545455,895.11,895.11,0.0,0.0,0.25,0.0,0,5,16500.0,1082.659906,103.425559,0.0,12,2
3410,63.169044,1.0,806.71,806.71,0.0,0.0,1.0,0.0,0,14,7500.0,705.485115,148.199188,0.181818,12,2
3415,440.263759,1.0,891.66,891.66,0.0,0.0,0.25,0.0,0,3,7500.0,619.251006,188.075723,0.0,12,2
3417,67.515739,0.909091,640.48,640.48,0.0,0.0,0.75,0.0,0,12,500.0,531.228483,162.317727,0.090909,12,2
3418,625.292621,1.0,1215.64,1215.64,0.0,0.0,0.083333,0.0,0,1,2500.0,297.914805,525.056459,0.0,12,2
3425,25.897329,1.0,299.65,299.65,0.0,0.0,1.0,0.0,0,12,9000.0,261.779201,163.208033,0.818182,12,2
3434,118.463635,0.818182,1572.67,1572.67,0.0,0.0,0.583333,0.0,0,14,5000.0,1838.425899,131.342387,0.8,12,2
3442,1253.764799,1.0,666.98,666.98,0.0,0.0,0.916667,0.0,0,12,2400.0,3038.416025,1276.724682,0.083333,12,2
3444,87.296391,0.636364,897.56,897.56,0.0,0.0,0.416667,0.0,0,7,4000.0,880.271979,113.623443,0.2,12,2
3455,193.103834,1.0,246.56,246.56,0.0,0.0,0.25,0.0,0,3,600.0,3540.713522,1987.489882,0.083333,12,2
3464,1523.552696,1.0,1810.0,1810.0,0.0,0.0,0.1,0.0,0,1,1850.0,368.561315,390.858281,0.0,10,2
3478,3782.000774,1.0,60.0,60.0,0.0,104.521972,0.083333,0.0,1,1,5000.0,894.056461,876.236347,0.0,12,2
3487,711.174631,1.0,155.39,155.39,0.0,0.0,0.166667,0.0,0,4,8500.0,615.867397,190.288155,0.0,12,2
3504,3443.287685,1.0,500.0,500.0,0.0,0.0,0.083333,0.0,0,1,7000.0,1073.265004,872.760983,0.0,12,2
3506,43.775427,1.0,523.64,523.64,0.0,0.0,1.0,0.0,0,15,6500.0,492.097703,172.889643,0.75,12,2
3512,1225.201454,1.0,1842.64,1842.64,0.0,0.0,0.583333,0.0,0,8,1200.0,2326.84606,996.543357,0.0,12,2
3521,228.925466,1.0,2084.18,2084.18,0.0,0.0,1.0,0.0,0,28,1000.0,2034.867192,195.590094,1.0,12,2
3525,41.301246,1.0,655.79,655.79,0.0,0.0,1.0,0.0,0,13,6000.0,685.985441,185.521414,1.0,12,2
3544,3012.642667,1.0,6999.56,6999.56,0.0,0.0,1.0,0.0,0,81,3500.0,5446.940305,573.86773,0.166667,12,2
3550,40.069534,0.909091,833.29,833.29,0.0,0.0,1.0,0.0,0,12,7000.0,766.596225,112.992397,0.3,12,2
3551,2183.58965,1.0,381.1,381.1,0.0,0.0,0.333333,0.0,0,7,2400.0,1052.994297,929.718593,0.0,12,2
3557,98.6782,0.818182,540.0,540.0,0.0,0.0,0.75,0.0,0,9,1700.0,364.533707,169.369886,0.125,12,2
3573,158.657744,0.909091,752.0,752.0,0.0,0.0,0.25,0.0,0,4,2500.0,865.171658,161.710712,0.0,12,2
3579,33.117601,0.909091,157.61,157.61,0.0,0.0,0.333333,0.0,0,8,1800.0,173.321501,135.658586,0.142857,12,2
3582,143.025504,1.0,1312.35,1312.35,0.0,0.0,0.916667,0.0,0,12,300.0,1212.60088,178.466749,0.5,12,2
3616,41.143328,1.0,239.23,239.23,0.0,0.0,0.583333,0.0,0,7,6000.0,309.734225,149.956376,0.083333,12,2
3619,477.81804,1.0,515.6,515.6,0.0,0.0,0.333333,0.0,0,5,7500.0,610.621157,277.826134,0.0,12,2
3621,58.811557,0.636364,370.0,370.0,0.0,19.719684,0.083333,0.0,1,1,1200.0,1483.573731,144.531014,0.090909,12,2
3633,383.921461,1.0,6598.29,6598.29,0.0,0.0,1.0,0.0,0,102,9500.0,4371.05477,229.880036,0.916667,12,2
3635,288.525281,1.0,341.7,341.7,0.0,0.0,0.083333,0.0,0,1,1000.0,246.925425,237.035886,0.0,12,2
3655,4496.709257,1.0,945.26,945.26,0.0,0.0,0.25,0.0,0,4,9500.0,1149.199704,1093.331983,0.0,12,2
3657,1390.597054,1.0,724.4,724.4,0.0,0.0,0.5,0.0,0,9,7000.0,998.57171,432.987767,0.0,12,2
3658,1330.585412,1.0,304.6,304.6,0.0,0.0,1.0,0.0,0,12,8000.0,1310.489719,385.183578,0.0,12,2
3659,177.592802,1.0,1471.55,1471.55,0.0,0.0,1.0,0.0,0,25,25000.0,1389.167981,262.826661,0.916667,12,2
3662,5.006737,1.0,100.3,100.3,0.0,0.0,0.083333,0.0,0,1,5000.0,188.823702,16.853858,0.0,12,2
3675,916.961442,1.0,156.5,156.5,0.0,0.0,0.083333,0.0,0,3,1200.0,238.956831,440.543925,0.0,12,2
3678,35.460649,0.909091,378.58,378.58,0.0,0.0,0.083333,0.0,0,2,2000.0,388.874728,47.739871,0.0,12,2
3684,743.38993,0.7,1530.63,1530.63,0.0,0.0,0.2,0.0,0,4,3000.0,393.615017,192.211742,0.0,10,2
3685,284.510677,0.818182,83.2,83.2,0.0,0.0,0.083333,0.0,0,1,6500.0,1033.94329,146.825436,0.090909,12,2
3689,2784.364948,1.0,1178.31,1178.31,0.0,0.0,0.583333,0.0,0,8,8500.0,4188.764712,776.323383,0.0,12,2
3704,72.02566,1.0,222.6,222.6,0.0,0.0,0.333333,0.0,0,4,7500.0,390.258331,147.64645,0.0,12,2
3711,6943.433775,1.0,3513.64,3513.64,0.0,0.0,0.833333,0.0,0,7,8000.0,879.211422,804.71261,0.0,6,2
3715,3177.742619,1.0,153.72,153.72,0.0,0.0,0.416667,0.0,0,5,3500.0,1078.780479,780.955903,0.0,12,2
3727,22.682781,0.272727,161.5,161.5,0.0,0.0,0.083333,0.0,0,1,2000.0,934.889414,81.670199,0.0,12,2
3728,62.489102,0.272727,290.0,290.0,0.0,0.0,0.083333,0.0,0,1,4800.0,77.890926,181.913668,0.0,12,2
3739,1155.123292,1.0,62.02,62.02,0.0,19.081161,0.083333,0.0,1,1,1200.0,217.775407,465.251459,0.0,12,2
3745,88.327488,1.0,669.75,669.75,0.0,0.0,1.0,0.0,0,12,4300.0,632.122421,179.875598,0.545455,12,2
3746,1253.723768,1.0,87.4,87.4,0.0,0.0,0.083333,0.0,0,2,6500.0,303.383266,307.918918,0.0,12,2
3756,542.036699,1.0,423.86,423.86,0.0,0.0,1.0,0.0,0,12,2500.0,770.057042,211.127834,0.0,12,2
3763,92.279773,1.0,842.51,842.51,0.0,0.0,0.916667,0.0,0,12,9500.0,655.378633,151.346633,1.0,12,2
3773,187.973296,1.0,116.0,116.0,0.0,0.0,0.166667,0.0,0,2,4000.0,244.135461,170.124513,0.0,12,2
3793,163.335524,0.545455,460.95,460.95,0.0,0.0,0.083333,0.0,0,2,1500.0,162.939482,77.604225,0.0,12,2
3795,483.261458,1.0,3228.3,3228.3,0.0,0.0,0.416667,0.0,0,34,600.0,3304.347175,476.295378,0.166667,12,2
3797,242.161751,1.0,686.0,686.0,0.0,0.0,0.25,0.0,0,5,1600.0,79.554524,142.15912,0.0,12,2
3805,166.442301,0.454545,797.58,797.58,0.0,0.0,0.083333,0.0,0,1,9500.0,2402.676315,207.671591,0.0,12,2
3809,19.572514,0.909091,310.25,310.25,0.0,0.0,0.833333,0.0,0,13,5500.0,322.934105,80.005624,0.7,12,2
3819,890.633006,0.909091,756.73,756.73,0.0,0.0,0.416667,0.0,0,9,3000.0,1964.578805,276.845199,0.0,12,2
3820,57.408695,1.0,338.5,338.5,0.0,0.0,0.166667,0.0,0,2,7000.0,354.35735,199.273484,0.125,12,2
3830,726.779809,1.0,5497.04,5497.04,0.0,0.0,0.583333,0.0,0,33,1700.0,4207.962368,193.423939,0.25,12,2
3832,43.200086,1.0,324.0,324.0,0.0,0.0,1.0,0.0,0,12,1800.0,350.499835,189.592793,0.3,12,2
3841,509.872908,0.454545,31.89,31.89,0.0,0.0,0.083333,0.0,0,1,1500.0,1396.027009,237.748097,0.0,12,2
3842,1008.864224,1.0,1392.83,1392.83,0.0,0.0,0.333333,0.0,0,7,9000.0,1265.870255,274.007655,0.0,12,2
3851,444.760263,0.636364,3734.7,3734.7,0.0,0.0,0.333333,0.0,0,7,4000.0,5808.857795,180.414703,0.5,12,2
3861,58.167348,0.181818,438.87,438.87,0.0,0.0,0.083333,0.0,0,1,7500.0,1748.469291,270.533346,0.0,12,2
3863,1513.759633,1.0,70.0,70.0,0.0,0.0,0.181818,0.0,0,2,1700.0,2085.049719,3812.357397,0.0,11,2
3865,93.104842,1.0,160.0,160.0,0.0,0.0,0.083333,0.0,0,1,5200.0,633.184791,491.717092,0.1,12,2
3869,1709.346088,1.0,339.0,339.0,0.0,0.0,0.166667,0.0,0,4,2000.0,612.684346,476.106586,0.0,12,2
3872,64.677565,1.0,363.71,363.71,0.0,0.0,1.0,0.0,0,12,6000.0,343.104512,171.000625,0.083333,12,2
3877,348.066767,1.0,695.0,695.0,0.0,0.0,0.083333,0.0,0,1,4000.0,470.847821,179.773891,0.0,12,2
3879,39.557369,0.363636,45.65,45.65,0.0,0.0,0.083333,0.0,0,1,3000.0,831.294005,237.52827,0.0,12,2
3883,4285.123888,1.0,4235.03,4235.03,0.0,0.0,0.833333,0.0,0,29,10000.0,1660.32858,1243.967283,0.0,12,2
3892,131.760301,1.0,789.43,787.48,1.95,0.0,1.0,0.083333,0,14,5000.0,2023.907685,187.636973,0.916667,12,2
3898,71.983739,1.0,1000.0,1000.0,0.0,0.0,0.083333,0.0,0,1,1200.0,93.4312,20.887671,0.0,12,2
3900,3822.559709,1.0,1000.0,1000.0,0.0,0.0,0.083333,0.0,0,1,5000.0,1160.567938,1336.764756,0.0,12,2
3905,4825.450839,1.0,5855.46,5855.46,0.0,0.0,0.833333,0.0,0,26,7000.0,3866.077948,1232.547913,0.0,12,2
3910,475.675998,1.0,5421.73,5421.73,0.0,0.0,1.0,0.0,0,34,10500.0,5510.903074,183.857011,1.0,12,2
3913,113.629276,0.272727,798.0,798.0,0.0,0.0,0.083333,0.0,0,1,5000.0,4372.014696,84.491283,0.0,12,2
3928,984.135371,1.0,599.58,590.0,9.58,0.0,0.333333,0.083333,0,5,3000.0,782.954766,204.154837,0.0,12,2
3941,95.597121,1.0,101.97,101.97,0.0,97.921034,0.25,0.0,3,3,3000.0,306.960201,174.329733,0.0,12,2
3951,32.612016,0.454545,545.88,545.88,0.0,0.0,0.25,0.0,0,4,2000.0,1100.892272,150.867379,0.5,12,2
3953,147.765977,0.363636,1328.94,1328.94,0.0,0.0,0.166667,0.0,0,4,4000.0,4606.168653,107.749361,1.0,12,2
3958,117.018324,0.909091,625.94,625.94,0.0,0.0,0.545455,0.0,0,6,11000.0,627.763481,206.754529,0.142857,11,2
3962,3.141961,0.181818,16.0,16.0,0.0,0.0,0.083333,0.0,0,1,5500.0,656.045331,120.437462,1.0,12,2
3964,75.936035,0.545455,856.44,856.44,0.0,0.0,0.272727,0.0,0,3,2300.0,426.894188,69.065604,0.0,11,2
3967,2255.056361,0.909091,122.99,100.0,22.99,0.0,0.083333,0.083333,0,2,9000.0,3737.838893,630.362106,0.090909,12,2
3969,179.209557,1.0,1526.42,1526.42,0.0,0.0,1.0,0.0,0,26,13500.0,1482.286465,190.938401,0.916667,12,2
3978,1422.85376,1.0,159.46,159.46,0.0,0.0,0.1,0.0,0,3,1600.0,468.122486,304.823458,0.0,10,2
3993,1030.503395,1.0,25.26,25.26,0.0,0.0,0.166667,0.0,0,2,3000.0,1135.363289,237.276808,0.0,12,2
3994,1420.113689,1.0,393.63,393.63,0.0,0.0,0.416667,0.0,0,8,1500.0,473.832445,617.154654,0.0,12,2
3995,6.109243,0.181818,73.64,73.64,0.0,0.0,0.083333,0.0,0,1,4000.0,71.926635,16.121833,0.0,12,2
4007,231.089583,1.0,1547.92,1547.92,0.0,0.0,1.0,0.0,0,12,9000.0,1230.772375,196.595495,0.333333,12,2
4029,136.839366,0.636364,1133.54,1133.54,0.0,0.0,0.25,0.0,0,4,16500.0,4802.004681,234.303131,0.428571,12,2
4042,817.439653,1.0,1091.0,1091.0,0.0,0.0,0.083333,0.0,0,1,2600.0,766.573245,292.103091,0.0,12,2
4044,212.282538,0.545455,1698.9,1698.9,0.0,0.0,0.25,0.0,0,10,3000.0,2865.759368,191.098681,1.0,12,2
4045,3298.236901,1.0,385.0,385.0,0.0,0.0,0.083333,0.0,0,1,7100.0,911.237387,785.033485,0.0,12,2
4047,44.192011,0.454545,356.0,356.0,0.0,0.0,0.166667,0.0,0,2,16500.0,836.690499,205.907225,0.0,12,2
4048,405.234722,1.0,916.04,916.04,0.0,0.0,0.416667,0.0,0,14,500.0,628.237735,202.203675,0.083333,12,2
4049,4663.032241,1.0,1325.31,1325.31,0.0,0.0,0.333333,0.0,0,5,4500.0,2064.110786,6004.094182,0.0,12,2
4060,1539.375352,1.0,100.0,100.0,0.0,0.0,0.083333,0.0,0,1,3000.0,420.283303,450.302969,0.0,12,2
4067,313.360445,0.818182,1031.91,1031.91,0.0,0.0,0.5,0.0,0,10,3000.0,2534.336507,121.667988,0.111111,12,2
4071,882.423211,1.0,288.75,270.0,18.75,0.0,0.083333,0.083333,0,3,1000.0,450.107573,400.171096,0.0,12,2
4078,1409.206763,1.0,143.5,143.5,0.0,0.0,0.083333,0.0,0,1,3000.0,432.361276,300.764907,0.0,12,2
4080,603.62806,1.0,60.0,60.0,0.0,54.866583,0.083333,0.0,2,1,1200.0,1543.263552,317.838364,0.083333,12,2
4096,105.069311,1.0,1344.87,1344.87,0.0,0.0,0.916667,0.0,0,12,1700.0,1461.200691,176.308343,0.25,12,2
4104,1435.975897,1.0,418.56,418.56,0.0,0.0,0.333333,0.0,0,4,2150.0,950.209773,466.163755,0.0,12,2
4114,2778.737121,1.0,1973.0,1973.0,0.0,0.0,0.166667,0.0,0,2,6500.0,630.766685,728.216731,0.0,12,2
4117,8.576818,0.181818,80.0,80.0,0.0,0.0,0.083333,0.0,0,1,7500.0,76.188977,14.667507,0.0,12,2
4120,841.744925,0.777778,2481.55,2481.55,0.0,0.0,0.555556,0.0,0,9,5000.0,524.564867,275.814651,0.0,9,2
4124,194.818874,1.0,1902.47,1902.47,0.0,0.0,0.916667,0.0,0,11,7000.0,1896.961677,147.541524,0.75,12,2
4142,520.441499,1.0,2170.6,2170.6,0.0,0.0,0.666667,0.0,0,20,1500.0,1943.742193,179.996275,0.083333,12,2
4149,655.712971,1.0,264.35,202.8,61.55,0.0,0.083333,0.166667,0,6,1500.0,180.129661,295.417192,0.0,12,2
4154,53.994628,1.0,257.0,257.0,0.0,0.0,0.083333,0.0,0,3,6500.0,423.058905,63.502182,0.083333,12,2
4157,63.930277,0.545455,626.98,589.1,37.88,0.0,0.416667,0.083333,0,10,3000.0,450.633632,166.929549,0.5,12,2
4169,24.976709,1.0,720.6,720.6,0.0,18.985087,1.0,0.0,1,12,9000.0,664.033022,3.19794,0.0,12,2
4170,826.018339,1.0,191.67,160.5,31.17,0.0,0.25,0.083333,0,5,1200.0,443.248137,236.976635,0.0,12,2
4180,56.541208,0.272727,325.8,325.8,0.0,0.0,0.083333,0.0,0,3,3200.0,1300.942779,136.804417,0.0,12,2
4183,378.001129,1.0,1884.04,1884.04,0.0,104.557174,0.416667,0.0,1,10,5000.0,2249.919761,164.460238,0.222222,12,2
4184,3290.750214,1.0,974.72,974.72,0.0,0.0,1.0,0.0,0,25,10000.0,1064.701886,921.981349,0.0,12,2
4189,151.787402,0.363636,1234.32,1234.32,0.0,0.0,0.083333,0.0,0,3,10000.0,2837.676536,110.578379,0.0,12,2
4193,1645.780139,1.0,150.0,150.0,0.0,0.0,0.083333,0.0,0,1,1800.0,550.522713,689.616683,0.0,12,2
4197,429.157725,1.0,170.0,170.0,0.0,0.0,0.166667,0.0,0,2,6500.0,694.899932,210.984965,0.0,12,2
4207,22.695131,1.0,201.18,201.18,0.0,0.0,1.0,0.0,0,12,3000.0,189.904819,137.173328,0.363636,12,2
4209,432.860083,1.0,128.32,128.32,0.0,0.0,0.083333,0.0,0,1,4750.0,239.784988,297.228184,0.0,12,2
4212,3645.191927,1.0,2311.83,2311.83,0.0,0.0,0.916667,0.0,0,12,4500.0,1778.093952,1143.572365,0.0,12,2
4220,1268.809031,0.272727,17945.0,17945.0,0.0,0.0,0.166667,0.0,0,3,18000.0,50721.48336,1149.747342,0.0,12,2
4225,226.78538,1.0,210.64,210.64,0.0,0.0,0.083333,0.0,0,1,3500.0,295.155445,176.886468,0.0,12,2
4226,41.643083,1.0,212.0,212.0,0.0,0.0,0.083333,0.0,0,1,1200.0,596.834019,47.139699,0.083333,12,2
4227,291.663664,1.0,129.0,129.0,0.0,0.0,0.083333,0.0,0,1,5500.0,284.596786,200.845446,0.0,12,2
4231,13.649888,0.363636,129.16,129.16,0.0,0.0,0.166667,0.0,0,2,15000.0,375.36099,135.625973,1.0,12,2
4233,1117.00354,1.0,240.0,240.0,0.0,0.0,0.166667,0.0,0,9,1200.0,366.532467,1020.099462,0.0,12,2
4238,1116.944017,1.0,182.64,182.64,0.0,109.600359,0.333333,0.0,1,4,1500.0,304.822958,347.685591,0.0,12,2
4242,1868.523786,1.0,27.89,27.89,0.0,47.998873,0.083333,0.0,1,2,2000.0,440.707307,517.115912,0.0,12,2
4243,1000.235038,1.0,79.41,79.41,0.0,0.0,0.166667,0.0,0,2,6500.0,868.377193,264.329249,0.0,12,2
4246,59.35799,0.454545,608.8,608.8,0.0,0.0,0.333333,0.0,0,6,6000.0,1531.142227,133.914917,1.0,12,2
4254,10.564262,0.545455,240.25,240.25,0.0,0.0,0.5,0.0,0,8,2700.0,469.841016,110.128101,1.0,12,2
4255,13.07784,0.454545,69.5,69.5,0.0,0.0,0.083333,0.0,0,1,400.0,98.275388,62.529499,0.1,12,2
4270,1396.800164,1.0,210.62,210.62,0.0,0.0,0.166667,0.0,0,3,1500.0,703.616107,442.117237,0.0,12,2
4271,31.944612,1.0,408.01,408.01,0.0,0.0,1.0,0.0,0,12,7500.0,1027.411988,175.422323,0.909091,12,2
4272,5693.979714,1.0,1338.72,1338.72,0.0,0.0,1.0,0.0,0,13,9500.0,1753.988494,1290.972218,0.0,12,2
4281,2.872146,0.181818,37.0,37.0,0.0,0.0,0.083333,0.0,0,1,3000.0,213.066673,82.249496,0.0,12,2
4294,31.870629,0.818182,192.92,139.7,53.22,0.0,0.083333,0.083333,0,2,5500.0,834.627595,92.360868,0.090909,12,2
4296,5740.590335,1.0,8218.32,8218.32,0.0,0.0,0.75,0.0,0,17,12000.0,3318.260207,1338.187189,0.0,12,2
4298,5686.466725,0.909091,177.35,177.35,0.0,0.0,0.090909,0.0,0,1,8000.0,1775.784106,1724.337874,0.0,11,2
4303,1281.936062,1.0,43.0,43.0,0.0,0.0,0.083333,0.0,0,1,1500.0,298.266234,287.394907,0.0,12,2
4308,5.761614,0.181818,75.0,75.0,0.0,0.0,0.083333,0.0,0,2,3400.0,289.742219,130.752133,0.0,12,2
4309,34.017341,0.272727,494.6,494.6,0.0,0.0,0.083333,0.0,0,1,4000.0,456.293143,19.131945,0.0,12,2
4310,81.311082,0.727273,851.38,851.38,0.0,0.0,0.416667,0.0,0,6,8500.0,964.675607,71.093469,0.25,12,2
4315,57.937789,1.0,450.0,450.0,0.0,0.0,0.5,0.0,0,6,4000.0,395.680968,181.630966,0.25,12,2
4319,2608.512452,1.0,64.2,64.2,0.0,0.0,0.083333,0.0,0,1,3000.0,647.437157,957.631664,0.0,12,2
4327,62.759232,0.545455,311.55,311.55,0.0,0.0,0.166667,0.0,0,5,1200.0,525.904979,86.934441,0.0,12,2
4335,19.589561,0.545455,299.84,299.84,0.0,0.0,0.416667,0.0,0,6,3000.0,577.023407,116.058011,0.8,12,2
4336,1193.682005,1.0,445.18,445.18,0.0,0.0,1.0,0.0,0,11,1200.0,673.563611,775.381032,0.0,11,2
4338,8.820992,0.7,91.46,91.46,0.0,0.0,0.2,0.0,0,2,1500.0,77.334707,46.086964,0.0,10,2
4342,63.615822,0.545455,970.57,970.57,0.0,0.0,0.5,0.0,0,7,7200.0,1113.617785,123.734011,0.75,12,2
4345,4.054657,0.727273,264.02,264.02,0.0,0.0,0.25,0.0,0,4,7000.0,274.692435,55.272081,0.111111,12,2
4374,208.707195,0.545455,2351.58,2351.58,0.0,0.0,0.25,0.0,0,7,4500.0,3711.189548,162.638519,1.0,12,2
4390,937.086541,1.0,79.0,79.0,0.0,0.0,0.083333,0.0,0,1,1500.0,357.720268,213.991077,0.0,12,2
4391,48.926154,0.272727,305.79,305.79,0.0,0.0,0.090909,0.0,0,1,3000.0,566.857973,41.54037,0.0,11,2
4398,1425.175936,1.0,49.89,49.89,0.0,59.673576,0.2,0.0,3,2,1500.0,348.530192,330.552082,0.0,10,2
4399,2019.768435,0.727273,326.64,326.64,0.0,0.0,0.166667,0.0,0,2,3000.0,3434.224242,589.095389,0.0,12,2
4405,12.597034,0.181818,99.0,99.0,0.0,0.0,0.083333,0.0,0,1,1500.0,96.255421,13.60646,0.0,12,2
4408,1381.27484,1.0,71.8,71.8,0.0,0.0,0.083333,0.0,0,1,3500.0,304.742004,415.236204,0.0,12,2
4409,229.461086,1.0,3669.72,3669.72,0.0,0.0,1.0,0.0,0,26,13000.0,3512.263933,217.919829,1.0,12,2
4420,49.074293,0.818182,330.25,330.25,0.0,0.0,0.25,0.0,0,5,2500.0,509.309215,134.968858,0.0,12,2
4435,1537.935236,0.818182,68.0,68.0,0.0,0.0,0.083333,0.0,0,1,3000.0,3845.144477,709.872779,0.0,12,2
4436,2543.005761,1.0,1900.63,1900.63,0.0,0.0,0.75,0.0,0,29,4000.0,674.748921,786.205716,0.0,12,2
4441,62.440728,1.0,709.01,709.01,0.0,0.0,1.0,0.0,0,12,2000.0,716.721864,170.422207,0.916667,12,2
4443,2610.997575,0.818182,328.7,328.7,0.0,0.0,0.333333,0.0,0,4,8000.0,4256.385553,935.303835,0.0,12,2
4458,1714.896284,1.0,2000.0,2000.0,0.0,0.0,0.111111,0.0,0,1,2000.0,448.300443,348.836471,0.0,9,2
4460,162.027905,0.818182,1045.84,1045.84,0.0,0.0,0.333333,0.0,0,7,1850.0,530.125935,171.522214,0.125,12,2
4465,629.946336,1.0,1832.92,1832.92,0.0,0.0,0.5,0.0,0,14,6500.0,1425.425074,231.1444,0.0,12,2
4466,568.060722,1.0,1799.03,1799.03,0.0,0.0,0.833333,0.0,0,14,10000.0,1770.472642,215.536534,0.0,12,2
4478,272.717108,1.0,227.44,227.44,0.0,0.0,1.0,0.0,0,12,4500.0,316.388557,191.312297,0.0,12,2
4499,579.243601,1.0,505.48,505.48,0.0,0.0,0.333333,0.0,0,6,1950.0,188.304134,302.43456,0.0,12,2
4502,1181.767566,1.0,153.95,153.95,0.0,0.0,0.333333,0.0,0,5,6500.0,1908.258846,365.472319,0.0,12,2
4511,170.617046,0.727273,350.0,350.0,0.0,0.0,0.083333,0.0,0,1,3000.0,828.8943,175.629153,0.142857,12,2
4521,3.691925,0.363636,27.99,27.99,0.0,0.0,0.083333,0.0,0,1,6500.0,187.172733,56.066059,0.5,12,2
4529,200.580245,0.727273,354.0,354.0,0.0,0.0,0.083333,0.0,0,1,1200.0,1697.98971,217.875105,0.142857,12,2
4539,757.964752,0.875,157.4,157.4,0.0,0.0,0.125,0.0,0,6,1200.0,1494.480376,2638.59841,0.0,8,2
4541,476.728349,1.0,462.75,462.75,0.0,0.0,1.0,0.0,0,12,5500.0,185.002877,170.274498,0.0,12,2
4543,245.336939,0.363636,909.0,909.0,0.0,0.0,0.083333,0.0,0,1,3000.0,340.201751,55.410769,0.0,12,2
4544,18.745682,0.363636,872.7,872.7,0.0,0.0,0.333333,0.0,0,11,2500.0,2411.060444,44.981723,1.0,12,2
4545,7.106669,0.333333,27.98,27.98,0.0,0.0,0.111111,0.0,0,1,2500.0,57.785065,154.349034,0.0,9,2
4552,3219.604215,1.0,4126.75,4126.75,0.0,0.0,1.0,0.0,0,31,10500.0,6061.100911,1113.256834,0.0,12,2
4553,337.178513,1.0,3809.71,3809.71,0.0,0.0,1.0,0.0,0,16,16500.0,2837.599645,238.075524,0.916667,12,2
4554,217.10156,0.818182,2953.03,2953.03,0.0,0.0,0.166667,0.0,0,3,5000.0,3123.296573,118.209566,0.125,12,2
4563,45.171225,0.636364,160.0,160.0,0.0,0.0,0.083333,0.0,0,1,500.0,197.019336,94.411065,0.0,12,2
4576,2074.364799,1.0,1500.0,1500.0,0.0,0.0,0.416667,0.0,0,15,2200.0,2200.280484,1436.215703,0.0,12,2
4577,1773.323689,1.0,1423.71,1423.71,0.0,0.0,1.0,0.0,0,17,5000.0,1410.310559,423.078833,0.0,12,2
4589,39.718404,0.363636,525.17,525.17,0.0,0.0,0.083333,0.0,0,4,8500.0,515.996856,37.409861,0.0,12,2
4590,99.523071,0.818182,955.87,955.87,0.0,0.0,0.5,0.0,0,9,13500.0,1201.853087,99.945036,0.666667,12,2
4592,28.90195,0.363636,169.24,169.24,0.0,0.0,0.083333,0.0,0,1,1200.0,166.658504,42.777345,0.0,12,2
4594,1922.943603,1.0,110.8,110.8,0.0,0.0,0.166667,0.0,0,2,3000.0,551.431723,565.627471,0.0,12,2
4608,108.766657,0.857143,750.19,750.19,0.0,0.0,0.714286,0.0,0,7,2500.0,498.643829,95.901909,0.0,7,2
4611,1075.768647,1.0,200.0,200.0,0.0,0.0,0.083333,0.0,0,1,1200.0,550.95426,290.977264,0.0,12,2
4613,38.994955,1.0,431.52,431.52,0.0,0.0,1.0,0.0,0,12,7000.0,417.892105,182.596244,1.0,12,2
4615,126.098257,0.8,387.66,387.66,0.0,0.0,0.7,0.0,0,24,1200.0,211.00385,174.40662,0.0,10,2
4627,452.951976,0.454545,3649.83,3649.83,0.0,0.0,0.25,0.0,0,10,7500.0,209.217046,164.503829,0.0,12,2
4628,41.25567,0.454545,297.4,297.4,0.0,0.0,0.25,0.0,0,5,6000.0,595.460601,173.255085,0.333333,12,2
4644,591.103032,1.0,626.69,626.69,0.0,0.0,0.166667,0.0,0,2,2500.0,786.571498,311.637186,0.0,12,2
4657,190.962339,1.0,2161.22,2161.22,0.0,0.0,0.75,0.0,0,24,5000.0,1663.048553,148.790482,0.222222,12,2
4665,2719.639153,1.0,715.81,715.81,0.0,0.0,0.333333,0.0,0,7,10000.0,694.102974,724.758705,0.0,12,2
4671,810.739995,1.0,86.9,86.9,0.0,0.0,0.083333,0.0,0,1,7500.0,253.775702,210.961925,0.0,12,2
4678,115.467669,0.545455,354.0,354.0,0.0,0.0,0.166667,0.0,0,2,16500.0,4555.965464,211.04268,0.0,12,2
4681,45.45702,0.909091,175.0,175.0,0.0,0.0,0.166667,0.0,0,2,1200.0,212.558928,223.193529,0.0,12,2
4692,1223.909602,1.0,607.0,607.0,0.0,0.0,0.916667,0.0,0,13,1200.0,466.149713,906.697643,0.0,12,2
4693,83.930127,0.727273,1027.64,1027.64,0.0,0.0,0.5,0.0,0,15,6000.0,1007.971531,106.407569,0.5,12,2
4698,160.873814,0.666667,480.0,480.0,0.0,0.0,0.666667,0.0,0,8,1500.0,38.770699,86.542118,0.0,6,2
4713,1186.287841,1.0,115.5,115.5,0.0,0.0,0.166667,0.0,0,3,1200.0,446.088328,356.432463,0.0,12,2
4733,27.40855,1.0,290.6,290.6,0.0,0.0,1.0,0.0,0,12,2000.0,315.279531,170.973738,0.083333,12,2
4734,1132.796058,1.0,519.79,519.79,0.0,0.0,0.583333,0.0,0,8,1200.0,642.723631,436.088187,0.0,12,2
4746,24.176932,1.0,189.85,189.85,0.0,0.0,0.333333,0.0,0,4,3000.0,184.60455,100.687061,0.0,12,2
4761,38.795708,0.636364,229.48,229.48,0.0,0.0,0.25,0.0,0,3,3050.0,392.882251,132.864883,0.0,12,2
4766,10.358325,0.454545,98.83,98.83,0.0,0.0,0.454545,0.0,0,5,7000.0,116.299635,145.320085,0.666667,11,2
4768,98.290292,0.545455,4440.8,4440.8,0.0,0.0,0.583333,0.0,0,19,1500.0,7150.995346,119.097785,0.75,12,2
4772,4836.914446,1.0,305.6,305.6,0.0,0.0,0.166667,0.0,0,2,16500.0,2547.923816,1602.370029,0.0,12,2
4777,56.116326,0.181818,368.47,368.47,0.0,66.320495,0.083333,0.0,2,5,2500.0,174.470592,167.4688,1.0,12,2
4783,110.409387,0.727273,992.88,992.88,0.0,0.0,0.416667,0.0,0,12,4500.0,791.103098,148.537836,0.0,12,2
4786,7.167028,0.363636,99.0,99.0,0.0,0.0,0.333333,0.0,0,4,6000.0,196.556706,85.643203,0.0,12,2
4791,341.149186,1.0,48.78,48.78,0.0,0.0,0.083333,0.0,0,1,500.0,256.731955,259.3518,0.0,12,2
4792,91.705554,1.0,1468.1,1468.1,0.0,0.0,0.833333,0.0,0,27,3000.0,1502.962138,110.071016,0.5,12,2
4794,4.12565,0.363636,25.69,25.69,0.0,0.0,0.083333,0.0,0,1,4500.0,163.352538,128.336305,0.0,12,2
4801,120.658015,1.0,349.12,349.12,0.0,0.0,0.25,0.0,0,4,2700.0,383.414493,163.463142,0.0,12,2
4805,949.530268,1.0,45.65,45.65,0.0,47.786053,0.083333,0.0,1,1,1000.0,303.450157,456.016895,0.0,12,2
4806,34.706824,0.181818,242.9,242.9,0.0,0.0,0.083333,0.0,0,2,1500.0,85.290895,174.958496,0.0,12,2
4808,49.920897,1.0,400.19,400.19,0.0,0.0,1.0,0.0,0,14,8500.0,363.703322,177.221407,0.727273,12,2
4816,1247.196735,1.0,243.0,243.0,0.0,0.0,0.333333,0.0,0,9,1200.0,529.091477,919.446681,0.0,12,2
4825,633.388444,1.0,830.45,830.45,0.0,0.0,0.416667,0.0,0,8,6000.0,497.263402,239.606651,0.0,12,2
4831,10.451064,0.333333,405.93,405.93,0.0,0.0,0.111111,0.0,0,1,6500.0,831.748202,165.599724,0.0,9,2
4840,927.983543,1.0,1321.52,1321.52,0.0,0.0,0.25,0.0,0,15,4500.0,527.949934,264.030133,0.0,12,2
4847,72.372971,0.363636,456.7,456.7,0.0,0.0,0.25,0.0,0,4,1200.0,312.287787,163.340754,0.0,12,2
4854,79.517489,0.818182,335.38,270.0,65.38,0.0,0.083333,0.083333,0,3,3000.0,413.920617,122.063597,0.111111,12,2
4858,1202.204204,1.0,435.04,435.04,0.0,0.0,0.916667,0.0,0,11,1200.0,686.958695,847.988773,0.0,12,2
4864,31.111548,1.0,110.0,110.0,0.0,0.0,0.083333,0.0,0,1,8000.0,228.192095,73.146612,0.0,12,2
4867,94.537529,1.0,1399.55,1399.55,0.0,0.0,0.916667,0.0,0,12,7500.0,471.663042,209.623931,0.3,12,2
4875,7.047482,0.545455,321.07,321.07,0.0,0.0,0.916667,0.0,0,11,3000.0,285.785253,52.529089,0.0,12,2
4876,353.895121,1.0,2073.54,2073.54,0.0,175.826711,0.75,0.0,4,35,700.0,1633.858307,156.422554,0.333333,12,2
4882,169.343874,0.818182,1553.8,1553.8,0.0,0.0,0.5,0.0,0,8,16500.0,1921.042991,125.895667,0.8,12,2
4884,287.493279,0.222222,1709.0,1709.0,0.0,0.0,0.111111,0.0,0,1,2283.333333,5120.550705,259.56173,0.0,9,2
4886,8.570991,0.272727,149.55,149.55,0.0,0.0,0.083333,0.0,0,1,5000.0,447.377119,97.176376,0.0,12,2
4899,30.969957,0.666667,319.67,319.67,0.0,0.0,0.666667,0.0,0,5,7500.0,103.198108,55.782805,0.0,6,2
4903,99.643727,1.0,677.68,655.68,22.0,0.0,1.0,0.083333,0,14,3000.0,809.678399,148.487769,0.272727,12,2
4915,768.881695,0.727273,408.59,408.59,0.0,0.0,0.25,0.0,0,7,2500.0,2095.952073,250.856639,0.125,12,2
4922,1455.745146,1.0,266.0,266.0,0.0,168.514165,0.222222,0.0,2,4,1500.0,284.966485,302.737808,0.0,9,2
4928,50.564486,0.909091,84.0,84.0,0.0,259.105418,0.083333,0.0,2,2,2000.0,474.054081,222.202924,0.3,12,2
4930,56.945201,0.454545,328.1,328.1,0.0,0.0,0.166667,0.0,0,4,6500.0,437.845434,117.947254,0.0,12,2
4931,8.421315,0.272727,60.0,60.0,0.0,0.0,0.083333,0.0,0,1,6000.0,250.155585,122.06814,0.0,12,2
4932,15.810927,0.363636,246.29,246.29,0.0,0.0,0.181818,0.0,0,4,500.0,149.886496,23.3231,0.0,11,2
4933,44.613002,0.363636,281.7,281.7,0.0,0.0,0.083333,0.0,0,2,7500.0,401.455848,75.081916,0.0,12,2
4938,14.891908,0.818182,59.8,59.8,0.0,0.0,0.166667,0.0,0,2,500.0,98.211239,119.964053,0.0,12,2
4944,25.499945,0.727273,62.53,62.53,0.0,0.0,0.083333,0.0,0,1,1700.0,1637.518241,110.864194,0.090909,12,2
4947,2980.628942,1.0,1352.52,1352.52,0.0,0.0,0.083333,0.0,0,1,10000.0,782.875155,760.415003,0.0,12,2
4956,863.130387,1.0,37.3,37.3,0.0,0.0,0.166667,0.0,0,2,1000.0,164.343581,176.441403,0.0,12,2
4971,2.081357,0.181818,26.49,26.49,0.0,0.0,0.083333,0.0,0,1,7500.0,78.573329,42.09528,0.0,12,2
4978,1507.001995,1.0,209.1,209.1,0.0,0.0,0.25,0.0,0,4,1800.0,443.628394,417.620633,0.0,12,2
4986,319.037744,0.818182,1262.28,1262.28,0.0,0.0,0.25,0.0,0,6,10500.0,1350.541585,218.810614,0.125,12,2
4988,7.168805,0.272727,88.04,88.04,0.0,0.0,0.083333,0.0,0,1,1500.0,553.411253,85.677168,0.0,12,2
4999,1793.970596,1.0,1004.9,1004.9,0.0,0.0,0.583333,0.0,0,10,2500.0,2697.139893,466.169801,0.0,12,2
5002,7.50839,0.181818,95.0,95.0,0.0,0.0,0.166667,0.0,0,2,4000.0,547.880399,84.010008,0.0,12,2
5003,1180.178744,1.0,233.35,233.35,0.0,0.0,0.333333,0.0,0,6,14000.0,599.388563,336.726753,0.0,12,2
5005,6963.435383,1.0,2951.93,2951.93,0.0,0.0,0.333333,0.0,0,10,8000.0,1069.094662,11142.93224,0.0,12,2
5006,368.330629,1.0,1029.29,1029.29,0.0,0.0,0.416667,0.0,0,6,6500.0,1393.630631,170.881343,0.0,12,2
5012,339.183041,1.0,139.5,139.5,0.0,0.0,0.25,0.0,0,3,1200.0,877.494612,167.323383,0.090909,12,2
5024,49.198038,0.272727,699.0,699.0,0.0,0.0,0.083333,0.0,0,1,1800.0,69.941439,166.648868,0.0,12,2
5028,2823.212665,1.0,2814.23,2814.23,0.0,0.0,1.0,0.0,0,40,7500.0,1150.696529,662.5686,0.0,12,2
5029,2.880247,0.181818,250.0,250.0,0.0,0.0,0.083333,0.0,0,1,2000.0,1401.222628,159.142575,0.0,12,2
5043,1324.038811,1.0,1862.96,1862.96,0.0,0.0,0.416667,0.0,0,11,4400.0,954.962296,323.536714,0.0,12,2
5050,1262.631995,0.909091,405.0,405.0,0.0,0.0,1.0,0.0,0,11,7000.0,586.551078,424.343093,0.0,11,2
5067,49.378783,0.375,542.34,542.34,0.0,0.0,0.25,0.0,0,3,2700.0,387.944071,113.60971,1.0,8,2
5071,289.537597,0.909091,1216.7,1216.7,0.0,0.0,0.5,0.0,0,9,5000.0,788.58998,188.958312,0.0,12,2
5073,16.59641,0.545455,220.48,220.48,0.0,0.0,0.083333,0.0,0,1,5000.0,302.180025,60.558319,0.0,12,2
5084,437.735369,0.909091,483.65,483.65,0.0,0.0,0.5,0.0,0,11,6000.0,1497.949644,211.310481,0.2,12,2
5087,1844.889665,1.0,1848.24,1848.24,0.0,0.0,0.75,0.0,0,12,3400.0,1239.278015,427.761699,0.0,12,2
5099,6.697211,0.181818,64.69,64.69,0.0,0.0,0.083333,0.0,0,2,10500.0,372.572278,81.447345,0.0,12,2
5100,5.377296,0.181818,69.0,69.0,0.0,0.0,0.083333,0.0,0,1,2000.0,92.031894,46.267546,0.0,12,2
5105,2544.378002,1.0,1108.54,1108.54,0.0,0.0,0.583333,0.0,0,26,3000.0,524.24945,831.65824,0.0,12,2
5115,385.763111,1.0,232.93,232.93,0.0,0.0,0.5,0.0,0,6,2500.0,989.738532,152.762176,0.083333,12,2
5125,10.678354,0.727273,50.0,50.0,0.0,0.0,0.083333,0.0,0,1,3000.0,71.90595,91.526002,0.0,12,2
5150,157.763858,0.909091,211.07,211.07,0.0,0.0,0.25,0.0,0,4,1400.0,994.915444,186.548599,0.1,12,2
5169,2135.646123,1.0,114.0,114.0,0.0,0.0,0.083333,0.0,0,2,8000.0,577.415935,768.591692,0.0,12,2
5170,943.584041,0.875,103.0,103.0,0.0,0.0,0.125,0.0,0,1,1000.0,215.325023,410.484825,0.0,8,2
5186,991.949111,1.0,945.43,945.43,0.0,0.0,0.583333,0.0,0,10,1500.0,1448.269927,1950.911172,0.0,12,2
5199,72.087172,1.0,607.36,607.36,0.0,0.0,1.0,0.0,0,12,5500.0,554.770836,192.60691,1.0,12,2
5213,1915.675716,1.0,855.27,855.27,0.0,0.0,0.545455,0.0,0,8,6200.0,519.064499,438.190574,0.0,11,2
5215,1322.579742,1.0,453.0,453.0,0.0,0.0,0.5,0.0,0,7,1800.0,616.31303,317.061706,0.0,12,2
5224,50.366106,0.363636,507.57,507.57,0.0,0.0,0.083333,0.0,0,2,6000.0,503.254349,34.488495,0.0,12,2
5227,1207.320442,0.9,359.0,359.0,0.0,0.0,0.4,0.0,0,4,3000.0,239.704238,379.055818,0.0,10,2
5234,264.869295,1.0,940.0,940.0,0.0,0.0,0.166667,0.0,0,2,6000.0,753.034035,179.692509,0.0,12,2
5235,576.890374,1.0,1081.0,1081.0,0.0,0.0,0.25,0.0,0,3,6000.0,513.64046,190.606207,0.0,12,2
5247,1414.47232,0.636364,331.52,331.52,0.0,57.691122,0.166667,0.0,1,2,7500.0,3321.020515,394.681018,0.0,12,2
5292,2.585715,0.090909,70.0,70.0,0.0,0.0,0.083333,0.0,0,1,2000.0,396.435632,85.073591,0.0,12,2
5307,13.792103,0.909091,600.0,600.0,0.0,0.0,0.083333,0.0,0,1,4500.0,607.677726,92.393376,0.0,12,2
5314,53.173349,0.545455,60.0,60.0,0.0,277.129953,0.083333,0.0,1,1,1200.0,2202.149777,274.519006,0.0,12,2
5315,1173.949821,1.0,785.69,785.69,0.0,0.0,0.416667,0.0,0,8,1200.0,473.659122,619.376955,0.0,12,2
5331,886.65747,1.0,1440.48,1440.48,0.0,0.0,1.0,0.0,0,13,1800.0,309.644014,291.857209,0.0,12,2
5332,692.529504,1.0,404.0,404.0,0.0,0.0,0.166667,0.0,0,2,6400.0,787.236366,201.135008,0.0,12,2
5334,2056.866139,1.0,3373.7,3373.7,0.0,0.0,0.833333,0.0,0,31,7000.0,2647.183713,490.378067,0.0,12,2
5335,566.928754,0.909091,903.0,903.0,0.0,0.0,0.090909,0.0,0,1,1500.0,751.551966,193.903676,0.0,11,2
5336,1395.907515,1.0,962.12,962.12,0.0,0.0,0.583333,0.0,0,20,1600.0,1081.988109,645.551427,0.0,12,2
5354,879.987974,1.0,1517.56,1507.56,10.0,0.0,0.583333,0.083333,0,15,1700.0,1812.402979,314.375296,0.166667,12,2
5372,455.452678,0.909091,1301.25,1301.25,0.0,0.0,0.5,0.0,0,9,1500.0,472.453467,170.192614,0.0,12,2
5373,658.6552,1.0,629.99,629.99,0.0,0.0,0.083333,0.0,0,1,6000.0,353.862252,247.500183,0.0,12,2
5386,1022.71734,1.0,120.09,120.09,0.0,0.0,0.083333,0.0,0,1,2500.0,368.7253,410.924268,0.0,12,2
5399,2089.997028,1.0,2576.0,2576.0,0.0,0.0,0.25,0.0,0,4,5700.0,574.514857,531.183467,0.0,12,2
5405,2686.595082,1.0,282.52,282.52,0.0,0.0,0.416667,0.0,0,5,3000.0,3747.500925,1248.460984,0.083333,12,2
5437,287.817221,1.0,360.0,360.0,0.0,0.0,0.083333,0.0,0,1,3000.0,112.678222,208.247475,0.0,12,2
5441,30.072702,0.454545,461.99,461.99,0.0,0.0,0.333333,0.0,0,4,6000.0,945.998757,104.810436,0.666667,12,2
5447,226.34624,1.0,2206.74,2206.74,0.0,0.0,1.0,0.0,0,24,10000.0,1891.000067,204.477134,0.818182,12,2
5454,616.570241,0.818182,5788.81,5788.81,0.0,0.0,0.5,0.0,0,13,7000.0,5891.252034,285.762299,0.2,12,2
5457,810.089776,0.909091,1428.89,1428.89,0.0,0.0,0.181818,0.0,0,11,2500.0,1576.842421,395.761881,0.0,11,2
5464,12.886661,0.363636,1437.15,1399.8,37.35,0.0,0.25,0.083333,0,4,2700.0,2372.012083,98.767606,0.25,12,2
5467,184.890347,0.454545,1686.86,1686.86,0.0,0.0,0.25,0.0,0,5,6000.0,3873.506886,127.016328,0.0,12,2
5470,114.523682,1.0,83.0,83.0,0.0,69.22803,0.166667,0.0,2,3,300.0,196.333324,201.615417,0.083333,12,2
5482,352.736999,1.0,1833.9,1833.9,0.0,0.0,0.416667,0.0,0,6,2500.0,1779.977904,188.774182,0.4,12,2
5491,40.074484,1.0,423.37,423.37,0.0,0.0,1.0,0.0,0,12,7000.0,430.466572,187.954393,0.083333,12,2
5494,91.655431,0.363636,1110.01,1110.01,0.0,0.0,0.166667,0.0,0,2,6000.0,3304.443043,84.471116,0.0,12,2
5501,56.872544,1.0,748.36,748.36,0.0,0.0,1.0,0.0,0,12,4000.0,698.817652,170.77492,1.0,12,2
5503,11.944853,0.181818,88.93,88.93,0.0,0.0,0.083333,0.0,0,1,2750.0,430.507379,154.067397,0.0,12,2
5505,1768.589163,1.0,63.7,63.7,0.0,0.0,0.083333,0.0,0,1,2000.0,750.927612,379.079339,0.0,12,2
5529,3031.933707,1.0,2000.6,2000.6,0.0,0.0,0.166667,0.0,0,3,6500.0,811.109413,858.298082,0.0,12,2
5533,30.395073,1.0,512.47,512.47,0.0,0.0,1.0,0.0,0,12,7000.0,484.669932,192.908611,1.0,12,2
5534,91.266202,0.909091,701.59,701.59,0.0,0.0,0.333333,0.0,0,6,3200.0,812.383013,140.175864,0.1,12,2
5536,200.574081,1.0,675.9,675.9,0.0,0.0,0.416667,0.0,0,8,7500.0,753.502654,308.604961,0.083333,12,2
5540,26.296743,0.545455,417.0,417.0,0.0,0.0,1.0,0.0,0,13,6500.0,960.737291,86.562843,0.111111,12,2
5565,1727.516892,1.0,624.46,624.46,0.0,0.0,0.333333,0.0,0,9,1800.0,925.227009,865.078504,0.0,12,2
5574,387.449138,1.0,253.7,253.7,0.0,0.0,0.416667,0.0,0,8,3000.0,198.133653,200.73031,0.0,12,2
5588,126.159165,1.0,144.9,144.9,0.0,0.0,0.25,0.0,0,6,450.0,1307.853194,1336.106153,0.333333,12,2
5589,963.467447,1.0,720.57,720.57,0.0,0.0,1.0,0.0,0,12,2600.0,2304.882707,392.9199,0.0,12,2
5595,144.006679,1.0,45.65,45.65,0.0,0.0,0.083333,0.0,0,1,1000.0,287.560084,177.475343,0.0,12,2
5606,730.058174,1.0,782.6,782.6,0.0,0.0,1.0,0.0,0,12,12000.0,278.865346,238.608197,0.0,12,2
5611,1371.015868,1.0,180.0,180.0,0.0,0.0,0.166667,0.0,0,2,3000.0,534.055194,866.123831,0.0,12,2
5613,89.579737,0.272727,1174.59,1174.59,0.0,0.0,0.181818,0.0,0,2,12500.0,711.52357,27.094432,0.0,11,2
5616,9.052765,0.272727,172.0,172.0,0.0,0.0,0.166667,0.0,0,2,6000.0,179.644191,118.316999,0.0,12,2
5618,501.360034,1.0,107.27,107.27,0.0,0.0,0.25,0.0,0,3,7500.0,614.163281,188.038862,0.0,12,2
5623,40.778677,1.0,100.98,100.98,0.0,0.0,0.333333,0.0,0,4,400.0,227.659466,196.226103,0.0,12,2
5625,18.430156,0.454545,342.5,342.5,0.0,0.0,0.083333,0.0,0,2,6000.0,230.757968,73.567323,0.0,12,2
5633,34.351126,0.545455,45.65,45.65,0.0,0.0,0.083333,0.0,0,1,1500.0,79.207316,208.550713,0.0,12,2
5637,32.290778,1.0,1185.34,1185.34,0.0,0.0,0.583333,0.0,0,10,8000.0,428.89277,176.271756,0.666667,12,2
5643,264.051708,1.0,63.0,63.0,0.0,39.762754,0.083333,0.0,1,1,5000.0,360.123912,192.075716,0.0,12,2
5644,218.894935,1.0,568.34,568.34,0.0,0.0,0.333333,0.0,0,4,3000.0,279.74723,241.723393,0.0,12,2
5651,520.521822,1.0,820.29,820.29,0.0,0.0,0.916667,0.0,0,11,6000.0,2295.229351,274.668404,0.0,12,2
5660,356.883731,1.0,929.29,929.29,0.0,0.0,1.0,0.0,0,13,1200.0,1587.56373,193.337889,0.166667,12,2
5676,152.255187,0.833333,894.28,894.28,0.0,0.0,0.5,0.0,0,5,4000.0,304.061592,84.043137,0.0,6,2
5681,121.671833,0.818182,540.0,540.0,0.0,0.0,0.583333,0.0,0,9,1800.0,238.201855,231.170968,0.285714,12,2
5706,106.390419,1.0,1038.38,1038.38,0.0,0.0,0.666667,0.0,0,14,6000.0,918.029106,140.547255,0.6,12,2
5722,1466.852542,1.0,543.58,543.58,0.0,0.0,0.25,0.0,0,4,2500.0,518.150669,355.284593,0.0,12,2
5732,124.506347,1.0,1194.54,1194.54,0.0,0.0,0.916667,0.0,0,11,7500.0,961.895302,169.006513,1.0,12,2
5743,55.539236,0.909091,201.27,201.27,0.0,0.0,0.083333,0.0,0,1,7500.0,467.319744,144.25972,0.111111,12,2
5748,1267.621753,1.0,107.05,64.55,42.5,0.0,0.25,0.083333,0,5,4000.0,505.790714,382.36978,0.0,12,2
5749,1201.204437,1.0,117.89,117.89,0.0,0.0,0.333333,0.0,0,4,1200.0,283.696314,454.665216,0.0,12,2
5753,1474.532261,1.0,106.0,106.0,0.0,36.308611,0.083333,0.0,2,2,3000.0,349.349174,434.513783,0.0,12,2
5758,1139.691004,1.0,117.0,117.0,0.0,0.0,0.083333,0.0,0,1,1200.0,492.089429,437.099794,0.0,12,2
5761,1184.723988,0.636364,373.44,373.44,0.0,0.0,0.083333,0.0,0,1,12000.0,6674.591055,384.155979,0.0,12,2
5765,408.724408,1.0,89.39,89.39,0.0,108.912198,0.083333,0.0,1,1,3000.0,166.426897,211.611083,0.0,12,2
5768,3144.690403,1.0,865.94,865.94,0.0,0.0,0.25,0.0,0,4,3500.0,1018.210531,977.712784,0.0,12,2
5791,1851.622011,1.0,200.0,200.0,0.0,152.692363,0.083333,0.0,1,1,2000.0,712.34021,798.280589,0.0,12,2
5792,10.334498,0.272727,62.36,62.36,0.0,0.0,0.083333,0.0,0,1,1800.0,232.96458,119.309297,0.0,12,2
5820,11.896546,0.363636,86.0,86.0,0.0,0.0,0.083333,0.0,0,1,8000.0,488.720214,85.079975,1.0,12,2
5846,1906.67771,1.0,486.27,580.2,0.0,0.0,0.25,0.0,0,14,2000.0,712.776539,1440.494944,0.0,12,2
5848,1196.183155,0.909091,166.8,166.8,0.0,0.0,0.083333,0.0,0,1,7000.0,1910.836556,359.989055,0.0,12,2
5858,645.515371,1.0,756.0,756.0,0.0,0.0,1.0,0.0,0,12,600.0,1305.933063,883.267059,0.0,12,2
5867,18.306211,0.272727,162.01,162.01,0.0,0.0,0.083333,0.0,0,1,7000.0,266.822736,66.24596,0.0,12,2
5868,2092.156291,1.0,1372.81,1372.81,0.0,0.0,0.416667,0.0,0,16,2250.0,1073.317848,1140.180264,0.0,12,2
5877,86.793633,1.0,387.41,387.41,0.0,0.0,0.5,0.0,0,5,2500.0,37.014298,53.264985,0.0,6,2
5883,368.980661,1.0,1516.42,1516.42,0.0,0.0,0.916667,0.0,0,31,10000.0,977.636615,199.291321,0.333333,12,2
5885,16.135672,0.636364,50.0,50.0,0.0,0.0,0.083333,0.0,0,1,7000.0,109.329805,205.427298,0.0,12,2
5902,424.809549,1.0,1130.0,1130.0,0.0,185.283125,0.083333,0.0,1,3,1500.0,133.744014,200.179471,0.0,12,2
5904,483.402486,0.777778,2723.47,2723.47,0.0,0.0,0.666667,0.0,0,26,2000.0,1203.702727,171.501276,0.0,9,2
5906,50.044687,0.555556,658.96,658.96,0.0,0.0,0.222222,0.0,0,2,2500.0,207.721495,14.078212,0.0,9,2
5908,2963.381127,1.0,535.97,535.97,0.0,38.953008,0.75,0.0,1,10,5000.0,638.384571,1027.923953,0.0,12,2
5911,636.20672,1.0,1514.8,1514.8,0.0,0.0,0.5,0.0,0,9,1500.0,1340.645745,309.272904,0.0,12,2
5932,1679.952713,1.0,585.39,585.39,0.0,0.0,0.75,0.0,0,11,1700.0,523.910288,1315.479892,0.0,12,2
5960,954.431507,1.0,1334.7,1334.7,0.0,90.168062,1.0,0.0,1,13,3000.0,904.68554,250.871811,0.0,12,2
5966,64.152423,0.818182,487.0,487.0,0.0,0.0,0.666667,0.0,0,13,500.0,454.888506,127.731899,0.2,12,2
5971,1084.912729,1.0,661.49,661.49,0.0,107.477606,0.083333,0.0,1,1,1800.0,2617.887354,299.935043,0.090909,12,2
5980,333.085021,0.636364,980.0,980.0,0.0,0.0,0.083333,0.0,0,1,1000.0,1485.205378,163.396716,0.0,12,2
5981,4663.039011,1.0,3908.26,3908.26,0.0,0.0,1.0,0.0,0,12,9000.0,2226.722088,1145.197102,0.0,12,2
6000,222.478614,1.0,2360.7,2360.7,0.0,0.0,0.916667,0.0,0,44,5000.0,2313.605337,182.983637,1.0,12,2
6011,745.342323,1.0,49.25,49.25,0.0,0.0,0.083333,0.0,0,1,1000.0,370.390221,215.208576,0.0,12,2
6034,600.140869,0.875,3488.01,3488.01,0.0,0.0,0.5,0.0,0,21,5000.0,105.220502,165.054133,0.0,8,2
6035,214.699856,1.0,440.44,440.44,0.0,0.0,1.0,0.0,0,22,3000.0,541.027445,197.29764,0.0,12,2
6051,1363.93317,1.0,74.0,74.0,0.0,0.0,0.083333,0.0,0,1,1500.0,330.099968,273.120559,0.0,12,2
6059,87.217542,0.727273,205.46,205.46,0.0,0.0,0.416667,0.0,0,5,1600.0,335.650351,141.824682,0.090909,12,2
6061,550.50988,1.0,194.03,194.03,0.0,0.0,0.583333,0.0,0,7,4000.0,589.020267,216.511505,0.0,12,2
6064,327.576438,0.545455,2352.24,2352.24,0.0,0.0,0.25,0.0,0,16,6500.0,3931.602949,225.579276,0.0,12,2
6088,1096.228243,1.0,313.38,313.38,0.0,0.0,0.083333,0.0,0,1,5000.0,502.501173,303.90853,0.0,12,2
6111,3176.980384,1.0,1079.25,1079.25,0.0,0.0,0.416667,0.0,0,10,8500.0,2109.059693,923.295203,0.0,12,2
6118,1194.885664,1.0,365.5,365.5,0.0,0.0,0.416667,0.0,0,8,1200.0,566.349364,1362.30698,0.0,12,2
6127,460.56625,1.0,864.61,864.61,0.0,0.0,0.833333,0.0,0,11,3000.0,1880.266926,362.449997,0.25,12,2
6135,1455.736956,1.0,1171.88,1171.88,0.0,19.619461,0.363636,0.0,1,25,3700.0,350.750246,343.006271,0.0,11,2
6142,4028.03648,1.0,35.0,35.0,0.0,0.0,0.083333,0.0,0,1,4000.0,328.496865,20551.61978,0.0,12,2
6164,1060.022249,1.0,200.51,200.51,0.0,0.0,0.25,0.0,0,5,1200.0,407.022337,399.681786,0.0,12,2
6177,77.087831,0.363636,311.81,311.81,0.0,261.469776,0.25,0.0,1,4,4000.0,109.704849,132.31002,0.0,12,2
6185,970.862162,1.0,563.82,563.82,0.0,0.0,0.833333,0.0,0,10,2950.0,350.164857,373.629996,0.0,12,2
6189,595.870472,0.818182,990.0,990.0,0.0,0.0,0.083333,0.0,0,1,3000.0,764.86843,226.19801,0.0,12,2
6195,556.857438,1.0,21.9,21.9,0.0,0.0,0.166667,0.0,0,2,600.0,162.272808,271.112945,0.0,12,2
6203,1433.699563,1.0,50.0,50.0,0.0,0.0,0.083333,0.0,0,1,1500.0,275.687079,457.454141,0.0,12,2
6214,635.358243,0.4,250.0,250.0,0.0,0.0,0.1,0.0,0,1,8000.0,4995.053024,284.70693,0.0,10,2
6248,31.269893,1.0,224.81,224.81,0.0,0.0,1.0,0.0,0,16,1800.0,284.388927,225.29301,0.166667,12,2
6260,475.826042,1.0,950.0,950.0,0.0,0.0,0.083333,0.0,0,1,4500.0,118.53066,290.333335,0.0,12,2
6261,145.085902,1.0,1284.74,1284.74,0.0,0.0,0.5,0.0,0,16,3000.0,2524.474539,167.031924,0.166667,12,2
6270,1253.290131,1.0,138.0,55.0,83.0,0.0,0.083333,0.083333,0,2,9000.0,302.161387,414.1429,0.0,12,2
6273,965.514081,1.0,8945.67,8945.67,0.0,0.0,0.916667,0.0,0,23,5500.0,7917.840874,261.663214,1.0,12,2
6275,2277.067891,1.0,7025.02,7025.02,0.0,0.0,0.75,0.0,0,33,3500.0,6063.45472,2283.354515,0.083333,12,2
6290,4217.472407,1.0,7311.99,7311.99,0.0,0.0,0.5,0.0,0,11,6700.0,2773.245445,1960.522407,0.0,12,2
6332,36.40909,1.0,1091.7,1091.7,0.0,226.784069,0.916667,0.0,1,12,3000.0,2363.934071,160.554292,0.6,12,2
6339,282.588132,0.727273,170.0,170.0,0.0,0.0,0.083333,0.0,0,1,5500.0,1499.355812,209.440652,0.0,12,2
6343,10.259525,0.181818,119.8,119.8,0.0,0.0,0.083333,0.0,0,2,5000.0,711.480411,82.793678,0.0,12,2
6352,406.939907,1.0,2615.18,2615.18,0.0,0.0,1.0,0.0,0,76,4300.0,5296.640171,2773.819516,0.75,12,2
6354,108.386507,1.0,211.9,211.9,0.0,0.0,0.166667,0.0,0,2,5100.0,131.85375,125.337911,0.0,12,2
6356,6.395964,0.181818,79.0,79.0,0.0,0.0,0.083333,0.0,0,1,7500.0,107.281393,45.447418,0.0,12,2
6373,46.981185,0.454545,160.0,160.0,0.0,0.0,0.083333,0.0,0,1,6500.0,204.116016,104.698965,0.0,12,2
6379,1631.573904,1.0,112.56,112.56,0.0,0.0,0.181818,0.0,0,3,1700.0,439.132886,690.430521,0.0,11,2
6389,50.962159,0.454545,803.45,803.45,0.0,0.0,0.333333,0.0,0,8,5500.0,797.779992,174.831289,1.0,12,2
6398,42.045574,1.0,90.0,90.0,0.0,0.0,0.083333,0.0,0,1,4000.0,28.556632,141.90112,0.0,12,2
6399,1155.509859,1.0,564.0,564.0,0.0,0.0,0.166667,0.0,0,6,4000.0,279.047416,295.461365,0.0,12,2
6400,1434.793889,1.0,467.88,467.88,0.0,0.0,1.0,0.0,0,12,4300.0,2538.815988,2898.375147,0.0,12,2
6404,3279.867381,0.875,6520.0,6520.0,0.0,0.0,0.75,0.0,0,7,3500.0,3524.512662,523.422296,0.125,8,2
6409,46.103924,0.818182,443.25,443.25,0.0,0.0,0.25,0.0,0,3,6500.0,417.350534,93.536782,0.0,12,2
6439,88.905573,0.727273,537.56,537.56,0.0,0.0,0.25,0.0,0,6,2500.0,563.972982,210.924256,0.0,12,2
6441,326.551854,0.818182,2950.77,2950.77,0.0,0.0,0.583333,0.0,0,35,4000.0,2224.274686,182.353128,0.571429,12,2
6450,218.280031,1.0,939.14,939.14,0.0,0.0,0.727273,0.0,0,8,5000.0,969.130835,168.33379,0.0,11,2
6453,336.749543,0.818182,3081.69,3081.69,0.0,0.0,0.5,0.0,0,22,2000.0,3631.007239,133.854497,0.0,12,2
6456,126.622651,0.375,1015.3,1015.3,0.0,0.0,0.25,0.0,0,5,4500.0,2583.278505,75.160365,1.0,8,2
6463,14.983682,0.272727,280.0,280.0,0.0,0.0,0.083333,0.0,0,1,300.0,304.243382,41.89984,0.0,12,2
6471,11.725408,0.181818,178.0,178.0,0.0,0.0,0.083333,0.0,0,1,1500.0,1024.466785,85.691487,0.0,12,2
6473,593.785565,0.909091,1150.0,1150.0,0.0,0.0,0.083333,0.0,0,1,5300.0,2189.154807,914.975798,0.090909,12,2
6475,1160.451877,0.909091,109.36,109.36,0.0,37.12951,0.090909,0.0,1,2,1200.0,226.149461,279.581839,0.0,11,2
6481,54.250363,0.8,317.4,317.4,0.0,0.0,0.3,0.0,0,4,3000.0,234.894972,126.945378,0.0,10,2
6502,1699.100066,1.0,73.5,73.5,0.0,0.0,0.083333,0.0,0,1,1700.0,429.500066,992.881958,0.0,12,2
6544,148.376249,0.363636,600.0,600.0,0.0,0.0,0.083333,0.0,0,1,2500.0,731.400261,178.462119,0.0,12,2
6548,2.907271,0.2,53.0,53.0,0.0,0.0,0.1,0.0,0,1,1000.0,239.669232,72.466408,0.0,10,2
6558,44.539341,0.363636,94.3,71.8,22.5,0.0,0.083333,0.25,0,4,2500.0,940.026302,147.851745,0.0,12,2
6571,5.663355,0.363636,35.0,35.0,0.0,0.0,0.083333,0.0,0,1,2500.0,394.761847,56.8815,0.1,12,2
6577,563.749251,0.909091,5039.97,5039.97,0.0,0.0,0.833333,0.0,0,25,4000.0,4714.741294,200.287367,0.777778,12,2
6579,291.654079,1.0,1528.77,1528.77,0.0,0.0,0.416667,0.0,0,9,9000.0,930.081668,122.43225,0.0,12,2
6580,72.188087,1.0,117.9,117.9,0.0,0.0,0.083333,0.0,0,2,3400.0,14.500688,113.963653,0.0,12,2
6582,623.095349,0.727273,1010.0,1010.0,0.0,0.0,0.25,0.0,0,4,5000.0,2063.173023,179.679908,0.0,12,2
6594,69.036727,0.363636,760.79,760.79,0.0,0.0,0.166667,0.0,0,2,7000.0,187.452384,69.826362,0.0,12,2
6605,38.342505,0.454545,134.28,134.28,0.0,0.0,0.083333,0.0,0,3,6000.0,361.809474,73.633343,0.181818,12,2
6609,1356.050482,1.0,65.82,39.9,25.92,0.0,0.166667,1.0,0,14,4000.0,493.729322,390.037637,0.0,12,2
6615,1100.505764,1.0,220.0,220.0,0.0,0.0,0.166667,0.0,0,2,1200.0,344.856423,623.734943,0.0,12,2
6637,23.852869,0.363636,123.75,123.75,0.0,0.0,0.083333,0.0,0,1,2500.0,339.525567,160.83802,0.333333,12,2
6643,972.958145,1.0,100.0,100.0,0.0,37.470292,0.083333,0.0,2,1,1000.0,318.226488,577.927525,0.0,12,2
6648,109.697529,1.0,1530.37,1530.37,0.0,0.0,1.0,0.0,0,12,1200.0,1681.146226,125.221028,0.111111,12,2
6652,173.23165,0.181818,1555.85,1555.85,0.0,0.0,0.083333,0.0,0,2,1500.0,8494.566989,1157.992946,0.0,12,2
6659,63.524092,1.0,145.7,145.7,0.0,493.123696,0.090909,0.0,1,2,1500.0,607.546663,76.750324,0.0,11,2
6662,160.492501,1.0,897.45,897.45,0.0,0.0,0.666667,0.0,0,13,1200.0,606.996033,56.918917,0.0,6,2
6663,915.857804,1.0,275.41,275.41,0.0,0.0,0.142857,0.0,0,1,1200.0,1268.395148,181.654924,0.142857,7,2
6680,5.116471,0.363636,50.2,50.2,0.0,0.0,0.166667,0.0,0,2,1000.0,200.963332,109.182077,0.333333,12,2
6700,605.744452,1.0,119.0,119.0,0.0,0.0,0.083333,0.0,0,1,1800.0,253.057215,445.55812,0.0,12,2
6723,179.357206,1.0,497.15,497.15,0.0,0.0,0.416667,0.0,0,6,1200.0,291.121154,180.093054,0.0,12,2
6725,2.611795,0.142857,43.08,43.08,0.0,0.0,0.142857,0.0,0,2,300.0,143.823981,48.679152,0.0,7,2
6727,1778.035758,1.0,449.0,449.0,0.0,0.0,0.416667,0.0,0,7,3500.0,429.538574,690.355456,0.0,12,2
6734,1060.274411,1.0,404.24,404.24,0.0,0.0,0.083333,0.0,0,1,1500.0,1024.733353,2707.521979,0.0,12,2
6762,477.45278,1.0,71.48,71.48,0.0,0.0,0.083333,0.0,0,1,700.0,322.357201,217.0654,0.0,12,2
6765,1082.653038,1.0,343.22,343.22,0.0,0.0,0.25,0.0,0,4,1200.0,510.918269,282.782763,0.0,12,2
6766,1055.99498,1.0,1482.18,1482.18,0.0,0.0,0.333333,0.0,0,6,1500.0,1418.618359,2733.696071,0.0,12,2
6773,915.932014,1.0,45.65,45.65,0.0,0.0,0.083333,0.0,0,1,1000.0,224.596651,330.860527,0.0,12,2
6774,1425.606151,1.0,103.0,103.0,0.0,0.0,0.166667,0.0,0,2,1500.0,590.37153,516.506067,0.0,12,2
6776,7.315575,0.181818,107.0,107.0,0.0,0.0,0.083333,0.0,0,1,4000.0,588.015945,87.805376,0.0,12,2
6783,155.676255,0.818182,990.33,990.33,0.0,0.0,0.333333,0.0,0,8,4000.0,1006.564682,67.567132,0.181818,12,2
6789,424.994385,0.375,1200.0,1200.0,0.0,0.0,0.125,0.0,0,1,1200.0,57.266292,56.72021,0.0,8,2
6803,119.368715,0.909091,339.11,611.65,12.41,87.547315,0.5,0.083333,2,5,6500.0,107.203529,187.367893,0.0,12,2
6811,71.558308,0.181818,650.0,650.0,0.0,0.0,0.083333,0.0,0,1,2500.0,3804.775151,86.539433,0.0,12,2
6815,711.922203,0.818182,197.21,197.21,0.0,0.0,0.083333,0.0,0,1,1500.0,1781.472773,280.724848,0.1,12,2
6823,1151.703776,1.0,541.75,541.75,0.0,0.0,0.25,0.0,0,12,1800.0,2140.934561,478.040659,0.0,12,2
6824,251.273637,0.272727,1861.74,1861.74,0.0,0.0,0.25,0.0,0,31,3000.0,195.73661,273.119363,0.0,12,2
6843,58.557694,0.875,319.34,319.34,0.0,273.998025,0.125,0.0,1,1,1200.0,353.924067,90.382954,0.0,8,2
6855,1259.179009,1.0,99.77,54.13,45.64,0.0,0.166667,0.083333,0,4,1500.0,643.17199,281.091585,0.0,12,2
6862,14.04272,0.727273,47.79,47.79,0.0,0.0,0.083333,0.0,0,1,1200.0,62.177249,187.682034,0.0,12,2
6866,1154.241515,1.0,102.0,102.0,0.0,98.317922,0.166667,0.0,2,2,1200.0,312.440002,754.478004,0.0,12,2
6870,1.310749,0.090909,29.9,29.9,0.0,0.0,0.083333,0.0,0,1,6000.0,38.718362,18.928972,0.0,12,2
6879,1256.460026,1.0,1313.0,1313.0,0.0,0.0,0.583333,0.0,0,29,1200.0,1440.244979,1919.360883,0.0,12,2
6881,82.784219,0.363636,431.28,431.28,0.0,0.0,0.083333,0.0,0,1,3000.0,734.818798,173.255235,0.0,12,2
6899,212.620261,0.272727,172.61,172.61,0.0,0.0,0.166667,0.0,0,3,7000.0,5359.784024,216.758246,0.0,12,2
6912,3270.441222,1.0,848.0,848.0,0.0,0.0,0.166667,0.0,0,3,4500.0,1143.616386,1134.793009,0.0,12,2
6919,20.42609,0.272727,114.0,114.0,0.0,0.0,0.083333,0.0,0,1,4000.0,520.598144,99.093617,0.0,12,2
6947,22.366132,0.636364,502.54,502.54,0.0,0.0,0.416667,0.0,0,8,450.0,907.540077,58.37452,0.0,12,2
6950,803.68596,1.0,1690.93,1690.93,0.0,0.0,0.6,0.0,0,25,1200.0,1783.396008,509.554302,0.0,10,2
6962,293.979281,1.0,45.65,45.65,0.0,0.0,0.083333,0.0,0,1,1800.0,486.063311,252.868183,0.0,12,2
6971,67.593395,0.454545,619.59,619.59,0.0,0.0,0.083333,0.0,0,1,4000.0,997.081601,93.320933,0.090909,12,2
6974,185.924664,0.5,617.98,617.98,0.0,0.0,0.333333,0.0,0,13,1200.0,58.469887,82.739003,0.0,6,2
6975,0.41367,0.181818,1187.42,1187.42,0.0,0.0,0.916667,0.0,0,11,6000.0,1214.034802,9.925051,0.0,12,2
6980,48.578408,1.0,673.1,646.61,26.49,0.0,1.0,0.083333,0,18,6000.0,665.773943,186.735956,1.0,12,2
6985,2.484819,0.363636,41.2,41.2,0.0,0.0,0.083333,0.0,0,1,2000.0,91.092518,104.026643,0.0,12,2
7002,45.66329,0.454545,77.0,77.0,0.0,0.0,0.083333,0.0,0,1,300.0,569.468306,139.375154,0.166667,12,2
7005,89.567592,0.545455,990.73,990.73,0.0,0.0,0.25,0.0,0,9,4000.0,2626.23328,102.594438,0.5,12,2
7006,255.4001,0.454545,630.03,630.03,0.0,0.0,0.083333,0.0,0,1,3000.0,294.185139,294.438262,0.0,12,2
7014,84.366783,0.909091,776.92,776.92,0.0,0.0,0.833333,0.0,0,10,3000.0,752.509422,166.421449,1.0,12,2
7017,49.401973,0.727273,373.34,310.0,63.34,0.0,0.25,0.083333,0,4,5000.0,584.836547,153.35767,0.571429,12,2
7044,99.700878,0.555556,912.98,912.98,0.0,284.659738,0.333333,0.0,1,3,1200.0,1652.011127,80.430704,0.5,9,2
7045,1378.988523,1.0,45.0,45.0,0.0,0.0,0.5,0.0,0,9,1500.0,326.716166,625.746529,0.0,12,2
7049,1300.20423,1.0,96.69,96.69,0.0,0.0,1.0,0.0,0,14,1500.0,297.195559,308.25989,0.0,12,2
7059,191.314058,1.0,860.95,860.95,0.0,0.0,0.583333,0.0,0,10,800.0,1001.313048,194.636798,0.083333,12,2
7072,125.039376,0.909091,1118.91,1118.91,0.0,19.094068,0.583333,0.0,1,15,1800.0,1376.390319,150.169487,1.0,12,2
7074,900.229315,1.0,250.72,250.72,0.0,0.0,0.5,0.0,0,6,6500.0,2362.786253,259.315944,0.083333,12,2
7099,904.395249,1.0,158.0,90.0,68.0,0.0,0.083333,0.333333,0,5,900.0,358.518609,436.602196,0.0,12,2
7100,2.508768,0.818182,302.91,302.91,0.0,0.0,1.0,0.0,0,12,3000.0,287.749893,41.206824,0.0,12,2
7110,990.780585,1.0,844.45,844.45,0.0,0.0,0.416667,0.0,0,6,3000.0,530.463101,227.905412,0.0,12,2
7116,1664.334555,1.0,862.95,862.95,0.0,0.0,0.333333,0.0,0,5,1900.0,987.668179,892.915026,0.0,12,2
7119,581.583282,1.0,124.65,124.65,0.0,0.0,0.166667,0.0,0,2,600.0,312.63967,515.450846,0.0,12,2
7130,28.939455,1.0,88.89,88.89,0.0,0.0,0.166667,0.0,0,2,1500.0,167.408848,150.086166,0.0,12,2
7136,93.427011,0.8,772.8,772.8,0.0,0.0,0.6,0.0,0,9,1200.0,850.9555,104.163023,1.0,10,2
7163,158.641614,0.7,779.35,779.35,0.0,0.0,0.4,0.0,0,7,1200.0,812.070417,130.978236,0.0,10,2
7167,231.859622,0.888889,190.0,190.0,0.0,108.768879,0.111111,0.0,2,1,1200.0,119.940752,128.955873,0.0,9,2
7168,518.923941,1.0,264.0,264.0,0.0,0.0,0.166667,0.0,0,3,5000.0,235.996925,204.041413,0.0,12,2
7171,142.290756,1.0,540.0,520.0,20.0,0.0,0.083333,0.083333,0,2,4000.0,245.492892,123.48805,0.0,12,2
7174,366.084233,0.909091,1167.39,1167.39,0.0,200.106907,0.5,0.0,3,16,2500.0,470.516409,206.511825,0.0,12,2
7177,88.577811,1.0,356.15,356.15,0.0,0.0,0.75,0.0,0,27,1600.0,349.838628,167.505705,0.0,12,2
7205,493.243274,1.0,1180.68,1180.68,0.0,0.0,0.333333,0.0,0,4,1500.0,948.216919,203.172759,0.0,12,2
7207,39.105741,0.545455,220.0,220.0,0.0,0.0,0.083333,0.0,0,1,3000.0,427.409497,98.429502,0.0,12,2
7209,781.279607,1.0,1370.19,1370.19,0.0,0.0,0.75,0.0,0,21,2500.0,1391.682252,191.0918,0.0,12,2
7214,308.542887,1.0,680.0,680.0,0.0,0.0,0.166667,0.0,0,2,2500.0,1261.970352,183.623476,0.083333,12,2
7215,1175.895992,1.0,154.38,154.38,0.0,37.197366,0.083333,0.0,1,2,4000.0,1909.161919,426.23708,0.083333,12,2
7221,1153.961386,1.0,295.0,295.0,0.0,0.0,0.333333,0.0,0,4,1200.0,428.640942,964.205478,0.0,12,2
7243,1179.746682,1.0,30.0,30.0,0.0,39.323999,0.166667,0.0,2,4,1200.0,264.032163,351.744608,0.0,12,2
7249,365.674097,1.0,1169.73,1169.73,0.0,0.0,0.333333,0.0,0,9,1500.0,877.026023,527.451484,0.0,12,2
7261,26.143505,0.363636,124.03,124.03,0.0,0.0,0.083333,0.0,0,1,1000.0,309.366769,220.566753,0.0,12,2
7267,120.307206,0.545455,653.95,653.95,0.0,0.0,0.416667,0.0,0,8,2500.0,1327.025412,195.935077,0.2,12,2
7285,35.862466,0.545455,361.49,361.49,0.0,0.0,0.454545,0.0,0,9,1500.0,625.790303,155.444689,0.5,11,2
7293,1242.886266,1.0,17.6,17.6,0.0,0.0,0.083333,0.0,0,1,4000.0,589.674674,472.763536,0.0,12,2
7295,169.892916,0.666667,973.5,973.5,0.0,0.0,0.166667,0.0,0,1,2000.0,28.078586,41.457336,0.0,6,2
7299,283.691223,1.0,45.65,45.65,0.0,0.0,0.083333,0.0,0,1,1000.0,165.821773,252.47599,0.0,12,2
7304,59.797799,1.0,309.25,289.4,19.85,0.0,0.166667,0.083333,0,8,2000.0,675.101601,425.907075,0.25,12,2
7307,1569.712031,1.0,375.92,375.92,0.0,38.237206,0.333333,0.0,2,6,1700.0,530.069186,1003.039654,0.0,12,2
7312,683.286191,1.0,706.08,706.08,0.0,0.0,0.916667,0.0,0,13,1500.0,1847.90353,717.097215,0.0,12,2
7313,457.07022,0.545455,1273.0,1273.0,0.0,0.0,0.083333,0.0,0,1,2500.0,2633.35913,148.635903,0.0,12,2
7318,52.358663,0.454545,658.24,658.24,0.0,0.0,0.166667,0.0,0,2,4000.0,1609.331101,149.861526,0.0,12,2
7331,112.702102,0.909091,1437.38,1437.38,0.0,0.0,0.583333,0.0,0,17,2000.0,1469.057487,127.594194,1.0,12,2
7351,193.050982,0.875,1337.1,1337.1,0.0,91.705707,0.875,0.0,1,13,10000.0,2067.611692,98.85433,0.5,8,2
7358,367.033521,1.0,567.75,567.75,0.0,0.0,0.666667,0.0,0,8,600.0,484.20499,210.03677,0.0,12,2
7360,1865.271423,1.0,412.0,412.0,0.0,0.0,0.166667,0.0,0,2,2000.0,597.104874,666.876023,0.0,12,2
7374,11.772828,0.272727,101.0,101.0,0.0,0.0,0.166667,0.0,0,2,1200.0,164.865563,168.403178,0.0,12,2
7381,18.120946,0.5,57.0,57.0,0.0,0.0,0.166667,0.0,0,1,1500.0,118.438703,54.138711,0.0,6,2
7383,158.512412,0.454545,713.64,713.64,0.0,0.0,0.083333,0.0,0,2,3000.0,1121.322787,96.145734,0.0,12,2
7411,104.311214,0.818182,1270.59,1270.59,0.0,0.0,0.583333,0.0,0,8,2000.0,1359.473756,147.45012,1.0,12,2
7415,43.087983,0.571429,133.0,133.0,0.0,0.0,0.142857,0.0,0,1,3000.0,189.248952,96.858626,0.0,7,2
7418,21.881528,1.0,89.04,89.04,0.0,0.0,0.083333,0.0,0,1,2500.0,193.985335,96.885791,0.0,12,2
7421,1070.631288,1.0,651.91,651.91,0.0,40.07681,0.416667,0.0,1,43,1200.0,258.767714,3520.912186,0.0,12,2
7423,25.715061,0.363636,449.32,449.32,0.0,0.0,0.166667,0.0,0,4,5000.0,1086.379588,131.749774,1.0,12,2
7424,1439.410201,1.0,184.7,184.7,0.0,0.0,0.166667,0.0,0,2,1500.0,299.988581,4792.61355,0.0,12,2
7434,743.52828,1.0,158.95,158.95,0.0,0.0,0.375,0.0,0,3,800.0,250.349363,185.179066,0.0,8,2
7439,11.316443,0.181818,112.23,112.23,0.0,0.0,0.083333,0.0,0,1,3000.0,636.15056,88.670668,0.0,12,2
7452,6.526735,0.181818,53.09,53.09,0.0,0.0,0.083333,0.0,0,1,1000.0,309.515966,86.885269,0.0,12,2
7454,852.530387,1.0,45.65,45.65,0.0,0.0,0.083333,0.0,0,1,1200.0,387.594772,231.564246,0.0,12,2
7459,69.336196,0.545455,211.87,211.87,0.0,0.0,0.083333,0.0,0,1,1400.0,435.005491,133.988377,0.0,12,2
7465,428.598828,1.0,208.0,208.0,0.0,164.032453,0.25,0.0,6,4,1200.0,975.191714,193.993752,0.0,12,2
7471,383.370294,1.0,326.74,326.74,0.0,0.0,0.25,0.0,0,3,600.0,525.776492,199.590057,0.0,12,2
7472,793.855972,1.0,1478.93,1478.93,0.0,0.0,0.333333,0.0,0,10,1200.0,723.959807,474.254444,0.0,12,2
7473,51.199057,1.0,1319.04,1319.04,0.0,0.0,1.0,0.0,0,18,3500.0,1324.448655,126.403394,0.875,12,2
7475,92.596405,1.0,720.11,720.11,0.0,0.0,0.583333,0.0,0,16,1700.0,535.430352,193.498368,0.222222,12,2
7481,90.084324,1.0,1098.82,1098.82,0.0,181.725242,0.583333,0.0,1,13,3000.0,1307.140981,141.008201,0.428571,12,2
7489,205.127197,0.571429,1222.98,1222.98,0.0,0.0,0.428571,0.0,0,5,3000.0,1144.83486,121.334941,0.0,7,2
7496,679.421923,1.0,298.49,298.49,0.0,152.65779,0.083333,0.0,1,4,1000.0,456.143495,216.036561,0.0,12,2
7499,794.661653,1.0,329.96,329.96,0.0,0.0,0.083333,0.0,0,1,2000.0,703.606,166.000398,0.0,12,2
7508,108.857699,1.0,3224.34,3224.34,0.0,0.0,1.0,0.0,0,39,1500.0,2752.565833,123.696831,1.0,12,2
7509,7.215615,0.272727,54.45,54.45,0.0,0.0,0.083333,0.0,0,1,2000.0,160.130111,205.168209,0.0,12,2
7518,525.17417,1.0,91.23,48.9,42.33,0.0,0.083333,0.25,0,4,4000.0,154.939835,233.341617,0.0,12,2
7519,510.953138,1.0,172.41,172.41,0.0,0.0,0.083333,0.0,0,4,1200.0,959.003305,242.770679,0.0,12,2
7533,377.56851,1.0,542.51,542.51,0.0,0.0,0.5,0.0,0,9,1000.0,567.687367,175.936604,0.0,12,2
7540,14.453345,0.636364,38.65,38.65,0.0,0.0,0.083333,0.0,0,1,1000.0,52.685663,162.687252,0.0,12,2
7543,803.052704,1.0,19.75,19.75,0.0,0.0,0.083333,0.0,0,1,2000.0,402.155365,322.394919,0.0,12,2
7545,936.370785,1.0,158.45,158.45,0.0,0.0,0.25,0.0,0,3,1700.0,160.698863,443.538283,0.0,12,2
7557,29.466141,0.545455,149.0,149.0,0.0,0.0,0.083333,0.0,0,1,1000.0,350.176472,215.215582,0.0,12,2
7566,1186.276559,1.0,391.67,391.67,0.0,0.0,0.5,0.0,0,8,1200.0,488.194864,927.681751,0.0,12,2
7573,11.673388,0.272727,76.0,76.0,0.0,0.0,0.083333,0.0,0,1,4000.0,447.312571,84.678373,0.0,12,2
7576,738.067431,1.0,752.97,752.97,0.0,0.0,0.666667,0.0,0,11,2500.0,1393.051729,282.663936,0.0,12,2
7581,252.174753,1.0,411.01,411.01,0.0,0.0,0.833333,0.0,0,28,1000.0,459.467285,188.121403,0.0,12,2
7588,568.222966,1.0,140.03,140.03,0.0,0.0,0.083333,0.0,0,4,1200.0,203.362743,203.599221,0.0,12,2
7614,454.181676,1.0,1361.65,1361.65,0.0,0.0,0.25,0.0,0,9,4000.0,1643.948056,152.368392,0.166667,12,2
7640,349.788099,1.0,400.6,400.6,0.0,0.0,0.416667,0.0,0,6,450.0,308.109946,170.326506,0.0,12,2
7661,717.764625,1.0,3358.25,3358.25,0.0,0.0,1.0,0.0,0,127,4000.0,2370.592652,202.790825,0.0,12,2
7679,1592.017292,1.0,372.09,372.09,0.0,0.0,0.166667,0.0,0,10,4000.0,389.29309,574.750942,0.0,12,2
7694,23.981951,0.454545,1934.16,1934.16,0.0,0.0,0.416667,0.0,0,6,2500.0,3721.903965,54.690715,1.0,12,2
7698,130.678469,0.545455,1480.76,1480.76,0.0,0.0,0.333333,0.0,0,19,1000.0,2441.727849,153.303679,1.0,12,2
7703,821.011673,1.0,399.99,399.99,0.0,0.0,0.083333,0.0,0,2,2500.0,1140.142325,204.400186,0.0,12,2
7708,12.472571,0.727273,87.67,87.67,0.0,0.0,0.083333,0.0,0,5,2000.0,123.304221,86.6785,0.0,12,2
7717,1579.595049,1.0,35.0,35.0,0.0,0.0,0.083333,0.0,0,1,1800.0,791.526478,698.019678,0.0,12,2
7729,1006.592714,0.909091,1341.62,1341.62,0.0,0.0,0.363636,0.0,0,186,1200.0,1444.198295,708.609079,0.0,11,2
7740,1.199105,0.272727,20.0,20.0,0.0,0.0,0.083333,0.0,0,1,500.0,182.462948,107.00915,0.0,12,2
7752,13.353513,0.636364,717.95,717.95,0.0,0.0,0.636364,0.0,0,14,5500.0,864.238423,92.807829,0.75,11,2
7769,22.35378,0.181818,284.5,284.5,0.0,0.0,0.083333,0.0,0,2,1000.0,1578.650857,86.173877,0.0,12,2
7789,58.603273,0.181818,2080.51,2080.51,0.0,0.0,0.166667,0.0,0,7,2500.0,1965.056445,14.242628,0.0,12,2
7803,615.726189,0.666667,1317.34,1317.34,0.0,0.0,0.222222,0.0,0,2,2500.0,328.995042,185.210313,0.0,9,2
7810,32.726042,0.636364,303.51,303.51,0.0,0.0,0.333333,0.0,0,5,1200.0,550.181692,100.810197,0.666667,12,2
7815,76.631162,1.0,406.78,406.78,0.0,0.0,0.272727,0.0,0,3,7500.0,593.46007,114.512379,0.2,11,2
7833,144.555083,0.363636,1352.1,1352.1,0.0,0.0,0.166667,0.0,0,3,2500.0,656.758103,77.571584,0.0,12,2
7851,1131.503917,1.0,120.0,120.0,0.0,0.0,0.083333,0.0,0,1,1200.0,352.210107,470.738221,0.0,12,2
7854,1337.287314,1.0,1662.41,1662.41,0.0,0.0,0.5,0.0,0,10,1500.0,1670.844026,1995.395096,0.0,12,2
7857,903.04158,1.0,350.0,350.0,0.0,0.0,0.090909,0.0,0,2,1000.0,482.501636,444.0465,0.0,11,2
7865,11.332157,0.545455,136.08,136.08,0.0,0.0,0.333333,0.0,0,4,1200.0,257.582031,111.278576,0.666667,12,2
7867,1086.853086,1.0,178.0,178.0,0.0,0.0,0.083333,0.0,0,2,1200.0,346.565751,405.644986,0.0,12,2
7869,183.28584,1.0,23.75,23.75,0.0,64.006247,0.083333,0.0,2,1,500.0,584.679478,139.651483,0.083333,12,2
7875,666.010085,1.0,504.87,504.87,0.0,271.354588,0.166667,0.0,1,2,1000.0,631.927013,173.032903,0.0,12,2
7878,17.832004,0.272727,148.0,148.0,0.0,0.0,0.083333,0.0,0,1,10500.0,117.223554,165.37547,0.0,12,2
7881,465.003141,1.0,500.0,500.0,0.0,0.0,0.111111,0.0,0,1,1000.0,109.818409,357.651724,0.0,9,2
7882,1735.597569,1.0,1591.11,1591.11,0.0,0.0,0.666667,0.0,0,27,2700.0,485.135865,632.484083,0.0,12,2
7883,202.681879,1.0,312.5,312.5,0.0,170.577213,0.166667,0.0,2,3,500.0,188.382752,208.991873,0.0,12,2
7902,670.177406,0.818182,4562.69,4562.69,0.0,0.0,0.25,0.0,0,5,9000.0,5060.2174,165.965951,0.0,12,2
7903,257.564141,0.363636,2971.83,2971.83,0.0,0.0,0.333333,0.0,0,21,6000.0,3946.991516,358.523649,0.333333,12,2
7925,33.384649,0.909091,109.32,69.32,40.0,0.0,0.166667,0.25,0,6,1200.0,163.060103,215.422442,0.0,12,2
7928,84.830501,0.636364,702.32,702.32,0.0,0.0,0.333333,0.0,0,4,5000.0,991.050806,105.008756,0.2,12,2
7931,1020.535366,1.0,205.54,205.54,0.0,0.0,0.166667,0.0,0,3,1200.0,232.721106,539.082396,0.0,12,2
7944,60.37904,0.5,712.0,712.0,0.0,0.0,0.2,0.0,0,4,7500.0,1134.962538,115.956204,1.0,10,2
7945,468.256151,1.0,55.0,55.0,0.0,54.149701,0.083333,0.0,2,1,500.0,246.584357,329.619743,0.0,12,2
7959,40.762516,0.636364,376.0,316.5,59.5,0.0,0.416667,0.083333,0,7,10000.0,369.351109,141.778284,0.333333,12,2
7979,922.615452,1.0,45.65,45.65,0.0,0.0,0.083333,0.0,0,1,1700.0,191.287802,309.777674,0.0,12,2
7990,27.254213,0.454545,316.3,316.3,0.0,0.0,0.166667,0.0,0,2,2500.0,312.771691,57.214333,0.1,12,2
7994,110.983174,1.0,458.47,458.47,0.0,0.0,0.25,0.0,0,3,2000.0,414.618729,176.175087,0.0,12,2
8009,891.332656,1.0,411.25,411.25,0.0,0.0,0.333333,0.0,0,4,1500.0,1043.13779,205.343101,0.0,12,2
8011,120.632505,0.636364,1310.2,1310.2,0.0,0.0,0.166667,0.0,0,9,2500.0,576.034909,195.547987,0.0,12,2
8013,15.740657,0.727273,72.0,72.0,0.0,0.0,0.25,0.0,0,5,1000.0,44.098703,205.53426,0.0,12,2
8018,1125.306541,1.0,703.05,703.05,0.0,0.0,0.25,0.0,0,9,1300.0,104.476763,421.150061,0.0,8,2
8025,130.484418,0.454545,1428.97,1428.97,0.0,0.0,0.25,0.0,0,3,7000.0,1444.388031,77.509848,0.0,12,2
8029,1418.899282,1.0,57.66,57.66,0.0,63.085612,0.25,0.0,3,3,1500.0,294.465506,294.22163,0.0,12,2
8030,390.077505,0.636364,1156.0,1156.0,0.0,0.0,0.083333,0.0,0,2,10500.0,1704.470909,247.289712,0.0,12,2
8038,1278.279881,1.0,15.0,15.0,0.0,0.0,0.083333,0.0,0,1,1500.0,275.225729,436.116254,0.0,12,2
8051,1601.393425,1.0,190.0,190.0,0.0,18.638559,0.25,0.0,1,6,1500.0,182.637387,12496.86093,0.0,12,2
8061,101.98974,1.0,1046.04,1046.04,0.0,0.0,0.916667,0.0,0,11,1000.0,1139.660178,139.562971,0.875,12,2
8070,651.55986,1.0,599.55,599.55,0.0,0.0,0.333333,0.0,0,5,1800.0,199.706361,388.868388,0.0,12,2
8073,248.626137,1.0,2635.25,2635.25,0.0,0.0,1.0,0.0,0,17,5000.0,2425.107514,193.086366,1.0,12,2
8077,1127.633173,1.0,422.55,422.55,0.0,150.157754,0.333333,0.0,1,8,1200.0,167.203806,3078.97554,0.0,12,2
8095,3572.844689,1.0,504.0,504.0,0.0,0.0,0.666667,0.0,0,8,3500.0,697.903654,2829.064077,0.0,12,2
8113,134.62028,0.818182,648.9,648.9,0.0,295.655611,0.25,0.0,2,5,1200.0,468.622826,156.724637,0.25,12,2
8115,23.692271,0.454545,165.57,165.57,0.0,0.0,0.166667,0.0,0,2,3500.0,460.205774,117.075212,1.0,12,2
8132,54.27007,0.454545,2071.92,2071.92,0.0,0.0,0.5,0.0,0,13,9000.0,1241.531755,59.598451,0.0,12,2
8133,945.793928,1.0,253.31,253.31,0.0,152.277594,0.333333,0.0,2,4,1000.0,676.496604,536.299167,0.0,12,2
8134,135.843015,0.181818,1111.4,1111.4,0.0,0.0,0.166667,0.0,0,2,1050.0,4121.57553,139.892334,0.0,12,2
8149,2000.759048,1.0,801.77,801.77,0.0,0.0,0.25,0.0,0,5,3000.0,538.119129,545.14376,0.0,12,2
8156,5.606423,0.090909,114.0,114.0,0.0,0.0,0.083333,0.0,0,2,4000.0,434.803301,57.299031,0.0,12,2
8157,6.260598,0.545455,35.0,35.0,0.0,18.280043,0.083333,0.0,1,1,1000.0,110.318859,59.475914,0.333333,12,2
8163,995.323626,1.0,127.49,90.7,36.79,18.204577,0.166667,0.083333,1,4,1000.0,458.941641,491.781046,0.0,12,2
8178,41.386295,0.363636,194.57,194.57,0.0,0.0,0.166667,0.0,0,2,2200.0,470.431305,169.999931,0.0,12,2
8184,41.624195,0.454545,102.0,102.0,0.0,0.0,0.166667,0.0,0,5,1000.0,278.021419,41.427923,0.0,12,2
8192,785.198515,1.0,1207.42,1207.42,0.0,0.0,0.583333,0.0,0,21,1200.0,374.231139,294.572557,0.0,12,2
8194,0.437285,0.181818,6.9,6.9,0.0,0.0,0.083333,0.0,0,1,8500.0,4.523555,4.763689,0.0,12,2
8218,1105.179825,1.0,200.0,200.0,0.0,0.0,0.083333,0.0,0,1,1200.0,308.242594,725.821711,0.0,12,2
8220,435.518068,1.0,27.22,27.22,0.0,0.0,0.083333,0.0,0,1,500.0,160.536841,220.943631,0.0,12,2
8225,176.991674,0.272727,763.71,763.71,0.0,0.0,0.083333,0.0,0,1,1200.0,314.5974,166.360313,0.0,12,2
8231,514.17242,1.0,45.65,45.65,0.0,0.0,0.083333,0.0,0,1,1000.0,103.945858,1879.235176,0.0,12,2
8255,24.992059,1.0,292.5,292.5,0.0,0.0,0.833333,0.0,0,11,2000.0,309.294279,193.835236,0.833333,12,2
8256,383.965702,1.0,3552.44,3552.44,0.0,0.0,0.916667,0.0,0,42,10500.0,3446.294572,228.639344,1.0,12,2
8260,2.936186,0.636364,40.7,40.7,0.0,0.0,0.166667,0.0,0,2,3500.0,29.250668,18.569907,0.0,12,2
8277,84.988845,0.4,280.0,280.0,0.0,0.0,0.1,0.0,0,1,2500.0,374.042528,136.958891,0.0,10,2
8293,14.665071,0.454545,108.85,108.85,0.0,0.0,0.333333,0.0,0,4,1000.0,170.376826,137.064172,0.0,12,2
8294,66.0478,0.454545,674.67,674.67,0.0,0.0,0.416667,0.0,0,8,600.0,538.053223,167.18485,1.0,12,2
8304,935.042217,1.0,1000.0,1000.0,0.0,0.0,0.083333,0.0,0,1,1200.0,204.111522,215.712999,0.0,12,2
8321,7.258112,0.272727,57.0,57.0,0.0,0.0,0.090909,0.0,0,1,1500.0,294.679399,79.49349,0.0,11,2
8322,403.311321,0.857143,208.0,208.0,0.0,438.543672,0.142857,0.0,1,1,4000.0,39.576673,133.729514,0.0,7,2
8323,15.410246,0.571429,51.02,51.02,0.0,0.0,0.142857,0.0,0,2,4000.0,72.30987,70.412367,0.0,7,2
8336,105.333584,0.375,306.0,306.0,0.0,0.0,0.125,0.0,0,2,6000.0,101.986927,118.324082,0.0,8,2
8353,993.453968,1.0,1114.26,1114.26,0.0,0.0,0.416667,0.0,0,10,1500.0,582.043795,411.865777,0.0,12,2
8359,1678.5937,1.0,1846.81,1846.81,0.0,0.0,0.625,0.0,0,18,3500.0,350.646998,297.503609,0.0,8,2
8360,654.849672,1.0,630.0,630.0,0.0,0.0,0.083333,0.0,0,1,2500.0,729.355023,181.044246,0.0,12,2
8368,114.007097,0.636364,2514.89,2514.89,0.0,0.0,0.333333,0.0,0,5,2000.0,979.919435,104.458857,0.0,12,2
8375,306.462394,1.0,1834.5,1834.5,0.0,59.348405,0.666667,0.0,2,21,700.0,1264.350185,144.302741,0.0,12,2
8386,26.354114,0.363636,1148.31,1148.31,0.0,0.0,0.25,0.0,0,3,6000.0,1162.170922,46.962114,0.1,12,2
8387,200.907701,0.428571,1100.0,1100.0,0.0,0.0,0.142857,0.0,0,1,1100.0,1943.174725,254.548736,0.0,7,2
8392,383.449462,1.0,1159.06,1146.06,13.0,0.0,0.75,0.083333,0,28,500.0,1346.951277,262.260305,0.083333,12,2
8412,18.908241,0.272727,126.0,126.0,0.0,0.0,0.090909,0.0,0,1,1000.0,643.427524,81.346722,0.0,11,2
8447,231.422388,0.875,822.93,822.93,0.0,0.0,0.375,0.0,0,12,1200.0,120.912757,122.220568,0.0,8,2
8448,105.182503,0.272727,787.09,754.47,32.62,0.0,0.25,0.083333,0,11,2500.0,840.571045,147.116092,0.0,12,2
8450,1237.423459,1.0,650.0,650.0,0.0,0.0,0.083333,0.0,0,1,1500.0,419.18249,456.684218,0.0,12,2
8467,602.210858,1.0,965.0,965.0,0.0,0.0,0.25,0.0,0,5,1200.0,258.748232,210.582556,0.0,12,2
8473,929.113186,0.727273,1622.0,1622.0,0.0,0.0,0.166667,0.0,0,2,1800.0,269.015241,226.417326,0.0,12,2
8490,2.044745,0.181818,26.53,26.53,0.0,0.0,0.083333,0.0,0,1,2500.0,155.972776,82.345774,0.0,12,2
8494,2.100274,0.181818,65.0,65.0,0.0,0.0,0.083333,0.0,0,1,3000.0,282.389037,41.475045,0.0,12,2
8497,1.644581,0.090909,42.49,42.49,0.0,0.0,0.083333,0.0,0,1,1200.0,231.480701,86.839981,0.0,12,2
8507,439.357199,1.0,862.74,862.74,0.0,90.322514,0.666667,0.0,4,22,1000.0,789.180188,208.76782,0.0,12,2
8531,477.258038,1.0,49.0,49.0,0.0,0.0,0.083333,0.0,0,1,500.0,112.962753,232.605728,0.0,12,2
8542,16.270638,0.3,1131.46,1131.46,0.0,0.0,0.2,0.0,0,3,3000.0,932.976337,69.561118,0.0,10,2
8554,1175.241984,1.0,1102.72,1102.72,0.0,136.401822,0.571429,0.0,5,10,1200.0,147.169915,188.906389,0.0,7,2
8559,116.036232,0.727273,138.8,138.8,0.0,413.247771,0.181818,0.0,2,3,1500.0,317.583796,86.807982,0.1,11,2
8568,0.919387,0.181818,251.5,251.5,0.0,0.0,0.166667,0.0,0,4,1200.0,712.364811,42.09599,0.0,12,2
8570,134.142415,0.909091,1729.67,1729.67,0.0,0.0,0.666667,0.0,0,11,1200.0,1735.980519,127.46298,0.333333,12,2
8611,42.577756,0.909091,4061.96,4061.96,0.0,0.0,0.916667,0.0,0,35,500.0,3716.880684,92.058823,0.75,12,2
8634,683.188651,1.0,85.0,85.0,0.0,0.0,0.083333,0.0,0,1,3000.0,447.237766,214.535254,0.0,12,2
8637,49.519627,0.545455,210.0,210.0,0.0,446.514417,0.083333,0.0,1,1,500.0,885.24483,127.542299,0.0,12,2
8638,7.367128,0.555556,479.71,479.71,0.0,95.299613,0.333333,0.0,2,12,3000.0,1190.03983,18.092319,1.0,9,2
8642,23.506407,0.181818,256.69,256.69,0.0,0.0,0.083333,0.0,0,5,1200.0,1386.758471,89.831553,0.0,12,2
8655,154.416929,1.0,483.27,483.27,0.0,108.462594,0.416667,0.0,2,7,500.0,266.232394,181.91342,0.0,12,2
8656,25.615441,0.545455,146.5,146.5,0.0,0.0,0.416667,0.0,0,5,500.0,287.288012,142.251239,0.0,12,2
8658,444.841702,1.0,218.59,218.59,0.0,0.0,0.083333,0.0,0,4,500.0,223.771445,226.769925,0.0,12,2
8670,115.327148,0.363636,1042.4,1042.4,0.0,0.0,0.25,0.0,0,4,2000.0,1918.062101,89.164921,0.25,12,2
8689,368.318662,0.909091,8053.95,8053.95,0.0,0.0,0.833333,0.0,0,46,2000.0,7966.582037,219.761189,0.777778,12,2
8691,624.049989,0.909091,500.0,500.0,0.0,0.0,0.083333,0.0,0,1,5000.0,108.048011,322.162263,0.0,12,2
8723,748.264608,0.818182,808.99,808.99,0.0,169.529717,0.090909,0.0,5,1,1000.0,171.734804,252.640741,0.0,11,2
8738,981.286008,1.0,1370.0,1370.0,0.0,0.0,0.083333,0.0,0,1,1400.0,596.685481,451.584847,0.0,12,2
8748,1042.816735,0.625,3950.0,3950.0,0.0,0.0,0.25,0.0,0,3,3150.0,6274.982741,303.462882,0.0,8,2
8758,1812.542545,0.857143,2918.08,2918.08,0.0,0.0,0.571429,0.0,0,5,3000.0,247.249275,297.395431,0.0,7,2
8765,69.39915,0.571429,370.0,370.0,0.0,381.644337,0.142857,0.0,3,1,500.0,770.669761,50.055024,0.5,7,2
8784,4.358863,0.181818,70.0,70.0,0.0,0.0,0.090909,0.0,0,1,500.0,363.248976,75.029727,0.0,11,2
8801,275.02095,1.0,1943.0,1943.0,0.0,0.0,0.6,0.0,0,9,500.0,1438.120632,142.241273,0.555556,10,2
8807,31.734061,0.7,95.0,95.0,0.0,0.0,0.1,0.0,0,1,500.0,122.185607,120.66671,0.0,10,2
8811,168.516873,0.666667,364.8,364.8,0.0,0.0,0.333333,0.0,0,4,500.0,102.839528,121.749604,0.0,9,2
8841,150.56051,0.833333,368.34,368.34,0.0,0.0,0.5,0.0,0,4,1200.0,68.244473,85.170836,0.0,6,2
8843,751.590839,0.444444,2000.0,2000.0,0.0,0.0,0.111111,0.0,0,1,2000.0,265.918137,353.102768,0.0,9,2
8862,264.566591,0.375,1150.0,1150.0,0.0,0.0,0.125,0.0,0,1,1200.0,3029.380326,85.428885,0.0,8,2
8867,440.613643,1.0,600.0,600.0,0.0,0.0,0.125,0.0,0,1,1000.0,215.316424,137.846006,0.0,8,2
8871,461.45572,1.0,585.0,585.0,0.0,0.0,0.125,0.0,0,1,1000.0,258.03263,151.696433,0.0,8,2
8876,121.294493,0.75,385.26,385.26,0.0,169.554775,0.5,0.0,3,7,500.0,98.225317,113.944625,0.0,8,2
8909,641.282519,1.0,750.0,750.0,0.0,0.0,0.142857,0.0,0,1,1000.0,105.582942,302.743881,0.0,7,2
8910,356.108694,1.0,465.0,465.0,0.0,0.0,0.142857,0.0,0,1,1000.0,118.775188,109.227176,0.0,7,2
8924,7.336804,0.333333,74.0,74.0,0.0,0.0,0.166667,0.0,0,1,3000.0,214.921009,44.254787,0.0,6,2
8939,728.352548,1.0,734.4,734.4,0.0,239.891038,0.333333,0.0,2,2,1000.0,72.530037,110.950798,0.0,6,2
8943,5.871712,0.5,20.9,20.9,0.0,0.0,0.166667,0.0,0,1,500.0,58.644883,43.473717,0.0,6,2
8949,372.708075,0.666667,1093.25,1093.25,0.0,127.040008,0.666667,0.0,2,23,1200.0,63.165404,88.288956,0.0,6,2
