,BALANCE,BALANCE_FREQUENCY,PURCHASES,ONEOFF_PURCHASES,INSTALLMENTS_PURCHASES,CASH_ADVANCE,ONEOFF_PURCHASES_FREQUENCY,PURCHASES_INSTALLMENTS_FREQUENCY,CASH_ADVANCE_TRX,PURCHASES_TRX,CREDIT_LIMIT,PAYMENTS,MINIMUM_PAYMENTS,PRC_FULL_PAYMENT,TENURE,KMC_clusters
0,40.900749,0.818182,95.4,0.0,95.4,0.0,0.0,0.083333,0,2,1000.0,201.802084,139.509787,0.0,12,4
5,1809.828751,1.0,1333.28,0.0,1333.28,0.0,0.0,0.583333,0,8,1800.0,1400.05777,2407.246035,0.0,12,4
7,1823.652743,1.0,436.2,0.0,436.2,0.0,0.0,1.0,0,12,2300.0,679.065082,532.03399,0.0,12,4
10,1293.124939,1.0,920.12,0.0,920.12,0.0,0.0,1.0,0,12,1200.0,1083.301007,2172.697765,0.0,12,4
17,41.089489,0.454545,519.0,0.0,519.0,0.0,0.0,0.333333,0,8,2500.0,254.590662,73.203221,0.25,12,4
19,3577.970933,1.0,398.64,0.0,398.64,0.0,0.0,1.0,0,12,4000.0,1053.980464,12465.54938,0.0,12,4
20,2016.684686,1.0,176.68,0.0,176.68,0.0,0.0,0.666667,0,8,2000.0,223.0686,13557.29726,0.0,12,4
22,132.34224,0.636364,815.9,0.0,815.9,0.0,0.0,1.0,0,17,1800.0,2359.629958,86.329554,0.0,12,4
25,169.781679,1.0,399.6,0.0,399.6,0.0,0.0,1.0,0,12,3000.0,215.306142,163.005536,0.0,12,4
27,125.694817,1.0,233.28,0.0,233.28,0.0,0.0,1.0,0,12,1000.0,207.773715,164.748819,0.0,12,4
29,22.06349,1.0,100.0,0.0,100.0,0.0,0.0,0.416667,0,5,6900.0,160.767773,159.684442,0.0,12,4
34,3517.101616,0.727273,547.28,0.0,547.28,0.0,0.0,1.0,0,14,11000.0,8735.607835,17862.55831,0.0,12,4
77,578.809679,1.0,320.0,0.0,320.0,0.0,0.0,0.666667,0,8,1500.0,1438.910569,190.186542,0.0,12,4
80,17.357563,0.909091,244.85,40.21,204.64,0.0,0.166667,0.583333,0,13,5000.0,357.802082,121.523416,0.181818,12,4
82,3.78631,0.636364,133.05,28.2,104.85,0.0,0.166667,0.25,0,5,12000.0,210.053432,99.533735,0.444444,12,4
83,42.46443,0.545455,396.0,0.0,396.0,0.0,0.0,0.416667,0,12,1200.0,725.606194,140.809454,1.0,12,4
98,4.708041,0.363636,79.0,0.0,79.0,0.0,0.0,0.166667,0,3,7000.0,217.820198,121.781205,1.0,12,4
101,23.394411,0.272727,1346.28,0.0,1346.28,0.0,0.0,1.0,0,12,2000.0,712.149153,54.79166,0.0,12,4
106,408.656365,1.0,941.64,0.0,941.64,0.0,0.0,1.0,0,12,2500.0,1097.78942,176.610605,0.083333,12,4
116,223.763616,0.636364,2309.78,0.0,2309.78,0.0,0.0,0.5,0,12,6500.0,1206.81188,99.372848,0.333333,12,4
118,54.933231,0.272727,495.0,0.0,495.0,0.0,0.0,0.166667,0,2,7000.0,1969.845566,147.049952,1.0,12,4
122,2114.158683,1.0,5580.85,0.0,5580.85,0.0,0.0,1.0,0,75,8500.0,3564.977774,630.00413,0.0,12,4
132,24.28497,0.636364,250.6,0.0,250.6,0.0,0.0,0.5,0,7,3000.0,319.762903,173.632006,0.0,12,4
134,231.108995,1.0,440.0,0.0,440.0,0.0,0.0,0.916667,0,22,4000.0,554.116542,185.091037,0.0,12,4
152,49.206256,1.0,870.24,0.0,870.24,0.0,0.0,1.0,0,24,8000.0,835.839952,193.011166,1.0,12,4
155,119.760904,0.363636,1859.34,0.0,1859.34,0.0,0.0,0.25,0,4,20000.0,3104.275623,288.903628,0.25,12,4
164,114.593817,1.0,469.98,0.0,469.98,0.0,0.0,0.833333,0,6,1000.0,367.109312,86.102479,0.5,6,4
166,823.103926,0.363636,131.64,0.0,131.64,0.0,0.0,1.0,0,12,8000.0,2916.071564,243.199498,0.0,12,4
168,1128.124563,1.0,924.6,0.0,924.6,0.0,0.0,1.0,0,12,1000.0,1202.711782,1747.037345,0.0,12,4
172,23.111088,0.363636,300.0,0.0,300.0,0.0,0.0,0.166667,0,3,12500.0,291.948834,43.452683,0.181818,12,4
179,36.236312,0.454545,256.11,0.0,256.11,0.0,0.0,0.416667,0,5,5300.0,831.375322,189.036967,0.166667,12,4
185,168.522709,0.818182,2009.05,0.0,2009.05,0.0,0.0,0.75,0,22,1200.0,2612.760497,197.638558,0.142857,12,4
193,5462.897068,1.0,1453.32,0.0,1453.32,0.0,0.0,0.5,0,18,16500.0,1382.269127,1755.253802,0.0,12,4
202,24.527253,0.909091,261.64,0.0,261.64,0.0,0.0,0.833333,0,10,4000.0,376.758504,169.78292,0.818182,12,4
205,2.67713,0.090909,43.39,0.0,43.39,0.0,0.0,0.083333,0,1,4000.0,130.107234,29.700051,0.090909,12,4
214,75.647479,0.727273,540.0,0.0,540.0,0.0,0.0,0.166667,0,3,4000.0,548.967281,48.659935,0.0,12,4
217,7.56809,0.545455,144.26,67.08,77.18,0.0,0.083333,0.166667,0,7,11500.0,134.710832,75.515008,0.111111,12,4
231,279.608696,1.0,3034.92,0.0,3034.92,0.0,0.0,1.0,0,12,2900.0,2928.909865,2733.317012,0.083333,12,4
238,48.898611,0.545455,247.09,0.0,247.09,182.357669,0.0,0.416667,3,7,5500.0,409.594792,69.921472,0.0,12,4
245,8.061012,0.363636,133.0,0.0,133.0,0.0,0.0,0.166667,0,3,3000.0,130.61272,41.436595,0.181818,12,4
247,6.390383,1.0,79.66,0.0,79.66,0.0,0.0,1.0,0,12,1500.0,75.896288,75.967742,0.0,12,4
251,996.48222,1.0,675.96,0.0,675.96,0.0,0.0,1.0,0,12,1000.0,1851.602411,1382.292833,0.083333,12,4
252,19.508047,1.0,193.14,0.0,193.14,0.0,0.0,0.416667,0,5,2000.0,220.46377,71.965063,0.25,12,4
255,22.189283,0.363636,234.16,0.0,234.16,0.0,0.0,0.272727,0,4,1500.0,479.910499,149.977816,0.5,11,4
258,5570.190127,1.0,1607.88,0.0,1607.88,0.0,0.0,1.0,0,84,13500.0,1583.411686,2216.638394,0.0,12,4
278,1473.495809,1.0,414.0,0.0,414.0,0.0,0.0,0.666667,0,9,10500.0,5863.94034,570.250342,0.5,12,4
281,1129.33758,1.0,498.96,0.0,498.96,72.259355,0.0,1.0,1,12,1000.0,829.505486,1623.389428,0.0,12,4
294,41.833264,1.0,456.36,0.0,456.36,0.0,0.0,0.916667,0,14,6000.0,370.996177,163.287618,0.333333,12,4
318,40.089221,1.0,225.0,0.0,225.0,0.0,0.0,1.0,0,12,1500.0,325.578502,286.122587,0.166667,12,4
325,57.842746,1.0,689.34,0.0,689.34,0.0,0.0,1.0,0,24,1500.0,453.842413,148.28357,0.333333,12,4
336,98.364739,0.181818,65.0,0.0,65.0,0.0,0.0,0.166667,0,2,1200.0,718.794328,53.655347,0.0,12,4
338,16.93339,0.454545,174.42,0.0,174.42,0.0,0.0,0.25,0,5,2500.0,347.08638,149.301101,0.75,12,4
339,3355.631092,1.0,242.88,0.0,242.88,0.0,0.0,1.0,0,12,13500.0,6084.115091,890.639118,0.090909,12,4
345,17.356961,0.454545,390.0,90.0,300.0,0.0,0.083333,0.5,0,7,2000.0,302.454171,74.667401,0.0,12,4
349,21.580264,0.909091,284.72,0.0,284.72,0.0,0.0,0.666667,0,16,5000.0,344.161416,155.792859,0.8,12,4
365,1279.325142,1.0,1207.25,0.0,1207.25,0.0,0.0,1.0,0,59,1200.0,1282.705869,1300.596775,0.0,12,4
367,5747.761139,1.0,1627.69,0.0,1627.69,0.0,0.0,1.0,0,49,5500.0,2507.704747,7490.453967,0.0,12,4
374,2045.541408,1.0,1067.28,0.0,1067.28,0.0,0.0,1.0,0,30,2000.0,2021.775795,3073.416298,0.0,12,4
377,143.443832,0.636364,1631.0,0.0,1631.0,0.0,0.0,0.583333,0,7,2500.0,2550.799492,157.269321,1.0,12,4
388,79.189929,1.0,699.12,0.0,699.12,0.0,0.0,1.0,0,24,2500.0,697.977603,183.858351,0.583333,12,4
389,497.908027,1.0,245.39,0.0,245.39,0.0,0.0,0.5,0,7,4000.0,328.796655,165.308304,0.0,12,4
394,201.3504,1.0,600.0,0.0,600.0,0.0,0.0,0.416667,0,6,1000.0,249.066308,184.776562,0.0,12,4
396,4543.789386,1.0,255.12,5.0,250.12,0.0,0.25,0.5,0,11,8500.0,1703.332126,1121.510137,0.0,12,4
401,2025.162877,1.0,778.33,0.0,778.33,0.0,0.0,0.916667,0,28,2000.0,1411.329676,1430.50774,0.0,12,4
414,318.03434,1.0,1277.58,0.0,1277.58,0.0,0.0,1.0,0,20,7000.0,552.734714,173.336309,0.0,12,4
443,598.78776,1.0,519.0,0.0,519.0,0.0,0.0,0.636364,0,9,4500.0,621.255763,210.248259,0.0,11,4
449,21.12921,0.545455,229.5,54.0,175.5,0.0,0.083333,0.416667,0,7,3150.0,423.206638,157.471831,0.714286,12,4
456,123.394089,0.909091,1450.68,0.0,1450.68,0.0,0.0,1.0,0,20,6000.0,1583.421932,137.826186,0.454545,12,4
467,52.229659,1.0,565.5,0.0,565.5,101.137379,0.0,1.0,1,14,8500.0,2768.795805,199.803721,0.25,12,4
474,1135.53683,1.0,50.98,0.0,50.98,0.0,0.0,0.333333,0,4,1200.0,320.592941,385.347014,0.0,12,4
475,3430.981532,1.0,378.04,0.0,378.04,0.0,0.0,0.166667,0,4,11300.0,4315.936534,4483.503862,0.0,12,4
480,45.753138,0.545455,449.96,0.0,449.96,0.0,0.0,0.5,0,8,7000.0,1023.209164,127.78905,0.6,12,4
498,126.207012,0.636364,913.0,0.0,913.0,0.0,0.0,0.333333,0,5,7500.0,1718.487894,140.181283,1.0,12,4
504,128.175207,0.818182,182.94,0.0,182.94,0.0,0.0,0.833333,0,10,5000.0,1391.649702,186.774371,0.3,12,4
505,47.6368,0.727273,379.28,0.0,379.28,0.0,0.0,0.583333,0,7,2500.0,641.943628,156.644197,1.0,12,4
506,1529.206464,1.0,874.94,0.0,874.94,0.0,0.0,0.75,0,18,1500.0,716.241063,1502.744095,0.0,12,4
510,32.042424,0.909091,400.41,0.0,489.39,0.0,0.0,0.75,0,11,4500.0,353.570259,132.13182,0.666667,12,4
518,43.42718,1.0,569.34,0.0,569.34,0.0,0.0,1.0,0,19,16500.0,758.421856,163.044353,1.0,12,4
519,1874.601636,1.0,305.78,0.0,305.78,0.0,0.0,0.583333,0,14,1500.0,518.757481,19977.00572,0.0,12,4
530,189.12074,0.909091,1051.1,0.0,1051.1,0.0,0.0,0.833333,0,13,3000.0,1301.155857,168.227161,0.375,12,4
547,263.6992,1.0,1856.64,0.0,1856.64,0.0,0.0,1.0,0,12,1800.0,1591.559543,1991.577214,0.0,12,4
555,194.493602,1.0,1174.76,0.0,1174.76,0.0,0.0,1.0,0,41,4500.0,1280.294998,203.755356,0.0,12,4
562,1029.101022,1.0,49.1,0.0,49.1,0.0,0.0,0.25,0,3,1000.0,59.924534,8269.955787,0.0,12,4
565,4546.766836,1.0,3525.37,0.0,3525.37,0.0,0.0,1.0,0,66,15000.0,14083.96809,1442.933291,0.25,12,4
567,3457.086184,1.0,2448.6,0.0,2448.6,0.0,0.0,1.0,0,12,1700.0,227.514473,38512.12477,0.0,12,4
575,1068.031748,0.727273,98.97,0.0,98.97,0.0,0.0,0.416667,0,5,2500.0,3594.989864,445.215577,0.0,12,4
595,9.962695,0.545455,99.19,0.0,99.19,0.0,0.0,0.5,0,7,4000.0,209.014647,147.337498,0.166667,12,4
599,917.732846,1.0,18.41,0.0,18.41,0.0,0.0,0.083333,0,1,1000.0,1407.291593,424.623595,0.0,12,4
607,107.298227,0.636364,1084.09,0.0,1084.09,0.0,0.0,0.666667,0,9,8000.0,1515.629124,152.094041,0.714286,12,4
618,16.371699,0.3,190.0,0.0,190.0,0.0,0.0,0.2,0,3,4000.0,322.114468,139.674841,0.5,10,4
623,9.581344,1.0,118.6,70.0,48.6,0.0,0.083333,0.916667,0,25,3300.0,117.780082,56.500841,0.1,12,4
630,288.474257,1.0,1025.03,0.0,1025.03,0.0,0.0,1.0,0,67,2800.0,1148.409463,183.177287,0.083333,12,4
653,61.644247,0.363636,490.6,0.0,490.6,0.0,0.0,0.272727,0,3,18000.0,1197.347043,131.19619,1.0,11,4
659,28.394518,0.181818,379.3,0.0,379.3,0.0,0.0,0.166667,0,6,2500.0,534.818301,28.994494,0.181818,12,4
666,1418.254924,1.0,362.13,0.0,362.13,0.0,0.0,1.0,0,19,1200.0,496.114334,15914.72154,0.0,12,4
673,1162.770552,1.0,533.36,0.0,533.36,19.292323,0.0,0.583333,1,8,1200.0,632.227172,1395.576542,0.0,12,4
678,820.05973,1.0,162.56,0.0,162.56,0.0,0.0,0.5,0,6,1000.0,215.685296,7281.645049,0.0,12,4
680,1.411754,0.2,19.9,0.0,19.9,0.0,0.0,0.1,0,2,6500.0,49.622958,48.782575,0.5,10,4
686,145.973232,0.818182,1131.08,0.0,1131.08,0.0,0.0,0.5,0,25,18000.0,1317.549381,481.452747,0.25,12,4
687,1943.792266,1.0,83.35,0.0,83.35,0.0,0.0,0.142857,0,1,4000.0,290.353132,276.463002,0.0,7,4
697,4414.952906,1.0,419.64,0.0,419.64,0.0,0.0,1.0,0,12,4200.0,467.204852,24302.09819,0.0,12,4
713,88.823762,1.0,291.65,0.0,291.65,0.0,0.0,0.666667,0,10,8000.0,341.378477,209.317582,0.083333,12,4
736,0.25571,0.090909,24.0,0.0,24.0,0.0,0.0,0.166667,0,2,1500.0,9.533313,8.8426,0.0,12,4
741,83.279345,1.0,1080.11,0.0,1080.11,0.0,0.0,1.0,0,23,9000.0,1065.332527,178.115434,1.0,12,4
745,1544.979869,1.0,880.19,0.0,927.45,0.0,0.0,1.0,0,46,1500.0,1189.503063,1104.152962,0.0,12,4
751,3406.473855,1.0,1140.0,0.0,1140.0,0.0,0.0,0.5,0,6,3650.0,2541.196672,2559.345,0.0,12,4
761,23.276656,0.636364,796.56,0.0,796.56,0.0,0.0,1.0,0,13,4000.0,912.478311,102.895907,0.636364,12,4
784,88.242406,0.636364,758.31,0.0,758.31,0.0,0.0,0.5,0,7,6000.0,501.41401,83.041019,0.416667,12,4
785,14.731998,0.818182,121.5,0.0,121.5,0.0,0.0,0.818182,0,9,4000.0,137.148597,125.135021,0.0,11,4
791,10.096031,1.0,184.92,0.0,184.92,0.0,0.0,1.0,0,12,4000.0,185.189285,129.992635,0.545455,12,4
795,644.530629,1.0,268.68,0.0,268.68,0.0,0.0,1.0,0,12,1200.0,1557.68946,438.318992,0.166667,12,4
797,197.555397,1.0,1876.8,0.0,1876.8,0.0,0.0,1.0,0,12,5000.0,1715.207478,163.663033,1.0,12,4
799,26.680023,0.545455,520.5,0.0,520.5,0.0,0.0,0.5,0,15,4000.0,551.370293,88.814191,0.454545,12,4
814,4.503251,0.181818,60.24,0.0,60.24,0.0,0.0,0.166667,0,2,4000.0,471.23242,110.528523,0.5,12,4
816,1841.359829,1.0,2280.58,0.0,2280.58,0.0,0.0,0.916667,0,20,1800.0,2463.113969,1947.918485,0.0,12,4
822,1358.890643,1.0,89.9,28.0,61.9,0.0,0.083333,0.166667,0,4,7000.0,323.344372,409.65366,0.0,12,4
836,938.177781,1.0,1288.42,0.0,1288.42,0.0,0.0,0.916667,0,23,1500.0,1018.536172,196.720403,0.0,12,4
837,129.3741,1.0,1102.72,0.0,1102.72,0.0,0.0,1.0,0,15,4000.0,1123.51632,178.44023,0.833333,12,4
847,62.596086,1.0,475.0,0.0,475.0,0.0,0.0,0.916667,0,12,1500.0,408.132037,170.451899,0.9,12,4
858,910.072514,1.0,18.05,0.0,18.05,19.118837,0.0,0.083333,1,1,1000.0,233.886707,230.806229,0.0,12,4
876,44.910575,1.0,444.96,0.0,444.96,0.0,0.0,1.0,0,12,3000.0,426.881014,170.607827,1.0,12,4
881,21.681508,1.0,299.04,0.0,299.04,0.0,0.0,1.0,0,12,7500.0,320.616627,188.367946,0.916667,12,4
896,3066.86081,1.0,84.65,0.0,84.65,0.0,0.0,0.75,0,9,8000.0,922.962087,711.596731,0.0,12,4
899,53.339006,1.0,315.48,0.0,315.48,0.0,0.0,1.0,0,12,1000.0,193.699669,162.729509,0.0,12,4
911,24.820164,0.727273,209.0,0.0,209.0,0.0,0.0,0.333333,0,6,1500.0,278.257109,153.048247,0.75,12,4
914,2.957267,0.272727,202.72,0.0,202.72,0.0,0.0,0.833333,0,10,4500.0,31.596193,53.011601,0.0,12,4
915,1068.434064,1.0,27.0,0.0,27.0,0.0,0.0,0.083333,0,1,1200.0,219.692369,310.32899,0.0,12,4
918,0.867528,0.272727,26.62,0.0,26.62,0.0,0.0,0.333333,0,4,4500.0,18.336805,8.745383,0.090909,12,4
947,40.332553,0.545455,158.37,0.0,158.37,0.0,0.0,0.083333,0,1,3000.0,2280.290156,72.792874,0.0,12,4
949,1462.280124,1.0,516.0,0.0,516.0,0.0,0.0,1.0,0,12,1500.0,752.367432,1009.381645,0.0,12,4
963,1905.101343,1.0,455.72,0.0,455.72,0.0,0.0,1.0,0,22,3000.0,576.311637,701.949213,0.0,12,4
964,69.016286,0.909091,749.9,0.0,749.9,0.0,0.0,0.818182,0,10,1500.0,701.387872,152.188982,0.777778,11,4
965,2872.838687,1.0,555.0,0.0,555.0,0.0,0.0,0.583333,0,12,3000.0,1397.027257,1680.543762,0.0,12,4
975,343.966223,1.0,3927.12,0.0,3927.12,0.0,0.0,1.0,0,34,5500.0,3626.983417,198.454649,0.333333,12,4
980,114.38833,1.0,182.0,0.0,182.0,0.0,0.0,0.333333,0,4,1500.0,169.708108,168.97377,0.083333,12,4
986,1055.53207,1.0,170.0,0.0,170.0,0.0,0.0,0.166667,0,3,1200.0,229.301004,299.351881,0.0,12,4
996,9.503968,1.0,96.62,0.0,96.62,0.0,0.0,1.0,0,19,4500.0,1086.932525,92.217936,0.25,12,4
1000,2022.469335,1.0,22.5,0.0,22.5,0.0,0.0,0.416667,0,5,10000.0,2062.495163,435.662185,0.0,12,4
1006,41.146561,1.0,825.0,0.0,825.0,0.0,0.0,1.0,0,12,2500.0,887.677869,132.020035,0.727273,12,4
1055,56.536572,1.0,499.92,0.0,499.92,0.0,0.0,1.0,0,12,3000.0,496.551862,194.502845,0.416667,12,4
1056,39.37618,1.0,256.5,0.0,256.5,0.0,0.0,0.666667,0,9,1200.0,164.37267,131.106729,0.166667,12,4
1066,6.914784,0.454545,71.4,0.0,71.4,0.0,0.0,0.083333,0,2,2000.0,21.55251,112.584481,0.0,12,4
1070,1050.92679,1.0,150.0,0.0,150.0,114.462798,0.0,0.5,1,6,1000.0,238.619393,5303.958597,0.0,12,4
1071,62.635576,1.0,611.31,0.0,611.31,0.0,0.0,1.0,0,37,1500.0,514.6675,139.832021,0.916667,12,4
1092,7.527502,0.545455,65.75,0.0,65.75,0.0,0.0,0.416667,0,5,4000.0,187.936242,132.19075,0.571429,12,4
1102,153.162696,1.0,1198.2,0.0,1198.2,0.0,0.0,1.0,0,12,7000.0,1108.354624,184.163134,0.416667,12,4
1109,8115.039014,1.0,383.42,0.0,383.42,0.0,0.0,0.416667,0,7,11000.0,1982.542865,1821.785907,0.0,12,4
1111,256.433357,1.0,206.35,0.0,206.35,0.0,0.0,0.75,0,9,1000.0,689.933057,1879.817257,0.0,12,4
1112,297.985886,1.0,116.18,7.78,108.4,0.0,0.083333,0.333333,0,5,1000.0,1178.583629,206.812783,0.083333,12,4
1116,94.241684,0.666667,1019.34,0.0,1019.34,0.0,0.0,0.666667,0,7,5000.0,1014.359244,122.108687,1.0,9,4
1117,0.48805,0.9,121.0,0.0,121.0,0.0,0.0,0.2,0,2,13000.0,239.482389,18.219526,0.1,10,4
1121,1373.174839,1.0,215.0,0.0,215.0,0.0,0.0,0.166667,0,10,8500.0,598.012696,319.996667,0.0,12,4
1128,20.962217,1.0,290.36,0.0,290.36,0.0,0.0,0.833333,0,12,10000.0,255.56413,178.83986,0.727273,12,4
1148,1818.441161,1.0,904.3,0.0,904.3,0.0,0.0,1.0,0,54,1700.0,1251.158216,1750.367637,0.0,12,4
1153,42.366061,0.818182,463.32,0.0,463.32,0.0,0.0,0.666667,0,9,6500.0,499.856766,179.524229,0.714286,12,4
1158,269.309231,1.0,280.25,0.0,280.25,0.0,0.0,0.916667,0,19,2500.0,176.415802,184.470935,0.0,12,4
1159,230.823876,1.0,1842.33,0.0,1842.33,0.0,0.0,0.833333,0,12,3000.0,1651.128297,174.020429,0.333333,12,4
1160,6.903243,0.727273,145.01,0.0,145.01,0.0,0.0,0.75,0,9,3000.0,162.930205,66.97684,0.142857,12,4
1164,20.889413,0.636364,244.2,0.0,244.2,0.0,0.0,0.25,0,4,4000.0,541.817138,72.261438,0.0,12,4
1177,123.791796,0.727273,1202.5,0.0,1202.5,0.0,0.0,0.583333,0,41,2500.0,1623.347254,194.037041,0.833333,12,4
1179,971.681565,1.0,133.31,0.0,133.31,148.475392,0.0,0.583333,2,1,1000.0,496.155153,716.223809,0.0,12,4
1184,214.610294,1.0,496.0,0.0,496.0,0.0,0.0,0.833333,0,12,2500.0,739.051121,187.9353,0.083333,12,4
1185,4.620029,1.0,59.67,0.0,59.67,0.0,0.0,0.916667,0,11,3000.0,60.665896,67.379671,0.0,12,4
1194,867.728471,1.0,41.07,0.0,41.07,0.0,0.0,0.25,0,3,3000.0,1409.282903,233.788637,0.0,12,4
1196,77.273142,0.818182,963.61,0.0,963.61,0.0,0.0,0.833333,0,14,3500.0,1218.480845,162.680718,0.2,12,4
1201,49.022296,1.0,480.27,0.0,480.27,0.0,0.0,1.0,0,37,2500.0,636.766732,179.232469,1.0,12,4
1203,2.451938,0.090909,37.75,0.0,37.75,0.0,0.0,0.083333,0,1,4000.0,426.039083,117.833863,1.0,12,4
1205,247.063258,1.0,1448.74,0.0,1448.74,0.0,0.0,1.0,0,23,5000.0,1313.816616,183.31064,0.0,12,4
1206,1327.775159,1.0,534.93,0.0,534.93,114.667852,0.0,1.0,1,38,1500.0,578.744266,400.735862,0.0,12,4
1219,5.801666,0.272727,88.97,33.0,55.97,0.0,0.083333,0.083333,0,2,2720.0,620.204737,140.098388,1.0,12,4
1223,5.260527,0.272727,263.16,0.0,263.16,0.0,0.0,0.333333,0,7,6000.0,385.107859,43.89699,0.2,12,4
1224,238.184435,0.75,2068.15,0.0,2068.15,0.0,0.0,0.75,0,7,4000.0,2143.223171,117.977018,0.833333,8,4
1230,1037.653522,1.0,584.4,0.0,584.4,0.0,0.0,1.0,0,12,1200.0,572.911937,519.80399,0.0,12,4
1234,61.109731,1.0,438.8,0.0,438.8,0.0,0.0,0.9,0,10,1500.0,367.594796,147.921516,0.75,10,4
1243,395.81907,0.888889,37.0,0.0,37.0,0.0,0.0,0.111111,0,2,2500.0,243.495592,159.29742,0.0,9,4
1246,11.047149,0.545455,180.5,0.0,180.5,0.0,0.0,0.333333,0,8,4000.0,269.952974,173.696638,0.75,12,4
1258,25.698927,0.909091,244.0,0.0,244.0,197.3778,0.0,1.0,1,16,7000.0,383.150843,92.417583,0.333333,12,4
1262,6619.14864,1.0,35.92,0.0,35.92,0.0,0.0,0.083333,0,1,13500.0,2071.643344,1797.588069,0.0,12,4
1265,12.00682,1.0,126.0,0.0,126.0,0.0,0.0,1.0,0,12,3000.0,171.837196,105.323736,0.333333,12,4
1270,27.263365,1.0,231.0,0.0,231.0,0.0,0.0,0.833333,0,11,5000.0,174.589426,151.412643,0.181818,12,4
1272,12.654903,0.4,120.0,0.0,120.0,0.0,0.0,0.2,0,3,4500.0,291.598507,74.698385,1.0,10,4
1296,421.475963,1.0,2218.26,0.0,2218.26,0.0,0.0,0.916667,0,11,4500.0,2031.739917,4522.22913,0.0,12,4
1306,1172.344218,1.0,454.21,0.0,454.21,0.0,0.0,0.916667,0,21,1000.0,447.202927,8791.735512,0.0,12,4
1324,57.862875,0.272727,579.0,0.0,579.0,0.0,0.0,0.25,0,6,5000.0,2124.54787,129.84145,1.0,12,4
1337,18.898762,0.363636,212.5,0.0,212.5,0.0,0.0,0.25,0,7,1000.0,275.063898,59.26757,0.363636,12,4
1339,162.905422,0.727273,1600.0,0.0,1600.0,0.0,0.0,0.666667,0,8,6000.0,2733.152899,156.243291,0.666667,12,4
1352,15.730229,1.0,163.24,55.0,108.24,0.0,0.083333,1.0,0,13,1200.0,179.844127,129.984859,0.166667,12,4
1354,20.933565,0.363636,295.32,0.0,295.32,0.0,0.0,0.333333,0,8,3000.0,315.301272,57.711988,0.181818,12,4
1362,2054.372848,1.0,833.28,0.0,833.28,0.0,0.0,1.0,0,24,4000.0,1020.782939,1329.038006,0.0,12,4
1363,60.835983,0.454545,1151.45,0.0,1151.45,0.0,0.0,0.333333,0,5,4000.0,1499.855842,39.385916,0.1,12,4
1366,746.693629,1.0,615.2,0.0,615.2,0.0,0.0,0.916667,0,16,1000.0,1693.123192,815.025567,0.083333,12,4
1372,1064.037564,0.9,55.52,0.0,55.52,0.0,0.0,0.3,0,4,4000.0,2427.690302,717.747014,0.0,10,4
1379,1916.470203,1.0,380.0,0.0,380.0,0.0,0.0,0.416667,0,6,8500.0,577.247923,439.337182,0.0,12,4
1380,21.639571,1.0,191.7,0.0,191.7,0.0,0.0,0.666667,0,16,7000.0,3692.246322,100.894512,0.0,12,4
1390,14.434808,1.0,237.48,0.0,237.48,0.0,0.0,1.0,0,12,2500.0,216.922698,169.95303,1.0,12,4
1401,2849.47477,1.0,574.92,0.0,574.92,0.0,0.0,1.0,0,12,2500.0,3909.150905,5092.7993,0.0,12,4
1404,39.665224,1.0,265.92,0.0,265.92,0.0,0.0,0.916667,0,11,2000.0,295.676965,136.234257,0.363636,12,4
1408,57.764354,0.545455,454.2,0.0,454.2,0.0,0.0,0.416667,0,15,10500.0,712.993271,164.374194,0.25,12,4
1430,1227.548135,1.0,322.0,0.0,322.0,0.0,0.0,0.583333,0,13,1000.0,133.36143,9285.151136,0.0,12,4
1433,1367.479599,0.818182,12375.0,0.0,12375.0,0.0,0.0,0.75,0,9,16500.0,15246.11594,295.779348,1.0,12,4
1446,556.359504,1.0,1111.12,0.0,1111.12,0.0,0.0,0.833333,0,10,2500.0,1248.404553,171.42994,0.0,12,4
1448,1.198223,0.909091,317.02,149.97,167.05,0.0,0.75,0.666667,0,30,6000.0,304.637365,28.51825,0.0,12,4
1452,1117.368286,1.0,972.38,0.0,972.38,0.0,0.0,1.0,0,21,1900.0,667.050505,538.835764,0.0,12,4
1455,63.685705,1.0,690.84,0.0,690.84,0.0,0.0,1.0,0,24,2500.0,676.624615,171.700116,1.0,12,4
1457,173.658581,1.0,1210.0,0.0,1210.0,0.0,0.0,0.875,0,8,1000.0,977.652258,113.492537,0.833333,8,4
1458,4.382924,0.272727,130.24,0.0,152.24,0.0,0.0,0.083333,0,0,14000.0,28988.97388,1092.184812,0.5,12,4
1472,27.694103,0.444444,474.96,0.0,474.96,0.0,0.0,0.222222,0,7,7500.0,611.396021,81.113509,1.0,9,4
1473,294.381106,1.0,828.0,0.0,828.0,0.0,0.0,0.5,0,6,1000.0,542.108571,203.364386,0.125,10,4
1496,392.992722,1.0,508.32,0.0,508.32,0.0,0.0,1.0,0,36,1500.0,168.998137,199.547052,0.0,12,4
1500,4.392146,0.181818,47.96,0.0,47.96,0.0,0.0,0.166667,0,4,3000.0,250.20211,87.580114,0.0,12,4
1501,109.681353,1.0,2118.66,0.0,2118.66,0.0,0.0,0.916667,0,17,3000.0,2272.075479,153.071572,1.0,12,4
1507,26.485924,1.0,256.44,0.0,256.44,0.0,0.0,0.666667,0,12,1500.0,235.328971,162.324595,0.166667,12,4
1514,588.795215,0.636364,4116.0,0.0,4116.0,0.0,0.0,0.5,0,12,21500.0,8130.112361,224.763498,1.0,12,4
1526,1981.929376,1.0,145.8,0.0,145.8,0.0,0.0,0.75,0,10,6000.0,2803.926679,467.477726,0.083333,12,4
1530,6.576315,0.272727,74.49,0.0,74.49,0.0,0.0,0.166667,0,3,4000.0,45.19561,42.397448,0.166667,12,4
1534,131.459201,1.0,705.84,0.0,705.84,0.0,0.0,0.916667,0,11,13500.0,669.589,208.164096,0.454545,12,4
1543,18.218714,0.272727,89.0,0.0,89.0,0.0,0.0,0.083333,0,1,4000.0,1095.921001,173.068884,1.0,12,4
1544,7.472301,0.181818,80.0,0.0,80.0,0.0,0.0,0.083333,0,2,3000.0,168.885534,58.643303,0.090909,12,4
1553,21.664126,1.0,271.86,30.0,241.86,0.0,0.083333,0.916667,0,12,4000.0,263.919053,144.825209,0.777778,12,4
1554,27.832009,1.0,366.6,0.0,366.6,0.0,0.0,1.0,0,12,5000.0,364.834065,82.215933,0.25,12,4
1556,1052.127315,1.0,354.48,0.0,354.48,0.0,0.0,1.0,0,12,1000.0,571.417096,1618.201652,0.0,12,4
1557,110.400892,1.0,486.72,0.0,486.72,0.0,0.0,0.916667,0,12,1000.0,278.441988,207.232063,0.1,12,4
1561,2332.392373,1.0,306.36,0.0,306.36,0.0,0.0,0.166667,0,3,7000.0,670.376849,627.343242,0.0,12,4
1581,1.343207,0.181818,19.08,0.0,19.08,0.0,0.0,0.083333,0,2,7000.0,170.180973,161.234787,0.0,12,4
1584,2000.797758,1.0,1037.5,0.0,1037.5,0.0,0.0,0.416667,0,5,7500.0,1864.665644,450.605909,0.272727,12,4
1589,417.841508,1.0,311.86,0.0,311.86,0.0,0.0,0.416667,0,7,3000.0,802.93759,223.716043,0.0,12,4
1590,97.917955,1.0,824.31,0.0,824.31,0.0,0.0,0.916667,0,27,7500.0,702.365795,163.523497,1.0,12,4
1591,6.08697,0.181818,333.24,0.0,333.24,0.0,0.0,1.0,0,12,1500.0,224.061597,28.414675,0.0,12,4
1597,1212.812748,1.0,397.44,0.0,397.44,0.0,0.0,1.0,0,12,2000.0,1738.449943,283.392145,0.0,12,4
1598,48.822128,1.0,537.51,0.0,537.51,0.0,0.0,0.833333,0,12,1000.0,478.875501,177.734472,1.0,12,4
1606,22.728166,0.818182,262.5,0.0,262.5,0.0,0.0,0.666667,0,14,3500.0,301.677275,164.479393,1.0,12,4
1611,4.383989,0.545455,96.5,0.0,96.5,0.0,0.0,0.416667,0,6,4500.0,217.143643,66.781434,1.0,12,4
1614,1728.275923,1.0,628.56,0.0,628.56,0.0,0.0,1.0,0,24,6000.0,1217.960916,440.321862,0.0,12,4
1620,135.037323,1.0,270.0,0.0,270.0,0.0,0.0,0.181818,0,3,3300.0,1760.310579,1471.250082,1.0,11,4
1628,283.30016,1.0,461.36,0.0,461.36,0.0,0.0,0.666667,0,9,9000.0,526.087388,177.721392,0.0,12,4
1635,1621.035373,1.0,23.21,0.0,23.21,0.0,0.0,0.333333,0,4,2000.0,500.515114,475.627205,0.0,12,4
1642,86.905609,1.0,1106.4,0.0,1106.4,440.972634,0.0,1.0,1,12,2500.0,1538.001397,186.726083,1.0,12,4
1658,92.898327,1.0,546.0,46.0,500.0,0.0,0.083333,0.416667,0,7,6000.0,787.50992,173.630065,0.6,12,4
1666,75.070011,0.9,898.45,0.0,898.45,0.0,0.0,0.8,0,11,4000.0,743.358844,146.723712,1.0,10,4
1673,114.295749,1.0,109.8,0.0,109.8,0.0,0.0,0.75,0,12,1000.0,115.418223,165.03489,0.0,12,4
1677,23.331936,0.454545,1194.96,0.0,1194.96,0.0,0.0,1.0,0,17,1600.0,1381.551722,28.452913,0.0,12,4
1687,43.354029,1.0,617.34,0.0,617.34,0.0,0.0,0.916667,0,19,1200.0,564.845244,160.071637,0.583333,12,4
1694,11.188595,0.454545,159.84,0.0,159.84,0.0,0.0,0.5,0,6,1000.0,110.860738,57.545594,0.0,12,4
1696,1134.122053,1.0,288.39,0.0,288.39,0.0,0.0,0.416667,0,10,1400.0,2155.314664,12256.99852,0.083333,12,4
1711,193.565763,1.0,1821.52,0.0,1821.52,0.0,0.0,1.0,0,29,3000.0,1543.210017,183.380543,0.5,12,4
1723,52.598283,1.0,517.83,0.0,517.83,0.0,0.0,1.0,0,55,6500.0,600.096058,163.367227,1.0,12,4
1737,1118.086877,1.0,128.8,0.0,128.8,0.0,0.0,0.166667,0,2,1200.0,277.766526,436.577474,0.0,12,4
1746,2529.016337,1.0,1040.74,0.0,1040.74,0.0,0.0,1.0,0,28,2500.0,1746.018537,2996.008935,0.0,12,4
1748,14.203161,0.454545,117.0,0.0,117.0,0.0,0.0,0.25,0,4,7950.0,346.311752,164.071552,0.666667,12,4
1751,3961.649658,1.0,2280.0,0.0,2280.0,0.0,0.0,1.0,0,12,4500.0,2216.561982,2469.589072,0.0,12,4
1758,1740.169093,1.0,276.72,0.0,276.72,0.0,0.0,1.0,0,15,1800.0,667.764492,601.656779,0.0,12,4
1761,18.150347,0.454545,119.8,0.0,119.8,0.0,0.0,0.25,0,4,4500.0,297.276499,143.808363,0.333333,12,4
1770,1269.019947,0.818182,445.46,0.0,445.46,0.0,0.0,1.0,0,13,2600.0,2875.999728,489.750966,0.0,12,4
1773,57.416262,1.0,685.0,0.0,685.0,0.0,0.0,0.916667,0,12,1200.0,559.813964,198.618741,0.333333,12,4
1790,1194.651852,1.0,322.29,0.0,322.29,0.0,0.0,0.833333,0,13,1200.0,482.355548,946.189043,0.0,12,4
1794,6937.806466,1.0,339.75,0.0,339.75,0.0,0.0,0.25,0,3,10500.0,2163.154746,3228.084937,0.0,12,4
1803,1611.475175,1.0,807.72,0.0,807.72,0.0,0.0,1.0,0,36,1500.0,1019.454819,2134.562981,0.0,12,4
1809,1492.433396,1.0,99.75,34.32,65.43,0.0,0.083333,0.083333,0,3,6000.0,2224.187609,382.929831,0.083333,12,4
1828,491.605909,0.909091,747.55,0.0,747.55,0.0,0.0,0.818182,0,9,2500.0,282.956764,189.443558,0.0,11,4
1833,30.859227,0.545455,415.04,0.0,415.04,0.0,0.0,0.5,0,6,7500.0,485.108353,98.722488,0.545455,12,4
1837,644.112226,0.454545,638.61,0.01,638.6,0.0,0.083333,0.583333,0,12,12000.0,2529.45977,227.892037,0.0,12,4
1838,91.231825,0.636364,736.91,32.71,704.2,0.0,0.083333,0.5,0,8,6000.0,960.373775,175.898057,1.0,12,4
1839,915.717703,1.0,55.49,0.0,55.49,0.0,0.0,0.416667,0,7,1000.0,1221.513652,10800.04619,0.083333,12,4
1860,366.68899,1.0,653.21,0.0,653.21,0.0,0.0,1.0,0,30,3000.0,276.166583,193.830954,0.0,12,4
1861,245.17692,1.0,2481.64,0.0,2481.64,0.0,0.0,1.0,0,41,4000.0,2261.352187,176.531272,0.916667,12,4
1865,167.757298,1.0,320.72,0.0,320.72,0.0,0.0,0.916667,0,20,1200.0,863.485864,186.52878,0.0,12,4
1868,41.461969,0.272727,550.08,0.0,550.08,0.0,0.0,0.166667,0,4,6000.0,1104.875573,168.561947,1.0,12,4
1873,92.816307,1.0,345.66,45.65,300.01,0.0,0.083333,0.75,0,10,1000.0,383.914659,192.645506,0.25,12,4
1876,98.427228,1.0,389.24,0.0,389.24,0.0,0.0,0.583333,0,11,8500.0,371.314009,178.045751,0.0,12,4
1878,69.352136,1.0,636.15,0.0,636.15,0.0,0.0,0.75,0,16,10000.0,837.801642,193.410391,0.333333,12,4
1879,12.029327,0.272727,581.21,0.0,581.21,0.0,0.0,0.333333,0,11,4000.0,1333.87748,32.779615,0.0,12,4
1889,26.599993,0.545455,329.38,23.65,305.73,0.0,0.083333,0.25,0,7,10500.0,1034.7342,222.733821,1.0,12,4
1891,26.216029,0.545455,615.16,0.0,615.16,0.0,0.0,0.833333,0,44,14000.0,1560.047704,81.334001,0.363636,12,4
1900,10.160744,0.636364,82.04,0.0,82.04,0.0,0.0,0.5,0,6,2000.0,139.914571,153.668941,0.0,12,4
1926,31.941802,1.0,417.96,0.0,417.96,0.0,0.0,1.0,0,13,2000.0,472.60055,175.276653,1.0,12,4
1927,30.863497,0.818182,143.36,0.0,143.36,736.547491,0.0,0.666667,5,8,1500.0,1377.984542,123.057328,0.75,12,4
1931,2200.566765,1.0,296.4,0.0,296.4,0.0,0.0,1.0,0,12,6000.0,631.025111,487.037113,0.0,12,4
1947,8.286935,0.727273,125.0,0.0,125.0,0.0,0.0,0.75,0,10,3000.0,125.140043,82.820029,0.2,12,4
1958,3007.470055,1.0,102.48,0.0,102.48,0.0,0.0,0.583333,0,28,3000.0,561.592591,1691.887852,0.0,12,4
1967,78.090426,1.0,243.48,0.0,243.48,0.0,0.0,1.0,0,12,1500.0,152.754759,157.90404,0.083333,12,4
1968,3196.409012,1.0,2083.25,0.0,2083.25,0.0,0.0,0.666667,0,22,6000.0,641.03397,1268.590924,0.0,12,4
1970,34.356451,0.545455,266.25,0.0,266.25,0.0,0.0,0.454545,0,5,7500.0,338.565785,85.843124,0.5,11,4
1972,2156.616367,1.0,1695.0,0.0,1695.0,90.775238,0.0,0.25,1,10,2000.0,2194.901135,2095.016662,0.0,12,4
1978,0.001289,0.181818,96.12,0.0,96.12,0.0,0.0,0.833333,0,10,1500.0,102.848649,0.019163,0.0,12,4
1985,113.122729,1.0,987.23,0.0,987.23,0.0,0.0,1.0,0,17,2500.0,1081.54001,179.8235,1.0,12,4
1999,74.825456,1.0,293.5,49.0,244.5,0.0,0.083333,0.583333,0,11,1500.0,215.258602,138.420441,0.272727,12,4
2007,1184.588701,1.0,704.4,0.0,704.4,61.069589,0.0,0.916667,1,21,1200.0,810.831681,747.131941,0.0,12,4
2021,763.992973,1.0,245.0,0.0,245.0,0.0,0.0,0.583333,0,10,1500.0,1660.561025,344.810116,0.0,12,4
2031,876.577775,1.0,1029.94,0.0,1029.94,0.0,0.0,1.0,0,18,2000.0,2221.896121,227.64056,0.0,12,4
2041,1178.90161,1.0,150.0,0.0,150.0,0.0,0.0,0.333333,0,5,1200.0,360.303696,410.225607,0.0,12,4
2042,1007.362008,1.0,469.92,0.0,469.92,0.0,0.0,1.0,0,12,1000.0,716.423692,871.852779,0.0,12,4
2052,8.258214,0.545455,92.46,0.0,92.46,0.0,0.0,0.416667,0,6,300.0,127.082375,93.717243,0.75,12,4
2073,8.048086,0.272727,55.5,0.0,55.5,0.0,0.0,0.166667,0,2,1200.0,318.843744,126.009475,0.0,12,4
2076,25.35204,1.0,355.16,0.0,355.16,0.0,0.0,0.916667,0,12,2500.0,357.776573,170.557326,0.75,12,4
2085,1073.42481,1.0,57.0,0.0,57.0,0.0,0.0,0.166667,0,3,1200.0,295.373115,320.830162,0.0,12,4
2093,981.098292,1.0,180.0,0.0,180.0,0.0,0.0,1.0,0,12,1000.0,330.620032,539.543528,0.0,12,4
2099,26.325409,0.636364,266.71,0.0,266.71,0.0,0.0,0.416667,0,5,2000.0,477.592124,184.739137,0.571429,12,4
2122,1220.359151,1.0,568.3,0.0,568.3,0.0,0.0,0.75,0,10,3000.0,902.082618,411.544387,0.0,12,4
2128,132.730466,0.909091,739.98,0.0,739.98,0.0,0.0,0.416667,0,6,9500.0,1167.353193,172.959558,0.5,12,4
2134,31.296491,1.0,84.0,0.0,84.0,0.0,0.0,1.0,0,12,1000.0,91.67226,165.656889,0.0,12,4
2135,374.552852,1.0,279.0,0.0,279.0,0.0,0.0,0.25,0,4,1400.0,426.263702,211.761556,0.0,12,4
2144,139.449391,0.727273,843.03,0.0,843.03,0.0,0.0,0.583333,0,7,2200.0,1312.375596,179.548143,0.0,12,4
2151,13.036611,0.818182,197.0,0.0,197.0,0.0,0.0,0.416667,0,6,1000.0,224.836018,89.18596,0.444444,12,4
2162,121.024256,1.0,1850.23,0.0,1850.23,0.0,0.0,0.916667,0,18,14000.0,1826.882329,176.632334,0.833333,12,4
2165,1467.162166,1.0,1313.26,0.0,1313.26,0.0,0.0,1.0,0,28,11500.0,1129.248446,429.760387,0.0,12,4
2168,44.204396,0.636364,504.0,0.0,504.0,0.0,0.0,0.916667,0,20,2500.0,818.64282,81.765863,0.0,12,4
2172,447.941813,1.0,1907.2,0.0,1907.2,0.0,0.0,0.833333,0,10,9500.0,2111.91778,170.572744,0.0,12,4
2176,5.016768,0.909091,284.13,0.0,284.13,0.0,0.0,0.916667,0,11,4000.0,274.729879,4.390918,0.0,12,4
2195,203.024867,0.818182,542.94,0.0,542.94,0.0,0.0,0.416667,0,8,4000.0,955.283993,163.678855,0.0,12,4
2197,1479.020821,1.0,958.73,0.0,958.73,0.0,0.0,0.833333,0,30,1500.0,1187.648889,3167.849654,0.0,12,4
2201,52.575297,0.727273,282.62,33.62,249.0,0.0,0.083333,0.25,0,5,6000.0,388.872739,149.884294,0.2,12,4
2207,24.463674,0.818182,254.37,0.0,254.37,0.0,0.0,0.666667,0,10,4000.0,206.073166,128.455136,0.125,12,4
2209,28.924276,1.0,324.6,0.0,324.6,0.0,0.0,1.0,0,12,3000.0,320.218246,174.11997,0.833333,12,4
2213,689.697644,1.0,22.68,0.0,22.68,0.0,0.0,0.083333,0,1,11500.0,906.092735,224.709183,0.0,12,4
2222,684.658511,1.0,184.68,0.0,184.68,0.0,0.0,1.0,0,12,2900.0,2837.204108,350.27437,0.4,12,4
2231,0.672519,0.090909,388.54,0.0,388.54,0.0,0.0,0.416667,0,5,12000.0,377.974097,24.499337,0.0,12,4
2233,33.31938,0.818182,279.56,0.0,279.56,0.0,0.0,0.583333,0,8,3000.0,347.911693,146.317275,0.285714,12,4
2245,55.707056,1.0,1224.99,0.0,1224.99,0.0,0.0,1.0,0,26,7500.0,1130.359054,166.788652,1.0,12,4
2262,44.174721,1.0,290.0,0.0,290.0,0.0,0.0,0.583333,0,9,6000.0,326.635918,158.281177,0.111111,12,4
2274,287.140554,0.636364,316.78,0.0,316.78,0.0,0.0,0.75,0,15,4500.0,1308.806298,248.833196,0.0,12,4
2280,1689.319684,1.0,724.83,0.0,724.83,0.0,0.0,0.583333,0,7,1500.0,1462.037592,3397.732291,0.0,12,4
2287,1283.402142,1.0,1286.34,0.0,1286.34,0.0,0.0,1.0,0,35,2100.0,1470.711716,2972.477983,0.0,12,4
2290,153.003135,1.0,96.2,0.0,96.2,0.0,0.0,0.833333,0,10,9000.0,326.168469,202.58767,0.0,12,4
2293,1777.056105,1.0,1083.12,0.0,1083.12,0.0,0.0,1.0,0,24,4000.0,383.231247,659.560532,0.0,12,4
2303,1135.629139,1.0,398.64,0.0,398.64,0.0,0.0,1.0,0,12,1500.0,364.300862,449.07262,0.0,12,4
2308,21.377711,0.636364,312.1,0.0,312.1,0.0,0.0,0.583333,0,7,2000.0,497.127166,145.605731,1.0,12,4
2321,9.72453,0.272727,158.34,0.0,158.34,0.0,0.0,0.333333,0,4,6000.0,182.175514,55.480481,0.363636,12,4
2325,64.078171,0.909091,1049.0,0.0,1049.0,0.0,0.0,1.0,0,14,5000.0,1072.021707,153.531842,0.727273,12,4
2333,25.379719,0.571429,179.0,0.0,179.0,0.0,0.0,0.714286,0,6,4000.0,308.793382,73.19845,0.0,7,4
2334,400.69973,1.0,3108.01,0.0,3108.01,0.0,0.0,1.0,0,16,10500.0,3166.91554,175.704497,0.545455,12,4
2346,162.54754,0.909091,405.61,0.0,405.61,0.0,0.0,0.916667,0,23,2200.0,612.674738,130.269702,0.0,12,4
2347,1070.486185,1.0,818.64,0.0,818.64,0.0,0.0,1.0,0,24,1000.0,976.831849,1926.566967,0.0,12,4
2357,73.379518,1.0,875.38,0.0,875.38,0.0,0.0,1.0,0,16,6500.0,688.546903,196.362677,0.75,12,4
2368,55.681483,1.0,462.99,0.0,462.99,0.0,0.0,0.833333,0,12,13500.0,519.307161,157.208204,1.0,12,4
2372,19.112841,1.0,504.2,0.0,504.2,0.0,0.0,1.0,0,20,1000.0,476.370018,130.862225,0.727273,12,4
2379,63.064197,1.0,1176.93,0.0,1176.93,0.0,0.0,1.0,0,23,7500.0,1319.009967,64.517961,0.363636,12,4
2380,3.29042,0.181818,225.6,0.0,225.6,0.0,0.0,1.0,0,12,4000.0,268.500244,29.584288,0.090909,12,4
2381,182.959331,1.0,847.88,0.0,847.88,0.0,0.0,0.666667,0,11,5000.0,757.48839,193.758424,0.166667,12,4
2386,126.289657,0.909091,366.68,0.0,366.68,175.284005,0.0,0.333333,2,4,3000.0,679.431948,126.692506,0.181818,12,4
2402,34.387537,1.0,153.18,61.9,91.28,0.0,0.083333,0.416667,0,11,2500.0,99.085409,145.637604,0.0,12,4
2404,1553.505165,1.0,522.0,0.0,522.0,0.0,0.0,1.0,0,14,1000.0,472.580919,15584.09742,0.0,12,4
2405,10.106017,0.727273,1160.66,34.9,1125.76,0.0,0.083333,0.916667,0,37,1500.0,1152.518504,32.376453,0.111111,12,4
2411,47.107274,0.818182,2226.06,0.0,2226.06,0.0,0.0,1.0,0,14,8500.0,2507.587709,97.944748,0.3,12,4
2415,35.360897,1.0,587.34,0.0,587.34,0.0,0.0,1.0,0,14,11500.0,549.036894,139.958805,0.888889,12,4
2417,17.026818,1.0,453.24,0.0,453.24,0.0,0.0,1.0,0,12,2000.0,435.997908,62.817278,0.25,12,4
2419,186.706199,1.0,868.0,0.0,868.0,0.0,0.0,0.416667,0,6,4000.0,618.964215,268.075781,0.0,12,4
2428,59.263479,0.181818,300.68,0.0,300.68,0.0,0.0,0.090909,0,1,5000.0,3142.651675,80.613743,0.0,11,4
2435,60.52124,0.8,469.0,0.0,469.0,0.0,0.0,0.5,0,6,1000.0,541.359082,115.03052,0.833333,10,4
2436,1961.322415,1.0,476.16,0.0,476.16,0.0,0.0,1.0,0,48,2000.0,791.091826,768.758551,0.0,12,4
2438,22.523964,0.428571,346.3,0.0,346.3,0.0,0.0,1.0,0,7,1800.0,340.376582,74.812454,1.0,7,4
2452,27.851354,0.636364,262.71,0.0,262.71,0.0,0.0,0.5,0,7,4000.0,404.572322,170.087703,0.8,12,4
2458,7.153512,0.3,104.95,0.0,104.95,0.0,0.0,0.3,0,4,1500.0,271.567821,71.59927,0.0,10,4
2459,48.242289,0.727273,470.69,57.0,413.69,0.0,0.083333,0.333333,0,5,18000.0,746.951133,156.812691,0.416667,12,4
2464,339.294514,1.0,2601.6,0.0,2601.6,0.0,0.0,1.0,0,12,1800.0,2582.18354,2374.370421,0.909091,12,4
2471,1054.905969,1.0,885.44,0.0,885.44,0.0,0.0,0.833333,0,111,1000.0,1057.25415,1613.401207,0.0,12,4
2479,3.847042,0.5,182.08,0.0,182.08,0.0,0.0,0.875,0,8,1500.0,191.067061,54.734326,0.5,8,4
2484,102.751154,1.0,1063.69,0.0,1063.69,0.0,0.0,1.0,0,29,7000.0,1928.089519,164.687639,0.454545,12,4
2485,11416.64736,1.0,1347.7,0.0,1347.7,0.0,0.0,0.583333,0,9,15500.0,2704.076105,2580.556298,0.0,12,4
2501,17.896575,0.909091,265.97,0.0,265.97,0.0,0.0,0.916667,0,14,1000.0,224.528678,120.554003,0.545455,12,4
2508,71.542751,1.0,561.38,0.0,561.38,0.0,0.0,1.0,0,32,1500.0,482.868194,168.926878,0.416667,12,4
2520,11.269672,0.636364,248.31,0.0,248.31,0.0,0.0,0.416667,0,10,9500.0,36.844388,66.224535,0.0,12,4
2521,50.006512,0.454545,701.25,0.0,701.25,0.0,0.0,0.25,0,5,3500.0,1834.431851,132.939468,1.0,12,4
2530,24.099873,1.0,294.0,0.0,294.0,0.0,0.0,1.0,0,12,5000.0,303.409519,185.055438,0.666667,12,4
2535,9.526312,0.545455,92.02,0.0,92.02,0.0,0.0,0.5,0,6,1600.0,100.915736,82.436727,0.5,12,4
2536,95.853493,0.545455,796.9,0.0,796.9,0.0,0.0,0.75,0,9,1950.0,1475.770687,160.568063,0.222222,12,4
2543,25.706551,0.909091,133.86,0.0,133.86,0.0,0.0,0.25,0,6,9500.0,148.214416,167.952263,0.222222,12,4
2558,126.018616,1.0,1218.24,0.0,1218.24,0.0,0.0,1.0,0,18,5000.0,1040.640647,153.824693,0.272727,12,4
2569,14.58126,0.272727,87.3,0.0,87.3,0.0,0.0,0.083333,0,1,8000.0,669.767901,162.269258,0.75,12,4
2577,975.820862,1.0,66.72,0.0,66.72,0.0,0.0,0.333333,0,4,1000.0,254.277454,199.50774,0.0,12,4
2582,45.295495,1.0,451.01,0.0,451.01,0.0,0.0,1.0,0,78,7500.0,481.372024,172.53607,0.666667,12,4
2584,36.868847,1.0,360.0,0.0,360.0,0.0,0.0,0.416667,0,6,3000.0,286.431721,91.31394,0.0,12,4
2586,193.12654,1.0,1955.98,0.0,1955.98,0.0,0.0,1.0,0,53,2500.0,1891.721179,203.382558,0.666667,12,4
2587,443.202789,1.0,350.31,0.0,350.31,153.173663,0.0,0.166667,3,3,4500.0,398.335288,223.457783,0.0,12,4
2588,23.39023,0.636364,291.7,0.0,291.7,0.0,0.0,0.583333,0,7,2500.0,453.889925,153.140825,0.857143,12,4
2592,339.406259,1.0,14.28,0.0,14.28,0.0,0.0,0.416667,0,5,10500.0,1263.292815,1486.059666,0.083333,12,4
2601,19.897641,0.727273,375.23,0.0,375.23,0.0,0.0,0.833333,0,11,6000.0,390.112154,90.478454,0.444444,12,4
2604,459.134859,1.0,223.34,0.0,223.34,0.0,0.0,0.666667,0,9,500.0,498.401939,455.872675,0.0,12,4
2609,1114.506863,1.0,602.07,0.0,602.07,0.0,0.0,0.833333,0,15,1800.0,676.487532,248.438014,0.0,12,4
2616,86.650277,0.727273,910.51,0.0,910.51,0.0,0.0,0.5,0,14,7000.0,884.056926,126.337242,0.666667,12,4
2618,144.513072,0.727273,758.5,0.0,758.5,0.0,0.0,0.583333,0,12,3000.0,860.545375,192.201279,0.142857,12,4
2620,32.821775,1.0,644.99,0.0,644.99,0.0,0.0,1.0,0,33,4000.0,579.016837,75.944094,0.3,12,4
2622,119.604008,1.0,1068.28,0.0,1068.28,0.0,0.0,0.888889,0,18,1000.0,828.169919,131.584974,1.0,9,4
2624,128.48978,1.0,462.86,0.0,462.86,0.0,0.0,1.0,0,34,3000.0,381.3599,171.903711,0.0,12,4
2627,172.131105,1.0,1666.95,0.0,1666.95,0.0,0.0,1.0,0,38,2500.0,1326.099687,163.00004,0.916667,12,4
2638,1601.692049,1.0,61.46,0.0,61.46,0.0,0.0,0.25,0,6,4000.0,399.369214,512.759705,0.0,12,4
2646,3441.516174,1.0,358.68,0.0,358.68,0.0,0.0,0.916667,0,12,7500.0,1376.000823,751.654272,0.0,12,4
2647,1117.34082,1.0,474.96,0.0,474.96,0.0,0.0,1.0,0,12,1000.0,609.837201,3449.632561,0.0,12,4
2653,12.737355,0.909091,152.73,0.0,152.73,0.0,0.0,0.666667,0,9,1200.0,159.150457,130.831887,0.555556,12,4
2655,24.1725,0.727273,270.0,0.0,270.0,0.0,0.0,0.818182,0,6,8500.0,378.193141,102.149848,0.714286,11,4
2659,32.915398,0.727273,192.99,68.6,124.39,0.0,0.083333,0.25,0,5,6000.0,153.983501,137.922744,0.090909,12,4
2665,123.05867,1.0,151.92,0.0,151.92,0.0,0.0,1.0,0,12,3500.0,447.181346,171.75455,0.083333,12,4
2666,72.794263,1.0,227.64,0.0,227.64,0.0,0.0,1.0,0,12,2500.0,159.044676,170.517535,0.0,12,4
2679,19.294559,1.0,283.8,0.0,283.8,0.0,0.0,0.666667,0,12,2000.0,267.972404,173.816768,0.75,12,4
2683,142.278809,0.909091,164.68,32.74,131.94,0.0,0.083333,0.666667,0,10,2500.0,539.762925,141.426265,0.0,12,4
2689,20.758677,0.818182,548.01,0.0,548.01,0.0,0.0,0.583333,0,8,1900.0,1049.636065,55.511514,0.0,12,4
2700,1555.053764,1.0,168.0,0.0,168.0,0.0,0.0,0.25,0,6,1500.0,192.947097,13453.34489,0.0,12,4
2705,1258.769693,1.0,142.0,42.0,100.0,0.0,0.083333,0.083333,0,2,1200.0,300.672826,6720.689968,0.0,12,4
2711,44.463463,0.545455,154.86,0.0,154.86,0.0,0.0,0.416667,0,5,2500.0,182.661133,79.973646,0.0,12,4
2719,210.618047,1.0,290.0,0.0,290.0,0.0,0.0,0.833333,0,10,2700.0,239.005926,171.362848,0.0,12,4
2731,21.328087,0.545455,512.35,0.0,512.35,0.0,0.0,1.0,0,18,2000.0,716.296679,99.218174,0.545455,12,4
2734,141.781912,0.545455,1401.4,0.0,1401.4,0.0,0.0,1.0,0,47,1500.0,2759.94906,673.097985,0.0,12,4
2749,13.363762,0.428571,238.9,0.0,238.9,0.0,0.0,0.714286,0,9,1000.0,197.86349,68.752646,1.0,7,4
2764,12.313357,0.636364,107.41,0.0,107.41,0.0,0.0,0.416667,0,6,2500.0,128.572704,91.316321,0.555556,12,4
2767,179.882212,1.0,828.0,0.0,828.0,0.0,0.0,1.0,0,12,1000.0,649.951462,152.775223,0.3,12,4
2772,24.479088,1.0,90.0,0.0,90.0,0.0,0.0,0.5,0,6,2500.0,128.865057,124.844559,0.0,12,4
2775,1525.273429,1.0,133.4,0.0,133.4,0.0,0.0,0.333333,0,4,1500.0,568.44997,758.082192,0.0,12,4
2788,3003.711667,1.0,349.45,0.0,349.45,0.0,0.0,0.636364,0,7,2750.0,195.830629,26378.90782,0.0,11,4
2795,1452.868602,1.0,93.34,0.0,93.34,0.0,0.0,0.333333,0,4,1500.0,361.630594,995.233726,0.0,12,4
2804,1016.583226,1.0,120.0,0.0,120.0,0.0,0.0,0.5,0,9,1000.0,358.031022,853.500194,0.0,12,4
2809,165.192464,1.0,206.32,0.0,206.32,0.0,0.0,0.833333,0,10,3000.0,271.234786,162.988745,0.0,12,4
2817,185.725079,0.818182,456.05,0.0,456.05,0.0,0.0,0.333333,0,8,3000.0,446.660021,160.229568,0.0,12,4
2821,7.817753,0.272727,170.02,0.0,170.02,0.0,0.0,0.5,0,6,2000.0,373.02841,73.301702,0.5,12,4
2842,2.386716,0.454545,115.0,0.0,115.0,0.0,0.0,0.916667,0,12,8500.0,99.456136,21.497533,0.0,12,4
2848,19.411374,1.0,229.92,0.0,229.92,0.0,0.0,1.0,0,12,2000.0,254.145406,142.377232,0.5,12,4
2849,189.11961,1.0,429.88,0.0,429.88,0.0,0.0,1.0,0,19,10000.0,723.776734,203.340471,0.0,12,4
2853,68.222735,0.909091,537.68,0.0,537.68,0.0,0.0,0.916667,0,22,3000.0,577.379225,182.870068,0.454545,12,4
2855,9.730297,0.636364,99.24,0.0,99.24,0.0,0.0,0.583333,0,8,1000.0,195.347822,104.212617,0.142857,12,4
2856,224.915345,0.545455,2330.0,0.0,2330.0,0.0,0.0,0.416667,0,6,7500.0,3795.415177,194.174903,1.0,12,4
2863,54.952957,0.636364,470.12,0.0,470.12,0.0,0.0,0.333333,0,4,10000.0,1042.208975,178.107513,0.666667,12,4
2879,967.177679,1.0,208.4,0.0,208.4,0.0,0.0,0.333333,0,4,1000.0,431.402414,846.724721,0.0,12,4
2891,1305.724538,1.0,509.88,0.0,509.88,93.018864,0.0,1.0,1,24,1200.0,913.23046,1929.692587,0.0,12,4
2892,258.148852,1.0,433.2,0.0,433.2,0.0,0.0,1.0,0,24,6000.0,229.824503,162.312596,0.0,12,4
2895,11.759081,0.181818,100.94,0.0,100.94,0.0,0.0,0.166667,0,2,6000.0,567.062237,134.693402,0.666667,12,4
2901,27.93791,0.727273,205.92,0.0,205.92,0.0,0.0,0.666667,0,24,1200.0,327.268542,110.286711,0.181818,12,4
2902,77.305919,0.727273,171.06,0.0,171.06,0.0,0.0,0.5,0,6,1500.0,329.587528,148.763367,0.0,12,4
2906,34.869037,1.0,356.32,0.0,356.32,0.0,0.0,0.875,0,8,1000.0,286.841222,129.155038,0.571429,8,4
2916,1431.670328,1.0,1020.76,0.0,1020.76,0.0,0.0,1.0,0,27,5000.0,524.610416,409.222015,0.0,12,4
2919,54.80309,0.636364,462.32,0.0,462.32,0.0,0.0,0.5,0,8,5000.0,422.709468,82.062989,0.454545,12,4
2930,21.32716,1.0,309.74,0.0,309.74,0.0,0.0,1.0,0,19,8500.0,444.809305,142.818479,0.454545,12,4
2932,61.954938,1.0,477.42,0.0,477.42,0.0,0.0,1.0,0,36,6000.0,584.052195,165.016896,0.583333,12,4
2940,21.881488,1.0,168.08,0.0,168.08,0.0,0.0,0.666667,0,8,1500.0,197.731378,156.052167,0.545455,12,4
2944,6.149295,0.181818,169.01,0.0,169.01,0.0,0.0,0.25,0,3,10000.0,731.852542,128.525835,0.666667,12,4
2948,978.567283,1.0,1401.54,0.0,1401.54,0.0,0.0,1.0,0,14,4500.0,1769.181653,302.284864,0.0,12,4
2957,4751.340645,1.0,309.86,0.0,309.86,0.0,0.0,0.5,0,5,8600.0,5883.427252,1488.472099,0.0,12,4
2958,33.663794,1.0,585.6,0.0,585.6,0.0,0.0,1.0,0,12,1000.0,578.786142,191.914428,0.916667,12,4
2959,124.739834,1.0,1004.3,0.0,1004.3,0.0,0.0,0.833333,0,11,4000.0,970.981432,179.454519,1.0,12,4
2978,78.44322,1.0,1367.73,0.0,1367.73,0.0,0.0,1.0,0,58,6000.0,1229.147513,164.423401,1.0,12,4
2981,190.872836,0.545455,3011.36,0.0,3011.36,0.0,0.0,0.416667,0,6,7500.0,2543.018081,70.915266,0.3,12,4
2990,17.415068,0.727273,147.7,0.0,147.7,0.0,0.0,0.666667,0,14,4000.0,177.088102,127.799107,0.181818,12,4
3004,100.037595,1.0,414.48,0.0,414.48,0.0,0.0,1.0,0,12,1000.0,234.619774,144.362561,0.0,12,4
3016,341.233281,1.0,277.06,0.0,277.06,0.0,0.0,0.5,0,7,2800.0,2859.947327,2595.876353,0.75,12,4
3025,72.518075,1.0,525.0,0.0,525.0,0.0,0.0,1.0,0,12,1000.0,553.4725,181.029848,0.4,12,4
3028,60.837925,1.0,387.42,0.0,387.42,0.0,0.0,0.916667,0,11,1500.0,347.63772,172.234687,0.363636,12,4
3029,33.954525,0.454545,158.0,0.0,158.0,0.0,0.0,0.25,0,4,1200.0,178.116509,64.695731,0.0,12,4
3041,688.993252,1.0,803.57,0.0,803.57,0.0,0.0,1.0,0,53,2000.0,253.769944,195.362332,0.0,12,4
3053,84.783684,1.0,203.6,0.0,203.6,0.0,0.0,0.666667,0,8,1500.0,206.472169,166.325041,0.0,12,4
3056,58.241599,1.0,792.35,0.0,792.35,0.0,0.0,0.916667,0,17,10000.0,762.107502,160.56702,0.636364,12,4
3064,281.349361,1.0,473.34,0.0,473.34,0.0,0.0,0.833333,0,10,1500.0,153.209881,182.388625,0.083333,12,4
3072,89.229937,0.909091,830.0,0.0,830.0,0.0,0.0,0.416667,0,8,4000.0,923.299373,138.908017,1.0,12,4
3079,13.362018,0.363636,119.46,60.27,59.19,0.0,0.166667,0.083333,0,4,7500.0,534.740352,132.441551,0.0,12,4
3085,13.959639,0.636364,149.88,29.9,119.98,0.0,0.083333,0.5,0,8,4000.0,235.74496,156.767607,0.75,12,4
3092,3.64248,0.272727,71.65,0.0,71.65,0.0,0.0,0.166667,0,3,2000.0,270.73449,140.698664,1.0,12,4
3101,103.611789,1.0,960.24,0.0,960.24,0.0,0.0,0.818182,0,13,2700.0,938.788924,150.326767,0.2,11,4
3111,147.193451,1.0,2863.92,0.0,2863.92,0.0,0.0,1.0,0,12,2500.0,2589.303082,171.139818,1.0,12,4
3117,1384.792038,1.0,133.34,0.0,133.34,0.0,0.0,0.333333,0,4,2900.0,1877.881775,547.387346,0.0,12,4
3124,66.163293,0.909091,259.32,0.0,259.32,0.0,0.0,1.0,0,12,1500.0,384.275314,135.786608,0.090909,12,4
3126,44.081566,1.0,503.25,0.0,503.25,0.0,0.0,0.833333,0,11,8500.0,500.251341,171.601056,1.0,12,4
3130,1941.315169,1.0,262.08,0.0,262.08,0.0,0.0,1.0,0,23,5000.0,557.258278,490.403966,0.0,12,4
3134,978.091862,1.0,550.53,0.0,550.53,0.0,0.0,1.0,0,39,1200.0,1068.923263,254.433788,0.0,12,4
3137,21.968945,0.454545,335.0,0.0,335.0,0.0,0.0,0.416667,0,5,1000.0,742.772271,145.138785,0.333333,12,4
3138,56.091512,0.818182,405.0,0.0,405.0,0.0,0.0,0.75,0,9,6727.272727,553.440125,171.037361,0.6,12,4
3143,867.244416,1.0,804.18,0.0,804.18,0.0,0.0,0.416667,0,10,3700.0,1175.28625,343.753509,0.0,12,4
3147,464.445178,1.0,436.3,0.0,436.3,0.0,0.0,0.4,0,5,1800.0,523.180176,182.241613,0.0,10,4
3164,2011.929899,1.0,208.5,0.0,208.5,0.0,0.0,0.25,0,3,7000.0,517.558081,1109.232571,0.0,12,4
3170,87.931814,0.909091,617.5,0.0,617.5,0.0,0.0,0.833333,0,10,4000.0,740.045839,150.708825,0.818182,12,4
3172,140.120632,1.0,644.16,0.0,644.16,0.0,0.0,0.833333,0,11,1500.0,399.905138,163.128265,0.0,12,4
3173,488.00991,1.0,102.98,0.0,102.98,0.0,0.0,0.166667,0,2,7000.0,186.660086,191.949816,0.0,12,4
3176,2453.444449,1.0,622.16,0.0,622.16,0.0,0.0,0.583333,0,8,2500.0,1205.366513,1145.810573,0.0,12,4
3196,64.162396,1.0,541.6,0.0,541.6,0.0,0.0,0.75,0,10,7500.0,377.067598,204.81908,0.363636,12,4
3199,1461.259621,1.0,178.67,0.0,178.67,0.0,0.0,0.5,0,6,6500.0,666.357134,491.582146,0.0,12,4
3205,74.0153,1.0,546.7,0.0,546.7,0.0,0.0,0.75,0,10,4000.0,673.234502,153.314788,0.363636,12,4
3217,2308.191918,1.0,47.8,0.0,47.8,0.0,0.0,0.083333,0,1,3000.0,617.883193,590.47289,0.0,12,4
3223,509.900317,0.363636,21.0,0.0,21.0,0.0,0.0,0.083333,0,1,11500.0,23150.57184,1863.225391,0.333333,12,4
3233,1574.330411,1.0,869.26,0.0,869.26,0.0,0.0,0.75,0,9,1500.0,1341.941189,1534.646713,0.0,12,4
3237,51.759686,0.818182,256.5,0.0,256.5,0.0,0.0,0.416667,0,7,4000.0,282.494417,156.138846,0.0,12,4
3244,129.314624,1.0,94.5,0.0,94.5,0.0,0.0,0.583333,0,7,1500.0,132.94586,849.067783,0.0,12,4
3249,25.095678,0.888889,177.76,0.0,177.76,0.0,0.0,0.777778,0,8,1500.0,138.239594,130.345404,0.285714,9,4
3254,68.207625,0.363636,536.0,0.0,536.0,0.0,0.0,0.25,0,4,4000.0,1204.801315,186.15796,0.666667,12,4
3256,95.267927,1.0,571.64,0.0,571.64,0.0,0.0,0.666667,0,14,8800.0,558.81781,191.864946,0.0,12,4
3258,13.922594,0.909091,182.1,0.0,182.1,0.0,0.0,0.833333,0,10,5500.0,231.561711,159.668759,0.8,12,4
3263,67.869072,0.454545,502.52,0.0,502.52,0.0,0.0,0.333333,0,4,1000.0,1297.259048,140.879535,0.5,12,4
3286,1484.693487,1.0,399.96,0.0,399.96,0.0,0.0,1.0,0,12,1200.0,185.006776,10729.24905,0.0,12,4
3301,926.218872,1.0,1218.92,0.0,1218.92,0.0,0.0,1.0,0,18,13000.0,2913.075304,267.051909,0.0,12,4
3304,306.084815,0.888889,3200.0,0.0,3200.0,0.0,0.0,0.777778,0,14,2500.0,3017.573426,116.302492,0.2,9,4
3306,10.811047,0.454545,85.5,0.0,85.5,0.0,0.0,0.166667,0,3,1500.0,245.987433,132.932707,1.0,12,4
3312,80.178891,1.0,1200.0,0.0,1200.0,0.0,0.0,0.916667,0,12,1200.0,1037.62728,165.880254,1.0,12,4
3323,173.329004,1.0,72.0,0.0,72.0,0.0,0.0,0.166667,0,4,8050.0,191.693568,189.060724,0.0,12,4
3332,128.558239,1.0,720.0,0.0,720.0,0.0,0.0,0.916667,0,12,1000.0,598.322582,197.443037,0.090909,12,4
3362,10.785694,0.444444,384.4,0.0,384.4,0.0,0.0,0.777778,0,8,1500.0,655.428475,65.251585,0.333333,9,4
3370,820.163313,1.0,680.14,0.0,680.14,0.0,0.0,0.666667,0,18,1200.0,1178.247173,219.875876,0.0,12,4
3383,670.425221,1.0,349.0,0.0,349.0,0.0,0.0,0.083333,0,2,1950.0,563.652253,218.138964,0.0,12,4
3384,15.669963,0.714286,70.81,0.0,70.81,0.0,0.0,0.571429,0,7,1500.0,16.385421,84.383546,0.333333,7,4
3394,39.670161,1.0,319.92,0.0,319.92,0.0,0.0,1.0,0,12,10000.0,365.863745,176.935616,0.727273,12,4
3399,132.353911,1.0,358.34,0.0,358.34,0.0,0.0,0.833333,0,16,1500.0,85.938437,149.203101,0.0,12,4
3403,246.688528,0.909091,297.96,0.0,297.96,0.0,0.0,0.916667,0,11,1000.0,1333.301174,221.51113,0.0,12,4
3407,215.993595,1.0,835.71,0.0,835.71,0.0,0.0,0.916667,0,28,5500.0,794.991453,178.248506,0.0,12,4
3419,25.766006,1.0,290.0,0.0,290.0,0.0,0.0,0.916667,0,12,1500.0,262.366918,170.710461,1.0,12,4
3421,39.432667,1.0,442.76,0.0,442.76,0.0,0.0,1.0,0,13,2100.0,482.712777,130.29661,0.714286,12,4
3428,140.715619,0.888889,1562.4,0.0,1562.4,0.0,0.0,0.888889,0,12,2500.0,1140.945539,134.478322,0.222222,9,4
3429,31.285608,0.636364,1013.0,0.0,1013.0,0.0,0.0,0.416667,0,7,4500.0,1486.232552,43.611906,0.0,12,4
3433,14.9447,0.636364,381.5,0.0,381.5,0.0,0.0,0.583333,0,7,3000.0,602.003541,124.074597,0.666667,12,4
3447,11.736675,1.0,119.28,0.0,119.28,0.0,0.0,1.0,0,12,1700.0,115.257036,92.166894,0.444444,12,4
3449,1716.340133,1.0,184.23,0.0,184.23,0.0,0.0,1.0,0,13,1700.0,510.451516,833.346049,0.0,12,4
3456,58.924277,1.0,449.4,0.0,449.4,0.0,0.0,1.0,0,12,2000.0,420.654043,176.280895,0.545455,12,4
3463,31.934855,1.0,533.52,0.0,533.52,0.0,0.0,1.0,0,20,10000.0,586.42543,166.592076,1.0,12,4
3465,55.805523,1.0,1343.88,0.0,1343.88,0.0,0.0,1.0,0,24,5700.0,1278.431749,177.351498,1.0,12,4
3471,20.661831,0.454545,298.8,0.0,298.8,0.0,0.0,0.333333,0,5,5000.0,529.767238,128.122144,1.0,12,4
3480,5.265937,0.363636,22.5,0.0,22.5,0.0,0.0,0.083333,0,1,3000.0,819.881055,60.727594,0.0,12,4
3486,592.919388,1.0,105.0,0.0,105.0,0.0,0.0,0.083333,0,2,6600.0,419.484901,195.526613,0.0,12,4
3488,24.635116,1.0,205.92,0.0,205.92,0.0,0.0,0.888889,0,9,1500.0,189.085208,117.723479,0.857143,9,4
3489,1516.547224,1.0,565.61,0.0,565.61,0.0,0.0,1.0,0,17,1500.0,857.794499,1136.557523,0.0,12,4
3493,1040.419338,1.0,307.92,0.0,307.92,18.616675,0.0,1.0,1,17,1000.0,340.87911,3332.992542,0.0,12,4
3518,14.289109,0.909091,275.21,0.0,275.21,0.0,0.0,1.0,0,18,7500.0,384.69094,96.596385,0.6,12,4
3524,31.107711,0.272727,230.0,0.0,230.0,0.0,0.0,0.166667,0,2,4500.0,1314.252082,134.541185,1.0,12,4
3540,273.243365,1.0,2308.58,0.0,2308.58,0.0,0.0,1.0,0,44,7500.0,2453.347527,189.381014,0.25,12,4
3543,1811.87843,1.0,900.0,0.0,900.0,99.27619,0.0,0.666667,1,12,1700.0,1147.826125,1998.400995,0.0,12,4
3559,896.619803,1.0,128.86,0.0,128.86,0.0,0.0,0.166667,0,2,1200.0,1606.846759,927.291416,0.0,12,4
3564,264.261791,1.0,175.0,0.0,175.0,0.0,0.0,0.416667,0,5,1000.0,152.787605,213.203947,0.0,12,4
3568,1330.716005,1.0,1043.64,0.0,1043.64,0.0,0.0,1.0,0,12,1300.0,1210.930138,1598.490579,0.0,12,4
3580,6.690484,0.272727,133.2,0.0,133.2,0.0,0.0,0.25,0,4,2500.0,418.446951,42.250987,0.0,12,4
3587,63.264922,0.818182,849.57,0.0,849.57,0.0,0.0,0.75,0,9,4000.0,886.592905,123.424741,0.636364,12,4
3590,1.869435,0.454545,0.24,0.24,0.0,0.0,0.083333,0.0,0,0,3000.0,150.381107,53.294711,0.0,12,4
3600,7.056933,0.636364,85.8,0.0,85.8,0.0,0.0,0.25,0,4,2400.0,132.51377,118.67516,0.333333,12,4
3602,30.93853,0.909091,232.89,0.0,232.89,0.0,0.0,0.333333,0,10,16000.0,86.660547,90.167861,0.1,12,4
3603,35.382803,0.545455,359.84,0.0,359.84,0.0,0.0,0.333333,0,9,5000.0,503.91361,135.328767,0.75,12,4
3615,3789.302616,1.0,49.98,0.0,49.98,0.0,0.0,0.166667,0,3,8500.0,1046.938327,1131.579706,0.0,12,4
3620,294.338354,1.0,1851.48,0.0,1851.48,0.0,0.0,1.0,0,12,1400.0,1479.799263,197.087803,0.0,12,4
3625,11.799054,0.5,77.36,0.0,77.36,0.0,0.0,0.375,0,4,1200.0,103.635381,117.664686,1.0,8,4
3626,17.125776,0.727273,95.76,0.0,95.76,0.0,0.0,0.583333,0,7,4000.0,116.956664,135.178047,0.222222,12,4
3627,107.536958,1.0,555.0,0.0,555.0,0.0,0.0,0.833333,0,6,1000.0,313.879828,48.96697,0.0,6,4
3632,33.015501,0.727273,295.56,108.0,187.56,0.0,0.166667,0.5,0,9,3000.0,301.892766,165.877993,0.625,12,4
3636,169.925245,1.0,2000.0,0.0,2000.0,0.0,0.0,0.833333,0,21,7000.0,1862.047167,171.958681,0.909091,12,4
3646,980.034696,1.0,275.0,0.0,275.0,0.0,0.0,0.916667,0,11,1000.0,537.693669,649.808406,0.0,12,4
3660,19.104261,0.636364,322.77,0.0,322.77,0.0,0.0,0.5,0,7,5300.0,409.550536,174.81905,0.857143,12,4
3665,16.068323,0.636364,182.8,79.0,103.8,0.0,0.083333,0.25,0,4,1200.0,294.668739,108.486655,0.571429,12,4
3667,2803.663441,1.0,81.41,0.0,81.41,0.0,0.0,0.5,0,6,3000.0,839.354624,967.565584,0.0,12,4
3670,49.789963,1.0,700.0,0.0,700.0,0.0,0.0,0.9,0,10,1000.0,658.47788,160.909873,1.0,10,4
3673,78.402006,1.0,233.34,0.0,233.34,0.0,0.0,0.833333,0,10,3100.0,278.825852,202.802547,0.0,12,4
3693,41.080375,0.818182,280.0,0.0,280.0,0.0,0.0,0.666667,0,8,9000.0,479.765654,140.712772,0.5,12,4
3697,1092.570471,1.0,624.36,0.0,624.36,0.0,0.0,1.0,0,24,1000.0,653.319911,1210.133021,0.0,12,4
3701,28.909122,1.0,177.05,0.0,177.05,0.0,0.0,0.333333,0,5,1200.0,165.005267,88.205007,0.0,6,4
3703,110.98472,0.909091,150.0,0.0,150.0,559.653063,0.0,0.083333,3,1,2000.0,731.165077,103.635405,0.111111,12,4
3708,3265.116481,0.727273,2147.01,0.0,2147.01,0.0,0.0,1.0,0,60,8000.0,8481.013758,2978.655593,0.0,12,4
3713,980.370868,1.0,699.33,0.0,699.33,0.0,0.0,1.0,0,23,1000.0,1002.591557,947.930858,0.0,12,4
3717,35.550618,1.0,458.15,0.0,458.15,0.0,0.0,0.909091,0,22,1000.0,402.170167,158.977495,0.666667,11,4
3726,40.467471,1.0,553.48,0.0,553.48,0.0,0.0,1.0,0,18,11500.0,532.936499,176.388863,1.0,12,4
3732,2817.59092,1.0,37.92,0.0,37.92,0.0,0.0,0.166667,0,2,3000.0,755.313452,1167.316335,0.0,12,4
3738,224.97236,1.0,2084.64,0.0,2084.64,0.0,0.0,1.0,0,67,8500.0,1658.927139,162.039102,0.916667,12,4
3743,86.157142,1.0,915.64,0.0,915.64,0.0,0.0,0.833333,0,11,9500.0,855.755398,170.160443,0.727273,12,4
3747,1487.509392,1.0,34.52,0.0,34.52,0.0,0.0,0.166667,0,2,2000.0,2133.989319,19443.45352,0.0,12,4
3750,2540.664814,1.0,383.28,0.0,383.28,0.0,0.0,1.0,0,12,2900.0,1721.123332,1410.34689,0.0,12,4
3764,1180.686055,1.0,243.04,0.0,243.04,56.662525,0.0,0.916667,2,12,1200.0,498.424721,592.239705,0.0,12,4
3786,144.845309,1.0,150.88,0.0,150.88,0.0,0.0,0.909091,0,10,2500.0,218.136811,161.609286,0.0,11,4
3787,0.000199,0.090909,0.01,0.01,0.0,0.0,0.083333,0.0,0,1,4000.0,0.056466,0.05588,0.0,12,4
3798,19.281564,0.727273,428.9,0.0,428.9,0.0,0.0,0.416667,0,7,10500.0,418.803807,72.655775,0.2,12,4
3801,199.684606,0.363636,287.4,0.0,287.4,0.0,0.0,1.0,0,12,4500.0,1110.399779,69.685168,0.0,12,4
3815,28.054194,0.636364,824.27,0.0,824.27,0.0,0.0,1.0,0,26,2500.0,673.029715,68.550818,0.333333,12,4
3816,396.376998,1.0,286.74,52.49,234.25,0.0,0.083333,0.666667,0,15,1000.0,232.783063,187.565813,0.0,12,4
3824,26.034907,0.636364,299.79,0.0,299.79,0.0,0.0,0.25,0,4,7500.0,308.31669,86.667034,0.3,12,4
3827,14.836268,0.545455,170.09,0.0,170.09,0.0,0.0,0.454545,0,10,7000.0,190.956987,73.377488,0.5,11,4
3833,1771.43578,1.0,1176.0,0.0,1176.0,0.0,0.0,1.0,0,12,1700.0,1350.02185,2973.25488,0.0,12,4
3838,40.479403,1.0,452.61,0.0,452.61,0.0,0.0,0.916667,0,18,5000.0,426.404957,178.830469,0.818182,12,4
3846,975.637547,0.818182,6897.56,0.0,6897.56,0.0,0.0,0.5,0,6,6150.0,8337.882098,6703.880744,0.272727,12,4
3847,1129.284728,1.0,1211.42,0.0,1211.42,0.0,0.0,1.0,0,42,4000.0,3390.831252,341.402204,0.333333,12,4
3849,883.835888,1.0,187.47,0.0,187.47,0.0,0.0,0.666667,0,9,1000.0,263.631752,434.734741,0.0,12,4
3853,332.650256,1.0,770.0,0.0,770.0,0.0,0.0,0.5,0,7,5500.0,558.752797,216.863764,0.0,12,4
3866,458.958269,0.363636,492.72,0.0,492.72,0.0,0.0,1.0,0,12,6000.0,2111.788889,199.91768,0.0,12,4
3888,3543.905366,1.0,1362.92,0.0,1362.92,0.0,0.0,1.0,0,15,7500.0,1026.706561,1039.058094,0.0,12,4
3893,35.988695,0.636364,294.0,0.0,294.0,0.0,0.0,0.416667,0,6,1200.0,502.277937,188.697505,0.333333,12,4
3899,32.903658,1.0,391.5,0.0,391.5,0.0,0.0,0.75,0,9,6500.0,405.250915,162.812944,0.727273,12,4
3914,9.906062,0.909091,202.3,0.0,202.3,0.0,0.0,0.818182,0,10,1500.0,195.62615,150.087965,0.0,11,4
3918,316.095114,1.0,89.96,0.0,89.96,0.0,0.0,0.416667,0,5,4700.0,301.153658,202.370136,0.0,12,4
3919,453.856643,1.0,238.75,0.0,238.75,0.0,0.0,0.571429,0,6,1500.0,94.007773,106.442582,0.0,7,4
3927,54.327257,1.0,346.02,0.0,346.02,0.0,0.0,0.75,0,11,4500.0,237.839366,136.712954,0.333333,12,4
3938,44.635372,0.727273,640.0,0.0,640.0,0.0,0.0,0.818182,0,10,6000.0,596.47654,76.801019,0.0,11,4
3943,14.442528,1.0,163.9,0.0,163.9,0.0,0.0,0.909091,0,11,1500.0,138.776431,152.468146,0.777778,11,4
3947,4.160112,1.0,70.56,0.0,70.56,0.0,0.0,1.0,0,12,6000.0,54.598522,41.07052,0.222222,12,4
3957,14.234636,0.545455,259.83,0.0,259.83,0.0,0.0,0.416667,0,7,7000.0,357.269364,143.330305,1.0,12,4
3963,1957.712033,1.0,276.76,0.0,276.76,0.0,0.0,0.333333,0,4,3000.0,566.106669,403.51514,0.0,12,4
3970,1119.464381,1.0,266.68,0.0,266.68,0.0,0.0,0.166667,0,2,1400.0,1041.406725,668.498187,0.0,12,4
3976,57.94319,1.0,440.0,0.0,440.0,0.0,0.0,0.916667,0,11,6500.0,462.523442,188.76761,1.0,12,4
3981,19.726196,0.818182,220.9,0.0,220.9,0.0,0.0,0.75,0,9,2500.0,275.401717,145.945154,0.888889,12,4
3985,54.096839,0.727273,185.99,44.99,141.0,0.0,0.083333,0.25,0,5,4000.0,367.310313,128.442353,0.0,12,4
3987,2552.597938,1.0,550.62,0.0,583.95,0.0,0.0,0.916667,0,24,3000.0,478.632499,1080.35048,0.0,12,4
3998,944.851251,1.0,449.49,0.0,449.49,0.0,0.0,1.0,0,18,1000.0,642.845065,495.322314,0.0,12,4
4023,73.876478,1.0,600.0,0.0,600.0,0.0,0.0,0.666667,0,12,3000.0,574.321262,165.586015,1.0,12,4
4027,647.166042,1.0,369.49,0.0,369.49,0.0,0.0,0.5,0,9,12500.0,738.346676,245.989844,0.0,12,4
4031,952.419564,1.0,283.8,0.0,283.8,0.0,0.0,0.75,0,11,1000.0,611.487872,607.283816,0.0,12,4
4035,26.547229,0.636364,224.56,0.0,224.56,0.0,0.0,0.5,0,7,3000.0,264.390903,167.672071,0.6,12,4
4039,18.354425,0.777778,256.5,0.0,256.5,0.0,0.0,0.555556,0,6,2000.0,306.969886,109.781933,0.8,9,4
4050,209.490297,1.0,1956.6,0.0,1956.6,0.0,0.0,1.0,0,12,4000.0,1800.384664,177.881873,0.916667,12,4
4054,16.179446,0.272727,80.0,0.0,80.0,0.0,0.0,0.166667,0,2,5000.0,140.010501,69.870393,0.0,12,4
4055,2791.930619,1.0,231.52,0.0,231.52,0.0,0.0,0.5,0,6,3000.0,1828.411354,1109.449182,0.0,12,4
4058,1.816814,0.090909,21.05,0.0,21.05,0.0,0.0,0.083333,0,1,2900.0,243.137299,112.019269,0.0,12,4
4073,21.849058,1.0,256.11,0.0,256.11,0.0,0.0,0.916667,0,11,2500.0,282.902137,169.325906,0.833333,12,4
4106,634.759973,1.0,19.91,0.0,19.91,0.0,0.0,0.083333,0,1,6000.0,610.491342,246.804668,0.0,12,4
4127,404.582074,1.0,555.84,0.0,555.84,0.0,0.0,0.916667,0,11,1500.0,229.068913,255.734095,0.0,12,4
4130,36.005918,0.636364,463.36,0.0,463.36,0.0,0.0,0.333333,0,4,7500.0,1070.3377,103.247226,0.0,12,4
4134,22.151355,0.333333,134.87,64.98,69.89,0.0,0.166667,0.166667,0,3,3000.0,41.580849,81.595815,0.0,6,4
4147,8.447806,1.0,85.12,0.0,85.12,0.0,0.0,0.583333,0,8,7000.0,100.258283,78.383013,0.454545,12,4
4153,48.933642,1.0,632.84,0.0,632.84,0.0,0.0,1.0,0,21,1500.0,626.111312,168.599543,1.0,12,4
4156,180.32895,1.0,810.6,0.0,810.6,0.0,0.0,0.833333,0,20,2500.0,700.22051,200.518843,0.0,12,4
4160,71.345309,1.0,1166.76,0.0,1166.76,0.0,0.0,1.0,0,12,3000.0,1137.865785,162.610445,0.75,12,4
4173,16.657046,0.363636,186.32,65.0,121.32,0.0,0.083333,0.083333,0,4,600.0,28.317708,55.354917,0.0,12,4
4174,69.945524,0.909091,41.4,0.0,41.4,0.0,0.0,0.333333,0,4,1200.0,147.786034,162.510564,0.0,12,4
4177,27.742435,0.272727,303.24,0.0,303.24,0.0,0.0,0.166667,0,3,3000.0,775.085467,177.669243,0.0,12,4
4185,66.723482,1.0,550.95,0.0,550.95,0.0,0.0,0.75,0,16,4000.0,521.433223,151.236269,0.4,12,4
4186,1987.232432,1.0,544.76,0.0,544.76,0.0,0.0,1.0,0,14,2000.0,1124.28278,1834.623457,0.0,12,4
4188,53.989299,0.857143,469.14,0.0,469.14,0.0,0.0,0.714286,0,6,1500.0,446.737399,99.058125,0.8,7,4
4190,5.856011,0.909091,827.4,0.0,827.4,0.0,0.0,1.0,0,12,6600.0,755.916603,34.528026,0.083333,12,4
4198,1135.70375,1.0,92.07,0.0,92.07,81.509491,0.0,0.181818,3,3,1200.0,355.798199,434.689529,0.0,11,4
4201,18.558992,0.545455,86.4,0.0,86.4,0.0,0.0,0.333333,0,4,2000.0,265.768812,177.572305,0.0,12,4
4202,75.792862,1.0,1117.35,0.0,1117.35,0.0,0.0,1.0,0,16,5000.0,1060.951647,183.52695,1.0,12,4
4208,55.321121,0.909091,805.25,0.0,805.25,0.0,0.0,1.0,0,24,4000.0,797.688136,149.269198,0.9,12,4
4222,5.196923,0.545455,68.02,0.0,68.02,0.0,0.0,0.5,0,6,4000.0,125.516216,97.363421,0.5,12,4
4224,77.684147,1.0,431.28,0.0,431.28,0.0,0.0,0.875,0,8,1000.0,342.768161,108.523334,0.333333,8,4
4234,198.815177,1.0,247.5,0.0,247.5,0.0,0.0,0.166667,0,3,4000.0,283.50846,249.335824,0.0,12,4
4244,1046.952264,1.0,504.0,0.0,504.0,0.0,0.0,1.0,0,12,1000.0,759.461397,845.861144,0.0,12,4
4259,128.25396,0.818182,1105.0,0.0,1105.0,0.0,0.0,0.666667,0,14,2500.0,1224.344711,132.96663,0.636364,12,4
4261,16.379412,0.454545,178.15,0.0,178.15,0.0,0.0,0.25,0,3,5000.0,229.376368,89.613822,0.181818,12,4
4262,492.265287,1.0,424.5,0.0,424.5,0.0,0.0,0.25,0,3,4000.0,142.123847,292.596739,0.0,12,4
4265,1733.972492,1.0,147.96,0.0,147.96,0.0,0.0,0.333333,0,8,1900.0,525.331558,670.323657,0.0,12,4
4267,19.548437,0.727273,266.56,84.0,182.56,0.0,0.083333,0.583333,0,9,4500.0,395.242487,199.880942,0.857143,12,4
4277,10.386311,0.818182,171.6,0.0,171.6,0.0,0.0,1.0,0,12,4000.0,168.370514,82.263245,0.454545,12,4
4280,79.345909,1.0,906.5,0.0,906.5,0.0,0.0,0.916667,0,12,6000.0,922.33766,180.755765,0.916667,12,4
4289,237.393795,1.0,1294.97,0.0,1294.97,307.201386,0.0,0.916667,3,16,2500.0,1098.051237,166.187653,0.166667,12,4
4292,1049.768556,1.0,171.65,55.0,116.65,0.0,0.083333,0.333333,0,6,1200.0,256.698968,381.650944,0.0,12,4
4300,84.377933,1.0,270.0,0.0,270.0,0.0,0.0,0.916667,0,12,1200.0,308.698498,175.78115,0.0,12,4
4307,5850.1729,1.0,393.87,0.0,393.87,0.0,0.0,0.25,0,8,6000.0,1536.774213,2668.340809,0.0,12,4
4324,88.13353,0.909091,1400.0,0.0,1400.0,0.0,0.0,0.75,0,10,7500.0,1307.099065,138.949382,0.727273,12,4
4334,83.564804,1.0,616.0,0.0,616.0,0.0,0.0,0.875,0,8,1000.0,526.820014,135.473963,0.833333,8,4
4341,31.856254,0.545455,241.0,0.0,241.0,0.0,0.0,0.666667,0,11,1200.0,401.109047,101.527469,0.0,12,4
4352,136.323936,1.0,289.9,0.0,289.9,0.0,0.0,0.25,0,4,9500.0,714.619326,209.589155,0.0,12,4
4354,28.59068,1.0,367.44,0.0,367.44,0.0,0.0,0.833333,0,13,5700.0,360.925707,151.126893,0.8,12,4
4355,331.503219,1.0,332.74,0.0,332.74,0.0,0.0,0.454545,0,10,2500.0,399.729843,173.571302,0.0,11,4
4365,1992.650296,1.0,20.0,0.0,20.0,0.0,0.0,0.333333,0,4,7500.0,2069.263442,539.15281,0.0,12,4
4369,54.738397,0.909091,1326.75,0.0,1326.75,0.0,0.0,1.0,0,30,1500.0,1132.512843,134.186632,0.818182,12,4
4373,30.350623,1.0,341.48,0.0,341.48,0.0,0.0,1.0,0,15,4000.0,381.231169,178.836103,0.916667,12,4
4381,42.075054,1.0,421.2,0.0,421.2,0.0,0.0,1.0,0,12,2000.0,410.786446,177.457989,1.0,12,4
4386,64.491497,1.0,855.99,0.0,855.99,0.0,0.0,0.7,0,12,3000.0,816.582936,122.653219,1.0,10,4
4395,10.05473,0.454545,530.0,0.0,530.0,0.0,0.0,0.916667,0,12,1000.0,538.553454,49.080612,0.0,12,4
4407,14.281926,0.875,245.85,0.0,245.85,0.0,0.0,0.75,0,16,1500.0,209.736381,65.920948,0.25,8,4
4416,4.908888,0.454545,133.16,0.0,133.16,0.0,0.0,0.25,0,4,6500.0,210.448172,111.554771,0.5,12,4
4424,1908.403984,1.0,657.05,0.0,657.05,0.0,0.0,1.0,0,17,2000.0,894.424776,915.822464,0.0,12,4
4430,148.180803,0.818182,1200.0,0.0,1200.0,0.0,0.0,0.416667,0,12,8000.0,1654.263363,129.321856,0.714286,12,4
4432,480.596706,1.0,757.8,0.0,757.8,0.0,0.0,0.666667,0,18,8000.0,345.385827,166.714261,0.0,12,4
4447,1791.85654,1.0,71.38,0.0,71.38,0.0,0.0,0.416667,0,5,3000.0,547.424357,647.111708,0.0,12,4
4448,5.626795,0.818182,374.4,0.0,374.4,0.0,0.0,1.0,0,12,1000.0,419.512265,2.891346,0.090909,12,4
4462,4976.028578,1.0,900.87,0.0,900.87,0.0,0.0,1.0,0,162,5500.0,92.865469,50260.75947,0.0,12,4
4463,24.831137,0.636364,1909.13,30.0,1879.13,0.0,0.083333,0.833333,0,12,2000.0,1831.935279,21.095616,0.0,12,4
4471,25.950664,0.636364,231.25,0.0,231.25,0.0,0.0,0.583333,0,14,4000.0,209.115604,94.901424,0.090909,12,4
4473,24.569042,1.0,532.93,0.0,532.93,0.0,0.0,1.0,0,23,3000.0,686.935875,150.108154,0.8,12,4
4475,117.706441,1.0,718.44,0.0,718.44,0.0,0.0,1.0,0,14,3000.0,885.366764,174.343817,0.333333,12,4
4483,61.115414,0.909091,239.71,0.0,239.71,0.0,0.0,0.454545,0,5,700.0,358.108438,130.741607,0.090909,11,4
4491,14.775035,1.0,80.44,0.0,80.44,0.0,0.0,0.333333,0,4,3000.0,137.217255,81.263818,0.083333,12,4
4497,72.425884,1.0,655.68,0.0,655.68,0.0,0.0,1.0,0,0,1000.0,718.537117,162.732686,0.333333,12,4
4500,95.259372,0.727273,43.3,0.0,43.3,0.0,0.0,0.083333,0,1,7000.0,526.604881,207.134146,0.0,12,4
4503,11.834127,0.166667,272.9,69.9,203.0,0.0,0.166667,0.5,0,5,6000.0,313.913093,81.433073,1.0,6,4
4512,86.661044,1.0,709.98,0.0,709.98,0.0,0.0,0.916667,0,12,1000.0,727.104508,168.805075,0.166667,12,4
4522,49.911409,1.0,178.4,0.0,178.4,0.0,0.0,1.0,0,12,2500.0,130.650758,166.81518,0.0,12,4
4523,18.549421,0.090909,132.0,0.0,132.0,0.0,0.0,0.333333,0,4,19500.0,3610.565153,66.187935,0.0,12,4
4525,32.229139,0.727273,145.85,0.0,145.85,0.0,0.0,0.583333,0,7,1000.0,263.681773,130.725349,0.125,12,4
4527,1238.140283,1.0,56.38,0.0,56.38,0.0,0.0,0.416667,0,5,1600.0,398.98255,422.371745,0.0,12,4
4536,300.427627,1.0,443.71,0.0,443.71,0.0,0.0,0.916667,0,11,1000.0,372.548129,228.365901,0.0,12,4
4537,1521.763256,1.0,312.15,0.0,312.15,0.0,0.0,0.75,0,19,1500.0,671.70656,1458.363763,0.0,12,4
4538,16.742181,0.545455,320.0,0.0,320.0,0.0,0.0,0.416667,0,6,2500.0,559.713369,65.554557,0.25,12,4
4547,2439.976275,1.0,499.59,0.0,499.59,0.0,0.0,0.916667,0,11,2700.0,555.286351,617.276328,0.0,12,4
4548,1315.478789,1.0,88.08,0.0,88.08,154.311694,0.0,0.416667,2,6,1500.0,453.199092,321.319929,0.0,12,4
4551,19.991586,0.875,144.0,0.0,144.0,0.0,0.0,0.625,0,6,1500.0,173.881319,96.495473,0.8,8,4
4561,58.565355,0.833333,386.0,0.0,386.0,0.0,0.0,0.5,0,4,1000.0,425.996964,65.250637,1.0,6,4
4578,12.540151,0.363636,201.0,104.5,96.5,0.0,0.083333,0.166667,0,4,2500.0,479.948299,142.198683,1.0,12,4
4593,133.68751,1.0,1139.2,0.0,1139.2,0.0,0.0,0.875,0,15,3000.0,957.152839,116.355394,0.833333,8,4
4596,25.178303,0.727273,283.15,0.0,283.15,0.0,0.0,0.5,0,7,5000.0,206.688202,101.894341,0.454545,12,4
4599,1731.459785,1.0,288.47,0.0,288.47,37.454878,0.0,0.416667,2,5,1700.0,673.92358,1361.538435,0.0,12,4
4603,992.615052,1.0,162.28,0.0,162.28,0.0,0.0,0.5,0,6,1000.0,333.663574,462.345834,0.0,12,4
4606,24.382156,1.0,366.6,0.0,366.6,0.0,0.0,1.0,0,12,2000.0,335.625679,164.248719,1.0,12,4
4616,61.657184,1.0,338.4,0.0,338.4,0.0,0.0,1.0,0,12,1000.0,384.287358,135.392627,0.1,12,4
4620,4.598902,0.363636,51.16,0.0,51.16,0.0,0.0,0.083333,0,2,3000.0,160.554337,166.879157,1.0,12,4
4631,9.431309,1.0,80.44,0.0,80.44,0.0,0.0,0.416667,0,5,2500.0,104.97817,67.789985,0.5,12,4
4641,531.269205,1.0,33.4,0.0,33.4,0.0,0.0,1.0,0,12,3700.0,2508.700414,170.113751,0.0,12,4
4651,6991.964344,1.0,1384.92,0.0,1384.92,18.807602,0.0,0.666667,1,9,13000.0,2814.59508,2308.020257,0.0,12,4
4652,38.792757,0.636364,1115.92,0.0,1115.92,54.562891,0.0,0.916667,2,79,3500.0,1506.34522,85.99372,0.272727,12,4
4655,158.878732,1.0,738.65,0.0,738.65,109.368455,0.0,0.833333,1,16,7500.0,899.2372,170.492035,0.166667,12,4
4659,58.83251,1.0,551.93,0.0,551.93,0.0,0.0,1.0,0,27,2500.0,437.19547,194.026175,0.75,12,4
4667,8.172299,0.636364,114.0,0.0,114.0,0.0,0.0,0.5,0,6,2700.0,123.400772,44.25482,0.545455,12,4
4670,38.91624,1.0,358.49,0.0,358.49,188.234434,0.0,0.833333,1,11,2500.0,479.607061,141.652641,0.3,12,4
4674,1300.793883,1.0,1282.2,0.0,1282.2,0.0,0.0,1.0,0,12,1200.0,1407.623536,1230.452069,0.0,12,4
4683,19.946102,1.0,450.0,0.0,450.0,0.0,0.0,0.9,0,10,1000.0,386.571651,131.349565,1.0,10,4
4689,4.417273,0.181818,27.42,0.0,27.42,0.0,0.0,0.083333,0,1,1800.0,228.417814,175.836378,1.0,12,4
4695,268.797746,1.0,70.0,0.0,70.0,0.0,0.0,0.416667,0,6,1000.0,105.954038,229.157988,0.0,12,4
4699,982.566805,1.0,282.39,0.0,282.39,0.0,0.0,0.583333,0,7,1000.0,722.645708,935.878792,0.0,12,4
4705,5.336222,0.272727,57.0,0.0,57.0,0.0,0.0,0.166667,0,3,5000.0,164.041195,124.16248,1.0,12,4
4718,6.127959,0.636364,82.85,0.0,82.85,0.0,0.0,0.545455,0,13,3500.0,100.08381,108.827629,0.4,11,4
4727,28.588826,1.0,151.92,0.0,151.92,0.0,0.0,0.875,0,8,1000.0,111.631804,111.312954,0.666667,8,4
4728,703.368382,1.0,64.0,0.0,64.0,0.0,0.0,0.416667,0,6,2550.0,179.083715,212.119486,0.0,12,4
4731,233.961592,1.0,248.44,13.0,235.44,0.0,0.083333,0.416667,0,6,1200.0,219.96077,174.71331,0.0,12,4
4732,159.36681,0.636364,1277.5,0.0,1277.5,0.0,0.0,0.5,0,7,2500.0,1315.820451,173.58488,0.4,12,4
4736,862.753623,1.0,1282.38,0.0,1282.38,0.0,0.0,0.833333,0,11,11500.0,930.179257,179.698273,0.0,12,4
4741,46.56216,1.0,261.16,0.0,261.16,0.0,0.0,1.0,0,16,4000.0,230.605229,179.077671,0.25,12,4
4755,207.209597,1.0,13.66,0.0,13.66,0.0,0.0,0.090909,0,1,7000.0,1703.339459,208.367436,0.0,11,4
4762,37.911473,0.818182,254.0,84.0,170.0,0.0,0.166667,0.5,0,12,3000.0,248.076679,185.502626,0.5,12,4
4770,3083.636304,1.0,250.0,0.0,250.0,0.0,0.0,0.416667,0,6,10000.0,4669.193554,893.368255,0.083333,12,4
4779,1417.157652,1.0,562.5,0.0,562.5,0.0,0.0,0.416667,0,5,1500.0,987.794574,861.298259,0.0,12,4
4785,687.378139,1.0,74.42,0.0,74.42,0.0,0.0,0.25,0,3,700.0,353.250281,492.588377,0.0,12,4
4787,49.433937,1.0,387.0,0.0,387.0,0.0,0.0,0.888889,0,9,3000.0,335.472854,122.280528,1.0,9,4
4789,17.141376,0.818182,182.1,33.6,148.5,113.918826,0.083333,0.083333,1,4,6000.0,255.074373,93.628909,0.2,12,4
4799,472.663708,0.545455,310.44,0.0,310.44,0.0,0.0,0.416667,0,5,4000.0,2493.243567,222.654608,0.142857,12,4
4804,28.315171,0.5,225.02,111.7,113.32,0.0,0.125,0.125,0,3,10000.0,315.246249,118.313994,1.0,8,4
4809,120.945829,0.7,33.38,0.0,33.38,0.0,0.0,0.1,0,2,1000.0,514.002301,148.330512,0.0,10,4
4813,1906.703614,1.0,780.0,0.0,780.0,0.0,0.0,1.0,0,12,3000.0,1338.303471,598.649198,0.0,12,4
4819,957.980588,1.0,424.76,0.0,424.76,0.0,0.0,0.333333,0,4,5000.0,504.56116,337.959338,0.0,12,4
4824,1153.335938,1.0,886.56,0.0,886.56,0.0,0.0,1.0,0,12,1000.0,724.171914,2256.223464,0.0,12,4
4832,256.028048,1.0,627.42,0.0,627.42,0.0,0.0,0.833333,0,16,2500.0,288.225797,174.799517,0.083333,12,4
4834,15.307062,1.0,71.52,0.0,71.52,0.0,0.0,0.833333,0,6,1500.0,55.180487,69.3025,0.25,6,4
4839,7.950803,0.636364,92.2,0.0,92.2,0.0,0.0,0.583333,0,7,3000.0,152.592178,125.684033,0.166667,12,4
4842,46.773238,0.545455,2166.56,0.0,2166.56,0.0,0.0,0.583333,0,16,3000.0,1969.308069,100.53897,0.4,12,4
4850,1074.258487,1.0,11.35,0.0,11.35,0.0,0.0,0.083333,0,1,1200.0,421.348577,206.637191,0.0,12,4
4853,43.20377,1.0,308.22,0.0,308.22,0.0,0.0,0.916667,0,11,2000.0,331.111373,162.258275,0.5,12,4
4855,35.16925,0.636364,272.34,0.0,272.34,0.0,0.0,0.416667,0,8,1500.0,386.322209,104.5487,0.272727,12,4
4857,80.298186,0.727273,1090.0,0.0,1090.0,0.0,0.0,0.416667,0,6,4500.0,1015.891727,166.102478,0.666667,12,4
4859,31.161679,0.545455,300.0,0.0,300.0,0.0,0.0,0.5,0,6,11500.0,619.179957,162.175915,1.0,12,4
4861,703.407676,1.0,637.84,0.0,637.84,0.0,0.0,0.545455,0,7,4500.0,888.272466,210.538977,0.0,11,4
4866,176.837859,1.0,108.39,0.0,108.39,0.0,0.0,0.416667,0,6,1500.0,56.561603,174.299229,0.0,12,4
4871,827.393597,0.727273,693.89,0.0,693.89,0.0,0.0,0.416667,0,13,1500.0,1954.590955,700.486647,0.090909,12,4
4874,73.10055,1.0,78.09,0.0,78.09,0.0,0.0,0.166667,0,3,4000.0,93.718849,256.977391,0.0,12,4
4878,8.523984,0.363636,130.32,0.0,130.32,0.0,0.0,0.083333,0,2,1500.0,64.34569,100.347627,0.0,12,4
4883,18.112481,0.636364,206.69,0.0,206.69,0.0,0.0,0.416667,0,5,2000.0,259.021737,95.4525,0.3,12,4
4885,38.013028,1.0,469.62,0.0,469.62,0.0,0.0,0.833333,0,12,4000.0,744.854844,68.98672,0.4,12,4
4887,7.20735,0.545455,152.02,0.0,152.02,0.0,0.0,0.5,0,7,1000.0,219.445915,99.133361,0.5,12,4
4888,15.667283,1.0,147.48,0.0,147.48,0.0,0.0,1.0,0,12,3000.0,137.105608,124.544483,0.416667,12,4
4890,827.255067,1.0,281.97,0.0,281.97,0.0,0.0,0.416667,0,5,1000.0,298.808637,232.286208,0.0,12,4
4893,1764.083164,1.0,329.47,0.0,329.47,58.536178,0.0,1.0,2,22,1800.0,789.269658,798.373689,0.0,12,4
4894,23.651198,0.454545,250.0,0.0,250.0,0.0,0.0,0.333333,0,5,1200.0,475.347623,173.942309,1.0,12,4
4897,17.092052,0.454545,1160.0,0.0,1160.0,0.0,0.0,1.0,0,29,7000.0,1587.607855,78.175369,0.4,12,4
4913,574.032791,1.0,1606.51,0.0,1606.51,0.0,0.0,1.0,0,98,1000.0,1844.561564,449.515886,0.083333,12,4
4924,36.174755,1.0,315.0,0.0,315.0,0.0,0.0,1.0,0,12,1000.0,294.181491,166.626282,0.0,12,4
4929,62.104602,0.636364,377.62,0.0,377.62,0.0,0.0,0.5,0,6,2500.0,548.900318,99.168927,0.181818,12,4
4937,0.0,0.0,265.76,0.0,265.76,0.0,0.0,0.916667,0,11,1500.0,288.141157,14.094123,0.0,12,4
4939,1367.301373,1.0,231.41,0.0,231.41,0.0,0.0,1.0,0,16,2500.0,107.242408,257.56864,0.0,6,4
4951,63.928065,1.0,183.6,0.0,183.6,0.0,0.0,1.0,0,12,1500.0,141.055898,171.950243,0.0,12,4
4954,3.750633,0.181818,159.6,0.0,159.6,879.373487,0.0,0.083333,2,2,4500.0,966.963956,14.83825,0.0,12,4
4958,33.817964,0.909091,232.45,0.0,232.45,0.0,0.0,0.833333,0,10,1800.0,243.407128,141.988053,0.363636,12,4
4963,3.198999,0.090909,45.87,0.0,45.87,0.0,0.0,0.083333,0,1,3000.0,89.700598,14.369082,0.0,12,4
4964,33.267171,0.909091,341.45,0.0,341.45,0.0,0.0,0.833333,0,17,5000.0,361.47312,156.23979,0.9,12,4
4967,8.077527,0.545455,125.0,0.0,125.0,0.0,0.0,0.454545,0,6,1500.0,155.940858,97.910986,0.714286,11,4
4970,61.588389,0.818182,250.0,39.0,211.0,0.0,0.083333,0.666667,0,12,1000.0,282.556704,149.753219,0.111111,12,4
4980,92.325796,1.0,371.16,0.0,371.16,0.0,0.0,1.0,0,12,2000.0,205.804949,170.367631,0.166667,12,4
4983,2133.901379,1.0,303.03,9.03,294.0,0.0,0.083333,1.0,0,13,3000.0,1512.770602,615.208288,0.0,12,4
4990,519.444307,1.0,525.0,0.0,525.0,0.0,0.0,1.0,0,12,1000.0,1500.456687,806.258492,0.083333,12,4
4993,125.793836,1.0,630.0,0.0,630.0,0.0,0.0,0.916667,0,12,1000.0,373.891965,166.265696,0.2,12,4
5008,4.421403,0.909091,95.59,22.03,73.56,0.0,0.083333,1.0,0,16,4500.0,186.546816,50.283744,0.545455,12,4
5021,22.879526,0.833333,171.0,0.0,171.0,0.0,0.0,0.5,0,7,1500.0,152.51735,85.653871,1.0,6,4
5030,47.193664,1.0,132.0,0.0,132.0,0.0,0.0,0.166667,0,2,2500.0,267.057792,170.357282,0.0,12,4
5034,13.221335,0.857143,108.84,0.0,108.84,0.0,0.0,0.714286,0,9,1500.0,69.973565,85.417572,0.0,7,4
5049,122.113869,1.0,1105.92,0.0,1105.92,0.0,0.0,1.0,0,12,2500.0,1105.854643,173.332353,0.666667,12,4
5055,14.570032,1.0,89.58,0.0,89.58,0.0,0.0,0.833333,0,6,1500.0,71.641741,83.215986,1.0,6,4
5056,39.241601,1.0,199.56,0.0,199.56,0.0,0.0,1.0,0,12,3000.0,1558.673423,223.538858,0.25,12,4
5058,180.750232,1.0,266.64,0.0,266.64,95.285453,0.0,1.0,1,12,3500.0,1172.975952,175.62276,0.545455,12,4
5060,58.313733,0.454545,499.0,0.0,499.0,0.0,0.0,0.454545,0,6,1500.0,526.368079,76.744713,0.125,11,4
5064,111.449845,1.0,1389.94,0.0,1389.94,0.0,0.0,1.0,0,24,1300.0,1356.270465,167.215217,1.0,12,4
5070,138.459191,1.0,327.94,0.0,327.94,0.0,0.0,1.0,0,26,5000.0,188.683162,208.663344,0.0,12,4
5074,51.004807,0.909091,431.93,0.0,431.93,0.0,0.0,1.0,0,17,4000.0,1089.402716,135.20894,0.3,12,4
5081,18.014226,0.727273,130.5,0.0,130.5,0.0,0.0,0.75,0,9,1500.0,176.874316,151.915915,0.333333,12,4
5090,1181.852384,1.0,750.78,0.0,750.78,18.531069,0.0,0.5,1,6,1200.0,1080.501526,1752.604791,0.0,12,4
5093,162.972111,0.909091,1586.6,0.0,1586.6,110.671623,0.0,0.75,1,10,2500.0,1577.161232,203.807999,0.666667,12,4
5095,225.282024,1.0,545.68,0.0,545.68,0.0,0.0,1.0,0,14,6500.0,1097.963345,176.797021,0.083333,12,4
5103,15.848963,0.363636,150.0,0.0,150.0,0.0,0.0,0.166667,0,3,1600.0,119.468878,68.370436,0.181818,12,4
5104,900.541751,1.0,15.8,0.0,15.8,0.0,0.0,0.25,0,3,7000.0,1542.583506,375.127536,0.0,12,4
5110,142.430458,1.0,1488.84,0.0,1488.84,0.0,0.0,1.0,0,24,5000.0,1450.096836,178.871755,1.0,12,4
5112,958.920206,1.0,66.7,0.0,66.7,0.0,0.0,0.166667,0,2,1000.0,302.656395,800.097611,0.0,12,4
5113,15.257465,0.636364,238.25,0.0,238.25,0.0,0.0,0.083333,0,2,3000.0,4.841543,111.741197,0.0,12,4
5114,0.009684,0.181818,79.24,0.0,79.24,0.0,0.0,0.083333,0,1,6000.0,688.614293,35.978677,0.333333,12,4
5117,1.841583,0.181818,67.5,0.0,67.5,0.0,0.0,0.083333,0,1,2500.0,110.266434,209.339591,0.0,12,4
5119,15.008041,1.0,108.95,49.8,59.15,0.0,0.083333,0.333333,0,6,1500.0,149.853315,131.972396,0.111111,12,4
5122,500.219415,1.0,27.05,0.0,27.05,0.0,0.0,0.083333,0,1,1200.0,104.687781,300.921255,0.0,12,4
5127,58.12945,1.0,576.0,0.0,576.0,0.0,0.0,1.0,0,12,1500.0,505.433563,163.327553,0.416667,12,4
5131,15.330559,0.727273,144.64,0.0,144.64,0.0,0.0,0.666667,0,8,1000.0,198.970881,96.044022,0.0,12,4
5133,73.704935,1.0,554.67,0.0,554.67,0.0,0.0,1.0,0,17,4000.0,578.565706,175.221326,0.75,12,4
5142,1630.991993,1.0,578.9,0.0,578.9,145.230653,0.0,0.583333,1,20,2500.0,574.051951,940.119465,0.0,12,4
5147,668.291862,0.545455,248.77,0.0,248.77,0.0,0.0,0.333333,0,8,1500.0,2482.201611,244.376255,0.0,12,4
5148,50.853021,1.0,428.75,0.0,428.75,0.0,0.0,1.0,0,18,8000.0,319.919021,107.187821,0.090909,12,4
5160,0.920339,0.454545,343.4,0.0,343.4,0.0,0.0,0.833333,0,10,3000.0,347.01723,13.714895,0.0,12,4
5173,5.313086,0.545455,71.75,0.0,71.75,0.0,0.0,0.583333,0,7,3000.0,112.61746,99.423595,0.142857,12,4
5183,31.980197,0.727273,300.0,0.0,300.0,0.0,0.0,0.583333,0,8,7500.0,214.796949,99.124898,0.0,12,4
5187,37.615084,0.909091,229.5,0.0,229.5,0.0,0.0,0.416667,0,6,6000.0,229.256141,180.598109,0.444444,12,4
5190,14.5923,1.0,200.4,0.0,200.4,0.0,0.0,1.0,0,12,4000.0,196.541494,156.086837,0.454545,12,4
5196,1529.318797,1.0,678.44,0.0,678.44,36.989392,0.0,0.666667,1,17,1500.0,731.943501,1187.72741,0.0,12,4
5200,87.887472,1.0,1282.73,0.0,1282.73,0.0,0.0,0.916667,0,11,3500.0,1347.51278,177.102986,0.818182,12,4
5206,88.012898,0.545455,975.0,0.0,975.0,0.0,0.0,0.583333,0,11,2725.0,1930.437135,142.662885,0.857143,12,4
5207,77.523872,1.0,325.0,0.0,325.0,117.402685,0.0,0.75,2,10,6500.0,408.437645,208.322149,0.166667,12,4
5222,1002.93543,1.0,1056.33,0.0,1056.33,0.0,0.0,1.0,0,42,2200.0,1108.476353,1694.702504,0.0,12,4
5223,1344.982445,1.0,224.54,0.0,224.54,0.0,0.0,0.5,0,18,1500.0,619.063466,678.63587,0.0,12,4
5230,30.327329,0.909091,284.34,0.0,284.34,0.0,0.0,0.25,0,6,1200.0,269.948292,101.35824,0.272727,12,4
5231,30.692503,0.454545,205.06,0.0,607.76,0.0,0.0,1.0,0,35,4500.0,163.982192,55.660981,0.0,12,4
5236,27.17079,0.909091,275.0,0.0,275.0,0.0,0.0,0.833333,0,10,3000.0,299.572759,149.944032,0.8,12,4
5239,690.625555,1.0,666.6,0.0,666.6,0.0,0.0,1.0,0,12,6000.0,1130.376548,170.144183,0.0,12,4
5242,145.320241,0.636364,530.81,0.0,530.81,0.0,0.0,0.5,0,7,5500.0,143.114001,196.881446,0.0,12,4
5244,118.941982,0.285714,1250.0,0.0,1250.0,0.0,0.0,0.714286,0,5,3000.0,1130.438324,127.592031,0.0,7,4
5248,385.841997,1.0,24.63,0.0,24.63,0.0,0.0,0.416667,0,5,4500.0,1349.938041,203.987924,0.0,12,4
5250,12.132712,0.8,244.18,0.0,244.18,0.0,0.0,1.0,0,10,2500.0,231.239325,128.726662,1.0,10,4
5251,330.068448,1.0,2441.21,0.0,2441.21,0.0,0.0,0.833333,0,21,1500.0,2816.104753,163.703623,0.916667,12,4
5253,133.957441,0.571429,128.5,0.0,128.5,357.492328,0.0,0.142857,2,1,1500.0,507.934017,37.947135,0.0,7,4
5258,15.577506,1.0,143.76,0.0,143.76,0.0,0.0,0.916667,0,12,1000.0,124.753548,146.043815,0.3,12,4
5259,2.641101,1.0,9.68,0.0,9.68,0.0,0.0,0.083333,0,1,8000.0,72.282497,17.530337,0.0,12,4
5262,894.357857,1.0,1164.0,0.0,1164.0,0.0,0.0,1.0,0,12,2000.0,907.603723,270.413449,0.0,12,4
5263,801.703734,1.0,387.77,0.0,387.77,0.0,0.0,0.583333,0,7,2500.0,1480.676383,1246.237666,0.0,12,4
5268,3267.962664,1.0,1910.51,0.0,1910.51,0.0,0.0,1.0,0,65,3000.0,2553.372888,3339.39289,0.0,12,4
5283,2172.893325,0.909091,416.74,0.0,416.74,0.0,0.0,0.333333,0,5,3000.0,3905.486286,1080.480612,0.1,12,4
5286,288.097302,1.0,2622.6,0.0,2622.6,0.0,0.0,1.0,0,12,450.0,2718.47954,2413.233231,0.833333,12,4
5288,15.449607,0.818182,574.75,0.0,574.75,0.0,0.0,0.909091,0,11,1000.0,560.219458,17.826933,0.0,11,4
5291,21.881383,1.0,123.48,0.0,123.48,0.0,0.0,0.833333,0,6,1500.0,87.868362,88.187856,0.5,6,4
5299,97.16839,1.0,1639.92,0.0,1639.92,0.0,0.0,1.0,0,12,2150.0,1620.285733,1555.793076,0.083333,12,4
5302,28.413136,0.727273,215.94,0.0,215.94,0.0,0.0,0.5,0,12,4000.0,331.529307,146.818553,0.777778,12,4
5303,37.261373,1.0,498.65,51.05,447.6,0.0,0.083333,1.0,0,29,7000.0,487.168856,164.505587,0.666667,12,4
5304,11.116861,1.0,168.0,0.0,168.0,0.0,0.0,1.0,0,12,5500.0,154.705191,157.784568,0.083333,12,4
5305,6.420394,0.363636,136.72,0.0,136.72,0.0,0.0,0.333333,0,4,2500.0,361.012758,169.705471,0.8,12,4
5309,135.794123,0.909091,880.28,0.0,880.28,0.0,0.0,0.833333,0,22,6000.0,1550.332412,178.096603,0.727273,12,4
5317,467.345479,1.0,46.74,0.0,46.74,0.0,0.0,0.166667,0,2,2500.0,122.054178,206.106505,0.0,12,4
5322,19.962737,1.0,287.4,0.0,287.4,0.0,0.0,1.0,0,12,3000.0,276.339695,167.93554,0.833333,12,4
5326,1248.193121,1.0,40.13,0.0,40.13,0.0,0.0,0.083333,0,1,1750.0,293.330975,343.940892,0.0,12,4
5329,34.195309,1.0,211.56,0.0,211.56,0.0,0.0,1.0,0,12,1000.0,188.66041,153.221194,0.5,12,4
5337,18.606861,0.636364,302.5,0.0,302.5,0.0,0.0,0.666667,0,17,3000.0,705.81092,112.041868,0.333333,12,4
5339,5.168354,0.181818,69.0,29.0,40.0,0.0,0.083333,0.083333,0,3,5000.0,167.350713,41.839613,0.181818,12,4
5346,26.767358,0.6,190.0,90.0,100.0,0.0,0.1,0.3,0,7,1200.0,270.6586,136.109592,0.0,10,4
5350,21.409828,1.0,149.71,0.0,149.71,0.0,0.0,0.916667,0,11,1500.0,141.974905,150.500248,0.166667,12,4
5359,1235.224095,1.0,637.28,10.0,627.28,0.0,0.083333,0.916667,0,13,1500.0,742.382146,703.203441,0.0,12,4
5364,182.171771,1.0,270.65,45.65,225.0,0.0,0.083333,0.75,0,10,1000.0,216.489485,190.287126,0.0,12,4
5376,21.187313,0.272727,319.41,0.0,319.41,0.0,0.0,0.166667,0,6,6000.0,135.546054,29.013477,0.083333,12,4
5378,3.319222,0.181818,47.05,0.0,47.05,0.0,0.0,0.083333,0,1,1900.0,511.105425,118.437426,1.0,12,4
5396,44.586199,0.272727,413.7,0.0,413.7,0.0,0.0,0.166667,0,4,2500.0,2271.738188,131.138844,0.0,12,4
5416,91.861479,1.0,939.51,0.0,939.51,0.0,0.0,0.833333,0,11,3000.0,874.020918,180.358798,1.0,12,4
5420,126.279615,1.0,1307.52,0.0,1307.52,0.0,0.0,1.0,0,39,6000.0,1491.690159,164.139365,0.5,12,4
5424,1039.256129,1.0,618.75,0.0,618.75,0.0,0.0,0.916667,0,11,1700.0,202.137436,262.20484,0.0,12,4
5425,94.110539,1.0,1090.19,0.0,1090.19,0.0,0.0,1.0,0,19,7000.0,1174.739824,176.285795,0.916667,12,4
5428,39.554197,0.545455,353.9,0.0,353.9,0.0,0.0,0.5,0,6,2500.0,374.472803,85.914125,0.454545,12,4
5430,38.160715,0.545455,340.0,0.0,340.0,0.0,0.0,0.416667,0,6,5000.0,888.221177,146.348596,1.0,12,4
5431,28.593511,0.909091,258.32,0.0,258.32,0.0,0.0,0.583333,0,10,4000.0,307.750161,161.030353,0.166667,12,4
5432,1597.679284,1.0,272.4,0.0,272.4,0.0,0.0,1.0,0,16,1550.0,587.710246,1090.811625,0.0,12,4
5438,3.894895,0.727273,182.49,0.0,182.49,0.0,0.0,0.916667,0,11,1500.0,201.08824,13.88938,0.0,12,4
5442,44.538702,0.545455,916.67,0.0,916.67,0.0,0.0,0.416667,0,5,1500.0,1075.578609,94.762661,0.416667,12,4
5443,28.349518,0.454545,235.0,0.0,235.0,0.0,0.0,0.166667,0,4,6000.0,268.128456,67.701929,0.272727,12,4
5455,153.679036,1.0,181.81,0.0,181.81,0.0,0.0,0.833333,0,16,1500.0,454.857585,183.013235,0.0,12,4
5459,21.441736,0.636364,197.62,0.0,197.62,0.0,0.0,0.5,0,6,4000.0,398.382513,153.645248,1.0,12,4
5465,1502.517905,1.0,266.64,0.0,266.64,0.0,0.0,0.636364,0,8,1500.0,318.73308,792.01288,0.0,11,4
5479,1047.854274,1.0,384.0,0.0,384.0,0.0,0.0,1.0,0,12,1000.0,530.36208,1127.724623,0.0,12,4
5487,19.766484,0.363636,197.48,0.0,197.48,0.0,0.0,0.25,0,4,16000.0,409.933465,164.248292,0.5,12,4
5496,1.874969,0.363636,433.32,0.0,433.32,0.0,0.0,1.0,0,12,2000.0,238.913827,7.070714,0.0,12,4
5506,714.813335,1.0,1110.42,0.0,1110.42,0.0,0.0,0.5,0,6,2200.0,4296.908322,4130.592522,0.083333,12,4
5517,14.571059,0.545455,180.5,0.0,180.5,0.0,0.0,0.333333,0,5,6000.0,178.584988,69.359061,0.363636,12,4
5527,449.026889,1.0,313.2,0.0,313.2,0.0,0.0,1.0,0,12,1000.0,136.096707,217.449281,0.0,12,4
5535,76.673877,0.777778,410.9,0.0,410.9,0.0,0.0,0.555556,0,6,1500.0,449.09003,100.105897,0.0,9,4
5541,16.727614,0.545455,128.0,0.0,128.0,0.0,0.0,0.333333,0,4,5000.0,363.86862,170.73776,1.0,12,4
5551,21.960773,1.0,175.45,0.0,175.45,0.0,0.0,0.909091,0,11,1500.0,143.609104,164.361594,0.777778,11,4
5554,19.928467,0.727273,310.64,0.0,310.64,0.0,0.0,0.583333,0,8,9000.0,409.454228,175.245981,0.714286,12,4
5555,26.157304,0.818182,318.41,65.0,253.41,0.0,0.083333,0.666667,0,11,5000.0,240.474518,154.2101,0.0,12,4
5556,13.99841,0.857143,94.86,0.0,94.86,0.0,0.0,0.714286,0,6,1500.0,68.323361,104.264949,0.4,7,4
5558,37.050529,1.0,367.17,0.0,367.17,0.0,0.0,1.0,0,19,2000.0,326.624678,152.547744,0.636364,12,4
5570,14.593148,1.0,158.7,0.0,158.7,0.0,0.0,1.0,0,23,5200.0,193.70608,141.02725,0.7,12,4
5571,20.700474,0.857143,94.98,0.0,94.98,0.0,0.0,0.714286,0,6,1000.0,86.16753,104.771473,0.5,7,4
5576,828.013302,1.0,126.48,0.0,126.48,0.0,0.0,0.166667,0,3,3000.0,301.728915,224.641178,0.0,12,4
5577,884.16375,1.0,823.52,0.0,823.52,0.0,0.0,1.0,0,56,1500.0,416.870269,294.032386,0.0,12,4
5578,71.186651,0.727273,1500.0,0.0,1500.0,0.0,0.0,1.0,0,12,3000.0,1330.781779,118.364043,0.636364,12,4
5579,1167.254965,1.0,499.92,0.0,499.92,0.0,0.0,1.0,0,12,1200.0,897.514706,1358.434639,0.0,12,4
5593,921.334338,1.0,161.6,0.0,161.6,18.980421,0.0,0.416667,1,6,1500.0,1757.687136,5482.177329,0.083333,12,4
5603,59.32524,1.0,527.63,0.0,527.63,0.0,0.0,0.9,0,11,1000.0,435.994202,158.158755,0.875,10,4
5612,218.35043,1.0,54.25,0.0,54.25,0.0,0.0,0.333333,0,4,500.0,704.553221,1722.057336,0.0,12,4
5620,1308.128024,1.0,623.03,0.0,623.03,0.0,0.0,0.833333,0,15,1500.0,306.967651,356.087522,0.0,12,4
5621,29.929842,0.272727,259.59,0.0,259.59,0.0,0.0,0.166667,0,3,2500.0,682.334296,175.624776,1.0,12,4
5624,46.816731,1.0,539.88,0.0,539.88,0.0,0.0,1.0,0,14,6000.0,457.377375,187.088484,0.75,12,4
5629,425.549034,1.0,151.68,0.0,151.68,0.0,0.0,1.0,0,12,1000.0,72.454987,270.085264,0.0,12,4
5630,907.371097,1.0,55.65,0.0,55.65,0.0,0.0,0.166667,0,3,1000.0,416.818116,603.735158,0.0,12,4
5631,2828.808139,1.0,199.0,0.0,199.0,0.0,0.0,0.166667,0,3,8000.0,615.69756,792.533866,0.0,12,4
5642,379.198083,1.0,40.0,0.0,40.0,0.0,0.0,0.166667,0,3,2900.0,224.790156,212.520426,0.0,12,4
5648,7.634737,0.272727,61.26,0.0,61.26,0.0,0.0,0.25,0,3,4000.0,247.778082,139.574077,0.25,12,4
5650,31.299159,0.5,185.13,0.0,185.13,0.0,0.0,0.333333,0,3,3000.0,289.706891,85.464647,1.0,6,4
5652,95.162463,1.0,1000.0,0.0,1000.0,0.0,0.0,0.625,0,8,11500.0,824.871032,101.683837,0.8,8,4
5656,31.303174,1.0,322.41,0.0,322.41,0.0,0.0,0.833333,0,11,1500.0,266.683039,168.946603,0.7,12,4
5657,4628.109931,1.0,912.54,0.0,912.54,0.0,0.0,1.0,0,21,5000.0,3746.305759,56370.04117,0.0,12,4
5658,7.992356,1.0,196.66,0.0,196.66,0.0,0.0,0.083333,0,2,7000.0,90.0711,29.862755,0.083333,12,4
5659,16.646768,0.818182,135.28,0.0,135.28,0.0,0.0,0.5,0,6,4000.0,212.020939,142.655139,0.111111,12,4
5663,66.296517,1.0,56.44,0.0,56.44,0.0,0.0,0.333333,0,4,1500.0,110.099433,166.020925,0.0,12,4
5664,35.771638,1.0,443.04,0.0,443.04,0.0,0.0,1.0,0,12,1500.0,404.189925,151.005361,1.0,12,4
5671,1298.539837,1.0,42.56,0.0,42.56,0.0,0.0,0.25,0,3,1500.0,278.050986,814.495329,0.0,12,4
5672,59.614155,0.818182,438.0,0.0,438.0,0.0,0.0,1.0,0,12,1500.0,525.046566,149.110815,0.090909,12,4
5679,25.383911,1.0,401.16,0.0,401.16,0.0,0.0,0.833333,0,11,2500.0,419.168947,164.819559,1.0,12,4
5685,6.542818,0.571429,178.0,0.0,178.0,0.0,0.0,0.571429,0,6,1500.0,231.111728,19.703002,0.0,7,4
5689,26.572803,1.0,277.33,0.0,277.33,0.0,0.0,0.916667,0,17,6000.0,258.265698,129.984016,1.0,12,4
5693,4.966985,0.181818,59.34,0.0,59.34,0.0,0.0,0.166667,0,2,2000.0,360.724808,111.894178,0.5,12,4
5698,930.322044,1.0,444.96,0.0,444.96,0.0,0.0,1.0,0,12,1000.0,630.302306,657.600716,0.0,12,4
5699,126.169985,1.0,1155.0,0.0,1155.0,0.0,0.0,0.833333,0,10,3900.0,1375.353007,158.020499,0.909091,12,4
5701,253.367476,0.909091,626.69,0.0,626.69,0.0,0.0,0.416667,0,5,1500.0,969.151872,176.889617,0.0,12,4
5707,82.476563,1.0,637.44,0.0,637.44,0.0,0.0,1.0,0,12,4000.0,623.916338,179.604687,0.75,12,4
5708,117.324773,1.0,1101.0,0.0,1101.0,0.0,0.0,1.0,0,21,7500.0,1002.953582,178.537408,0.5,12,4
5709,16.34663,0.545455,267.06,25.0,242.06,0.0,0.083333,0.5,0,7,1000.0,318.011069,113.606953,0.272727,12,4
5714,59.064314,0.363636,686.0,0.0,686.0,0.0,0.0,0.25,0,7,3000.0,840.254381,182.922865,0.0,12,4
5728,1414.422361,1.0,90.03,0.0,90.03,0.0,0.0,0.833333,0,12,1500.0,323.893824,492.851078,0.0,12,4
5729,79.470417,0.727273,601.84,0.0,601.84,0.0,0.0,0.5,0,7,7500.0,799.1846,133.319408,0.363636,12,4
5734,1079.097023,1.0,247.44,0.0,247.44,0.0,0.0,1.0,0,12,1200.0,503.445403,302.481716,0.0,12,4
5738,812.317275,1.0,404.91,0.0,404.91,0.0,0.0,0.75,0,18,1000.0,573.841447,318.793218,0.0,12,4
5739,511.825603,0.909091,362.48,0.0,362.48,0.0,0.0,0.416667,0,10,2000.0,2400.443969,377.084941,0.0,12,4
5744,403.816601,0.9,3431.0,0.0,3431.0,0.0,0.0,0.8,0,15,10000.0,2370.440541,139.047088,0.7,10,4
5747,0.892901,0.363636,492.0,0.0,492.0,0.0,0.0,1.0,0,24,7500.0,450.655804,19.582178,0.0,12,4
5750,1343.200147,1.0,848.53,0.0,848.53,0.0,0.0,0.666667,0,14,5500.0,817.669027,333.092064,0.0,12,4
5755,11.566281,1.0,148.56,0.0,148.56,0.0,0.0,0.916667,0,12,1500.0,128.994977,139.382867,0.090909,12,4
5759,1207.465786,1.0,125.0,25.0,100.0,0.0,0.083333,0.166667,0,4,1800.0,1872.705924,458.501302,0.090909,12,4
5766,18.98265,0.272727,327.37,0.0,327.37,0.0,0.0,0.333333,0,11,6500.0,1430.996352,137.788624,1.0,12,4
5769,202.08047,1.0,190.96,0.0,190.96,0.0,0.0,0.25,0,3,1000.0,156.408373,173.016455,0.083333,12,4
5773,17.245539,0.636364,19.5,0.0,19.5,0.0,0.0,0.083333,0,1,1500.0,95.789433,119.880198,0.0,12,4
5777,983.363407,1.0,275.06,0.0,275.06,0.0,0.0,0.5,0,6,1000.0,587.715737,316.239935,0.0,12,4
5778,473.807764,0.818182,546.94,0.0,546.94,0.0,0.0,1.0,0,19,7000.0,1612.129418,121.996148,0.0,12,4
5781,51.640761,1.0,453.24,0.0,453.24,0.0,0.0,1.0,0,12,5000.0,507.364658,170.772711,0.363636,12,4
5783,57.657781,0.818182,587.25,0.0,587.25,0.0,0.0,0.75,0,9,1000.0,779.274805,138.599057,0.857143,12,4
5795,766.491179,1.0,799.92,0.0,799.92,0.0,0.0,1.0,0,24,5200.0,1351.417476,250.54894,0.0,12,4
5805,866.363389,1.0,4127.83,0.0,4127.83,0.0,0.0,0.75,0,15,7500.0,4774.49325,4419.482273,0.166667,12,4
5806,434.932876,1.0,933.8,0.0,933.8,0.0,0.0,1.0,0,39,2700.0,253.085801,168.730445,0.083333,12,4
5808,36.412211,0.545455,343.56,0.0,343.56,0.0,0.0,0.363636,0,7,2000.0,349.484812,133.622458,0.0,11,4
5809,69.722927,0.818182,947.72,0.0,947.72,0.0,0.0,0.666667,0,12,1200.0,769.133717,127.904622,0.666667,12,4
5816,7.310526,0.727273,70.0,0.0,70.0,0.0,0.0,0.583333,0,8,5000.0,98.099008,51.285181,0.454545,12,4
5819,994.231031,1.0,487.6,0.0,487.6,38.690552,0.0,0.75,1,9,1000.0,755.610568,801.233778,0.0,12,4
5834,4.652161,0.727273,398.64,0.0,398.64,0.0,0.0,1.0,0,12,2000.0,445.721684,43.143334,0.1,12,4
5837,1541.047251,1.0,100.0,0.0,100.0,0.0,0.0,0.166667,0,2,7000.0,325.179537,329.548006,0.0,12,4
5844,1150.307564,1.0,1189.04,0.0,1189.04,0.0,0.0,1.0,0,12,15000.0,3016.935137,332.492063,0.0,12,4
5845,1613.502125,1.0,65.6,0.0,112.6,0.0,0.0,0.3,0,5,5000.0,390.916581,426.142311,0.0,10,4
5849,89.165814,0.833333,724.0,0.0,724.0,0.0,0.0,0.833333,0,6,1000.0,521.867766,88.700517,0.0,6,4
5854,5429.372649,1.0,493.1,0.0,493.1,0.0,0.0,0.5,0,6,12000.0,1415.589572,1440.327788,0.0,12,4
5855,92.007959,1.0,1265.58,0.0,1265.58,0.0,0.0,1.0,0,26,5700.0,1341.967777,178.143055,1.0,12,4
5857,33.04593,1.0,204.24,0.0,204.24,0.0,0.0,0.833333,0,6,1500.0,163.744562,81.625033,1.0,6,4
5859,23.249635,0.545455,307.4,0.0,307.4,0.0,0.0,0.25,0,4,5500.0,784.765421,211.2458,0.4,12,4
5872,50.82451,1.0,456.0,0.0,456.0,0.0,0.0,1.0,0,12,1000.0,339.113852,165.116059,0.583333,12,4
5874,12.683677,0.363636,31.68,0.0,31.68,0.0,0.0,0.083333,0,1,4000.0,210.141652,140.456214,0.0,12,4
5875,1.632453,0.363636,1985.62,0.0,1985.62,0.0,0.0,1.0,0,41,7500.0,1792.109113,0.261984,0.0,12,4
5876,26.96054,0.636364,157.45,0.0,157.45,0.0,0.0,0.416667,0,5,1000.0,238.253379,116.450584,0.0,12,4
5878,13.230057,0.545455,112.21,0.0,112.21,0.0,0.0,0.416667,0,5,1500.0,229.90409,134.635863,0.285714,12,4
5879,2389.347926,1.0,382.5,0.0,382.5,0.0,0.0,0.75,0,9,2500.0,1118.260439,1642.929308,0.0,12,4
5882,21.494012,0.545455,417.0,0.0,417.0,0.0,0.0,0.416667,0,6,5000.0,394.135239,97.638234,0.454545,12,4
5886,20.447524,0.727273,306.99,0.0,306.99,0.0,0.0,0.416667,0,9,3000.0,336.09467,176.826409,1.0,12,4
5896,2.463995,0.363636,165.8,0.0,165.8,0.0,0.0,0.333333,0,4,700.0,251.778786,14.945497,0.0,12,4
5898,5.404443,0.5,194.0,0.0,194.0,0.0,0.0,0.333333,0,3,1500.0,269.175108,34.59541,1.0,6,4
5899,1113.954035,1.0,87.09,0.0,87.09,0.0,0.0,0.5,0,8,4500.0,276.653239,327.757053,0.0,12,4
5905,1448.6877,1.0,266.52,0.0,266.52,0.0,0.0,0.714286,0,24,1500.0,250.102937,558.520424,0.0,7,4
5910,56.060327,0.181818,13.69,0.0,13.69,0.0,0.0,0.083333,0,1,2900.0,2165.403988,219.961065,0.0,12,4
5921,1827.688454,1.0,137.55,0.0,137.55,0.0,0.0,0.090909,0,4,9500.0,384.774018,428.421814,0.0,11,4
5922,92.239093,0.909091,1525.1,0.0,1525.1,0.0,0.0,0.833333,0,13,4000.0,1682.312643,157.835032,1.0,12,4
5930,116.418751,1.0,1176.0,0.0,1176.0,0.0,0.0,1.0,0,12,2150.0,1083.783994,1364.816672,0.666667,12,4
5940,121.117428,0.909091,968.64,0.0,968.64,0.0,0.0,1.0,0,24,3000.0,764.973252,189.162675,0.181818,12,4
5951,1253.188317,1.0,320.34,0.0,320.34,0.0,0.0,0.666667,0,11,1500.0,1229.226379,324.954747,0.0,12,4
5955,237.198442,1.0,1166.68,0.0,1166.68,0.0,0.0,1.0,0,12,3500.0,1014.549633,216.090433,0.083333,12,4
5959,252.717781,1.0,463.34,0.0,463.34,0.0,0.0,0.833333,0,10,4000.0,162.949236,184.464721,0.0,12,4
5961,18.105265,1.0,244.92,0.0,244.92,0.0,0.0,1.0,0,12,2500.0,221.798291,179.182583,0.333333,12,4
5978,394.423256,1.0,434.25,0.0,434.25,0.0,0.0,0.583333,0,9,5450.0,4997.981363,4553.15605,1.0,12,4
5983,719.592571,0.727273,124.13,45.65,78.48,0.0,0.083333,0.166667,0,3,3000.0,1486.14717,390.098144,0.0,12,4
5984,1473.542308,1.0,240.02,0.0,240.02,0.0,0.0,0.5,0,12,1500.0,613.733389,535.262291,0.0,12,4
5985,1359.527692,1.0,92.1,0.0,92.1,0.0,0.0,0.25,0,3,1500.0,487.05295,495.317878,0.0,12,4
5987,330.673765,1.0,33.44,0.0,33.44,0.0,0.0,0.333333,0,4,2400.0,2989.04951,3457.886177,0.181818,12,4
6002,46.290578,1.0,553.18,0.0,553.18,0.0,0.0,0.666667,0,13,8000.0,467.565103,149.339136,0.636364,12,4
6006,701.345445,1.0,70.98,0.0,70.98,0.0,0.0,0.166667,0,2,1000.0,379.261644,260.465386,0.0,12,4
6007,101.936878,1.0,888.96,0.0,888.96,0.0,0.0,1.0,0,12,2000.0,790.509043,179.636117,0.833333,12,4
6018,4.930929,0.444444,189.72,0.0,189.72,0.0,0.0,0.888889,0,9,1500.0,284.411628,19.278758,0.166667,9,4
6025,525.3186,0.9,1604.97,0.0,1604.97,0.0,0.0,0.8,0,9,1000.0,1059.917432,459.831026,0.0,10,4
6026,26.969302,1.0,417.7,0.0,417.7,0.0,0.0,1.0,0,14,2000.0,447.030311,148.459781,0.272727,12,4
6036,71.160989,1.0,317.1,0.0,317.1,0.0,0.0,0.9,0,10,1000.0,169.458993,149.095117,0.0,10,4
6054,1764.972148,1.0,95.44,0.0,95.44,0.0,0.0,0.416667,0,5,5000.0,2686.89785,427.511065,0.0,12,4
6056,462.340941,1.0,125.0,0.0,125.0,0.0,0.0,0.416667,0,5,500.0,250.788354,350.085005,0.0,12,4
6058,387.967458,1.0,944.49,0.0,944.49,0.0,0.0,1.0,0,23,1000.0,831.708548,218.808215,0.0,12,4
6069,1066.830615,1.0,509.94,0.0,509.94,0.0,0.0,1.0,0,27,1000.0,812.018361,1361.687384,0.0,12,4
6085,11.567196,0.454545,116.97,0.0,116.97,0.0,0.0,0.25,0,6,2500.0,387.714131,140.21546,0.333333,12,4
6086,41.13959,0.909091,235.0,0.0,235.0,0.0,0.0,0.916667,0,12,3000.0,265.356425,158.051064,0.0,12,4
6092,37.765185,0.75,158.64,0.0,158.64,0.0,0.0,0.25,0,3,1500.0,178.288853,66.521398,0.0,8,4
6095,16.167257,1.0,171.9,0.0,171.9,0.0,0.0,0.9,0,10,1500.0,145.002943,147.054838,0.875,10,4
6101,6.840439,0.285714,74.4,0.0,74.4,0.0,0.0,0.285714,0,2,2000.0,225.796349,72.752062,0.0,7,4
6103,50.682705,0.909091,434.6,64.0,370.6,0.0,0.083333,0.833333,0,11,4000.0,538.381397,136.480614,0.1,12,4
6110,756.887956,0.727273,178.0,0.0,178.0,0.0,0.0,0.333333,0,4,1000.0,1390.256371,4287.23667,0.090909,12,4
6113,411.172634,1.0,2355.24,0.0,2355.24,0.0,0.0,1.0,0,12,4500.0,2235.909626,4034.532894,0.0,12,4
6122,14.042241,1.0,92.16,0.0,92.16,0.0,0.0,0.25,0,4,500.0,91.672694,88.184604,0.166667,12,4
6148,53.284869,1.0,571.32,0.0,571.32,0.0,0.0,0.916667,0,24,1000.0,546.617245,162.921045,0.9,12,4
6149,47.274973,0.727273,639.0,0.0,639.0,0.0,0.0,0.583333,0,12,3300.0,940.011994,182.150814,1.0,12,4
6150,9.910791,0.545455,215.26,0.01,215.25,0.0,0.083333,0.5,0,8,1200.0,474.643613,104.812542,0.5,12,4
6160,82.414018,1.0,219.24,0.0,219.24,0.0,0.0,1.0,0,12,1500.0,128.095464,170.440977,0.0,12,4
6162,161.576879,0.909091,194.0,59.0,135.0,0.0,0.083333,0.333333,0,6,5000.0,738.457844,197.425096,0.1,12,4
6163,17.820255,0.545455,123.72,0.0,123.72,0.0,0.0,0.333333,0,4,3000.0,270.589779,133.760906,0.428571,12,4
6169,56.798467,1.0,93.1,0.0,93.1,0.0,0.0,0.583333,0,7,2500.0,83.556361,172.482173,0.0,12,4
6171,37.890131,1.0,483.3,0.0,483.3,0.0,0.0,1.0,0,13,2500.0,541.618413,179.311193,0.916667,12,4
6173,932.153207,1.0,572.64,0.0,572.64,0.0,0.0,1.0,0,24,1000.0,1794.686669,3605.683246,0.083333,12,4
6178,3.535385,0.363636,53.95,0.0,53.95,0.0,0.0,0.416667,0,5,1200.0,124.392554,114.355656,0.4,12,4
6183,1196.869653,1.0,117.24,0.0,117.24,0.0,0.0,1.0,0,12,1200.0,380.06061,371.31214,0.0,12,4
6190,1035.549686,1.0,624.0,0.0,624.0,0.0,0.0,1.0,0,36,1000.0,883.088274,862.689591,0.0,12,4
6191,1043.114756,1.0,599.92,0.0,599.92,0.0,0.0,1.0,0,23,5000.0,687.999005,255.719951,0.0,12,4
6193,1051.38615,1.0,416.6,0.0,416.6,0.0,0.0,1.0,0,20,1050.0,509.248904,1006.439477,0.0,12,4
6194,8.95956,0.363636,51.36,0.0,51.36,0.0,0.0,0.333333,0,4,1200.0,167.260487,135.978141,0.2,12,4
6201,44.444599,1.0,374.81,0.0,374.81,0.0,0.0,0.333333,0,6,4000.0,309.602823,105.971136,0.0,12,4
6207,344.288226,1.0,146.75,0.0,146.75,0.0,0.0,0.416667,0,5,1500.0,135.87419,203.496004,0.0,12,4
6209,1132.661616,1.0,175.0,0.0,175.0,0.0,0.0,0.5,0,7,1200.0,254.27684,835.079395,0.0,12,4
6213,226.684073,1.0,672.48,0.0,672.48,235.063106,0.0,1.0,9,12,4500.0,869.632913,182.835878,0.0,12,4
6217,857.767403,1.0,639.56,0.0,639.56,0.0,0.0,0.25,0,4,2200.0,210.272469,254.976679,0.0,12,4
6218,71.480312,0.727273,1178.64,0.0,1178.64,0.0,0.0,0.583333,0,8,3200.0,1473.852143,71.772114,0.0,12,4
6221,1049.109012,1.0,200.02,0.0,200.02,0.0,0.0,0.5,0,6,1000.0,548.458069,992.622332,0.0,12,4
6224,131.271213,1.0,147.26,0.0,147.26,0.0,0.0,0.25,0,4,1000.0,430.455738,163.227325,0.090909,12,4
6225,38.316222,0.272727,436.75,0.0,436.75,0.0,0.0,0.25,0,3,3000.0,1634.962881,139.00528,1.0,12,4
6226,857.313072,1.0,139.16,0.0,139.16,0.0,0.0,0.583333,0,9,1200.0,1209.136709,641.54543,0.0,12,4
6232,7.456966,0.272727,4.8,0.0,4.8,0.0,0.0,0.083333,0,1,2200.0,70.517745,246.213204,0.0,12,4
6233,51.293355,1.0,459.69,0.0,459.69,0.0,0.0,1.0,0,21,6000.0,279.902009,155.30575,0.555556,12,4
6234,637.379659,1.0,37.62,0.0,37.62,0.0,0.0,0.25,0,3,1500.0,1691.81869,4887.636705,0.083333,12,4
6243,7.777595,0.454545,66.25,0.0,66.25,0.0,0.0,0.333333,0,5,2000.0,129.109877,138.717776,0.333333,12,4
6249,279.225789,1.0,2800.12,0.0,2800.12,0.0,0.0,1.0,0,44,6000.0,2515.127273,167.108694,0.666667,12,4
6253,127.992071,0.545455,593.0,0.0,593.0,580.391722,0.0,0.916667,1,12,2000.0,1158.659124,90.139909,0.0,12,4
6254,26.639906,1.0,251.19,0.0,251.19,0.0,0.0,0.888889,0,9,1500.0,214.973026,131.272786,1.0,9,4
6256,95.517105,0.818182,1305.72,0.0,1305.72,0.0,0.0,0.666667,0,9,1700.0,1127.40911,77.116725,0.2,12,4
6267,75.401255,0.909091,692.94,0.0,692.94,0.0,0.0,0.833333,0,10,4000.0,806.703752,143.810743,0.545455,12,4
6268,40.607669,1.0,479.0,80.0,399.0,0.0,0.083333,0.666667,0,14,2000.0,389.241521,141.850602,0.8,12,4
6278,751.22482,1.0,1000.0,0.0,1000.0,0.0,0.0,0.333333,0,5,1700.0,2025.267591,319.173449,0.083333,12,4
6280,1765.263223,1.0,73.8,0.0,73.8,0.0,0.0,1.0,0,12,1800.0,356.324476,679.20095,0.0,12,4
6281,47.587585,0.727273,414.8,53.0,361.8,0.0,0.083333,0.416667,0,8,4500.0,545.768039,135.094235,1.0,12,4
6283,45.000015,1.0,540.0,0.0,540.0,0.0,0.0,1.0,0,24,7000.0,675.065652,193.588238,1.0,12,4
6289,2276.666051,1.0,87.51,0.0,87.51,0.0,0.0,0.583333,0,11,8000.0,605.029703,700.831872,0.0,12,4
6295,3.562442,0.454545,735.0,0.0,735.0,0.0,0.0,0.583333,0,7,2000.0,1256.297676,64.518375,0.0,12,4
6298,1118.610853,1.0,293.26,0.0,293.26,0.0,0.0,0.916667,0,11,1500.0,317.991447,220.504335,0.0,12,4
6299,7.146747,0.272727,60.0,0.0,60.0,0.0,0.0,0.083333,0,2,3000.0,231.681868,114.544794,1.0,12,4
6302,45.095168,1.0,469.89,0.0,469.89,0.0,0.0,1.0,0,20,2000.0,363.258365,178.843168,0.916667,12,4
6309,121.663829,1.0,488.52,0.0,488.52,0.0,0.0,0.416667,0,6,7500.0,459.429985,255.903482,0.0,12,4
6311,4.588899,0.272727,249.96,0.0,249.96,0.0,0.0,0.916667,0,17,4000.0,248.437485,36.714951,0.1,12,4
6321,54.055548,0.636364,548.02,0.0,548.02,0.0,0.0,0.333333,0,8,4000.0,695.091566,111.441098,0.4,12,4
6337,50.571196,0.545455,499.98,0.0,499.98,0.0,0.0,0.416667,0,6,2500.0,744.260461,235.440351,0.2,12,4
6340,42.504303,0.272727,117.62,0.0,117.62,0.0,0.0,0.083333,0,1,2500.0,1408.151874,128.91478,0.0,12,4
6342,2415.67887,1.0,125.45,0.0,125.45,0.0,0.0,0.583333,0,7,3000.0,619.883932,628.190373,0.0,12,4
6345,66.618088,1.0,544.0,0.0,544.0,0.0,0.0,1.0,0,16,3000.0,473.490702,183.99645,0.0,12,4
6353,964.09998,1.0,1074.96,0.0,1074.96,0.0,0.0,1.0,0,12,1000.0,446.368432,1192.827241,0.0,12,4
6362,46.000465,0.818182,531.5,0.0,531.5,0.0,0.0,0.5,0,15,4000.0,544.460735,159.519007,1.0,12,4
6363,27.857993,0.636364,352.23,0.0,352.23,0.0,0.0,0.416667,0,7,2500.0,299.490096,98.217199,0.272727,12,4
6365,4.686854,0.428571,28.8,0.0,28.8,0.0,0.0,0.285714,0,3,1500.0,34.401591,60.436139,1.0,7,4
6369,1316.179352,1.0,1278.04,0.0,1278.04,114.843243,0.0,1.0,1,28,1200.0,2069.375056,1951.939159,0.0,12,4
6375,2054.983361,1.0,1058.58,0.0,1058.58,0.0,0.0,1.0,0,16,6000.0,461.980524,439.448245,0.0,12,4
6383,75.46203,1.0,405.84,0.0,405.84,0.0,0.0,1.0,0,45,5000.0,340.762855,171.488095,0.083333,12,4
6385,1669.759168,1.0,200.0,0.0,200.0,0.0,0.0,0.416667,0,5,11000.0,442.60799,373.920471,0.0,12,4
6388,419.727505,1.0,1945.8,0.0,1945.8,0.0,0.0,1.0,0,12,3000.0,1348.704313,171.24898,0.181818,12,4
6395,87.540559,1.0,885.13,0.0,885.13,0.0,0.0,1.0,0,21,6000.0,801.593051,186.251245,0.916667,12,4
6396,14.179041,0.545455,119.58,0.0,119.58,0.0,0.0,0.5,0,6,5000.0,157.838418,96.544553,0.181818,12,4
6403,372.722601,0.909091,819.7,0.0,819.7,0.0,0.0,0.818182,0,10,1500.0,87.828439,194.003982,0.0,11,4
6415,1162.7795,1.0,757.37,0.0,757.37,131.28406,0.0,1.0,1,13,1000.0,512.315951,3533.665385,0.0,12,4
6420,7.14111,0.727273,288.0,0.0,288.0,0.0,0.0,1.0,0,12,3000.0,228.853499,24.171054,0.0,12,4
6427,23.120939,0.545455,282.59,0.0,282.59,0.0,0.0,0.5,0,7,5000.0,128.885146,69.378497,0.25,12,4
6432,33.535261,1.0,319.98,0.0,319.98,0.0,0.0,0.833333,0,6,1000.0,264.453806,88.798002,1.0,6,4
6442,31.870622,0.636364,125.06,0.0,125.06,0.0,0.0,0.5,0,6,1000.0,264.43684,149.607903,0.0,12,4
6446,8.59137,0.636364,125.0,0.0,125.0,0.0,0.0,0.416667,0,6,3000.0,194.532194,118.371226,0.8,12,4
6447,4.924829,0.272727,65.97,0.0,65.97,0.0,0.0,0.166667,0,3,4000.0,178.11004,174.504822,1.0,12,4
6452,159.210281,1.0,247.8,75.8,172.0,0.0,0.083333,0.166667,0,3,5000.0,607.575208,155.618451,0.0,12,4
6454,12.478094,0.5,217.91,0.0,217.91,0.0,0.0,0.75,0,7,1000.0,206.460572,67.157083,0.0,8,4
6458,3173.141048,1.0,895.92,0.0,895.92,0.0,0.0,1.0,0,12,4500.0,723.653473,749.728054,0.0,12,4
6460,68.007411,1.0,488.66,0.0,488.66,0.0,0.0,0.9,0,19,1500.0,303.387025,143.461021,0.25,10,4
6466,811.071722,1.0,208.92,0.0,208.92,206.635247,0.0,0.666667,2,8,2500.0,282.414709,346.656778,0.0,12,4
6476,2370.760037,1.0,94.47,0.0,94.47,0.0,0.0,0.583333,0,11,4500.0,770.48848,586.751872,0.0,12,4
6482,179.362453,0.545455,839.09,0.0,839.09,331.493048,0.0,0.75,1,11,3000.0,555.713401,91.081745,0.0,12,4
6487,50.940247,1.0,426.47,0.0,426.47,0.0,0.0,0.833333,0,11,3000.0,409.376563,174.613628,1.0,12,4
6493,13.718373,1.0,401.88,0.0,401.88,0.0,0.0,1.0,0,12,3000.0,421.927253,161.278772,0.833333,12,4
6495,55.907108,1.0,439.91,0.0,439.91,0.0,0.0,1.0,0,25,6000.0,449.043148,172.225824,1.0,12,4
6497,1267.081143,1.0,309.9,0.0,309.9,0.0,0.0,0.5,0,6,3000.0,697.223817,342.412476,0.0,12,4
6503,504.248851,1.0,472.09,0.0,472.09,0.0,0.0,0.916667,0,11,1000.0,209.360972,282.381583,0.0,12,4
6504,545.819208,1.0,49.55,0.0,49.55,0.0,0.0,0.25,0,3,2500.0,397.410932,247.041179,0.0,12,4
6508,403.08626,1.0,2351.25,0.0,2351.25,0.0,0.0,1.0,0,11,2500.0,2247.045797,166.021681,0.090909,11,4
6510,46.86925,1.0,420.0,0.0,420.0,0.0,0.0,0.833333,0,6,1000.0,411.981882,16.730028,0.0,6,4
6511,1772.610312,1.0,1400.0,0.0,1400.0,0.0,0.0,0.583333,0,10,1500.0,1810.218367,4000.038682,0.0,12,4
6515,2.752576,0.181818,30.9,0.0,30.9,0.0,0.0,0.166667,0,2,3000.0,174.049821,114.010269,0.333333,12,4
6518,3.690944,0.25,167.68,0.0,167.68,0.0,0.0,0.875,0,8,1500.0,614.893679,27.782057,0.166667,8,4
6520,1374.431396,1.0,81.0,0.0,81.0,0.0,0.0,0.75,0,9,3000.0,356.933062,540.428943,0.0,12,4
6523,1340.549378,1.0,591.0,0.0,591.0,0.0,0.0,1.0,0,12,1250.0,706.517216,1410.942649,0.0,12,4
6524,38.086857,0.545455,447.78,0.0,447.78,0.0,0.0,0.416667,0,6,4000.0,757.855943,143.5366,1.0,12,4
6527,8.362878,1.0,234.0,0.0,234.0,0.0,0.0,1.0,0,12,1200.0,234.802293,180.364348,0.833333,12,4
6528,156.700478,1.0,1259.21,0.0,1259.21,0.0,0.0,1.0,0,21,6000.0,1178.012601,172.301492,0.0,12,4
6529,130.644698,1.0,338.79,0.0,338.79,0.0,0.0,0.916667,0,19,1500.0,196.79846,176.914811,0.083333,12,4
6535,92.859389,1.0,468.96,0.0,498.96,0.0,0.0,0.833333,0,5,1000.0,348.784045,87.169565,1.0,6,4
6536,84.3929,0.909091,141.84,0.0,141.84,0.0,0.0,0.75,0,23,1200.0,371.759761,158.208417,0.1,12,4
6537,287.589522,1.0,33.35,0.0,33.35,0.0,0.0,0.083333,0,1,6000.0,558.143294,170.130711,0.0,12,4
6539,32.89402,1.0,271.68,0.0,271.68,0.0,0.0,0.583333,0,12,2400.0,226.744914,167.809303,0.083333,12,4
6541,1907.779363,1.0,2074.08,0.0,2074.08,0.0,0.0,1.0,0,17,1500.0,1796.60533,4816.916305,0.0,12,4
6543,4.822037,0.833333,58.32,0.0,58.32,0.0,0.0,0.833333,0,6,1000.0,65.76347,32.631347,0.666667,6,4
6547,72.351933,1.0,245.84,0.0,245.84,0.0,0.0,0.833333,0,10,1200.0,187.34317,172.747168,0.166667,12,4
6555,177.371967,1.0,534.0,0.0,534.0,0.0,0.0,0.5,0,8,3500.0,453.357965,194.132474,0.0,12,4
6556,25.882538,1.0,430.02,0.02,430.0,0.0,0.083333,0.916667,0,19,7000.0,372.95804,174.1219,1.0,12,4
6559,38.424273,1.0,442.04,0.0,442.04,0.0,0.0,0.666667,0,12,2000.0,435.927928,129.152786,0.8,12,4
6569,32.916536,1.0,300.62,0.0,300.62,0.0,0.0,0.916667,0,12,1200.0,301.102633,152.00045,0.454545,12,4
6570,8.849404,0.454545,220.99,0.0,220.99,0.0,0.0,0.833333,0,11,1000.0,286.305162,52.843213,0.125,12,4
6573,734.337883,1.0,55.68,0.0,55.68,0.0,0.0,0.166667,0,2,1000.0,938.997556,2896.436166,0.0,12,4
6574,56.68168,1.0,827.2,0.0,827.2,0.0,0.0,1.0,0,20,1000.0,798.681574,174.491545,0.666667,12,4
6575,66.048562,1.0,696.78,0.0,696.78,0.0,0.0,0.75,0,17,2000.0,617.678129,155.950733,1.0,12,4
6578,37.980086,1.0,450.0,0.0,450.0,0.0,0.0,1.0,0,12,2700.0,425.280332,166.65223,0.666667,12,4
6583,18.287569,1.0,777.0,0.0,777.0,0.0,0.0,1.0,0,24,1200.0,706.055693,69.448419,1.0,12,4
6585,16.821079,0.363636,121.2,0.0,121.2,0.0,0.0,0.25,0,4,7000.0,310.4036,275.926987,1.0,12,4
6588,42.286207,1.0,480.37,0.0,480.37,0.0,0.0,1.0,0,41,6000.0,326.059256,162.785047,0.833333,12,4
6592,207.099447,1.0,1764.0,0.0,1764.0,0.0,0.0,1.0,0,12,400.0,1667.797657,2090.378842,0.545455,12,4
6597,25.72535,0.363636,150.48,0.0,150.48,0.0,0.0,0.25,0,3,2500.0,558.52387,200.77995,0.0,12,4
6607,905.771358,1.0,116.15,36.15,80.0,0.0,0.083333,0.166667,0,3,1000.0,267.661028,199.189378,0.0,12,4
6608,540.157857,1.0,181.5,0.0,181.5,0.0,0.0,0.833333,0,11,500.0,246.839723,669.292383,0.0,12,4
6617,31.552295,1.0,190.26,0.0,190.26,0.0,0.0,0.833333,0,6,1500.0,113.704149,88.806825,0.5,6,4
6618,1441.591027,1.0,222.44,0.0,222.44,0.0,0.0,0.666667,0,8,1500.0,622.574342,828.47697,0.0,12,4
6625,37.618883,1.0,952.8,0.0,952.8,0.0,0.0,1.0,0,12,2000.0,938.376189,165.291104,0.916667,12,4
6630,8.111284,0.545455,122.58,0.0,122.58,0.0,0.0,0.416667,0,6,3400.0,206.903715,166.887922,0.8,12,4
6636,19.312066,1.0,334.8,0.0,334.8,0.0,0.0,1.0,0,12,5000.0,499.339328,69.334771,0.166667,12,4
6642,1083.379171,1.0,9.9,0.0,9.9,0.0,0.0,0.142857,0,1,1900.0,186.923852,7243.733403,0.0,7,4
6649,631.858702,0.545455,75.25,0.0,75.25,0.0,0.0,0.333333,0,5,1200.0,1458.6444,230.665557,0.0,12,4
6650,98.252565,1.0,1021.24,0.0,1021.24,0.0,0.0,1.0,0,88,3000.0,1080.276225,185.948948,0.5,12,4
6655,10.288205,0.363636,324.0,0.0,324.0,0.0,0.0,0.75,0,9,1500.0,555.119249,57.741139,0.0,12,4
6656,23.083392,0.454545,447.96,0.0,447.96,0.0,0.0,1.0,0,18,1500.0,287.049312,42.058028,0.083333,12,4
6664,32.807257,0.727273,304.0,0.0,304.0,0.0,0.0,0.583333,0,8,3000.0,364.316697,165.47018,0.428571,12,4
6668,20.502046,0.818182,53.36,0.0,53.36,0.0,0.0,0.166667,0,3,2500.0,88.897909,144.512685,0.0,12,4
6672,76.096025,0.909091,71.22,0.0,71.22,0.0,0.0,0.25,0,3,1500.0,216.059115,159.478913,0.0,12,4
6684,14.074548,1.0,39.0,0.0,39.0,0.0,0.0,0.166667,0,2,1500.0,98.947093,74.147879,0.0,12,4
6687,1243.250958,1.0,1680.0,0.0,1680.0,0.0,0.0,1.0,0,12,4500.0,1105.142936,361.880781,0.0,12,4
6688,1452.221132,1.0,1500.0,0.0,1500.0,0.0,0.0,1.0,0,12,4500.0,3686.798285,2751.134917,0.0,12,4
6694,28.486124,0.454545,130.26,0.0,130.26,0.0,0.0,0.5,0,10,2500.0,325.966302,146.604543,0.0,12,4
6697,823.003516,1.0,432.0,0.0,432.0,0.0,0.0,1.0,0,12,1500.0,212.326548,316.809973,0.0,12,4
6698,40.640681,1.0,441.23,0.0,441.23,0.0,0.0,0.833333,0,17,5000.0,379.012616,149.294359,0.5,12,4
6699,104.963063,1.0,35.74,0.0,35.74,0.0,0.0,0.166667,0,2,1500.0,71.588986,178.306161,0.0,12,4
6708,1477.960998,1.0,349.25,0.0,349.25,0.0,0.0,0.833333,0,11,1500.0,528.615684,500.339157,0.0,12,4
6711,31.744161,0.272727,465.5,0.0,513.0,0.0,0.0,0.166667,0,6,2500.0,767.462556,70.68518,0.0,12,4
6715,37.759404,1.0,398.64,0.0,398.64,0.0,0.0,1.0,0,12,2500.0,429.594704,186.268047,1.0,12,4
6717,61.080098,1.0,729.6,0.0,729.6,0.0,0.0,1.0,0,22,2500.0,733.044687,174.464929,0.833333,12,4
6721,82.902896,0.727273,430.43,0.0,430.43,0.0,0.0,0.416667,0,10,2500.0,315.075002,87.824996,0.083333,12,4
6724,55.039565,1.0,571.52,0.0,571.52,0.0,0.0,1.0,0,44,3000.0,596.54897,176.777412,1.0,12,4
6730,80.607988,1.0,1638.3,0.0,1638.3,0.0,0.0,1.0,0,35,6000.0,1589.707781,67.939783,0.2,12,4
6731,92.261256,0.272727,666.68,0.0,666.68,0.0,0.0,0.333333,0,4,900.0,2510.558599,259.141203,0.0,12,4
6735,92.876617,1.0,922.74,0.0,922.74,0.0,0.0,1.0,0,69,3000.0,897.050714,176.218615,1.0,12,4
6739,1038.465061,1.0,264.8,0.0,264.8,0.0,0.0,0.333333,0,5,1000.0,418.812352,773.534938,0.0,12,4
6740,98.039262,1.0,258.36,0.0,258.36,0.0,0.0,0.714286,0,6,1500.0,146.073798,99.260979,0.0,7,4
6741,177.551278,0.636364,66.25,0.0,66.25,0.0,0.0,0.416667,0,5,2500.0,2283.641666,3116.67911,0.0,12,4
6745,156.72326,1.0,1776.76,0.0,1776.76,0.0,0.0,0.916667,0,22,9600.0,1339.303085,185.281009,0.916667,12,4
6748,4.766639,0.363636,32.22,0.0,32.22,0.0,0.0,0.083333,0,1,6000.0,185.232035,124.66745,0.5,12,4
6751,339.039307,1.0,345.66,45.65,300.01,0.0,0.083333,0.75,0,10,1000.0,102.011016,294.47698,0.0,12,4
6753,65.652855,1.0,480.0,0.0,480.0,0.0,0.0,0.666667,0,12,1400.0,444.504448,192.250083,0.6,12,4
6760,1842.11833,1.0,83.31,0.0,83.31,0.0,0.0,0.083333,0,3,2000.0,603.296946,1018.247383,0.0,12,4
6763,14.012088,0.818182,165.09,0.0,165.09,0.0,0.0,0.75,0,9,5000.0,218.895476,157.783535,0.9,12,4
6764,1308.126179,1.0,102.75,0.0,102.75,0.0,0.0,0.75,0,10,3000.0,865.740388,288.129171,0.0,12,4
6769,150.351174,1.0,1039.92,0.0,1039.92,0.0,0.0,1.0,0,12,1000.0,984.158369,168.596244,0.2,12,4
6777,258.837282,1.0,831.6,0.0,831.6,0.0,0.0,1.0,0,51,2500.0,366.15467,173.631099,0.0,12,4
6778,114.806604,1.0,675.0,0.0,675.0,0.0,0.0,0.666667,0,12,1000.0,671.28341,211.872834,0.083333,12,4
6779,25.576426,1.0,225.0,0.0,225.0,0.0,0.0,1.0,0,12,2700.0,232.652483,165.826627,0.416667,12,4
6782,1251.26572,1.0,494.04,0.0,494.04,0.0,0.0,0.727273,0,12,1000.0,179.372971,8411.177378,0.0,11,4
6784,28.178604,0.909091,208.6,0.0,208.6,0.0,0.0,0.75,0,10,1000.0,186.560331,166.048636,0.375,12,4
6790,30.957159,0.454545,426.25,0.0,653.55,0.0,0.0,0.5,0,19,1200.0,460.814602,108.772098,0.0,12,4
6793,14.480094,0.571429,134.6,0.0,134.6,0.0,0.0,0.428571,0,4,3000.0,155.845232,102.333285,1.0,7,4
6795,202.326177,0.888889,1800.0,0.0,1800.0,0.0,0.0,0.888889,0,9,1000.0,1502.595015,144.69691,0.571429,9,4
6796,7.166625,0.454545,62.0,0.0,62.0,0.0,0.0,0.083333,0,2,3000.0,132.643754,51.950904,0.142857,12,4
6801,11.13998,0.636364,200.0,0.0,200.0,0.0,0.0,0.416667,0,6,3000.0,338.521478,184.326343,1.0,12,4
6804,255.851136,0.909091,311.8,0.0,311.8,0.0,0.0,0.666667,0,8,2500.0,709.240603,2703.147477,0.0,12,4
6805,499.751638,1.0,468.6,0.0,468.6,0.0,0.0,0.75,0,10,1200.0,1092.978851,178.853712,0.083333,12,4
6812,103.622401,0.909091,351.5,0.0,351.5,0.0,0.0,0.416667,0,9,3000.0,350.616751,169.07969,0.111111,12,4
6813,3.76029,0.181818,45.0,0.0,45.0,0.0,0.0,0.083333,0,2,3000.0,1895.798955,68.967179,0.0,12,4
6816,11.64104,0.363636,167.22,0.0,167.22,0.0,0.0,0.416667,0,5,4000.0,167.751977,69.564242,0.363636,12,4
6819,16.840922,0.272727,30.57,0.0,30.57,0.0,0.0,0.083333,0,1,4000.0,501.663366,122.153236,0.0,12,4
6820,43.633541,1.0,385.76,0.0,385.76,0.0,0.0,1.0,0,18,5000.0,391.229684,178.370583,0.833333,12,4
6821,190.056883,1.0,501.88,25.0,476.88,0.0,0.083333,1.0,0,13,2000.0,493.981832,189.50275,0.0,12,4
6828,126.945696,1.0,1086.26,0.0,1086.26,0.0,0.0,1.0,0,34,4500.0,981.005079,162.218628,0.916667,12,4
6831,128.982891,1.0,237.0,0.0,237.0,0.0,0.0,0.916667,0,12,5000.0,192.681715,165.041701,0.0,12,4
6834,694.409019,1.0,80.0,0.0,80.0,0.0,0.0,0.166667,0,4,5000.0,767.024618,228.893626,0.0,12,4
6836,34.600595,0.454545,359.5,0.0,359.5,0.0,0.0,0.416667,0,7,5000.0,449.718054,71.384549,0.454545,12,4
6840,15.491884,0.272727,84.0,0.0,84.0,0.0,0.0,0.166667,0,4,5000.0,178.18272,55.922251,0.272727,12,4
6845,6.96194,0.272727,80.43,0.0,80.43,0.0,0.0,0.181818,0,3,1000.0,140.958283,153.887492,1.0,11,4
6846,162.046468,1.0,1768.05,0.0,1768.05,0.0,0.0,1.0,0,18,5000.0,1668.054457,172.804335,0.916667,12,4
6849,1098.52228,1.0,285.24,0.0,285.24,0.0,0.0,0.5,0,9,1200.0,554.294411,724.979174,0.0,12,4
6852,25.25977,0.181818,366.66,0.0,366.66,0.0,0.0,0.083333,0,2,500.0,1073.058459,164.17889,1.0,12,4
6853,10.801231,0.4,70.0,0.0,70.0,0.0,0.0,0.3,0,4,1200.0,45.214284,143.706295,0.0,10,4
6856,133.724675,0.818182,1499.94,0.0,1499.94,0.0,0.0,0.666667,0,9,5000.0,1353.4934,144.022718,0.666667,12,4
6857,592.466798,1.0,5629.41,0.0,6229.41,0.0,0.0,1.0,0,82,6000.0,5723.333315,187.963174,0.833333,12,4
6859,1337.107101,1.0,466.67,0.0,466.67,0.0,0.0,0.416667,0,15,1500.0,555.683726,577.688088,0.0,12,4
6860,32.381593,0.818182,445.7,0.0,445.7,0.0,0.0,0.833333,0,10,2500.0,563.718775,170.968893,0.875,12,4
6871,56.726412,1.0,268.68,0.0,268.68,0.0,0.0,1.0,0,12,3500.0,261.671184,198.263057,0.083333,12,4
6873,92.119709,0.857143,499.98,0.0,499.98,0.0,0.0,0.714286,0,6,1500.0,471.641077,95.821841,1.0,7,4
6876,9.153671,0.272727,126.6,0.0,126.6,0.0,0.0,0.416667,0,6,2900.0,134.386353,46.037748,0.0,12,4
6880,68.448626,0.909091,51.7,0.0,51.7,0.0,0.0,0.25,0,3,2500.0,145.632497,164.432591,0.0,12,4
6882,1362.522626,1.0,62.25,0.0,62.25,56.644654,0.0,0.083333,2,1,1500.0,349.397408,341.393229,0.0,12,4
6886,4.334047,0.2,73.17,0.0,73.17,0.0,0.0,0.3,0,3,2900.0,160.363635,94.101695,0.0,10,4
6888,93.977513,0.909091,389.44,0.0,389.44,0.0,0.0,0.727273,0,8,2500.0,455.962105,114.634795,0.2,11,4
6890,31.475251,1.0,479.96,0.0,479.96,0.0,0.0,1.0,0,35,2500.0,431.591387,176.765922,1.0,12,4
6896,37.022109,1.0,247.92,0.0,247.92,0.0,0.0,1.0,0,12,4000.0,227.869425,172.187284,0.333333,12,4
6902,347.251558,1.0,210.8,0.0,210.8,0.0,0.0,0.833333,0,10,2500.0,193.95584,183.60963,0.0,12,4
6904,42.852743,1.0,381.2,0.0,381.2,0.0,0.0,0.916667,0,18,2500.0,330.100638,174.766771,0.8,12,4
6906,1807.764778,1.0,1666.2,0.0,1666.2,0.0,0.0,1.0,0,60,1500.0,1662.438437,11116.45317,0.0,12,4
6911,311.987575,0.363636,684.24,0.0,684.24,0.0,0.0,1.0,0,37,1000.0,2154.534733,508.095621,0.0,12,4
6913,832.774626,1.0,416.76,0.0,416.76,0.0,0.0,0.583333,0,10,1000.0,169.674083,296.943958,0.0,12,4
6918,51.469651,0.727273,1169.0,0.0,1169.0,0.0,0.0,1.0,0,24,1900.0,915.66564,111.493268,0.5,12,4
6920,4.045339,0.363636,35.0,0.0,35.0,0.0,0.0,0.166667,0,2,7500.0,122.129596,110.576473,0.25,12,4
6922,0.737154,0.181818,427.5,0.0,427.5,0.0,0.0,1.0,0,23,1500.0,443.007864,15.052203,0.111111,12,4
6923,98.935446,0.363636,1002.0,0.0,1002.0,0.0,0.0,0.25,0,4,1500.0,1863.921412,171.566972,0.0,12,4
6928,574.416538,0.909091,376.2,0.0,376.2,0.0,0.0,1.0,0,24,1500.0,1100.109444,228.565068,0.0,12,4
6929,2545.706139,1.0,2443.2,0.0,2443.2,0.0,0.0,0.833333,0,38,6000.0,6540.889639,2250.946034,0.0,12,4
6930,234.36305,0.727273,668.27,0.0,668.27,0.0,0.0,0.5,0,8,4000.0,143.21216,191.898595,0.0,12,4
6931,14.002192,0.363636,76.0,0.0,76.0,0.0,0.0,0.166667,0,4,5000.0,186.022727,81.496891,0.0,12,4
6936,37.307085,0.833333,363.38,0.0,363.38,36.363896,0.0,0.666667,1,6,1200.0,284.093261,92.369903,0.0,6,4
6938,65.45872,1.0,570.96,0.0,570.96,0.0,0.0,0.833333,0,6,1000.0,445.823378,84.922938,1.0,6,4
6940,100.123394,1.0,320.0,0.0,320.0,0.0,0.0,0.875,0,8,1000.0,161.356208,132.522411,0.0,8,4
6946,673.982097,1.0,110.0,0.0,110.0,0.0,0.0,0.166667,0,2,1000.0,789.587001,175.328419,0.0,12,4
6948,27.539766,0.636364,578.0,0.0,578.0,0.0,0.0,0.666667,0,8,5000.0,780.002496,153.433604,1.0,12,4
6952,89.22671,0.7,930.0,0.0,930.0,0.0,0.0,0.5,0,6,1000.0,1205.16186,123.823581,1.0,10,4
6953,37.683028,1.0,356.27,1.4,354.87,0.0,0.166667,0.166667,0,6,6500.0,96.582811,81.329167,0.0,12,4
6954,26.800912,1.0,163.2,0.0,163.2,0.0,0.0,0.75,0,9,3000.0,144.275838,130.672307,0.0,12,4
6961,69.920933,0.727273,680.0,0.0,680.0,0.0,0.0,0.636364,0,8,3500.0,668.711777,184.993332,0.857143,11,4
6967,75.9863,1.0,986.0,0.0,986.0,0.0,0.0,0.8,0,10,1000.0,807.394469,146.785318,0.555556,10,4
6970,1618.393031,1.0,833.36,0.0,833.36,0.0,0.0,1.0,0,30,1500.0,962.749997,1982.872638,0.0,12,4
6979,14.371243,0.363636,294.28,0.0,294.28,0.0,0.0,0.25,0,8,2500.0,506.189083,124.313354,0.5,12,4
6981,27.533451,0.909091,187.5,0.0,187.5,0.0,0.0,0.416667,0,6,2000.0,280.02494,137.46898,0.333333,12,4
6982,18.527285,1.0,274.92,0.0,274.92,0.0,0.0,1.0,0,12,1000.0,253.155177,134.848517,0.909091,12,4
6984,51.65143,0.727273,398.98,0.0,398.98,0.0,0.0,0.333333,0,6,2500.0,452.347581,264.697366,0.571429,12,4
6987,50.848135,0.909091,643.6,0.0,643.6,0.0,0.0,0.75,0,13,1400.0,440.20021,218.581641,0.333333,12,4
6989,6.104302,0.272727,134.97,0.0,134.97,0.0,0.0,0.25,0,6,4000.0,202.780964,42.148136,0.181818,12,4
6994,916.627912,1.0,155.96,0.0,155.96,0.0,0.0,0.333333,0,8,1200.0,717.21209,389.19459,0.0,12,4
6996,29.60298,0.545455,144.94,0.0,144.94,0.0,0.0,0.25,0,7,5000.0,249.685121,88.988794,0.181818,12,4
6999,72.025683,0.545455,891.28,0.0,891.28,0.0,0.0,0.5,0,6,10000.0,7220.399443,139.16394,0.833333,12,4
7007,1004.262002,1.0,150.0,0.0,150.0,0.0,0.0,0.333333,0,6,1000.0,390.113261,851.977449,0.0,12,4
7009,43.561434,1.0,391.32,0.0,391.32,0.0,0.0,0.916667,0,12,1000.0,357.097464,171.020193,0.9,12,4
7018,49.269195,1.0,213.75,0.0,213.75,0.0,0.0,0.666667,0,9,2500.0,196.765989,206.997029,0.0,12,4
7022,74.195316,1.0,796.56,0.0,796.56,0.0,0.0,1.0,0,12,2500.0,772.022619,176.637343,0.5,12,4
7025,63.738066,1.0,961.86,0.0,961.86,0.0,0.0,1.0,0,34,5000.0,905.343134,163.858003,0.75,12,4
7026,1779.796624,1.0,50.37,0.0,50.37,0.0,0.0,0.25,0,3,2000.0,578.775786,391.941294,0.0,12,4
7028,119.237712,1.0,342.74,0.0,342.74,0.0,0.0,1.0,0,20,2000.0,327.166041,165.207233,0.0,12,4
7031,275.8837,1.0,424.44,0.0,424.44,0.0,0.0,1.0,0,12,2500.0,159.715319,169.767772,0.0,12,4
7032,1458.219714,1.0,701.52,0.0,701.52,0.0,0.0,0.5,0,13,1500.0,612.91894,1827.848509,0.0,12,4
7035,1369.512062,1.0,589.94,0.0,589.94,0.0,0.0,1.0,0,23,5000.0,482.481306,488.548589,0.0,12,4
7036,28.320092,0.363636,332.5,0.0,332.5,0.0,0.0,0.166667,0,6,3000.0,812.371249,162.177358,0.333333,12,4
7037,16.11487,0.545455,313.25,0.0,313.25,0.0,0.0,0.583333,0,7,3000.0,456.429011,147.581109,0.857143,12,4
7038,91.029575,1.0,1055.7,0.0,1055.7,0.0,0.0,1.0,0,14,5000.0,1083.300243,163.891113,1.0,12,4
7047,0.064811,0.272727,111.84,0.0,111.84,0.0,0.0,0.916667,0,11,1500.0,115.525496,9.960909,0.0,12,4
7048,341.58222,1.0,1691.22,0.0,1691.22,0.0,0.0,0.75,0,24,3000.0,1378.090415,209.55412,0.166667,12,4
7051,55.28905,0.909091,610.47,0.0,610.47,0.0,0.0,0.727273,0,9,2000.0,616.052713,178.545649,0.444444,11,4
7052,0.0,0.0,278.0,0.0,278.0,0.0,0.0,0.666667,0,8,1000.0,429.55698,21.401781,0.142857,12,4
7058,120.94715,0.636364,1242.55,0.0,1242.55,0.0,0.0,0.583333,0,14,2000.0,2202.224677,170.96615,0.428571,12,4
7067,46.89543,0.727273,682.64,0.0,682.64,0.0,0.0,0.583333,0,16,2000.0,864.625632,170.244751,1.0,12,4
7069,274.604824,1.0,341.37,0.0,341.37,0.0,0.0,0.5,0,7,2500.0,101.053841,171.581036,0.0,12,4
7071,276.213858,0.727273,449.86,0.0,449.86,0.0,0.0,1.0,0,19,1000.0,1605.512753,199.950493,0.181818,12,4
7079,91.597667,1.0,947.97,0.0,947.97,0.0,0.0,1.0,0,28,5000.0,876.723841,164.622858,0.833333,12,4
7083,11.441738,0.363636,93.6,0.0,93.6,0.0,0.0,0.25,0,3,1900.0,603.723258,130.224347,0.25,12,4
7084,23.583209,1.0,199.32,0.0,199.32,0.0,0.0,1.0,0,12,1500.0,160.013341,162.466706,0.416667,12,4
7087,16.629043,0.272727,286.56,0.0,286.56,0.0,0.0,0.25,0,3,1500.0,1080.55703,130.267549,1.0,12,4
7088,126.467835,0.909091,319.34,0.0,319.34,0.0,0.0,0.333333,0,6,2700.0,512.790367,163.353616,0.0,12,4
7089,23.111629,0.363636,237.66,0.0,237.66,0.0,0.0,0.166667,0,3,3000.0,538.820587,131.332498,1.0,12,4
7091,679.508597,1.0,380.1,0.0,380.1,0.0,0.0,0.416667,0,5,2500.0,443.106331,249.318198,0.0,12,4
7093,1.59198,1.0,166.63,0.0,166.63,0.0,0.0,0.083333,0,1,6000.0,331.28441,20.192605,0.083333,12,4
7096,38.251194,1.0,368.84,0.0,368.84,0.0,0.0,0.416667,0,6,3000.0,417.861072,109.747646,0.333333,12,4
7097,5.310611,0.25,234.0,0.0,234.0,0.0,0.0,0.625,0,6,1500.0,303.704799,19.894581,0.0,8,4
7101,15.797437,0.636364,195.0,0.0,195.0,0.0,0.0,0.416667,0,9,2000.0,283.424488,145.48842,0.6,12,4
7104,2.053676,0.181818,74.0,0.0,74.0,0.0,0.0,0.083333,0,2,6000.0,68.147484,29.485897,0.090909,12,4
7107,7.388588,0.545455,84.05,0.0,84.05,0.0,0.0,0.416667,0,5,4000.0,171.883336,99.694319,0.2,12,4
7114,44.63179,0.909091,582.6,0.0,582.6,0.0,0.0,1.0,0,12,3000.0,854.15178,149.201617,0.545455,12,4
7115,825.952638,1.0,1024.75,0.0,1024.75,0.0,0.0,1.0,0,39,1200.0,746.172552,178.711078,0.0,12,4
7120,23.261586,0.636364,252.0,0.0,252.0,0.0,0.0,0.583333,0,7,2500.0,430.487291,151.393708,1.0,12,4
7121,12.333825,0.727273,182.16,0.0,182.16,0.0,0.0,0.583333,0,8,5000.0,150.287189,119.24025,0.583333,12,4
7125,55.176498,1.0,283.02,0.0,283.02,0.0,0.0,0.833333,0,6,1000.0,213.493415,86.257328,1.0,6,4
7126,33.146065,1.0,218.76,0.0,218.76,0.0,0.0,1.0,0,12,5000.0,199.280071,155.771045,0.25,12,4
7128,15.232505,0.272727,384.0,0.0,384.0,0.0,0.0,1.0,0,12,1500.0,568.982664,54.449416,0.272727,12,4
7137,69.79641,0.818182,1175.88,0.0,1175.88,0.0,0.0,0.75,0,10,2000.0,1410.334754,168.061584,0.777778,12,4
7139,22.56964,0.545455,248.1,110.8,137.3,0.0,0.166667,0.083333,0,7,1200.0,111.212325,74.477866,0.0,12,4
7140,172.70596,1.0,55.0,0.0,55.0,0.0,0.0,0.333333,0,4,1500.0,190.74504,309.538715,0.0,12,4
7141,21.966399,0.818182,109.16,35.0,74.16,0.0,0.083333,0.666667,0,9,4000.0,125.832337,122.69702,0.181818,12,4
7142,11.250371,0.636364,141.12,0.0,141.12,0.0,0.0,0.5,0,7,5000.0,94.386204,89.013323,0.166667,12,4
7145,78.379827,1.0,865.07,0.0,865.07,0.0,0.0,0.5,0,46,5000.0,1255.249234,206.116939,0.2,12,4
7146,37.021347,0.272727,133.35,0.0,133.35,0.0,0.0,0.083333,0,1,2500.0,936.840542,280.738043,0.5,12,4
7147,7.099375,0.363636,81.12,0.0,81.12,0.0,0.0,0.166667,0,3,4000.0,157.006258,86.15393,0.5,12,4
7148,27.625906,0.818182,234.48,0.0,234.48,0.0,0.0,1.0,0,12,2500.0,109.281131,93.62464,0.0,12,4
7149,214.436679,1.0,1986.7,0.0,1986.7,0.0,0.0,0.5,0,6,700.0,2186.981284,1923.940036,0.1,12,4
7151,21.844186,1.0,169.56,0.0,169.56,0.0,0.0,0.666667,0,9,2500.0,181.438267,99.402121,0.125,12,4
7154,815.229732,1.0,2371.92,0.0,2371.92,0.0,0.0,1.0,0,12,2000.0,1741.315136,197.837436,0.0,12,4
7155,337.616152,1.0,64.12,0.0,64.12,0.0,0.0,0.5,0,7,2000.0,422.115624,187.794283,0.0,12,4
7159,42.170547,1.0,588.0,0.0,588.0,0.0,0.0,1.0,0,12,2500.0,611.475897,164.424956,0.636364,12,4
7164,50.078433,0.272727,339.69,0.0,339.69,0.0,0.0,0.166667,0,6,1200.0,76.455028,165.07605,0.0,12,4
7166,7.605458,0.636364,89.75,0.0,89.75,0.0,0.0,0.416667,0,5,4000.0,132.580643,102.415643,0.454545,12,4
7176,2.930211,0.4,285.39,0.0,285.39,0.0,0.0,0.8,0,9,1500.0,305.985621,31.631949,0.0,10,4
7180,676.221211,1.0,125.0,0.0,125.0,0.0,0.0,0.454545,0,5,1000.0,340.888872,204.474576,0.0,11,4
7183,34.40685,1.0,133.0,0.0,133.0,0.0,0.0,0.333333,0,6,1500.0,153.124928,152.925044,0.0,12,4
7184,225.662097,1.0,2566.91,0.0,2566.91,0.0,0.0,1.0,0,41,5000.0,2649.088349,164.760179,1.0,12,4
7185,402.512336,0.909091,150.0,0.0,150.0,0.0,0.0,0.181818,0,3,450.0,228.715923,189.459157,0.0,11,4
7189,2530.378121,1.0,55.5,0.0,55.5,0.0,0.0,0.25,0,3,3500.0,1041.914403,585.213037,0.0,12,4
7191,7.097146,0.636364,78.19,0.0,78.19,0.0,0.0,0.5,0,7,5000.0,63.770059,74.625067,0.5,12,4
7194,950.716155,1.0,335.62,0.0,335.62,0.0,0.0,0.5,0,6,1000.0,762.737851,726.519901,0.0,12,4
7196,509.685823,1.0,457.68,0.0,457.68,0.0,0.0,1.0,0,24,4000.0,157.893758,227.507164,0.0,12,4
7206,41.414562,1.0,440.0,0.0,440.0,0.0,0.0,0.833333,0,11,1000.0,445.575139,147.958998,0.777778,12,4
7226,189.434859,1.0,500.09,0.0,500.09,0.0,0.0,0.916667,0,24,3000.0,521.673011,171.538499,0.0,12,4
7237,10.536718,0.636364,385.4,0.0,385.4,0.0,0.0,0.333333,0,5,2500.0,416.407817,69.890263,0.2,12,4
7241,876.008428,1.0,500.0,0.0,500.0,182.955711,0.0,0.333333,1,4,1200.0,510.340741,317.670219,0.0,12,4
7242,150.071799,0.818182,1800.0,0.0,1800.0,0.0,0.0,0.666667,0,9,5000.0,2021.257541,166.582953,1.0,12,4
7246,290.079966,1.0,550.93,0.0,550.93,0.0,0.0,0.583333,0,17,4000.0,579.825344,454.611106,0.0,12,4
7248,18.957284,0.636364,187.25,0.0,187.25,0.0,0.0,0.583333,0,7,3000.0,296.967289,147.013046,0.714286,12,4
7253,8.35947,0.181818,81.78,0.0,81.78,0.0,0.0,0.083333,0,1,4000.0,896.300688,117.706351,1.0,12,4
7260,28.155795,0.454545,324.17,0.0,324.17,0.0,0.0,0.416667,0,5,1500.0,354.506682,83.999117,0.4,12,4
7262,26.864424,1.0,373.77,0.0,373.77,0.0,0.0,0.916667,0,12,7000.0,381.479704,160.260471,1.0,12,4
7264,1150.867752,1.0,108.0,0.0,108.0,0.0,0.0,0.333333,0,4,1000.0,98.195732,9448.613073,0.0,12,4
7268,32.71168,0.454545,350.0,0.0,350.0,0.0,0.0,0.333333,0,6,3000.0,421.815239,178.406886,1.0,12,4
7269,133.797452,0.636364,2460.0,0.0,2460.0,0.0,0.0,0.5,0,24,2500.0,3601.545344,131.732911,1.0,12,4
7281,611.327959,1.0,518.88,0.0,518.88,0.0,0.0,1.0,0,76,600.0,670.361848,861.197225,0.0,12,4
7282,1205.024103,1.0,1247.43,0.0,1247.43,0.0,0.0,1.0,0,41,1000.0,1314.358147,2812.820485,0.0,12,4
7284,32.928594,1.0,337.0,0.0,337.0,0.0,0.0,1.0,0,18,2500.0,398.157668,156.144868,0.5,12,4
7287,1456.624844,1.0,53.9,0.0,53.9,0.0,0.0,0.583333,0,7,1500.0,330.888649,527.393837,0.0,12,4
7289,5.135703,0.181818,323.71,0.0,323.71,0.0,0.0,1.0,0,17,1500.0,219.996991,27.362336,0.083333,12,4
7294,9.048773,0.909091,316.2,0.0,316.2,0.0,0.0,1.0,0,24,2000.0,391.398298,89.505939,0.6,12,4
7301,28.612828,1.0,208.0,0.0,208.0,0.0,0.0,0.833333,0,10,3000.0,253.537038,169.800871,0.0,12,4
7305,42.653615,1.0,93.24,0.0,93.24,0.0,0.0,0.5,0,6,5000.0,156.57819,95.992733,0.0,12,4
7306,284.43378,0.363636,212.92,0.0,212.92,0.0,0.0,0.833333,0,15,1500.0,1202.791804,150.107024,0.0,12,4
7310,31.872458,0.636364,394.0,0.0,394.0,0.0,0.0,0.25,0,6,1500.0,778.621541,154.099558,1.0,12,4
7316,69.4432,1.0,368.16,0.0,368.16,0.0,0.0,1.0,0,32,2500.0,153.124113,143.416453,0.083333,12,4
7317,26.526741,0.875,135.31,0.0,135.31,0.0,0.0,0.75,0,7,1500.0,93.853979,112.781199,0.8,8,4
7321,71.431411,1.0,2068.41,0.0,2068.41,0.0,0.0,1.0,0,27,2500.0,1984.989648,59.522727,0.25,12,4
7322,42.288669,1.0,313.36,0.0,313.36,0.0,0.0,0.666667,0,8,2000.0,428.089548,189.922028,0.666667,12,4
7328,55.17712,0.8,532.64,0.0,532.64,0.0,0.0,0.7,0,8,2500.0,547.608958,136.197871,1.0,10,4
7332,3.513242,0.363636,48.04,0.0,48.04,0.0,0.0,0.333333,0,4,1500.0,140.940173,109.557678,0.6,12,4
7340,114.752318,1.0,387.12,0.0,387.12,0.0,0.0,0.916667,0,12,2500.0,981.332431,122.369566,0.181818,12,4
7341,201.487515,1.0,1688.12,0.0,1688.12,0.0,0.0,1.0,0,12,4000.0,1641.148627,174.408798,1.0,12,4
7345,1728.29571,1.0,673.8,0.0,673.8,0.0,0.0,1.0,0,12,1700.0,727.421149,1751.732122,0.0,12,4
7346,1035.03102,1.0,704.17,0.0,704.17,0.0,0.0,1.0,0,33,3400.0,274.26228,272.890448,0.0,12,4
7347,14.869439,0.818182,391.68,0.0,391.68,0.0,0.0,0.833333,0,10,1500.0,442.402951,157.621718,1.0,12,4
7348,842.103869,1.0,496.56,0.0,496.56,0.0,0.0,1.0,0,12,1000.0,254.599294,467.881962,0.0,12,4
7349,1809.917132,1.0,266.64,0.0,266.64,0.0,0.0,1.0,0,24,2500.0,77.991128,13916.7029,0.0,12,4
7353,135.418099,1.0,777.16,0.0,777.16,0.0,0.0,1.0,0,47,3000.0,601.471905,174.116193,0.0,12,4
7354,19.587949,0.909091,299.77,0.0,299.77,0.0,0.0,1.0,0,16,2700.0,327.059511,133.485652,0.888889,12,4
7355,745.368581,1.0,153.89,0.0,153.89,0.0,0.0,0.916667,0,11,1700.0,500.110264,191.010274,0.0,12,4
7356,274.305611,1.0,419.88,0.0,419.88,0.0,0.0,1.0,0,24,2500.0,665.834636,185.135125,0.0,12,4
7362,36.57785,0.545455,561.48,0.0,561.48,0.0,0.0,0.416667,0,6,3000.0,891.708605,167.286067,1.0,12,4
7364,17.905235,0.363636,159.0,0.0,159.0,0.0,0.0,0.083333,0,2,4000.0,134.532028,61.971748,0.166667,12,4
7366,63.292505,1.0,545.38,0.0,545.38,0.0,0.0,0.833333,0,11,4000.0,520.936337,156.600058,0.166667,12,4
7368,129.881716,0.909091,672.0,0.0,672.0,0.0,0.0,0.666667,0,8,1500.0,775.413322,161.436088,0.0,12,4
7371,20.920544,0.727273,392.96,0.0,392.96,0.0,0.0,0.583333,0,8,4000.0,324.004832,108.557891,0.5,12,4
7376,1223.783946,1.0,135.24,0.0,135.24,0.0,0.0,1.0,0,12,1200.0,328.934771,678.336519,0.0,12,4
7377,659.121167,1.0,458.5,0.0,458.5,0.0,0.0,0.916667,0,11,1500.0,65.156724,2883.926424,0.0,12,4
7385,61.653547,0.454545,1194.22,0.0,1194.22,0.0,0.0,0.666667,0,20,3777.777778,1775.371596,101.147508,0.0,12,4
7387,23.587067,1.0,837.48,0.0,837.48,0.0,0.0,1.0,0,12,3500.0,775.895535,3.300026,0.166667,12,4
7390,677.077167,1.0,119.19,0.0,119.19,181.735735,0.0,0.416667,1,5,700.0,504.762147,641.307637,0.0,12,4
7391,2.910578,0.727273,56.94,0.0,56.94,0.0,0.0,0.25,0,3,3000.0,129.412694,42.033228,0.272727,12,4
7392,807.555134,0.818182,242.06,0.0,242.06,0.0,0.0,0.5,0,6,1000.0,1610.237285,504.351185,0.0,12,4
7395,1.941328,0.181818,15.3,0.0,15.3,0.0,0.0,0.083333,0,1,5000.0,190.254352,117.892476,0.0,12,4
7399,25.921726,0.545455,268.92,0.0,268.92,0.0,0.0,0.416667,0,6,1500.0,458.387948,146.450708,1.0,12,4
7404,48.573636,1.0,258.36,0.0,258.36,0.0,0.0,0.833333,0,6,1500.0,197.464636,81.829414,0.5,6,4
7409,18.627266,0.888889,309.26,0.0,309.26,0.0,0.0,0.777778,0,14,1500.0,272.654072,122.277171,0.714286,9,4
7414,145.47022,1.0,95.0,38.0,57.0,0.0,0.083333,0.166667,0,4,1500.0,175.248349,162.398092,0.0,12,4
7416,1273.498021,1.0,449.28,0.0,449.28,0.0,0.0,1.0,0,12,1200.0,475.727103,4224.383226,0.0,12,4
7431,38.068219,0.727273,799.92,0.0,799.92,0.0,0.0,1.0,0,12,2500.0,553.927866,85.990408,0.333333,12,4
7438,11.981427,0.727273,187.55,0.0,187.55,0.0,0.0,0.75,0,9,1000.0,261.920143,160.970746,0.625,12,4
7440,0.0,0.0,300.0,0.0,300.0,0.0,0.0,0.083333,0,1,4000.0,5228.819138,81.403177,0.0,12,4
7448,2076.211673,1.0,1057.0,0.0,1057.0,0.0,0.0,0.333333,0,8,2500.0,696.769705,711.321984,0.0,12,4
7449,63.078242,1.0,114.0,0.0,114.0,0.0,0.0,0.25,0,3,3000.0,184.582486,136.782541,0.0,12,4
7453,83.258534,1.0,41.4,11.9,29.5,0.0,0.083333,0.166667,0,3,2700.0,157.225241,163.317598,0.0,12,4
7455,304.249156,0.909091,3127.98,0.0,3127.98,0.0,0.0,0.833333,0,10,6000.0,3489.90364,3240.48429,0.714286,12,4
7456,16.004225,0.636364,159.44,0.0,159.44,0.0,0.0,0.583333,0,11,2700.0,276.112744,141.915829,0.285714,12,4
7466,2071.951442,1.0,2090.21,0.0,2090.21,0.0,0.0,1.0,0,80,2500.0,1326.995454,556.63142,0.0,12,4
7470,82.568778,1.0,471.64,0.0,471.64,0.0,0.0,0.916667,0,23,1200.0,554.168419,214.877676,0.333333,12,4
7479,124.743322,0.636364,1007.45,0.0,1007.45,0.0,0.0,0.583333,0,14,2500.0,1616.540779,146.493501,1.0,12,4
7485,82.98006,1.0,906.78,0.0,906.78,0.0,0.0,1.0,0,25,3000.0,780.205026,152.745483,0.818182,12,4
7492,424.968492,1.0,272.28,0.0,272.28,0.0,0.0,1.0,0,24,1700.0,64.658608,745.781019,0.0,12,4
7494,24.818476,0.909091,390.05,44.9,345.15,0.0,0.083333,0.75,0,11,1000.0,423.338628,117.838976,0.272727,12,4
7501,28.80071,0.727273,173.02,0.0,173.02,0.0,0.0,0.5,0,6,1000.0,229.503322,133.44239,0.272727,12,4
7504,700.723718,1.0,425.18,0.0,425.18,0.0,0.0,1.0,0,29,3000.0,148.581846,214.200975,0.0,12,4
7505,8.27913,0.454545,670.0,0.0,670.0,0.0,0.0,1.0,0,16,2500.0,703.772949,43.259694,0.090909,12,4
7506,1373.700066,1.0,267.75,0.0,267.75,38.898599,0.0,0.666667,2,9,1500.0,446.146419,692.725571,0.0,12,4
7510,1736.930299,1.0,616.0,0.0,616.0,0.0,0.0,0.916667,0,11,1900.0,803.881382,644.158808,0.0,12,4
7511,242.53001,1.0,3520.0,0.0,3520.0,0.0,0.0,0.916667,0,11,650.0,3814.912997,3236.66486,0.333333,12,4
7512,1372.083399,1.0,800.0,0.0,800.0,0.0,0.0,0.833333,0,10,1200.0,1190.700111,2461.558168,0.0,12,4
7515,15.813502,0.636364,120.88,0.0,120.88,0.0,0.0,0.416667,0,5,5000.0,258.872386,128.94568,0.5,12,4
7517,849.030358,1.0,345.0,0.0,345.0,101.511988,0.0,0.666667,1,24,1200.0,1465.044906,268.949636,0.083333,12,4
7524,22.455964,0.272727,185.25,0.0,185.25,0.0,0.0,0.166667,0,3,1000.0,371.216038,163.465952,1.0,12,4
7529,1.097736,0.272727,343.82,0.0,343.82,169.355104,0.0,0.833333,1,10,4000.0,169.895641,9.801394,0.0,12,4
7530,874.905296,1.0,484.04,0.0,484.04,0.0,0.0,1.0,0,12,1000.0,873.429792,194.064343,0.0,12,4
7532,87.034432,0.636364,697.57,0.0,697.57,0.0,0.0,0.416667,0,15,3200.0,811.903413,112.569353,0.454545,12,4
7542,1033.485033,1.0,137.57,0.0,137.57,0.0,0.0,0.166667,0,3,1000.0,423.925626,708.363328,0.0,12,4
7547,14.143579,0.875,175.98,0.0,175.98,0.0,0.0,0.75,0,7,1500.0,171.928796,111.573318,1.0,8,4
7554,39.469095,0.636364,418.97,0.0,418.97,0.0,0.0,1.0,0,30,3000.0,655.157042,109.865935,0.0,12,4
7556,34.703482,1.0,247.02,0.0,247.02,0.0,0.0,1.0,0,18,2500.0,194.419235,162.909028,0.166667,12,4
7559,27.931382,0.5,169.4,0.0,169.4,0.0,0.0,0.2,0,5,1500.0,116.255235,145.094293,0.0,10,4
7564,5.170635,0.545455,367.95,0.0,367.95,0.0,0.0,0.916667,0,11,1000.0,400.457139,28.883262,0.125,12,4
7570,378.320894,1.0,315.02,0.0,315.02,0.0,0.0,1.0,0,20,1500.0,206.090316,202.391607,0.0,12,4
7571,1492.443188,1.0,1777.27,0.0,1777.27,0.0,0.0,0.833333,0,19,5000.0,1969.412866,344.759419,0.0,12,4
7574,1.063114,0.090909,20.74,0.0,20.74,0.0,0.0,0.166667,0,2,1500.0,168.489938,98.859855,0.0,12,4
7575,12.169653,1.0,187.32,0.0,187.32,0.0,0.0,1.0,0,12,2000.0,182.885361,162.175616,1.0,12,4
7577,77.285458,1.0,495.0,0.0,495.0,0.0,0.0,0.916667,0,12,1500.0,416.913773,206.712535,0.181818,12,4
7579,1247.905033,1.0,553.67,0.0,553.67,0.0,0.0,0.916667,0,11,1200.0,1927.232575,1247.614497,0.083333,12,4
7590,294.720216,1.0,1880.0,0.0,1880.0,0.0,0.0,0.833333,0,6,1000.0,1479.018473,87.232429,1.0,6,4
7594,44.935526,1.0,401.06,0.0,401.06,0.0,0.0,0.916667,0,11,1000.0,441.438423,181.013795,0.4,12,4
7595,28.497217,1.0,258.91,0.0,258.91,0.0,0.0,1.0,0,21,5000.0,247.067092,162.594517,0.75,12,4
7602,90.582466,1.0,809.79,0.0,809.79,0.0,0.0,1.0,0,44,2700.0,766.101615,175.058479,0.916667,12,4
7604,28.832982,0.9,266.58,0.0,266.58,0.0,0.0,0.8,0,18,1500.0,223.918762,138.849662,0.75,10,4
7605,7.833571,0.181818,92.24,0.0,92.24,0.0,0.0,0.166667,0,2,1500.0,484.14452,83.689672,0.5,12,4
7606,433.075331,1.0,750.0,0.0,750.0,0.0,0.0,0.916667,0,12,1500.0,719.974026,195.907231,0.0,12,4
7607,45.82108,0.181818,632.0,0.0,632.0,0.0,0.0,0.166667,0,2,4000.0,3746.417043,119.285915,1.0,12,4
7610,1008.494418,1.0,639.7,0.0,639.7,0.0,0.0,1.0,0,32,1000.0,862.819773,1027.530687,0.0,12,4
7613,211.865308,0.909091,2505.3,0.0,2505.3,0.0,0.0,0.833333,0,20,3800.0,2944.674292,149.123712,1.0,12,4
7619,205.421413,1.0,1174.98,0.0,1174.98,0.0,0.0,0.833333,0,6,1000.0,989.875292,78.504927,0.5,6,4
7625,16.976117,0.454545,424.99,0.0,424.99,0.0,0.0,0.5,0,7,5000.0,603.395705,77.553281,0.5,12,4
7628,20.594739,1.0,320.64,0.0,320.64,0.0,0.0,1.0,0,12,4000.0,273.840392,168.037964,0.416667,12,4
7630,45.905486,1.0,398.4,0.0,398.4,0.0,0.0,1.0,0,12,4000.0,403.594309,171.92066,0.916667,12,4
7632,25.407311,1.0,504.96,0.0,504.96,0.0,0.0,1.0,0,48,3000.0,464.099225,166.39765,0.916667,12,4
7636,30.217276,0.636364,332.5,0.0,332.5,0.0,0.0,0.5,0,8,3000.0,262.580865,86.813318,0.416667,12,4
7638,124.58001,0.818182,1302.02,0.0,1302.02,0.0,0.0,0.75,0,9,3000.0,1737.687605,162.034789,0.555556,12,4
7639,1.695294,0.090909,9.87,0.0,9.87,0.0,0.0,0.083333,0,1,5000.0,151.732627,98.617471,0.5,12,4
7641,16.388956,0.272727,68.88,0.0,68.88,0.0,0.0,0.166667,0,2,3000.0,639.609691,129.312379,0.0,12,4
7644,68.045739,0.909091,501.85,0.0,501.85,0.0,0.0,1.0,0,31,1200.0,531.541585,149.507563,0.181818,12,4
7646,211.35235,1.0,267.34,0.0,267.34,0.0,0.0,1.0,0,22,4000.0,153.812692,185.947547,0.0,12,4
7647,1.533981,0.545455,141.56,0.0,141.56,0.0,0.0,0.5,0,6,4000.0,248.103302,44.570781,1.0,12,4
7651,180.238427,1.0,2749.92,0.0,2749.92,0.0,0.0,1.0,0,12,500.0,2723.611325,2549.226889,0.083333,12,4
7653,20.599719,0.818182,423.62,0.0,423.62,0.0,0.0,0.666667,0,16,2500.0,452.606219,165.044111,0.714286,12,4
7658,3.019634,0.25,45.6,0.0,45.6,0.0,0.0,0.25,0,2,1600.0,73.212859,111.928897,0.0,8,4
7660,37.550351,1.0,633.24,0.0,633.24,0.0,0.0,1.0,0,12,4000.0,588.246987,197.915029,0.416667,12,4
7662,95.08385,0.818182,817.66,0.0,817.66,0.0,0.0,0.75,0,10,2500.0,761.008544,151.01851,0.375,12,4
7663,2.911999,1.0,347.55,0.0,347.55,0.0,0.0,0.25,0,3,5000.0,386.639613,11.802831,0.0,12,4
7665,143.50998,1.0,549.17,0.0,549.17,0.0,0.0,0.666667,0,22,1500.0,285.145558,207.003426,0.0,12,4
7673,0.0,0.0,30.98,0.0,30.98,0.0,0.0,0.166667,0,2,4000.0,63.582004,14.45821,0.090909,12,4
7678,1.344661,0.181818,785.9,0.0,785.9,0.0,0.0,1.0,0,20,3000.0,789.264325,0.319475,0.0,12,4
7687,33.585586,1.0,298.2,0.0,298.2,0.0,0.0,1.0,0,12,4000.0,299.548557,171.520002,1.0,12,4
7690,50.926002,1.0,165.97,0.0,165.97,0.0,0.0,0.5,0,7,1500.0,119.24583,332.440855,0.0,12,4
7691,16.727286,0.888889,174.46,0.0,174.46,0.0,0.0,0.666667,0,8,1500.0,142.694823,116.628448,0.333333,9,4
7697,25.474414,0.818182,240.0,0.0,240.0,0.0,0.0,1.0,0,12,2000.0,188.072777,127.210691,0.222222,12,4
7701,8.415931,0.545455,136.36,0.0,136.36,0.0,0.0,0.25,0,5,1000.0,333.700979,113.721974,0.5,12,4
7704,50.004286,1.0,341.14,0.0,341.14,0.0,0.0,1.0,0,23,3000.0,231.514712,135.58233,0.0,12,4
7707,1322.64748,1.0,799.92,0.0,799.92,0.0,0.0,1.0,0,20,1000.0,469.485706,9299.951204,0.0,12,4
7713,6.525943,0.285714,290.5,0.0,290.5,0.0,0.0,0.857143,0,7,2000.0,474.469741,16.087082,0.0,7,4
7715,134.299115,0.909091,1059.18,0.0,1059.18,0.0,0.0,0.833333,0,10,4000.0,1201.538972,159.033099,0.727273,12,4
7716,3.483716,0.272727,98.81,0.0,98.81,0.0,0.0,0.25,0,3,3000.0,368.319582,135.799005,1.0,12,4
7718,1520.956418,1.0,450.67,0.0,450.67,0.0,0.0,0.916667,0,11,1500.0,505.658258,4754.136596,0.0,12,4
7725,772.338967,1.0,198.39,0.0,198.39,0.0,0.0,0.636364,0,7,1000.0,63.876242,2928.101382,0.0,11,4
7727,65.915182,0.727273,840.0,0.0,840.0,0.0,0.0,0.583333,0,8,1000.0,1014.023858,185.815051,0.857143,12,4
7733,4.326857,0.545455,100.12,0.0,100.12,0.0,0.0,0.666667,0,9,4000.0,123.485948,61.021667,0.3,12,4
7735,18.180646,1.0,220.06,0.0,220.06,0.0,0.0,1.0,0,12,1000.0,217.276088,140.596138,0.7,12,4
7738,106.894095,0.909091,62.73,0.0,62.73,0.0,0.0,0.181818,0,3,5000.0,540.130507,146.069474,0.272727,11,4
7744,360.671491,1.0,3956.64,0.0,3956.64,148.682192,0.0,1.0,1,12,4500.0,4013.483114,3662.236048,0.25,12,4
7747,82.470475,0.545455,282.75,0.0,282.75,0.0,0.0,0.25,0,3,1000.0,563.922891,84.236228,0.0,12,4
7749,116.343256,1.0,38.0,0.0,38.0,0.0,0.0,0.333333,0,4,1500.0,59.260669,215.395806,0.0,12,4
7754,61.763018,1.0,35.3,0.0,35.3,0.0,0.0,0.25,0,3,1500.0,75.285164,171.993034,0.0,12,4
7757,4.115287,0.363636,60.0,0.0,60.0,0.0,0.0,0.25,0,4,2500.0,109.888829,166.384674,0.0,12,4
7758,36.898142,0.909091,942.34,0.0,942.34,0.0,0.0,0.916667,0,21,1500.0,1007.917726,98.74335,0.666667,12,4
7762,9.113909,1.0,106.56,0.0,106.56,0.0,0.0,1.0,0,12,3000.0,110.590507,55.716728,0.909091,12,4
7766,438.4161,1.0,673.68,0.0,673.68,0.0,0.0,1.0,0,12,1000.0,717.601973,234.926499,0.0,12,4
7770,25.201833,0.454545,609.01,0.0,609.01,0.0,0.0,1.0,0,50,3000.0,513.138281,44.804433,0.181818,12,4
7777,2.422926,0.363636,64.0,0.0,64.0,0.0,0.0,0.333333,0,4,4000.0,151.901371,70.78109,0.333333,12,4
7780,52.278293,1.0,346.46,0.0,346.46,0.0,0.0,0.833333,0,16,4000.0,203.562894,177.972156,0.333333,12,4
7781,4.448015,0.272727,71.81,0.0,71.81,0.0,0.0,0.25,0,3,3000.0,257.226631,130.382506,1.0,12,4
7784,68.156278,1.0,785.76,0.0,785.76,0.0,0.0,1.0,0,33,2000.0,708.743776,181.392809,0.083333,12,4
7788,91.478145,0.636364,209.4,0.0,209.4,0.0,0.0,0.333333,0,4,2000.0,431.612195,129.715755,0.0,12,4
7790,38.475299,0.818182,61.8,0.0,61.8,0.0,0.0,0.333333,0,4,1000.0,165.771479,137.482544,0.0,12,4
7793,54.713751,0.909091,578.6,0.0,578.6,0.0,0.0,0.75,0,10,2500.0,607.673138,184.597912,0.333333,12,4
7796,107.271213,1.0,726.42,0.0,726.42,0.0,0.0,0.75,0,12,1000.0,744.715148,168.66921,0.888889,12,4
7797,99.040178,1.0,1100.0,0.0,1100.0,0.0,0.0,0.833333,0,10,1000.0,1310.127669,167.38994,0.727273,12,4
7799,357.593551,1.0,68.0,0.0,68.0,0.0,0.0,0.333333,0,4,1500.0,243.400118,194.028384,0.0,12,4
7801,53.090328,1.0,546.7,0.0,546.7,47.68994,0.0,0.75,1,14,2500.0,753.224953,128.402444,0.454545,12,4
7804,94.277559,0.818182,2290.0,0.0,2290.0,0.0,0.0,0.833333,0,10,4500.0,2525.565248,17.482689,0.0,12,4
7806,16.707289,0.875,69.23,0.0,69.23,0.0,0.0,0.75,0,7,1500.0,43.829632,111.411433,0.0,8,4
7817,1060.630483,1.0,330.0,0.0,330.0,0.0,0.0,1.0,0,12,1000.0,588.576603,794.656428,0.0,12,4
7823,8.68618,0.454545,55.72,0.0,55.72,0.0,0.0,0.416667,0,5,1500.0,155.849599,139.831502,0.333333,12,4
7825,100.418706,0.909091,1021.13,0.0,1021.13,0.0,0.0,0.833333,0,10,2000.0,1143.833292,160.392028,1.0,12,4
7827,342.742855,1.0,3673.32,0.0,3673.32,0.0,0.0,1.0,0,12,4500.0,3353.963174,3605.839798,0.333333,12,4
7829,123.456942,1.0,1378.92,0.0,1378.92,0.0,0.0,1.0,0,12,2500.0,1313.596455,181.026879,1.0,12,4
7832,230.565492,1.0,2092.44,0.0,2092.44,0.0,0.0,1.0,0,14,2000.0,1928.226431,179.447673,0.916667,12,4
7834,0.0,0.0,1027.92,0.0,1027.92,0.0,0.0,1.0,0,12,2500.0,1028.353304,13.395434,0.0,12,4
7835,968.188634,1.0,69.44,0.0,69.44,0.0,0.0,0.25,0,3,1000.0,251.875749,443.131452,0.0,12,4
7844,6.682815,0.363636,202.15,0.0,202.15,0.0,0.0,0.416667,0,5,4000.0,554.377554,99.249569,1.0,12,4
7846,130.890211,0.363636,131.26,0.0,131.26,0.0,0.0,0.333333,0,4,3000.0,763.568532,67.294065,0.090909,12,4
7848,411.362969,1.0,10.79,0.0,10.79,0.0,0.0,0.166667,0,1,1200.0,918.160924,166.281511,0.0,12,4
7850,77.32592,1.0,664.51,0.0,664.51,0.0,0.0,0.833333,0,11,2500.0,623.532457,174.762624,1.0,12,4
7853,19.01482,0.454545,604.26,0.0,604.26,0.0,0.0,0.583333,0,10,4000.0,754.866138,54.86388,0.1,12,4
7855,26.531265,0.545455,373.39,0.0,373.39,0.0,0.0,0.636364,0,7,3000.0,535.206387,140.926151,1.0,11,4
7864,14.097101,1.0,140.4,0.0,140.4,0.0,0.0,1.0,0,12,2500.0,168.311013,107.142757,0.181818,12,4
7866,13.648487,0.636364,146.46,0.0,146.46,0.0,0.0,0.416667,0,6,4000.0,152.571678,159.678414,0.428571,12,4
7871,2925.584749,1.0,1066.56,0.0,1066.56,0.0,0.0,1.0,0,24,3000.0,1542.787313,1425.965198,0.0,12,4
7873,182.514528,1.0,157.67,0.0,157.67,214.94366,0.0,0.916667,6,11,1000.0,138.547392,209.716038,0.0,12,4
7879,1381.080028,1.0,360.0,0.0,360.0,0.0,0.0,0.666667,0,8,1000.0,115.649241,13564.39121,0.0,12,4
7880,1009.483517,1.0,278.55,0.0,278.55,0.0,0.0,0.666667,0,14,1000.0,624.230027,586.252419,0.0,12,4
7885,733.760958,1.0,371.76,0.0,371.76,0.0,0.0,0.5,0,11,3000.0,701.251972,210.722512,0.0,12,4
7886,88.570138,1.0,535.83,0.0,535.83,0.0,0.0,1.0,0,29,2700.0,235.021379,137.341622,0.090909,12,4
7887,271.05166,0.909091,86.0,0.0,86.0,0.0,0.0,0.166667,0,2,1000.0,442.141178,2863.640612,0.0,12,4
7892,25.192974,0.545455,764.64,0.0,764.64,0.0,0.0,1.0,0,12,4000.0,1074.956132,88.325372,0.545455,12,4
7895,77.321718,1.0,278.44,0.0,278.44,0.0,0.0,1.0,0,18,2500.0,342.843624,173.361571,0.0,12,4
7898,981.10306,1.0,240.0,0.0,240.0,0.0,0.0,1.0,0,12,1000.0,1777.96158,868.806527,0.0,12,4
7905,80.545433,1.0,374.37,0.0,374.37,0.0,0.0,1.0,0,27,1500.0,249.78655,164.519177,0.0,12,4
7907,212.862735,1.0,262.24,0.0,262.24,0.0,0.0,1.0,0,44,1000.0,98.35911,1606.324111,0.0,12,4
7908,3.164023,0.454545,51.73,0.0,51.73,0.0,0.0,0.416667,0,5,4000.0,77.666427,26.092644,0.0,12,4
7910,69.190177,1.0,431.52,0.0,431.52,0.0,0.0,1.0,0,12,2700.0,439.947272,171.63298,0.333333,12,4
7912,56.215217,1.0,402.13,0.0,402.13,0.0,0.0,1.0,0,40,1000.0,297.931037,170.678477,0.666667,12,4
7915,20.639295,0.454545,464.64,0.0,464.64,0.0,0.0,1.0,0,12,3000.0,919.544492,84.153407,0.545455,12,4
7916,29.129725,0.909091,248.76,0.0,248.76,0.0,0.0,0.833333,0,10,3200.0,283.254742,146.346103,0.909091,12,4
7917,205.123089,1.0,197.42,0.0,197.42,0.0,0.0,0.916667,0,11,1500.0,145.046631,171.920886,0.0,12,4
7922,1381.084668,1.0,162.56,0.0,162.56,186.248313,0.0,0.5,1,6,3000.0,503.442436,324.783283,0.0,12,4
7927,0.533581,0.545455,109.62,0.0,109.62,0.0,0.0,0.5,0,6,4000.0,177.666351,0.037744,0.0,12,4
7934,42.375573,0.909091,150.56,0.0,150.56,0.0,0.0,0.5,0,6,4000.0,278.128216,156.291747,0.1,12,4
7935,30.044075,1.0,420.0,0.0,420.0,0.0,0.0,1.0,0,12,1500.0,415.969082,163.023401,1.0,12,4
7940,413.936244,1.0,187.5,0.0,187.5,0.0,0.0,0.6,0,6,1000.0,141.526262,176.107285,0.0,10,4
7942,1369.504264,1.0,1603.8,0.0,1603.8,0.0,0.0,1.0,0,12,1300.0,1591.602315,1278.329537,0.0,12,4
7943,49.682373,1.0,412.32,0.0,412.32,0.0,0.0,1.0,0,12,4000.0,551.966425,470.6688,0.083333,12,4
7946,12.642164,0.272727,175.56,0.0,175.56,0.0,0.0,0.166667,0,3,1000.0,382.866599,178.54837,0.0,12,4
7947,35.074422,1.0,72.4,0.0,72.4,0.0,0.0,0.416667,0,5,1500.0,134.808623,141.557845,0.0,12,4
7949,17.838173,1.0,164.7,0.0,164.7,0.0,0.0,0.333333,0,5,3000.0,182.462461,103.72423,0.111111,12,4
7950,81.364936,1.0,710.16,0.0,710.16,0.0,0.0,1.0,0,12,1000.0,688.322495,177.76209,0.75,12,4
7954,14.017311,0.454545,327.8,0.0,327.8,0.0,0.0,0.416667,0,5,1500.0,692.336439,94.456281,0.8,12,4
7965,85.095626,1.0,1553.04,0.0,1553.04,0.0,0.0,0.916667,0,20,2000.0,1654.909972,124.032106,0.818182,12,4
7968,100.403989,1.0,790.0,0.0,790.0,0.0,0.0,0.916667,0,13,1000.0,573.971571,161.591908,0.6,12,4
7969,77.866345,0.545455,1403.34,0.0,1403.34,0.0,0.0,0.5,0,6,4000.0,1865.579842,95.577384,0.636364,12,4
7970,991.097892,1.0,180.0,0.0,180.0,0.0,0.0,0.5,0,6,1000.0,463.990395,1913.53663,0.0,12,4
7971,6.692421,0.545455,333.42,0.0,333.42,0.0,0.0,0.583333,0,12,4000.0,318.713472,1.113027,0.0,12,4
7972,22.161656,0.636364,1240.58,0.0,1240.58,0.0,0.0,0.666667,0,15,1500.0,1817.791324,107.871575,0.5,12,4
7973,15.281665,0.636364,124.25,0.0,124.25,0.0,0.0,0.583333,0,7,4000.0,211.115274,156.915101,0.285714,12,4
7976,14.471941,1.0,120.0,0.0,120.0,0.0,0.0,1.0,0,12,3000.0,113.011493,116.286777,0.0,12,4
7977,17.734657,1.0,209.28,0.0,209.28,0.0,0.0,1.0,0,12,2700.0,142.453268,151.615333,0.416667,12,4
7978,1.931162,0.636364,152.72,0.0,152.72,0.0,0.0,0.666667,0,8,2500.0,186.80842,58.437329,0.285714,12,4
7980,822.579064,1.0,1188.24,0.0,1188.24,0.0,0.0,1.0,0,36,1000.0,1773.581187,2070.636374,0.0,12,4
7981,233.755366,1.0,521.23,0.0,521.23,0.0,0.0,1.0,0,23,1000.0,312.157319,197.3922,0.083333,12,4
7983,15.587005,0.545455,156.0,0.0,156.0,0.0,0.0,0.545455,0,6,2000.0,168.726312,81.861265,0.2,11,4
7984,691.466157,1.0,549.96,0.0,549.96,0.0,0.0,1.0,0,12,1000.0,316.191025,165.251013,0.0,12,4
7986,36.85818,0.909091,583.38,0.0,583.38,0.0,0.0,0.833333,0,10,2500.0,687.609976,164.492005,0.909091,12,4
7988,38.864992,0.818182,331.94,0.0,331.94,0.0,0.0,0.75,0,16,1500.0,369.269971,125.416136,0.181818,12,4
7992,16.024822,0.818182,113.44,0.0,113.44,0.0,0.0,0.666667,0,8,3000.0,126.999931,132.500307,0.111111,12,4
7993,52.806957,1.0,266.68,0.0,266.68,0.0,0.0,0.333333,0,4,2000.0,367.892428,196.742169,0.5,12,4
7996,187.536914,0.818182,530.04,0.0,530.04,0.0,0.0,0.583333,0,7,2500.0,926.946047,147.347019,0.0,12,4
8001,33.078633,0.5,303.91,0.0,303.91,0.0,0.0,0.333333,0,4,1200.0,354.34847,83.653033,1.0,6,4
8003,5.416921,0.545455,288.8,0.0,288.8,0.0,0.0,0.833333,0,11,3000.0,254.443565,32.475254,0.181818,12,4
8004,35.120942,1.0,372.0,0.0,372.0,0.0,0.0,1.0,0,12,2700.0,361.050924,156.723469,0.545455,12,4
8006,1256.81927,1.0,1674.96,0.0,1674.96,0.0,0.0,1.0,0,12,1000.0,970.361646,3449.118706,0.0,12,4
8008,1718.885963,1.0,578.78,0.0,578.78,0.0,0.0,0.666667,0,14,1000.0,294.153872,20316.09631,0.0,12,4
8014,0.004816,0.545455,51.7,0.0,51.7,0.0,0.0,0.25,0,3,3000.0,33.249088,0.059481,0.0,12,4
8015,449.733124,1.0,788.58,0.0,788.58,0.0,0.0,0.666667,0,21,3000.0,419.35193,195.196969,0.0,12,4
8017,2.117128,0.909091,99.96,0.0,99.96,0.0,0.0,1.0,0,12,3000.0,101.631113,44.092575,0.125,12,4
8020,59.020085,0.909091,58.7,0.0,58.7,0.0,0.0,0.166667,0,2,1500.0,160.904963,148.887545,0.0,12,4
8022,15.978538,1.0,136.92,0.0,136.92,0.0,0.0,1.0,0,12,2500.0,132.182438,130.9779,0.181818,12,4
8024,372.14586,1.0,643.01,0.0,643.01,0.0,0.0,1.0,0,41,1500.0,124.958137,205.066245,0.0,12,4
8027,944.346242,1.0,195.0,0.0,195.0,126.612663,0.0,1.0,3,12,1000.0,599.901843,662.791956,0.0,12,4
8033,81.170395,0.818182,626.5,0.0,626.5,0.0,0.0,0.5,0,7,2500.0,445.640989,112.818984,0.454545,12,4
8035,110.428278,1.0,624.72,0.0,624.72,0.0,0.0,0.833333,0,6,1000.0,494.968169,81.689039,1.0,6,4
8039,111.539712,1.0,1364.86,0.0,1364.86,0.0,0.0,0.833333,0,11,4000.0,1500.447193,150.868096,0.2,12,4
8040,13.61768,0.909091,396.0,0.0,396.0,0.0,0.0,1.0,0,12,3000.0,392.233211,144.853589,0.818182,12,4
8042,32.029579,0.727273,332.8,0.0,332.8,0.0,0.0,0.666667,0,8,4000.0,485.225272,148.543097,0.625,12,4
8043,11.720573,0.727273,109.44,0.0,109.44,0.0,0.0,0.666667,0,8,2500.0,149.743686,106.73778,0.2,12,4
8044,73.064932,1.0,221.52,0.0,221.52,0.0,0.0,1.0,0,12,1500.0,210.01408,178.181993,0.0,12,4
8045,262.528147,1.0,234.98,0.0,234.98,0.0,0.0,0.833333,0,15,1700.0,95.32519,188.4713,0.0,12,4
8056,870.802164,1.0,350.0,0.0,350.0,0.0,0.0,0.666667,0,8,1200.0,213.014986,227.800157,0.0,12,4
8057,224.795583,1.0,240.74,0.0,240.74,0.0,0.0,0.666667,0,9,1000.0,372.301242,218.717866,0.0,12,4
8058,8.80954,0.818182,114.0,0.0,114.0,0.0,0.0,0.666667,0,8,4000.0,160.627029,86.700821,0.428571,12,4
8059,42.522715,0.818182,479.5,0.0,479.5,0.0,0.0,0.833333,0,17,1000.0,585.31382,155.528119,0.9,12,4
8062,617.496041,1.0,521.64,0.0,521.64,0.0,0.0,1.0,0,12,1500.0,269.919412,234.724653,0.0,12,4
8065,1743.826099,1.0,1630.07,0.0,1630.07,0.0,0.0,1.0,0,59,1500.0,1072.8864,7614.675316,0.0,12,4
8066,2.140583,0.363636,238.92,0.0,238.92,0.0,0.0,1.0,0,12,2500.0,186.27345,35.518109,0.0,12,4
8067,18.973831,0.272727,88.96,0.0,88.96,0.0,0.0,0.166667,0,2,1500.0,824.602684,132.06983,0.0,12,4
8068,7.554365,1.0,88.56,0.0,88.56,0.0,0.0,0.916667,0,12,1500.0,68.855232,73.081017,0.285714,12,4
8071,97.299991,1.0,427.67,0.0,427.67,0.0,0.0,0.666667,0,8,2500.0,557.777752,173.099027,0.0,12,4
8078,135.119023,1.0,222.0,0.0,222.0,0.0,0.0,1.0,0,12,1700.0,147.646263,169.332847,0.0,12,4
8079,1043.025044,1.0,576.0,0.0,576.0,48.874389,0.0,1.0,1,24,1000.0,733.677722,1082.915299,0.0,12,4
8081,33.100875,0.888889,277.47,0.0,277.47,0.0,0.0,0.555556,0,9,1500.0,194.180564,124.55425,0.142857,9,4
8087,19.303914,0.727273,168.9,0.0,168.9,0.0,0.0,0.333333,0,6,1000.0,345.350729,115.940194,0.142857,12,4
8090,4.076145,0.454545,596.64,0.0,596.64,0.0,0.0,1.0,0,12,2000.0,311.59914,22.461659,0.0,12,4
8091,37.983045,0.545455,242.24,0.0,242.24,0.0,0.0,0.25,0,3,2000.0,662.417377,99.057422,0.166667,12,4
8093,5.020473,0.181818,100.05,0.0,100.05,0.0,0.0,0.25,0,3,4000.0,360.227309,125.327855,0.333333,12,4
8094,227.141183,1.0,2604.0,0.0,2604.0,0.0,0.0,0.916667,0,19,3200.0,2510.732854,163.027724,0.545455,12,4
8099,777.739839,1.0,262.6,0.0,262.6,0.0,0.0,0.75,0,9,1000.0,131.553471,1379.505263,0.0,12,4
8100,20.890606,1.0,110.0,0.0,110.0,0.0,0.0,0.875,0,8,1000.0,56.715447,108.294662,0.333333,8,4
8103,32.369733,1.0,326.45,76.0,250.45,0.0,0.083333,0.75,0,12,1000.0,243.721693,180.646996,0.4,12,4
8104,1.846916,0.181818,604.32,0.0,604.32,0.0,0.0,1.0,0,12,1500.0,557.734182,12.224702,0.0,12,4
8106,641.317325,1.0,1099.56,0.0,1099.56,0.0,0.0,1.0,0,49,4000.0,326.68893,193.76002,0.0,12,4
8107,40.977812,0.454545,502.92,0.0,502.92,0.0,0.0,0.416667,0,6,4000.0,748.302786,177.375481,0.75,12,4
8109,16.176672,0.363636,95.55,0.0,95.55,0.0,0.0,0.25,0,3,1000.0,136.961964,59.907285,0.0,12,4
8112,10.266994,0.818182,141.24,0.0,141.24,0.0,0.0,1.0,0,12,3000.0,121.896355,96.838061,0.2,12,4
8114,14.773807,0.272727,160.0,0.0,160.0,0.0,0.0,0.090909,0,2,1800.0,377.03508,210.244734,1.0,11,4
8116,23.126579,0.727273,213.95,0.0,213.95,0.0,0.0,0.583333,0,7,2000.0,299.511212,120.226935,0.888889,12,4
8117,888.406678,1.0,347.7,0.0,347.7,0.0,0.0,0.75,0,9,1000.0,300.871084,444.166223,0.0,12,4
8123,131.290079,1.0,359.44,0.0,359.44,0.0,0.0,0.666667,0,8,1500.0,291.577497,165.879808,0.083333,12,4
8125,59.831187,0.727273,532.68,0.0,532.68,39.325487,0.0,0.666667,1,8,6000.0,642.925821,115.36213,0.272727,12,4
8126,12.65849,0.363636,166.32,0.0,166.32,0.0,0.0,0.25,0,4,2500.0,420.051037,220.621064,1.0,12,4
8129,38.915874,1.0,564.0,0.0,564.0,0.0,0.0,1.0,0,12,2000.0,551.4978,179.311685,1.0,12,4
8130,955.184754,1.0,498.96,0.0,498.96,0.0,0.0,1.0,0,12,1000.0,764.604043,785.942834,0.0,12,4
8135,930.65642,1.0,300.05,0.0,300.05,0.0,0.0,0.75,0,9,1200.0,513.064156,330.422815,0.0,12,4
8152,8.087225,0.363636,515.0,0.0,515.0,0.0,0.0,0.75,0,17,3000.0,399.456368,14.574311,0.0,12,4
8153,31.083023,0.636364,138.04,0.0,138.04,0.0,0.0,0.5,0,7,2700.0,65.133736,141.715486,0.0,12,4
8155,184.57666,1.0,408.36,0.0,408.36,0.0,0.0,1.0,0,12,1000.0,294.885863,239.73565,0.0,12,4
8161,1036.242361,1.0,365.9,0.0,365.9,0.0,0.0,0.75,0,9,1000.0,695.253351,829.465424,0.0,12,4
8166,221.116228,0.727273,117.5,0.0,117.5,271.778244,0.0,0.909091,1,10,1200.0,628.179729,121.135771,0.0,11,4
8172,14.428951,0.727273,200.0,0.0,200.0,0.0,0.0,0.666667,0,8,3000.0,291.222619,149.575815,0.375,12,4
8173,8.844399,0.181818,116.68,0.0,116.68,0.0,0.0,0.166667,0,2,3000.0,677.982898,123.107146,0.666667,12,4
8175,117.061924,1.0,154.0,0.0,154.0,0.0,0.0,0.916667,0,11,1500.0,297.34992,162.066617,0.090909,12,4
8176,42.055305,1.0,774.37,0.0,774.37,0.0,0.0,1.0,0,19,3000.0,664.956348,66.346615,0.333333,12,4
8179,147.14671,1.0,356.68,0.0,356.68,0.0,0.0,1.0,0,16,2700.0,385.268234,167.731583,0.0,12,4
8185,1021.334556,1.0,300.0,0.0,300.0,0.0,0.0,0.833333,0,10,1000.0,516.596295,1127.577542,0.0,12,4
8186,1047.173202,1.0,450.0,0.0,450.0,0.0,0.0,0.666667,0,12,1000.0,503.698541,1256.70522,0.0,12,4
8190,12.039155,0.363636,100.0,0.0,100.0,0.0,0.0,0.181818,0,2,3000.0,406.868896,80.075627,0.333333,11,4
8196,219.749851,1.0,1208.38,0.0,1208.38,0.0,0.0,0.833333,0,10,1000.0,1256.084967,187.61419,0.083333,12,4
8201,19.296018,1.0,210.0,0.0,210.0,0.0,0.0,1.0,0,12,1000.0,296.473656,159.039023,0.5,12,4
8202,22.061664,1.0,208.8,0.0,208.8,0.0,0.0,1.0,0,12,1000.0,205.111057,172.112042,0.25,12,4
8205,171.402357,1.0,755.5,0.0,755.5,0.0,0.0,1.0,0,35,2700.0,845.857679,161.590149,0.0,12,4
8209,758.118109,0.727273,837.44,0.0,837.44,0.0,0.0,1.0,0,22,1000.0,2198.992341,6521.086012,0.0,12,4
8210,482.028341,1.0,106.47,0.0,106.47,0.0,0.0,0.5,0,9,2500.0,184.166639,179.412181,0.0,12,4
8214,61.21162,0.909091,280.83,0.0,280.83,0.0,0.0,0.909091,0,11,1500.0,191.386573,159.727823,0.0,11,4
8219,20.595501,0.545455,289.78,0.0,289.78,0.0,0.0,0.416667,0,5,2700.0,342.440014,82.359493,0.363636,12,4
8221,11.391553,1.0,201.52,0.0,201.52,0.0,0.0,0.916667,0,11,4000.0,210.443741,71.701127,0.9,12,4
8224,21.999733,1.0,343.75,0.0,343.75,0.0,0.0,0.916667,0,22,4000.0,337.022364,154.938486,0.909091,12,4
8228,51.08934,0.818182,140.75,0.0,140.75,0.0,0.0,0.416667,0,5,1000.0,347.240071,238.811356,0.111111,12,4
8232,404.316166,1.0,176.0,0.0,176.0,0.0,0.0,0.416667,0,5,1000.0,157.644753,193.242502,0.0,12,4
8233,64.472043,0.727273,200.02,0.0,200.02,0.0,0.0,0.25,0,3,1200.0,442.334336,170.875613,0.222222,12,4
8234,61.628782,1.0,457.31,0.0,457.31,0.0,0.0,0.875,0,9,1500.0,364.254422,112.081828,0.666667,8,4
8236,691.181508,1.0,439.92,0.0,439.92,0.0,0.0,1.0,0,12,1000.0,162.995562,328.466313,0.0,12,4
8241,20.12252,0.666667,212.82,0.0,212.82,0.0,0.0,0.5,0,5,2500.0,193.710394,85.787699,1.0,6,4
8246,43.438252,1.0,194.1,0.0,194.1,0.0,0.0,0.75,0,10,3000.0,123.282925,153.504488,0.083333,12,4
8247,59.702526,0.636364,674.68,0.0,674.68,0.0,0.0,0.5,0,13,1000.0,810.809093,195.624534,1.0,12,4
8248,94.604491,1.0,816.0,0.0,816.0,0.0,0.0,1.0,0,12,2500.0,694.054946,154.937506,0.416667,12,4
8249,22.427861,0.454545,340.5,119.0,221.5,0.0,0.083333,0.416667,0,6,2500.0,413.025987,97.439864,0.4,12,4
8252,64.995822,1.0,550.0,0.0,550.0,0.0,0.0,0.916667,0,11,2500.0,501.661911,178.815435,0.583333,12,4
8259,331.110003,1.0,3816.0,0.0,3816.0,0.0,0.0,1.0,0,12,2350.0,3234.025148,1024.833655,0.25,12,4
8261,104.693836,1.0,783.24,0.0,783.24,0.0,0.0,1.0,0,12,2700.0,734.364933,201.315774,0.666667,12,4
8262,31.072032,1.0,234.58,0.0,234.58,0.0,0.0,1.0,0,24,2000.0,224.626205,155.920337,0.416667,12,4
8263,109.009133,1.0,749.18,0.0,749.18,0.0,0.0,0.833333,0,10,1000.0,922.628357,165.855405,0.727273,12,4
8275,219.709329,1.0,586.64,0.0,586.64,0.0,0.0,0.875,0,8,1000.0,156.939833,165.553894,0.0,8,4
8278,48.487138,0.818182,261.81,0.0,261.81,0.0,0.0,0.5,0,8,1000.0,231.475316,156.323105,0.0,12,4
8285,279.811953,1.0,399.9,0.0,399.9,0.0,0.0,0.916667,0,14,1000.0,538.655831,195.433258,0.0,12,4
8286,54.598322,1.0,832.68,0.0,832.68,0.0,0.0,1.0,0,12,2000.0,811.761402,75.007289,0.333333,12,4
8289,96.698289,1.0,1052.28,0.0,1052.28,0.0,0.0,1.0,0,23,2000.0,930.197472,180.400196,0.833333,12,4
8290,39.02645,0.888889,158.96,0.0,158.96,0.0,0.0,0.777778,0,8,1500.0,117.452297,122.755349,0.0,9,4
8291,71.98176,1.0,459.49,0.0,459.49,0.0,0.0,1.0,0,13,1000.0,396.58986,178.180098,0.666667,12,4
8295,190.096469,1.0,561.99,0.0,561.99,0.0,0.0,1.0,0,14,1000.0,372.859398,195.131923,0.0,12,4
8299,26.625558,1.0,199.2,0.0,199.2,0.0,0.0,1.0,0,12,2700.0,177.875592,137.21437,0.181818,12,4
8300,19.161629,1.0,638.08,0.0,638.08,0.0,0.0,1.0,0,12,2500.0,639.809559,170.717097,1.0,12,4
8303,29.040058,0.909091,289.63,0.0,289.63,0.0,0.0,0.909091,0,11,1000.0,243.424066,88.003769,0.0,11,4
8325,254.260019,1.0,2184.72,0.0,2184.72,0.0,0.0,1.0,0,41,4000.0,1889.29739,188.392562,0.5,12,4
8331,25.840196,1.0,277.56,0.0,277.56,0.0,0.0,1.0,0,12,1000.0,274.150799,176.998221,1.0,12,4
8334,11.115883,1.0,216.36,0.0,216.36,0.0,0.0,1.0,0,12,1000.0,199.847489,34.928987,0.555556,12,4
8335,801.688726,1.0,325.92,0.0,325.92,0.0,0.0,1.0,0,12,1000.0,484.790462,224.451595,0.0,12,4
8337,32.944835,1.0,185.8,0.0,185.8,0.0,0.0,0.9,0,10,1000.0,101.816592,142.426777,0.625,10,4
8339,53.684439,0.818182,862.47,0.0,862.47,0.0,0.0,0.666667,0,9,2500.0,1007.362536,172.278333,1.0,12,4
8340,229.752417,1.0,82.28,0.0,82.28,0.0,0.0,0.333333,0,4,1000.0,203.78769,171.875166,0.0,12,4
8341,184.007838,1.0,526.92,0.0,526.92,0.0,0.0,1.0,0,12,1500.0,396.991301,180.5486,0.083333,12,4
8343,4.602365,0.181818,38.42,0.0,38.42,0.0,0.0,0.166667,0,2,1000.0,74.750172,41.034906,0.0,12,4
8345,5.902257,0.818182,246.25,0.0,246.25,0.0,0.0,0.5,0,9,1000.0,316.597475,85.012713,0.777778,12,4
8348,50.445122,1.0,685.32,0.0,685.32,0.0,0.0,0.916667,0,12,1000.0,627.32922,184.185967,0.8,12,4
8349,1551.331695,1.0,349.92,0.0,349.92,0.0,0.0,1.0,0,12,1500.0,321.763599,7433.189695,0.0,12,4
8355,252.359096,1.0,2487.0,0.0,2487.0,0.0,0.0,1.0,0,12,450.0,2347.418943,2621.829478,0.166667,12,4
8361,21.462595,0.727273,193.4,0.0,193.4,0.0,0.0,0.666667,0,8,2500.0,264.851292,154.489371,1.0,12,4
8363,142.637508,1.0,1650.0,0.0,1650.0,0.0,0.0,0.916667,0,11,1000.0,1775.123122,177.476329,0.636364,12,4
8367,111.098444,1.0,1105.89,0.0,1105.89,0.0,0.0,1.0,0,26,2000.0,1004.668873,151.76408,0.909091,12,4
8369,23.167831,1.0,375.0,0.0,375.0,0.0,0.0,1.0,0,12,2500.0,389.716275,178.84094,0.916667,12,4
8372,24.057927,0.7,441.78,49.9,391.88,0.0,0.1,0.8,0,21,1500.0,299.240418,68.453971,0.2,10,4
8373,391.07025,1.0,2616.0,0.0,2616.0,0.0,0.0,1.0,0,12,2000.0,2186.334191,224.709953,0.083333,12,4
8376,6.995368,0.363636,76.78,0.0,76.78,0.0,0.0,0.25,0,3,4000.0,292.806443,131.476836,0.5,12,4
8378,92.887247,1.0,1258.5,0.0,1258.5,0.0,0.0,0.916667,0,25,1000.0,1210.465945,163.318599,0.666667,12,4
8381,41.479055,1.0,243.96,0.0,243.96,0.0,0.0,1.0,0,24,3000.0,1146.784474,132.697082,0.4,12,4
8382,13.962944,1.0,136.92,0.0,136.92,0.0,0.0,1.0,0,12,1000.0,134.366455,136.997509,0.416667,12,4
8384,5.644904,0.454545,47.5,0.0,47.5,0.0,0.0,0.166667,0,3,3000.0,70.554065,42.434715,0.1,12,4
8393,2.660671,0.090909,102.79,0.0,102.79,0.0,0.0,0.083333,0,1,4000.0,203.229371,27.54692,0.090909,12,4
8403,7.85361,0.363636,125.0,0.0,125.0,0.0,0.0,0.333333,0,5,2500.0,91.786773,43.39952,0.0,12,4
8405,6.484008,0.272727,61.71,0.0,61.71,0.0,0.0,0.25,0,3,1000.0,233.763723,136.908362,1.0,12,4
8407,91.669248,0.833333,737.65,0.0,737.65,0.0,0.0,0.666667,0,5,2500.0,664.387148,86.535841,1.0,6,4
8408,304.309784,1.0,289.75,0.0,289.75,0.0,0.0,0.416667,0,7,2500.0,670.652889,177.079948,0.0,12,4
8413,32.092521,0.909091,573.02,0.0,573.02,0.0,0.0,0.75,0,10,2000.0,560.142443,128.36766,0.555556,12,4
8416,9.712731,0.636364,128.94,0.0,128.94,0.0,0.0,0.5,0,7,3000.0,169.863384,154.85954,0.6,12,4
8427,1.707488,0.181818,32.04,0.0,32.04,0.0,0.0,0.083333,0,2,2500.0,118.932111,150.600846,1.0,12,4
8429,28.697141,1.0,360.0,0.0,360.0,0.0,0.0,1.0,0,12,2000.0,352.353973,95.559258,0.75,12,4
8431,2.850024,0.181818,114.56,0.0,114.56,0.0,0.0,0.25,0,3,1000.0,403.212926,130.700011,0.333333,12,4
8432,202.968428,1.0,163.55,0.0,163.55,0.0,0.0,0.5,0,9,1500.0,188.816775,1711.207196,0.0,12,4
8433,8.905649,0.363636,112.29,0.0,112.29,0.0,0.0,0.166667,0,3,1000.0,301.678494,100.452439,0.0,12,4
8434,161.754889,1.0,309.0,0.0,309.0,0.0,0.0,0.25,0,3,1000.0,629.976867,194.011886,0.0,12,4
8443,95.802358,1.0,218.96,0.0,218.96,0.0,0.0,0.909091,0,10,2500.0,120.526564,161.17012,0.0,11,4
8444,5.629313,0.222222,62.72,0.0,62.72,0.0,0.0,0.444444,0,4,1500.0,31.523069,29.715632,0.0,9,4
8449,9.996627,0.454545,87.94,0.0,87.94,0.0,0.0,0.416667,0,5,1000.0,214.442181,122.22549,0.2,12,4
8455,634.759794,1.0,364.19,0.0,364.19,0.0,0.0,0.833333,0,18,1000.0,29.897165,3922.2855,0.0,12,4
8456,1093.522518,1.0,577.12,0.0,577.12,0.0,0.0,0.833333,0,14,1050.0,854.405712,1405.770584,0.0,12,4
8459,64.343051,0.666667,281.05,0.0,281.05,0.0,0.0,0.666667,0,5,1500.0,82.611456,84.360572,0.0,6,4
8460,40.661132,0.909091,235.3,0.0,235.3,0.0,0.0,0.833333,0,10,1000.0,279.23448,161.075173,0.272727,12,4
8462,20.620429,0.818182,169.66,0.0,169.66,0.0,0.0,0.666667,0,9,1000.0,192.185764,145.811693,1.0,12,4
8466,48.283965,1.0,325.92,0.0,325.92,0.0,0.0,1.0,0,12,2500.0,347.671947,166.30613,0.416667,12,4
8468,22.987395,0.454545,200.0,0.0,200.0,0.0,0.0,0.363636,0,4,2000.0,490.14841,161.906196,0.0,11,4
8472,28.244252,0.545455,320.0,0.0,320.0,0.0,0.0,0.416667,0,6,1000.0,551.233491,153.094069,0.4,12,4
8474,17.206623,0.818182,109.0,0.0,109.0,0.0,0.0,0.416667,0,6,1000.0,143.410957,106.187568,0.1,12,4
8475,72.369731,1.0,588.0,0.0,588.0,0.0,0.0,1.0,0,12,2500.0,577.946554,183.976319,0.583333,12,4
8481,3.391066,0.272727,72.44,0.0,72.44,0.0,0.0,0.333333,0,4,1000.0,194.455374,111.933386,0.75,12,4
8482,55.243291,1.0,750.0,0.0,750.0,0.0,0.0,1.0,0,12,2000.0,710.623372,171.545021,1.0,12,4
8485,31.932178,0.363636,365.36,0.0,365.36,0.0,0.0,0.333333,0,4,1833.333333,822.118125,137.769926,1.0,12,4
8486,34.750769,1.0,2562.0,0.0,2562.0,0.0,0.0,1.0,0,12,2300.0,2544.223939,154.14745,0.454545,12,4
8487,14.508545,0.454545,186.14,0.0,186.14,0.0,0.0,0.666667,0,9,2500.0,181.846393,78.984685,0.142857,12,4
8492,1047.182049,0.818182,1727.64,0.0,1727.64,0.0,0.0,1.0,0,12,1000.0,3548.800193,3243.685151,0.0,12,4
8496,155.167572,0.8,1084.76,0.0,1084.76,0.0,0.0,0.7,0,12,4000.0,1070.911497,147.700045,0.666667,10,4
8498,39.885648,1.0,433.32,0.0,433.32,0.0,0.0,1.0,0,12,6000.0,453.19428,179.901343,0.666667,12,4
8499,16.065938,0.545455,154.45,0.0,154.45,0.0,0.0,0.416667,0,5,4000.0,301.05373,122.199314,0.166667,12,4
8510,12.209291,0.545455,143.75,0.0,143.75,0.0,0.0,0.416667,0,5,1500.0,330.503125,147.685817,1.0,12,4
8511,6.646795,1.0,228.84,0.0,228.84,0.0,0.0,0.666667,0,12,4000.0,232.790324,96.602631,1.0,12,4
8512,17.832206,0.545455,153.6,0.0,153.6,0.0,0.0,0.416667,0,5,1000.0,207.376053,86.953988,0.363636,12,4
8516,3.364738,0.272727,582.94,0.0,582.94,0.0,0.0,0.416667,0,5,2000.0,28.013889,14.845744,0.0,12,4
8517,143.538206,1.0,415.47,0.0,415.47,0.0,0.0,1.0,0,17,3000.0,394.512806,172.574308,0.0,12,4
8520,23.934205,0.818182,266.1,0.0,266.1,0.0,0.0,0.583333,0,8,4000.0,313.233366,122.228515,0.636364,12,4
8522,150.269903,1.0,853.44,0.0,853.44,0.0,0.0,1.0,0,12,3000.0,869.413166,173.649797,0.083333,12,4
8523,11.395369,0.636364,100.5,0.0,100.5,0.0,0.0,0.5,0,6,3000.0,148.92824,87.113913,0.142857,12,4
8524,13.125634,0.545455,106.98,0.0,106.98,0.0,0.0,0.5,0,6,2500.0,275.244392,142.4175,0.5,12,4
8526,7.054474,0.818182,427.98,0.0,427.98,0.0,0.0,0.916667,0,18,1500.0,402.34297,17.773542,0.111111,12,4
8527,26.771366,1.0,550.0,0.0,550.0,0.0,0.0,0.916667,0,11,2000.0,581.909822,27.137375,0.0,12,4
8528,126.872455,0.545455,568.5,0.0,568.5,0.0,0.0,0.5,0,6,2000.0,1294.215768,201.544737,0.0,12,4
8530,24.719209,0.545455,280.04,0.0,280.04,0.0,0.0,0.5,0,6,2500.0,538.899429,140.502909,0.666667,12,4
8533,986.84903,1.0,558.18,0.0,558.18,45.311387,0.0,1.0,1,39,1000.0,1548.4862,5737.912518,0.0,12,4
8534,21.168201,1.0,236.4,8.4,228.0,0.0,1.0,1.0,0,24,2500.0,217.008342,178.169321,0.833333,12,4
8536,19.25682,0.636364,185.02,0.0,185.02,0.0,0.0,0.5,0,6,2500.0,233.025663,80.115991,0.3,12,4
8537,131.83593,0.545455,2234.02,0.0,2234.02,0.0,0.0,0.5,0,6,2000.0,4432.954833,153.812848,1.0,12,4
8538,528.107264,1.0,674.52,0.0,674.52,0.0,0.0,1.0,0,12,2500.0,127.76546,275.706442,0.0,12,4
8543,35.518273,0.909091,283.8,0.0,283.8,0.0,0.0,0.75,0,10,2500.0,302.73613,171.008635,0.666667,12,4
8551,736.024188,0.9,350.02,0.0,350.02,0.0,0.0,0.6,0,6,1000.0,133.825578,323.058774,0.0,10,4
8553,117.344883,1.0,661.3,0.0,661.3,477.825546,0.0,0.9,1,13,1200.0,562.896648,150.940292,0.25,10,4
8555,31.111952,0.909091,470.65,0.0,470.65,0.0,0.0,0.833333,0,17,3000.0,496.387423,142.115057,0.909091,12,4
8557,11.056609,0.454545,334.85,0.0,334.85,0.0,0.0,0.583333,0,7,3000.0,524.05706,133.229958,0.833333,12,4
8558,134.687754,1.0,2395.92,0.0,2395.92,0.0,0.0,1.0,0,12,3500.0,2440.778198,2164.692811,0.916667,12,4
8562,49.032869,1.0,360.96,0.0,360.96,0.0,0.0,0.875,0,8,1000.0,321.694432,133.819552,0.285714,8,4
8566,7.169078,0.181818,118.2,0.0,118.2,0.0,0.0,0.083333,0,1,2000.0,889.040469,73.457648,0.0,12,4
8571,34.223151,1.0,108.0,0.0,108.0,0.0,0.0,1.0,0,12,1000.0,68.331764,167.726633,0.0,12,4
8572,28.838076,1.0,484.68,0.0,484.68,0.0,0.0,1.0,0,12,1000.0,485.036484,78.505742,0.166667,12,4
8573,52.666422,1.0,150.3,0.0,150.3,0.0,0.0,0.833333,0,6,1000.0,54.722514,82.95518,0.0,6,4
8576,9.630478,1.0,257.49,0.0,257.49,0.0,0.0,1.0,0,14,1500.0,251.907165,114.027084,0.7,12,4
8587,31.560931,0.545455,300.0,0.0,300.0,0.0,0.0,0.5,0,6,1000.0,588.763068,143.33928,1.0,12,4
8588,130.041299,1.0,581.28,0.0,581.28,342.397949,0.0,0.875,1,8,1000.0,498.524607,110.630755,0.5,8,4
8594,5.529633,0.181818,45.0,0.0,45.0,0.0,0.0,0.166667,0,2,1000.0,515.842674,112.442224,0.5,12,4
8595,655.786755,1.0,387.68,0.0,387.68,0.0,0.0,0.083333,0,1,2000.0,1110.023792,644.26765,0.0,12,4
8600,20.996733,0.909091,295.92,0.0,295.92,0.0,0.0,1.0,0,12,1000.0,276.213902,160.911617,0.636364,12,4
8601,112.390812,1.0,269.9,49.9,220.0,0.0,0.083333,0.666667,0,9,1500.0,204.160043,167.150382,0.0,12,4
8603,32.182264,1.0,208.61,0.0,208.61,0.0,0.0,1.0,0,15,1000.0,146.936578,134.915444,0.181818,12,4
8604,19.303362,0.818182,150.24,0.0,150.24,0.0,0.0,0.666667,0,8,1500.0,192.431598,156.449104,0.7,12,4
8605,2.892853,0.181818,52.68,0.0,52.68,0.0,0.0,0.166667,0,2,500.0,290.072441,124.724211,1.0,12,4
8606,45.069167,1.0,218.28,0.0,218.28,0.0,0.0,1.0,0,12,1000.0,203.222849,168.935609,0.0,12,4
8608,21.739563,0.727273,255.6,0.0,255.6,0.0,0.0,0.666667,0,8,1500.0,400.463395,137.193939,0.75,12,4
8620,6.747965,0.545455,277.44,0.0,277.44,0.0,0.0,1.0,0,12,1000.0,263.591465,82.527965,0.363636,12,4
8621,13.44199,0.454545,56.51,0.0,56.51,0.0,0.0,0.25,0,3,1000.0,190.431651,153.286406,0.166667,12,4
8622,0.065402,0.090909,69.0,0.0,69.0,0.0,0.0,0.083333,0,1,1500.0,506.68867,62.491042,0.0,12,4
8623,70.954998,0.818182,616.67,0.0,616.67,0.0,0.0,0.5,0,7,500.0,688.541249,653.219376,0.0,12,4
8624,1012.08968,1.0,312.48,0.0,312.48,0.0,0.0,1.0,0,12,1000.0,325.606238,607.95748,0.0,12,4
8628,79.03891,0.363636,750.0,0.0,750.0,0.0,0.0,0.25,0,3,1300.0,2445.816802,177.31285,1.0,12,4
8629,115.61103,1.0,379.32,0.0,379.32,0.0,0.0,1.0,0,12,1000.0,281.152056,179.901711,0.0,12,4
8631,553.901465,1.0,458.76,0.0,458.76,0.0,0.0,1.0,0,12,1000.0,157.770746,257.530999,0.0,12,4
8632,70.162707,0.636364,599.0,0.0,599.0,0.0,0.0,0.416667,0,6,1000.0,1007.348156,139.86007,1.0,12,4
8635,4.107485,0.181818,52.5,0.0,52.5,0.0,0.0,0.083333,0,2,500.0,82.529481,163.602544,0.0,12,4
8636,17.413459,0.818182,264.8,0.0,264.8,0.0,0.0,0.833333,0,10,1000.0,302.250761,150.53823,0.6,12,4
8640,35.966227,0.909091,216.12,0.0,216.12,0.0,0.0,1.0,0,12,1000.0,150.069276,131.685716,0.0,12,4
8641,10.286805,0.363636,60.0,0.0,60.0,0.0,0.0,0.25,0,3,1000.0,194.460801,141.594889,0.25,12,4
8643,100.477642,1.0,1560.0,0.0,1560.0,0.0,0.0,1.0,0,12,1000.0,1480.011123,165.000922,1.0,12,4
8644,21.718289,1.0,182.27,0.0,182.27,0.0,0.0,0.833333,0,11,1500.0,176.130076,171.217707,0.375,12,4
8650,251.281423,1.0,1873.56,0.0,1873.56,0.0,0.0,1.0,0,12,1000.0,1599.510802,197.985876,0.416667,12,4
8652,267.401555,1.0,156.6,0.0,156.6,0.0,0.0,1.0,0,12,1000.0,157.691576,1221.503449,0.0,12,4
8654,59.714532,0.909091,305.84,0.0,305.84,0.0,0.0,0.833333,0,10,1000.0,345.566925,154.370997,0.636364,12,4
8657,272.833329,1.0,526.04,0.0,526.04,0.0,0.0,1.0,0,28,1500.0,112.964455,177.347797,0.0,12,4
8664,59.695937,1.0,370.56,0.0,370.56,0.0,0.0,1.0,0,19,1500.0,290.863599,164.173138,0.166667,12,4
8666,21.933648,1.0,113.0,0.0,113.0,0.0,0.0,0.833333,0,10,1500.0,101.831302,152.018763,0.083333,12,4
8667,79.861604,1.0,427.36,0.0,427.36,0.0,0.0,0.833333,0,10,1000.0,410.368448,164.642311,0.166667,12,4
8669,131.936915,0.888889,1233.28,0.0,1233.28,0.0,0.0,0.777778,0,12,2000.0,732.737299,756.855462,0.333333,9,4
8671,23.223559,0.181818,387.32,159.0,228.32,0.0,0.083333,0.083333,0,6,1200.0,86.332384,162.317863,0.0,12,4
8673,39.564588,0.363636,359.24,0.0,359.24,0.0,0.0,0.333333,0,4,1500.0,992.647976,139.000402,1.0,12,4
8674,7.581335,0.363636,94.12,0.0,94.12,0.0,0.0,0.333333,0,4,1000.0,270.381019,143.667356,1.0,12,4
8677,0.648074,0.272727,258.0,0.0,258.0,0.0,0.0,1.0,0,12,1000.0,320.135581,26.334342,0.2,12,4
8681,18.516899,1.0,260.4,0.0,260.4,0.0,0.0,1.0,0,12,1500.0,249.469171,167.269706,0.75,12,4
8687,1.155609,0.181818,117.68,0.0,117.68,0.0,0.0,0.25,0,4,1500.0,405.194961,54.016822,0.75,12,4
8695,44.904048,1.0,167.37,0.0,167.37,0.0,0.0,0.857143,0,7,1000.0,58.060753,102.88597,0.2,7,4
8696,109.621031,1.0,1060.5,0.0,1060.5,0.0,0.0,1.0,0,29,1000.0,890.174668,194.28365,0.583333,12,4
8701,10.318754,0.625,102.66,0.0,102.66,0.0,0.0,0.25,0,3,1500.0,190.431856,55.178854,0.0,8,4
8702,60.816514,0.818182,900.0,0.0,900.0,0.0,0.0,0.75,0,9,1000.0,1208.785022,174.822875,0.777778,12,4
8703,68.226894,0.571429,388.5,0.0,388.5,0.0,0.0,0.714286,0,5,1000.0,303.411962,81.694504,0.0,7,4
8704,27.202031,1.0,538.41,0.0,538.41,0.0,0.0,1.0,0,15,1500.0,458.430924,100.747103,0.4,12,4
8706,53.918649,1.0,293.4,0.0,293.4,0.0,0.0,0.916667,0,12,1000.0,214.720832,170.993091,0.090909,12,4
8710,18.293628,0.545455,117.65,0.0,117.65,0.0,0.0,0.416667,0,5,1500.0,186.00215,88.133951,0.2,12,4
8711,64.227433,1.0,419.4,0.0,419.4,0.0,0.0,0.75,0,9,1000.0,406.137534,177.179057,0.272727,12,4
8712,133.999971,1.0,1485.0,0.0,1485.0,0.0,0.0,1.0,0,12,1000.0,1353.276771,170.609124,0.909091,12,4
8714,113.563652,1.0,729.6,0.0,729.6,0.0,0.0,1.0,0,12,1000.0,596.539738,176.463251,0.545455,12,4
8715,9.074142,0.888889,555.66,0.0,555.66,0.0,0.0,0.888889,0,9,1500.0,547.194469,2.167809,0.0,9,4
8717,220.943665,1.0,1833.34,0.0,1833.34,0.0,0.0,0.916667,0,11,1000.0,1652.755379,176.825347,0.818182,12,4
8721,4.843351,0.090909,368.28,0.0,368.28,0.0,0.0,1.0,0,12,1000.0,935.500113,29.977414,0.0,12,4
8727,207.561471,0.833333,60.0,0.0,60.0,259.545238,0.0,0.833333,2,6,1000.0,59.58827,97.012092,0.0,6,4
8728,39.061878,1.0,297.02,0.0,297.02,0.0,0.0,0.916667,0,11,1000.0,297.32915,186.96613,0.0,12,4
8731,45.645815,1.0,222.0,0.0,222.0,0.0,0.0,0.916667,0,12,1500.0,175.938042,176.481806,0.3,12,4
8733,11.442399,0.636364,82.0,0.0,82.0,0.0,0.0,0.416667,0,6,1000.0,82.847064,80.676988,0.222222,12,4
8735,35.38985,1.0,285.24,0.0,285.24,0.0,0.0,0.916667,0,12,1000.0,232.82123,176.356576,0.363636,12,4
8741,84.033173,1.0,1099.0,0.0,1099.0,0.0,0.0,0.916667,0,12,1000.0,984.393603,178.511595,0.909091,12,4
8742,87.026009,1.0,605.52,0.0,605.52,0.0,0.0,0.916667,0,12,1500.0,511.637312,175.012705,0.0,12,4
8749,38.015366,1.0,213.95,0.0,213.95,0.0,0.0,0.833333,0,11,1500.0,163.496451,179.415689,0.444444,12,4
8750,8.34698,0.181818,390.0,0.0,390.0,0.0,0.0,0.916667,0,12,1500.0,410.528786,30.784961,0.0,12,4
8751,0.546067,0.090909,228.0,0.0,228.0,0.0,0.0,0.916667,0,12,1000.0,238.695115,16.127297,0.0,12,4
8756,44.505527,1.0,401.76,0.0,401.76,0.0,0.0,0.916667,0,12,1500.0,291.089279,165.163582,0.6,12,4
8759,67.377243,1.0,295.0,0.0,295.0,0.0,0.0,0.416667,0,6,1000.0,245.689379,167.126034,0.3,12,4
8762,10.902628,1.0,120.56,0.0,120.56,0.0,0.0,0.909091,0,11,1500.0,89.489378,137.475237,0.1,11,4
8766,15.529084,0.909091,294.98,0.0,294.98,0.0,0.0,0.909091,0,12,1500.0,293.826005,46.022249,0.25,11,4
8767,25.486713,1.0,365.0,0.0,365.0,0.0,0.0,0.909091,0,19,1500.0,254.686988,139.614749,0.777778,11,4
8770,46.804861,1.0,443.3,0.0,443.3,0.0,0.0,0.909091,0,11,1000.0,401.588397,152.259932,0.888889,11,4
8772,8.820603,0.636364,124.0,0.0,124.0,0.0,0.0,0.454545,0,6,1000.0,193.804464,127.387848,1.0,11,4
8773,24.680177,1.0,265.0,0.0,265.0,0.0,0.0,0.727273,0,9,1000.0,275.28379,137.385624,1.0,11,4
8774,2585.246439,0.909091,338.0,0.0,338.0,0.0,0.0,0.454545,0,6,9000.0,866.276894,776.501849,0.0,11,4
8775,31.050921,1.0,446.05,0.0,446.05,0.0,0.0,0.909091,0,11,1000.0,387.745745,158.394845,1.0,11,4
8776,35.836652,1.0,202.4,0.0,202.4,0.0,0.0,0.909091,0,11,1000.0,203.624113,229.36123,0.333333,11,4
8781,50.506095,0.909091,590.0,0.0,590.0,0.0,0.0,0.818182,0,10,1500.0,540.42527,153.511082,0.777778,11,4
8783,9.298409,0.909091,107.6,0.0,107.6,0.0,0.0,0.818182,0,10,1000.0,89.868853,89.711672,0.428571,11,4
8786,93.972736,0.909091,562.5,0.0,562.5,0.0,0.0,0.818182,0,10,1000.0,433.860714,149.045135,0.25,11,4
8787,23.065122,0.7,150.0,0.0,150.0,0.0,0.0,0.4,0,5,1500.0,229.736383,116.745902,1.0,10,4
8788,133.099445,1.0,1170.0,0.0,1170.0,0.0,0.0,0.9,0,12,1000.0,1068.502534,161.816503,0.444444,10,4
8794,59.101573,1.0,786.0,0.0,786.0,0.0,0.0,0.9,0,12,1000.0,664.05977,144.687135,1.0,10,4
8797,97.707192,0.833333,634.55,0.0,634.55,0.0,0.0,0.666667,0,10,1000.0,561.460058,81.781365,1.0,6,4
8798,29.057803,1.0,163.4,0.0,163.4,0.0,0.0,0.9,0,10,1500.0,110.737985,134.58759,0.25,10,4
8799,6.603005,0.5,429.0,0.0,429.0,0.0,0.0,0.6,0,14,1000.0,493.326423,18.214417,0.0,10,4
8800,10.920026,1.0,95.6,0.0,95.6,0.0,0.0,0.9,0,10,1000.0,78.092423,93.210172,0.571429,10,4
8806,25.679113,0.9,379.0,0.0,379.0,0.0,0.0,0.8,0,9,1000.0,354.062545,135.039818,1.0,10,4
8809,5.721468,0.9,83.43,0.0,83.43,0.0,0.0,0.8,0,9,1500.0,78.559954,91.631089,0.375,10,4
8810,28.277795,1.0,394.8,44.8,350.0,0.0,0.1,0.9,0,11,1000.0,351.266319,144.369426,1.0,10,4
8814,11.25397,0.888889,154.64,0.0,154.64,0.0,0.0,0.777778,0,8,1500.0,123.322205,130.085578,0.857143,9,4
8817,17.448626,1.0,135.0,0.0,135.0,0.0,0.0,0.888889,0,9,1000.0,82.451537,132.188181,0.0,9,4
8818,87.704546,1.0,352.83,0.0,352.83,0.0,0.0,0.888889,0,12,1000.0,231.563721,132.432847,0.285714,9,4
8820,16.341186,0.666667,207.54,0.0,207.54,0.0,0.0,0.833333,0,6,1000.0,126.616901,27.446256,0.2,6,4
8822,94.307698,1.0,343.99,0.0,343.99,0.0,0.0,0.888889,0,17,1000.0,327.62139,125.3494,0.0,9,4
8823,65.543866,1.0,522.5,0.0,522.5,0.0,0.0,0.444444,0,6,1500.0,539.012923,105.04247,1.0,9,4
8824,88.633107,1.0,450.0,0.0,450.0,0.0,0.0,0.888889,0,9,1000.0,333.656186,148.510706,0.0,9,4
8826,33.725413,1.0,388.44,0.0,388.44,0.0,0.0,0.888889,0,9,1000.0,317.537207,127.402267,1.0,9,4
8827,30.17549,1.0,235.71,0.0,235.71,0.0,0.0,0.888889,0,9,1500.0,171.066972,128.961432,0.857143,9,4
8829,17.097059,0.333333,306.25,0.0,306.25,0.0,0.0,0.666667,0,7,1500.0,711.607214,41.249133,0.25,9,4
8832,7.4726,0.333333,63.4,35.09,28.31,0.0,0.111111,0.111111,0,2,500.0,83.417439,106.028116,0.0,9,4
8834,191.37693,1.0,510.0,0.0,780.0,0.0,0.0,0.444444,0,7,1000.0,459.17484,128.231992,0.0,9,4
8836,112.037368,1.0,1006.69,0.0,1006.69,0.0,0.0,0.888889,0,11,1000.0,1000.036596,123.408318,1.0,9,4
8847,224.69247,0.888889,1112.07,0.0,1112.07,0.0,0.0,0.777778,0,44,1500.0,900.366427,151.429715,0.0,9,4
8849,6.992117,0.888889,96.64,0.0,96.64,0.0,0.0,0.777778,0,8,1500.0,88.431789,107.50587,0.0,9,4
8850,102.011668,0.888889,799.0,0.0,799.0,0.0,0.0,0.333333,0,6,1000.0,907.540585,124.882315,1.0,9,4
8852,16.690388,0.375,123.5,0.0,123.5,0.0,0.0,0.25,0,5,1500.0,191.654044,113.910529,0.0,8,4
8859,12.784443,0.625,94.71,0.0,94.71,0.0,0.0,0.75,0,7,1500.0,144.041664,78.033738,0.0,8,4
8860,75.520764,1.0,210.48,0.0,210.48,0.0,0.0,0.875,0,8,1000.0,81.986811,108.030031,0.0,8,4
8861,45.425151,1.0,360.0,0.0,360.0,0.0,0.0,0.875,0,8,1000.0,308.451142,119.669987,0.666667,8,4
8865,28.853384,0.625,251.55,60.0,191.55,0.0,0.125,0.5,0,8,500.0,147.577454,89.979729,0.666667,8,4
8866,63.325286,1.0,246.64,0.0,246.64,0.0,0.0,0.875,0,8,1000.0,127.051797,144.406557,0.0,8,4
8870,100.427621,1.0,793.28,0.0,793.28,0.0,0.0,0.875,0,8,1000.0,679.031744,117.258435,1.0,8,4
8875,16.023788,1.0,207.28,0.0,207.28,0.0,0.0,0.875,0,8,1000.0,173.073406,127.144223,0.714286,8,4
8877,55.147722,0.875,163.31,0.0,163.31,0.0,0.0,0.75,0,7,1000.0,62.619008,109.580539,0.0,8,4
8879,137.744895,1.0,441.0,0.0,441.0,0.0,0.0,0.625,0,6,1000.0,169.249683,124.639905,0.0,8,4
8885,28.719231,0.571429,171.0,66.5,104.5,0.0,0.142857,0.285714,0,4,1500.0,88.029232,100.579304,0.5,7,4
8888,10.665069,1.0,85.89,0.0,85.89,0.0,0.0,0.857143,0,7,1000.0,72.475127,76.41925,0.666667,7,4
8890,85.936062,1.0,492.03,0.0,492.03,0.0,0.0,0.857143,0,7,1000.0,409.433171,96.364159,1.0,7,4
8891,17.657534,1.0,180.25,0.0,180.25,0.0,0.0,0.857143,0,7,1000.0,151.467378,96.109484,0.666667,7,4
8893,367.263145,1.0,280.0,0.0,280.0,254.298735,0.0,0.857143,1,7,1000.0,64.596029,137.819399,0.0,7,4
8894,41.781274,1.0,161.46,38.4,123.06,0.0,0.285714,0.857143,0,9,1500.0,42.028314,95.100161,0.2,7,4
8900,25.302553,0.714286,176.25,0.0,176.25,0.0,0.0,0.571429,0,5,1500.0,191.78069,99.580177,0.0,7,4
8902,34.048983,1.0,181.62,0.0,181.62,0.0,0.0,0.714286,0,6,1500.0,135.187785,101.820343,0.6,7,4
8904,43.960637,1.0,580.65,0.0,580.65,0.0,0.0,0.857143,0,7,1000.0,488.691925,103.514338,0.833333,7,4
8905,32.669762,0.571429,340.0,0.0,340.0,0.0,0.0,0.428571,0,8,1000.0,465.400577,80.708132,1.0,7,4
8907,2.559461,0.571429,116.1,0.0,116.1,0.0,0.0,0.714286,0,6,1500.0,256.642179,66.289561,0.5,7,4
8908,21.357267,1.0,212.87,0.0,212.87,0.0,0.0,0.857143,0,7,1000.0,169.713838,103.387362,1.0,7,4
8911,30.709172,0.285714,693.42,0.0,693.42,0.0,0.0,0.571429,0,7,1000.0,1154.520085,15.853873,0.0,7,4
8913,25.688852,1.0,103.32,0.0,103.32,0.0,0.0,0.833333,0,6,1500.0,74.507521,88.875754,0.5,6,4
8916,22.084372,0.833333,173.6,0.0,173.6,0.0,0.0,0.333333,0,3,1500.0,209.452538,63.510706,0.333333,6,4
8918,11.294184,0.666667,155.0,0.0,155.0,0.0,0.0,0.5,0,4,1000.0,149.588599,43.341698,0.5,6,4
8921,3.417407,0.5,57.42,0.0,57.42,0.0,0.0,0.833333,0,6,1500.0,68.462579,20.714869,0.0,6,4
8922,33.812837,1.0,145.98,0.0,145.98,0.0,0.0,0.833333,0,6,1500.0,53.676054,81.407073,0.25,6,4
8925,101.564003,1.0,418.59,0.0,418.59,0.0,0.0,0.5,0,5,1000.0,422.538988,81.389378,0.5,6,4
8926,53.097361,0.833333,580.0,0.0,580.0,0.0,0.0,0.833333,0,6,1500.0,641.303466,52.453011,0.666667,6,4
8927,91.639086,1.0,315.2,147.8,167.4,0.0,0.333333,0.833333,0,8,1000.0,231.274641,86.344733,0.25,6,4
8928,62.320028,1.0,500.0,0.0,500.0,0.0,0.0,0.833333,0,6,1000.0,456.745027,73.848755,1.0,6,4
8930,229.540018,1.0,84.0,0.0,84.0,304.951421,0.0,0.833333,4,6,1000.0,124.373736,89.753056,0.0,6,4
8931,46.814144,0.833333,235.8,0.0,235.8,0.0,0.0,0.666667,0,6,1500.0,189.090274,89.496604,0.666667,6,4
8932,39.552396,1.0,180.0,0.0,180.0,0.0,0.0,0.833333,0,6,1000.0,138.20324,86.564172,1.0,6,4
8934,20.260716,0.833333,110.5,0.0,110.5,0.0,0.0,0.5,0,4,1500.0,161.476789,65.936751,0.5,6,4
8936,108.977282,1.0,712.5,0.0,712.5,0.0,0.0,0.833333,0,6,1000.0,605.716356,86.868595,0.75,6,4
8940,130.838554,1.0,591.24,0.0,591.24,0.0,0.0,0.833333,0,6,1000.0,475.523262,82.77132,1.0,6,4
8942,40.829749,1.0,113.28,0.0,113.28,0.0,0.0,0.833333,0,6,1000.0,94.488828,86.283101,0.25,6,4
8945,28.493517,1.0,291.12,0.0,291.12,0.0,0.0,0.833333,0,6,1000.0,325.594462,48.886365,0.5,6,4
8947,23.398673,0.833333,144.4,0.0,144.4,0.0,0.0,0.666667,0,5,1000.0,81.270775,82.418369,0.25,6,4
